ts_ns,cpu_khz,cpu_min_khz,cpu_max_khz,cpu_governor,gpu_hz,gpu_min_hz,gpu_max_hz,gpu_governor,fan_cur_state,fan_max_state,fan_pwm,temp_cpu_mC,temp_gpu_mC,temp_soc0_mC,temp_soc1_mC,temp_soc2_mC,temp_tj_mC,vdd_in_mW,vdd_cpu_gpu_cv_mW,vdd_soc_mW,ina260_current_A,ina260_voltage_V,ina260_power_W,jtop_valid,jtop_host_ts_ns,jtop_power_tot_mw,jtop_power_vdd_cpu_gpu_cv_mw,jtop_power_vdd_soc_mw
22436445176748,-1,-1,-1,,-1,-1,-1,,-1,-1,-1,-1,-1,-1,-1,-1,-1,-1,-1,-1,0.39125,19.27,7.62,0,0,,,
22436450255112,-1,-1,-1,,-1,-1,-1,,-1,-1,-1,-1,-1,-1,-1,-1,-1,-1,-1,-1,0.44,19.2575,8.47,0,0,,,
22436455255970,-1,-1,-1,,-1,-1,-1,,-1,-1,-1,-1,-1,-1,-1,-1,-1,-1,-1,-1,0.52625,19.2263,10.11,0,0,,,
22436460243547,-1,-1,-1,,-1,-1,-1,,-1,-1,-1,-1,-1,-1,-1,-1,-1,-1,-1,-1,0.45,19.2538,8.64,0,0,,,
22436465242837,-1,-1,-1,,-1,-1,-1,,-1,-1,-1,-1,-1,-1,-1,-1,-1,-1,-1,-1,0.415,19.2625,7.99,0,0,,,
22436470240175,-1,-1,-1,,-1,-1,-1,,-1,-1,-1,-1,-1,-1,-1,-1,-1,-1,-1,-1,0.41125,19.2575,7.92,0,0,,,
22436475239721,-1,-1,-1,,-1,-1,-1,,-1,-1,-1,-1,-1,-1,-1,-1,-1,-1,-1,-1,0.39875,19.265,7.68,0,0,,,
22436480243235,-1,-1,-1,,-1,-1,-1,,-1,-1,-1,-1,-1,-1,-1,-1,-1,-1,-1,-1,0.3975,19.2662,7.62,0,0,,,
22436485240476,-1,-1,-1,,-1,-1,-1,,-1,-1,-1,-1,-1,-1,-1,-1,-1,-1,-1,-1,0.37125,19.2725,7.16,0,0,,,
22436490236950,-1,-1,-1,,-1,-1,-1,,-1,-1,-1,-1,-1,-1,-1,-1,-1,-1,-1,-1,0.37375,19.275,7.21,0,0,,,
22436495242576,-1,-1,-1,,-1,-1,-1,,-1,-1,-1,-1,-1,-1,-1,-1,-1,-1,-1,-1,0.4075,19.2712,7.86,0,0,,,
22436500262154,-1,-1,-1,,-1,-1,-1,,-1,-1,-1,-1,-1,-1,-1,-1,-1,-1,-1,-1,0.37,19.2662,7.21,0,0,,,
22436505246468,-1,-1,-1,,-1,-1,-1,,-1,-1,-1,-1,-1,-1,-1,-1,-1,-1,-1,-1,0.39375,19.2763,7.59,0,0,,,
22436510251742,-1,-1,-1,,-1,-1,-1,,-1,-1,-1,-1,-1,-1,-1,-1,-1,-1,-1,-1,0.43,19.2587,8.28,0,0,,,
22436515250808,-1,-1,-1,,-1,-1,-1,,-1,-1,-1,-1,-1,-1,-1,-1,-1,-1,-1,-1,0.41375,19.2662,7.97,0,0,,,
22436520238929,-1,-1,-1,,-1,-1,-1,,-1,-1,-1,-1,-1,-1,-1,-1,-1,-1,-1,-1,0.39,19.2688,7.44,0,0,,,
22436525252715,-1,-1,-1,,-1,-1,-1,,-1,-1,-1,-1,-1,-1,-1,-1,-1,-1,-1,-1,0.36875,19.2712,7.1,0,0,,,
22436530238853,-1,-1,-1,,-1,-1,-1,,-1,-1,-1,-1,-1,-1,-1,-1,-1,-1,-1,-1,0.3875,19.2763,7.48,0,0,,,
22436535232575,-1,-1,-1,,-1,-1,-1,,-1,-1,-1,-1,-1,-1,-1,-1,-1,-1,-1,-1,0.39625,19.2688,7.27,0,0,,,
22436540238393,-1,-1,-1,,-1,-1,-1,,-1,-1,-1,-1,-1,-1,-1,-1,-1,-1,-1,-1,0.36375,19.275,7.16,0,0,,,
22436545236914,-1,-1,-1,,-1,-1,-1,,-1,-1,-1,-1,-1,-1,-1,-1,-1,-1,-1,-1,0.3975,19.2725,7.67,0,0,,,
22436550267469,-1,-1,-1,,-1,-1,-1,,-1,-1,-1,-1,-1,-1,-1,-1,-1,-1,-1,-1,0.415,19.2662,8,0,0,,,
22436555259879,-1,-1,-1,,-1,-1,-1,,-1,-1,-1,-1,-1,-1,-1,-1,-1,-1,-1,-1,0.37625,19.2737,8.6,0,0,,,
22436560238464,-1,-1,-1,,-1,-1,-1,,-1,-1,-1,-1,-1,-1,-1,-1,-1,-1,-1,-1,0.38125,19.2712,7.35,0,0,,,
22436565239674,-1,-1,-1,,-1,-1,-1,,-1,-1,-1,-1,-1,-1,-1,-1,-1,-1,-1,-1,0.375,19.2725,7.23,0,0,,,
22436570238260,-1,-1,-1,,-1,-1,-1,,-1,-1,-1,-1,-1,-1,-1,-1,-1,-1,-1,-1,0.3925,19.27,7.56,0,0,,,
22436575232493,-1,-1,-1,,-1,-1,-1,,-1,-1,-1,-1,-1,-1,-1,-1,-1,-1,-1,-1,0.39625,19.2725,7.51,0,0,,,
22436580241416,-1,-1,-1,,-1,-1,-1,,-1,-1,-1,-1,-1,-1,-1,-1,-1,-1,-1,-1,0.36625,19.2725,7.05,0,0,,,
22436585238369,-1,-1,-1,,-1,-1,-1,,-1,-1,-1,-1,-1,-1,-1,-1,-1,-1,-1,-1,0.39375,19.27,7.59,0,0,,,
22436590238907,-1,-1,-1,,-1,-1,-1,,-1,-1,-1,-1,-1,-1,-1,-1,-1,-1,-1,-1,0.3675,19.2775,7.08,0,0,,,
22436595235797,-1,-1,-1,,-1,-1,-1,,-1,-1,-1,-1,-1,-1,-1,-1,-1,-1,-1,-1,0.39,19.2675,7.85,0,0,,,
22436600251247,-1,-1,-1,,-1,-1,-1,,-1,-1,-1,-1,-1,-1,-1,-1,-1,-1,-1,-1,0.3675,19.2763,7.08,0,0,,,
22436605249193,-1,-1,-1,,-1,-1,-1,,-1,-1,-1,-1,-1,-1,-1,-1,-1,-1,-1,-1,0.39625,19.27,7.64,0,0,,,
22436610255107,-1,-1,-1,,-1,-1,-1,,-1,-1,-1,-1,-1,-1,-1,-1,-1,-1,-1,-1,0.3725,19.275,7.76,0,0,,,
22436615234524,-1,-1,-1,,-1,-1,-1,,-1,-1,-1,-1,-1,-1,-1,-1,-1,-1,-1,-1,0.39375,19.2662,7.4,0,0,,,
22436620240246,-1,-1,-1,,-1,-1,-1,,-1,-1,-1,-1,-1,-1,-1,-1,-1,-1,-1,-1,0.36875,19.2763,7.1,0,0,,,
22436625234032,-1,-1,-1,,-1,-1,-1,,-1,-1,-1,-1,-1,-1,-1,-1,-1,-1,-1,-1,0.39375,19.27,7.59,0,0,,,
22436630239722,-1,-1,-1,,-1,-1,-1,,-1,-1,-1,-1,-1,-1,-1,-1,-1,-1,-1,-1,0.36625,19.2725,7.16,0,0,,,
22436635235140,-1,-1,-1,,-1,-1,-1,,-1,-1,-1,-1,-1,-1,-1,-1,-1,-1,-1,-1,0.39125,19.2712,7.56,0,0,,,
22436640240286,-1,-1,-1,,-1,-1,-1,,-1,-1,-1,-1,-1,-1,-1,-1,-1,-1,-1,-1,0.3625,19.2725,6.99,0,0,,,
22436645234071,-1,-1,-1,,-1,-1,-1,,-1,-1,-1,-1,-1,-1,-1,-1,-1,-1,-1,-1,0.38125,19.2662,7.35,0,0,,,
22436650238417,-1,-1,-1,,-1,-1,-1,,-1,-1,-1,-1,-1,-1,-1,-1,-1,-1,-1,-1,0.3675,19.275,7.01,0,0,,,
22436655232267,-1,-1,-1,,-1,-1,-1,,-1,-1,-1,-1,-1,-1,-1,-1,-1,-1,-1,-1,0.37625,19.265,7.24,0,0,,,
22436660238213,-1,-1,-1,,-1,-1,-1,,-1,-1,-1,-1,-1,-1,-1,-1,-1,-1,-1,-1,0.3675,19.275,7.08,0,0,,,
22436665235871,-1,-1,-1,,-1,-1,-1,,-1,-1,-1,-1,-1,-1,-1,-1,-1,-1,-1,-1,0.39,19.2675,7.51,0,0,,,
22436670239801,-1,-1,-1,,-1,-1,-1,,-1,-1,-1,-1,-1,-1,-1,-1,-1,-1,-1,-1,0.37125,19.2775,7.04,0,0,,,
22436675239731,-1,-1,-1,,-1,-1,-1,,-1,-1,-1,-1,-1,-1,-1,-1,-1,-1,-1,-1,0.39125,19.2675,7.54,0,0,,,
22436680236044,-1,-1,-1,,-1,-1,-1,,-1,-1,-1,-1,-1,-1,-1,-1,-1,-1,-1,-1,0.35875,19.2737,6.91,0,0,,,
22436685239622,-1,-1,-1,,-1,-1,-1,,-1,-1,-1,-1,-1,-1,-1,-1,-1,-1,-1,-1,0.395,19.2712,7.62,0,0,,,
22436690240640,-1,-1,-1,,-1,-1,-1,,-1,-1,-1,-1,-1,-1,-1,-1,-1,-1,-1,-1,0.3525,19.2725,7.05,0,0,,,
22436695232858,-1,-1,-1,,-1,-1,-1,,-1,-1,-1,-1,-1,-1,-1,-1,-1,-1,-1,-1,0.37625,19.2638,7.24,0,0,,,
22436700248500,-1,-1,-1,,-1,-1,-1,,-1,-1,-1,-1,-1,-1,-1,-1,-1,-1,-1,-1,0.36125,19.2625,6.96,0,0,,,
22436705262574,-1,-1,-1,,-1,-1,-1,,-1,-1,-1,-1,-1,-1,-1,-1,-1,-1,-1,-1,0.39,19.2662,8.06,0,0,,,
22436710246824,-1,-1,-1,,-1,-1,-1,,-1,-1,-1,-1,-1,-1,-1,-1,-1,-1,-1,-1,0.40125,19.2613,8.06,0,0,,,
22436715235105,-1,-1,-1,,-1,-1,-1,,-1,-1,-1,-1,-1,-1,-1,-1,-1,-1,-1,-1,0.42375,19.2613,8.17,0,0,,,
22436720240283,-1,-1,-1,,-1,-1,-1,,-1,-1,-1,-1,-1,-1,-1,-1,-1,-1,-1,-1,0.40375,19.2662,7.78,0,0,,,
22436725233621,-1,-1,-1,,-1,-1,-1,,-1,-1,-1,-1,-1,-1,-1,-1,-1,-1,-1,-1,0.42875,19.2512,8.31,0,0,,,
22436730239663,-1,-1,-1,,-1,-1,-1,,-1,-1,-1,-1,-1,-1,-1,-1,-1,-1,-1,-1,0.38875,19.2613,7.49,0,0,,,
22436735232777,-1,-1,-1,,-1,-1,-1,,-1,-1,-1,-1,-1,-1,-1,-1,-1,-1,-1,-1,0.43,19.2575,8.28,0,0,,,
22436740251651,-1,-1,-1,,-1,-1,-1,,-1,-1,-1,-1,-1,-1,-1,-1,-1,-1,-1,-1,0.405,19.2662,7.81,0,0,,,
22436745261213,-1,-1,-1,,-1,-1,-1,,-1,-1,-1,-1,-1,-1,-1,-1,-1,-1,-1,-1,0.42375,19.2688,8.17,0,0,,,
22436750253559,-1,-1,-1,,-1,-1,-1,,-1,-1,-1,-1,-1,-1,-1,-1,-1,-1,-1,-1,0.40625,19.255,7.82,0,0,,,
22436755257009,-1,-1,-1,,-1,-1,-1,,-1,-1,-1,-1,-1,-1,-1,-1,-1,-1,-1,-1,0.41375,19.2613,7.97,0,0,,,
22436760243306,-1,-1,-1,,-1,-1,-1,,-1,-1,-1,-1,-1,-1,-1,-1,-1,-1,-1,-1,0.43,19.255,8.28,0,0,,,
22436765242596,-1,-1,-1,,-1,-1,-1,,-1,-1,-1,-1,-1,-1,-1,-1,-1,-1,-1,-1,0.40625,19.2638,7.81,0,0,,,
22436770239134,-1,-1,-1,,-1,-1,-1,,-1,-1,-1,-1,-1,-1,-1,-1,-1,-1,-1,-1,0.41375,19.2587,7.97,0,0,,,
22436775247992,-1,-1,-1,,-1,-1,-1,,-1,-1,-1,-1,-1,-1,-1,-1,-1,-1,-1,-1,0.42125,19.2525,8.12,0,0,,,
22436780258802,-1,-1,-1,,-1,-1,-1,,-1,-1,-1,-1,-1,-1,-1,-1,-1,-1,-1,-1,0.40125,19.2638,7.95,0,0,,,
22436785248652,-1,-1,-1,,-1,-1,-1,,-1,-1,-1,-1,-1,-1,-1,-1,-1,-1,-1,-1,0.4,19.2638,8.33,0,0,,,
22436790253990,-1,-1,-1,,-1,-1,-1,,-1,-1,-1,-1,-1,-1,-1,-1,-1,-1,-1,-1,0.3825,19.2587,7.37,0,0,,,
22436795259296,-1,-1,-1,,-1,-1,-1,,-1,-1,-1,-1,-1,-1,-1,-1,-1,-1,-1,-1,0.43125,19.255,8.31,0,0,,,
22436800264474,-1,-1,-1,,-1,-1,-1,,-1,-1,-1,-1,-1,-1,-1,-1,-1,-1,-1,-1,0.3825,19.2613,7.39,0,0,,,
22436805243123,-1,-1,-1,,-1,-1,-1,,-1,-1,-1,-1,-1,-1,-1,-1,-1,-1,-1,-1,0.39125,19.27,7.54,0,0,,,
22436810243981,-1,-1,-1,,-1,-1,-1,,-1,-1,-1,-1,-1,-1,-1,-1,-1,-1,-1,-1,0.37,19.2688,7.13,0,0,,,
22436815234022,-1,-1,-1,,-1,-1,-1,,-1,-1,-1,-1,-1,-1,-1,-1,-1,-1,-1,-1,0.39125,19.2688,7.54,0,0,,,
22436820239904,-1,-1,-1,,-1,-1,-1,,-1,-1,-1,-1,-1,-1,-1,-1,-1,-1,-1,-1,0.37125,19.2763,7.23,0,0,,,
22436825268667,-1,-1,-1,,-1,-1,-1,,-1,-1,-1,-1,-1,-1,-1,-1,-1,-1,-1,-1,0.3825,19.2575,7.36,0,0,,,
22436830258709,-1,-1,-1,,-1,-1,-1,,-1,-1,-1,-1,-1,-1,-1,-1,-1,-1,-1,-1,0.38625,19.2712,7.45,0,0,,,
22436835237326,-1,-1,-1,,-1,-1,-1,,-1,-1,-1,-1,-1,-1,-1,-1,-1,-1,-1,-1,0.38375,19.27,7.4,0,0,,,
22436840241704,-1,-1,-1,,-1,-1,-1,,-1,-1,-1,-1,-1,-1,-1,-1,-1,-1,-1,-1,0.37125,19.275,7.07,0,0,,,
22436845237090,-1,-1,-1,,-1,-1,-1,,-1,-1,-1,-1,-1,-1,-1,-1,-1,-1,-1,-1,0.38625,19.2613,7.44,0,0,,,
22436850259356,-1,-1,-1,,-1,-1,-1,,-1,-1,-1,-1,-1,-1,-1,-1,-1,-1,-1,-1,0.3925,19.2725,7.56,0,0,,,
22436855236053,-1,-1,-1,,-1,-1,-1,,-1,-1,-1,-1,-1,-1,-1,-1,-1,-1,-1,-1,0.3775,19.27,7.27,0,0,,,
22436860239599,-1,-1,-1,,-1,-1,-1,,-1,-1,-1,-1,-1,-1,-1,-1,-1,-1,-1,-1,0.36375,19.2725,7.05,0,0,,,
22436865236585,-1,-1,-1,,-1,-1,-1,,-1,-1,-1,-1,-1,-1,-1,-1,-1,-1,-1,-1,0.3975,19.2725,7.67,0,0,,,
22436870240131,-1,-1,-1,,-1,-1,-1,,-1,-1,-1,-1,-1,-1,-1,-1,-1,-1,-1,-1,0.365,19.2675,7.03,0,0,,,
22436875233245,-1,-1,-1,,-1,-1,-1,,-1,-1,-1,-1,-1,-1,-1,-1,-1,-1,-1,-1,0.38875,19.2737,7.59,0,0,,,
22436880236535,-1,-1,-1,,-1,-1,-1,,-1,-1,-1,-1,-1,-1,-1,-1,-1,-1,-1,-1,0.365,19.2763,7.08,0,0,,,
22436885234032,-1,-1,-1,,-1,-1,-1,,-1,-1,-1,-1,-1,-1,-1,-1,-1,-1,-1,-1,0.3825,19.2725,7.37,0,0,,,
22436890236714,-1,-1,-1,,-1,-1,-1,,-1,-1,-1,-1,-1,-1,-1,-1,-1,-1,-1,-1,0.37125,19.2787,7.16,0,0,,,
22436895233732,-1,-1,-1,,-1,-1,-1,,-1,-1,-1,-1,-1,-1,-1,-1,-1,-1,-1,-1,0.38625,19.2688,7.46,0,0,,,
22436900243646,-1,-1,-1,,-1,-1,-1,,-1,-1,-1,-1,-1,-1,-1,-1,-1,-1,-1,-1,0.3625,19.2737,6.99,0,0,,,
22436905236568,-1,-1,-1,,-1,-1,-1,,-1,-1,-1,-1,-1,-1,-1,-1,-1,-1,-1,-1,0.405,19.2737,7.81,0,0,,,
22436910237842,-1,-1,-1,,-1,-1,-1,,-1,-1,-1,-1,-1,-1,-1,-1,-1,-1,-1,-1,0.3825,19.2675,7.37,0,0,,,
22436915238860,-1,-1,-1,,-1,-1,-1,,-1,-1,-1,-1,-1,-1,-1,-1,-1,-1,-1,-1,0.36375,19.2737,7.08,0,0,,,
22436920249734,-1,-1,-1,,-1,-1,-1,,-1,-1,-1,-1,-1,-1,-1,-1,-1,-1,-1,-1,0.38375,19.2638,7.4,0,0,,,
22436925240287,-1,-1,-1,,-1,-1,-1,,-1,-1,-1,-1,-1,-1,-1,-1,-1,-1,-1,-1,0.35625,19.2763,6.86,0,0,,,
22436930250137,-1,-1,-1,,-1,-1,-1,,-1,-1,-1,-1,-1,-1,-1,-1,-1,-1,-1,-1,0.39125,19.2737,7.54,0,0,,,
22436935234707,-1,-1,-1,,-1,-1,-1,,-1,-1,-1,-1,-1,-1,-1,-1,-1,-1,-1,-1,0.3875,19.2638,7.3,0,0,,,
22436940240589,-1,-1,-1,,-1,-1,-1,,-1,-1,-1,-1,-1,-1,-1,-1,-1,-1,-1,-1,0.36375,19.2725,7.01,0,0,,,
22436945233127,-1,-1,-1,,-1,-1,-1,,-1,-1,-1,-1,-1,-1,-1,-1,-1,-1,-1,-1,0.38,19.265,7.32,0,0,,,
22436950241409,-1,-1,-1,,-1,-1,-1,,-1,-1,-1,-1,-1,-1,-1,-1,-1,-1,-1,-1,0.365,19.2737,7.04,0,0,,,
22436955233242,-1,-1,-1,,-1,-1,-1,,-1,-1,-1,-1,-1,-1,-1,-1,-1,-1,-1,-1,0.37625,19.2688,7.49,0,0,,,
22436960242772,-1,-1,-1,,-1,-1,-1,,-1,-1,-1,-1,-1,-1,-1,-1,-1,-1,-1,-1,0.3625,19.275,6.99,0,0,,,
22436965233614,-1,-1,-1,,-1,-1,-1,,-1,-1,-1,-1,-1,-1,-1,-1,-1,-1,-1,-1,0.3825,19.2625,7.37,0,0,,,
22436970255176,-1,-1,-1,,-1,-1,-1,,-1,-1,-1,-1,-1,-1,-1,-1,-1,-1,-1,-1,0.35875,19.27,7.05,0,0,,,
22436975259330,-1,-1,-1,,-1,-1,-1,,-1,-1,-1,-1,-1,-1,-1,-1,-1,-1,-1,-1,0.365,19.2675,7.04,0,0,,,
22436980240412,-1,-1,-1,,-1,-1,-1,,-1,-1,-1,-1,-1,-1,-1,-1,-1,-1,-1,-1,0.39,19.2675,7.51,0,0,,,
22436985244470,-1,-1,-1,,-1,-1,-1,,-1,-1,-1,-1,-1,-1,-1,-1,-1,-1,-1,-1,0.365,19.275,7.04,0,0,,,
22436990238191,-1,-1,-1,,-1,-1,-1,,-1,-1,-1,-1,-1,-1,-1,-1,-1,-1,-1,-1,0.42625,19.26,8.38,0,0,,,
22436995250921,-1,-1,-1,,-1,-1,-1,,-1,-1,-1,-1,-1,-1,-1,-1,-1,-1,-1,-1,0.415,19.2638,8,0,0,,,
22437000247363,-1,-1,-1,,-1,-1,-1,,-1,-1,-1,-1,-1,-1,-1,-1,-1,-1,-1,-1,0.4025,19.2613,7.76,0,0,,,
22437005239741,-1,-1,-1,,-1,-1,-1,,-1,-1,-1,-1,-1,-1,-1,-1,-1,-1,-1,-1,0.42375,19.2613,8.17,0,0,,,
22437010242295,-1,-1,-1,,-1,-1,-1,,-1,-1,-1,-1,-1,-1,-1,-1,-1,-1,-1,-1,0.41125,19.265,7.9,0,0,,,
22437015234192,-1,-1,-1,,-1,-1,-1,,-1,-1,-1,-1,-1,-1,-1,-1,-1,-1,-1,-1,0.42375,19.255,8.15,0,0,,,
22437020244683,-1,-1,-1,,-1,-1,-1,,-1,-1,-1,-1,-1,-1,-1,-1,-1,-1,-1,-1,0.405,19.2625,7.8,0,0,,,
22437025253829,-1,-1,-1,,-1,-1,-1,,-1,-1,-1,-1,-1,-1,-1,-1,-1,-1,-1,-1,0.48375,19.2587,8.2,0,0,,,
22437030244702,-1,-1,-1,,-1,-1,-1,,-1,-1,-1,-1,-1,-1,-1,-1,-1,-1,-1,-1,0.41875,19.2538,8.88,0,0,,,
22437035234232,-1,-1,-1,,-1,-1,-1,,-1,-1,-1,-1,-1,-1,-1,-1,-1,-1,-1,-1,0.425,19.2587,8.18,0,0,,,
22437040240370,-1,-1,-1,,-1,-1,-1,,-1,-1,-1,-1,-1,-1,-1,-1,-1,-1,-1,-1,0.40125,19.2675,7.73,0,0,,,
22437045233580,-1,-1,-1,,-1,-1,-1,,-1,-1,-1,-1,-1,-1,-1,-1,-1,-1,-1,-1,0.37625,19.27,7.92,0,0,,,
22437050239814,-1,-1,-1,,-1,-1,-1,,-1,-1,-1,-1,-1,-1,-1,-1,-1,-1,-1,-1,0.375,19.2763,7.23,0,0,,,
22437055237887,-1,-1,-1,,-1,-1,-1,,-1,-1,-1,-1,-1,-1,-1,-1,-1,-1,-1,-1,0.35125,19.2812,6.77,0,0,,,
22437060234681,-1,-1,-1,,-1,-1,-1,,-1,-1,-1,-1,-1,-1,-1,-1,-1,-1,-1,-1,0.3725,19.2763,7.18,0,0,,,
22437065239379,-1,-1,-1,,-1,-1,-1,,-1,-1,-1,-1,-1,-1,-1,-1,-1,-1,-1,-1,0.35,19.28,6.75,0,0,,,
22437070233165,-1,-1,-1,,-1,-1,-1,,-1,-1,-1,-1,-1,-1,-1,-1,-1,-1,-1,-1,0.36,19.275,6.94,0,0,,,
22437075240455,-1,-1,-1,,-1,-1,-1,,-1,-1,-1,-1,-1,-1,-1,-1,-1,-1,-1,-1,0.3525,19.2763,6.8,0,0,,,
22437080236161,-1,-1,-1,,-1,-1,-1,,-1,-1,-1,-1,-1,-1,-1,-1,-1,-1,-1,-1,0.36875,19.275,7.1,0,0,,,
22437085239547,-1,-1,-1,,-1,-1,-1,,-1,-1,-1,-1,-1,-1,-1,-1,-1,-1,-1,-1,0.3475,19.2763,6.63,0,0,,,
22437090237524,-1,-1,-1,,-1,-1,-1,,-1,-1,-1,-1,-1,-1,-1,-1,-1,-1,-1,-1,0.35375,19.2725,6.82,0,0,,,
22437095233262,-1,-1,-1,,-1,-1,-1,,-1,-1,-1,-1,-1,-1,-1,-1,-1,-1,-1,-1,0.36375,19.2725,7.01,0,0,,,
22437100239784,-1,-1,-1,,-1,-1,-1,,-1,-1,-1,-1,-1,-1,-1,-1,-1,-1,-1,-1,0.3625,19.2737,6.99,0,0,,,
22437105249698,-1,-1,-1,,-1,-1,-1,,-1,-1,-1,-1,-1,-1,-1,-1,-1,-1,-1,-1,0.3625,19.2737,7.71,0,0,,,
22437110249980,-1,-1,-1,,-1,-1,-1,,-1,-1,-1,-1,-1,-1,-1,-1,-1,-1,-1,-1,0.35625,19.2737,6.86,0,0,,,
22437115251830,-1,-1,-1,,-1,-1,-1,,-1,-1,-1,-1,-1,-1,-1,-1,-1,-1,-1,-1,0.3975,19.2763,7.67,0,0,,,
22437120236495,-1,-1,-1,,-1,-1,-1,,-1,-1,-1,-1,-1,-1,-1,-1,-1,-1,-1,-1,0.37,19.275,7.23,0,0,,,
22437125238825,-1,-1,-1,,-1,-1,-1,,-1,-1,-1,-1,-1,-1,-1,-1,-1,-1,-1,-1,0.35125,19.2763,6.72,0,0,,,
22437130236547,-1,-1,-1,,-1,-1,-1,,-1,-1,-1,-1,-1,-1,-1,-1,-1,-1,-1,-1,0.35875,19.275,6.91,0,0,,,
22437135232349,-1,-1,-1,,-1,-1,-1,,-1,-1,-1,-1,-1,-1,-1,-1,-1,-1,-1,-1,0.3775,19.2688,7.27,0,0,,,
22437140240087,-1,-1,-1,,-1,-1,-1,,-1,-1,-1,-1,-1,-1,-1,-1,-1,-1,-1,-1,0.35,19.28,6.66,0,0,,,
22437145233841,-1,-1,-1,,-1,-1,-1,,-1,-1,-1,-1,-1,-1,-1,-1,-1,-1,-1,-1,0.37,19.2737,7.13,0,0,,,
22437150239531,-1,-1,-1,,-1,-1,-1,,-1,-1,-1,-1,-1,-1,-1,-1,-1,-1,-1,-1,0.36125,19.2812,6.96,0,0,,,
22437155232580,-1,-1,-1,,-1,-1,-1,,-1,-1,-1,-1,-1,-1,-1,-1,-1,-1,-1,-1,0.365,19.27,7.03,0,0,,,
22437160239934,-1,-1,-1,,-1,-1,-1,,-1,-1,-1,-1,-1,-1,-1,-1,-1,-1,-1,-1,0.34625,19.2787,6.63,0,0,,,
22437165252376,-1,-1,-1,,-1,-1,-1,,-1,-1,-1,-1,-1,-1,-1,-1,-1,-1,-1,-1,0.3675,19.28,7.09,0,0,,,
22437170244658,-1,-1,-1,,-1,-1,-1,,-1,-1,-1,-1,-1,-1,-1,-1,-1,-1,-1,-1,0.3475,19.2787,6.69,0,0,,,
22437175247916,-1,-1,-1,,-1,-1,-1,,-1,-1,-1,-1,-1,-1,-1,-1,-1,-1,-1,-1,0.36125,19.2712,6.96,0,0,,,
22437180256102,-1,-1,-1,,-1,-1,-1,,-1,-1,-1,-1,-1,-1,-1,-1,-1,-1,-1,-1,0.37625,19.275,6.58,0,0,,,
22437185243232,-1,-1,-1,,-1,-1,-1,,-1,-1,-1,-1,-1,-1,-1,-1,-1,-1,-1,-1,0.37125,19.2775,7.16,0,0,,,
22437190241753,-1,-1,-1,,-1,-1,-1,,-1,-1,-1,-1,-1,-1,-1,-1,-1,-1,-1,-1,0.3525,19.28,6.8,0,0,,,
22437195236531,-1,-1,-1,,-1,-1,-1,,-1,-1,-1,-1,-1,-1,-1,-1,-1,-1,-1,-1,0.36875,19.2712,7.1,0,0,,,
22437200241229,-1,-1,-1,,-1,-1,-1,,-1,-1,-1,-1,-1,-1,-1,-1,-1,-1,-1,-1,0.3475,19.2787,6.69,0,0,,,
22437205236519,-1,-1,-1,,-1,-1,-1,,-1,-1,-1,-1,-1,-1,-1,-1,-1,-1,-1,-1,0.38,19.285,7.33,0,0,,,
22437210240321,-1,-1,-1,,-1,-1,-1,,-1,-1,-1,-1,-1,-1,-1,-1,-1,-1,-1,-1,0.35125,19.2763,6.77,0,0,,,
22437215232347,-1,-1,-1,,-1,-1,-1,,-1,-1,-1,-1,-1,-1,-1,-1,-1,-1,-1,-1,0.365,19.2737,6.91,0,0,,,
22437220255317,-1,-1,-1,,-1,-1,-1,,-1,-1,-1,-1,-1,-1,-1,-1,-1,-1,-1,-1,0.35,19.2825,6.75,0,0,,,
22437225242126,-1,-1,-1,,-1,-1,-1,,-1,-1,-1,-1,-1,-1,-1,-1,-1,-1,-1,-1,0.36375,19.2737,7.01,0,0,,,
22437230243720,-1,-1,-1,,-1,-1,-1,,-1,-1,-1,-1,-1,-1,-1,-1,-1,-1,-1,-1,0.3375,19.2812,6.5,0,0,,,
22437235234434,-1,-1,-1,,-1,-1,-1,,-1,-1,-1,-1,-1,-1,-1,-1,-1,-1,-1,-1,0.36125,19.275,7.13,0,0,,,
22437240240668,-1,-1,-1,,-1,-1,-1,,-1,-1,-1,-1,-1,-1,-1,-1,-1,-1,-1,-1,0.34125,19.2763,6.58,0,0,,,
22437245258294,-1,-1,-1,,-1,-1,-1,,-1,-1,-1,-1,-1,-1,-1,-1,-1,-1,-1,-1,0.3625,19.265,6.99,0,0,,,
22437250245840,-1,-1,-1,,-1,-1,-1,,-1,-1,-1,-1,-1,-1,-1,-1,-1,-1,-1,-1,0.375,19.2725,7.23,0,0,,,
22437255254826,-1,-1,-1,,-1,-1,-1,,-1,-1,-1,-1,-1,-1,-1,-1,-1,-1,-1,-1,0.3575,19.275,6.89,0,0,,,
22437260239427,-1,-1,-1,,-1,-1,-1,,-1,-1,-1,-1,-1,-1,-1,-1,-1,-1,-1,-1,0.36,19.2662,6.94,0,0,,,
22437265250941,-1,-1,-1,,-1,-1,-1,,-1,-1,-1,-1,-1,-1,-1,-1,-1,-1,-1,-1,0.34375,19.2775,6.63,0,0,,,
22437270239063,-1,-1,-1,,-1,-1,-1,,-1,-1,-1,-1,-1,-1,-1,-1,-1,-1,-1,-1,0.35125,19.2825,7.26,0,0,,,
22437275235601,-1,-1,-1,,-1,-1,-1,,-1,-1,-1,-1,-1,-1,-1,-1,-1,-1,-1,-1,0.35875,19.2725,7.13,0,0,,,
22437280242635,-1,-1,-1,,-1,-1,-1,,-1,-1,-1,-1,-1,-1,-1,-1,-1,-1,-1,-1,0.345,19.2725,6.64,0,0,,,
22437285233892,-1,-1,-1,,-1,-1,-1,,-1,-1,-1,-1,-1,-1,-1,-1,-1,-1,-1,-1,0.365,19.2725,7.04,0,0,,,
22437290240702,-1,-1,-1,,-1,-1,-1,,-1,-1,-1,-1,-1,-1,-1,-1,-1,-1,-1,-1,0.34625,19.285,6.75,0,0,,,
22437295234712,-1,-1,-1,,-1,-1,-1,,-1,-1,-1,-1,-1,-1,-1,-1,-1,-1,-1,-1,0.36,19.2763,6.94,0,0,,,
22437300257779,-1,-1,-1,,-1,-1,-1,,-1,-1,-1,-1,-1,-1,-1,-1,-1,-1,-1,-1,0.36375,19.2812,7.01,0,0,,,
22437305241388,-1,-1,-1,,-1,-1,-1,,-1,-1,-1,-1,-1,-1,-1,-1,-1,-1,-1,-1,0.3575,19.2737,6.89,0,0,,,
22437310245414,-1,-1,-1,,-1,-1,-1,,-1,-1,-1,-1,-1,-1,-1,-1,-1,-1,-1,-1,0.34625,19.2787,6.66,0,0,,,
22437315233824,-1,-1,-1,,-1,-1,-1,,-1,-1,-1,-1,-1,-1,-1,-1,-1,-1,-1,-1,0.36625,19.2763,7.05,0,0,,,
22437320244666,-1,-1,-1,,-1,-1,-1,,-1,-1,-1,-1,-1,-1,-1,-1,-1,-1,-1,-1,0.33625,19.2812,6.49,0,0,,,
22437325234483,-1,-1,-1,,-1,-1,-1,,-1,-1,-1,-1,-1,-1,-1,-1,-1,-1,-1,-1,0.36875,19.2737,7.1,0,0,,,
22437330240845,-1,-1,-1,,-1,-1,-1,,-1,-1,-1,-1,-1,-1,-1,-1,-1,-1,-1,-1,0.34375,19.2825,6.68,0,0,,,
22437335233319,-1,-1,-1,,-1,-1,-1,,-1,-1,-1,-1,-1,-1,-1,-1,-1,-1,-1,-1,0.365,19.27,7.03,0,0,,,
22437340239585,-1,-1,-1,,-1,-1,-1,,-1,-1,-1,-1,-1,-1,-1,-1,-1,-1,-1,-1,0.345,19.2825,6.66,0,0,,,
22437345253147,-1,-1,-1,,-1,-1,-1,,-1,-1,-1,-1,-1,-1,-1,-1,-1,-1,-1,-1,0.395,19.2662,7.62,0,0,,,
22437350248469,-1,-1,-1,,-1,-1,-1,,-1,-1,-1,-1,-1,-1,-1,-1,-1,-1,-1,-1,0.38,19.2638,7.65,0,0,,,
22437355249231,-1,-1,-1,,-1,-1,-1,,-1,-1,-1,-1,-1,-1,-1,-1,-1,-1,-1,-1,0.34875,19.2763,6.72,0,0,,,
22437360234376,-1,-1,-1,,-1,-1,-1,,-1,-1,-1,-1,-1,-1,-1,-1,-1,-1,-1,-1,0.36375,19.2712,7.01,0,0,,,
22437365234562,-1,-1,-1,,-1,-1,-1,,-1,-1,-1,-1,-1,-1,-1,-1,-1,-1,-1,-1,0.3475,19.2775,6.72,0,0,,,
22437370235580,-1,-1,-1,,-1,-1,-1,,-1,-1,-1,-1,-1,-1,-1,-1,-1,-1,-1,-1,0.34625,19.275,6.58,0,0,,,
22437375232758,-1,-1,-1,,-1,-1,-1,,-1,-1,-1,-1,-1,-1,-1,-1,-1,-1,-1,-1,0.36,19.2725,6.94,0,0,,,
22437380237584,-1,-1,-1,,-1,-1,-1,,-1,-1,-1,-1,-1,-1,-1,-1,-1,-1,-1,-1,0.3475,19.2787,6.69,0,0,,,
22437385237802,-1,-1,-1,,-1,-1,-1,,-1,-1,-1,-1,-1,-1,-1,-1,-1,-1,-1,-1,0.3475,19.2787,6.75,0,0,,,
22437390236355,-1,-1,-1,,-1,-1,-1,,-1,-1,-1,-1,-1,-1,-1,-1,-1,-1,-1,-1,0.35125,19.2712,6.77,0,0,,,
22437395236541,-1,-1,-1,,-1,-1,-1,,-1,-1,-1,-1,-1,-1,-1,-1,-1,-1,-1,-1,0.345,19.2812,6.66,0,0,,,
22437400236503,-1,-1,-1,,-1,-1,-1,,-1,-1,-1,-1,-1,-1,-1,-1,-1,-1,-1,-1,0.3725,19.275,7.18,0,0,,,
22437405253393,-1,-1,-1,,-1,-1,-1,,-1,-1,-1,-1,-1,-1,-1,-1,-1,-1,-1,-1,0.3475,19.2775,6.55,0,0,,,
22437410252651,-1,-1,-1,,-1,-1,-1,,-1,-1,-1,-1,-1,-1,-1,-1,-1,-1,-1,-1,0.3475,19.275,6.69,0,0,,,
22437415251685,-1,-1,-1,,-1,-1,-1,,-1,-1,-1,-1,-1,-1,-1,-1,-1,-1,-1,-1,0.3575,19.2688,6.89,0,0,,,
22437420242431,-1,-1,-1,,-1,-1,-1,,-1,-1,-1,-1,-1,-1,-1,-1,-1,-1,-1,-1,0.33625,19.28,6.48,0,0,,,
22437425237592,-1,-1,-1,,-1,-1,-1,,-1,-1,-1,-1,-1,-1,-1,-1,-1,-1,-1,-1,0.36375,19.27,6.94,0,0,,,
22437430239922,-1,-1,-1,,-1,-1,-1,,-1,-1,-1,-1,-1,-1,-1,-1,-1,-1,-1,-1,0.3475,19.2825,6.69,0,0,,,
22437435316270,-1,-1,-1,,-1,-1,-1,,-1,-1,-1,-1,-1,-1,-1,-1,-1,-1,-1,-1,0.39875,19.265,7.68,0,0,,,
22437440240454,-1,-1,-1,,-1,-1,-1,,-1,-1,-1,-1,-1,-1,-1,-1,-1,-1,-1,-1,0.385,19.2787,7.37,0,0,,,
22437445241376,-1,-1,-1,,-1,-1,-1,,-1,-1,-1,-1,-1,-1,-1,-1,-1,-1,-1,-1,0.39875,19.2613,8.2,0,0,,,
22437450243866,-1,-1,-1,,-1,-1,-1,,-1,-1,-1,-1,-1,-1,-1,-1,-1,-1,-1,-1,0.37125,19.2725,7.16,0,0,,,
22437455240372,-1,-1,-1,,-1,-1,-1,,-1,-1,-1,-1,-1,-1,-1,-1,-1,-1,-1,-1,0.3775,19.2737,7.27,0,0,,,
22437460233933,-1,-1,-1,,-1,-1,-1,,-1,-1,-1,-1,-1,-1,-1,-1,-1,-1,-1,-1,0.3925,19.2688,7.32,0,0,,,
22437465232711,-1,-1,-1,,-1,-1,-1,,-1,-1,-1,-1,-1,-1,-1,-1,-1,-1,-1,-1,0.395,19.2638,7.35,0,0,,,
22437470239777,-1,-1,-1,,-1,-1,-1,,-1,-1,-1,-1,-1,-1,-1,-1,-1,-1,-1,-1,0.3825,19.2725,7.37,0,0,,,
22437475238939,-1,-1,-1,,-1,-1,-1,,-1,-1,-1,-1,-1,-1,-1,-1,-1,-1,-1,-1,0.38625,19.2688,7.44,0,0,,,
22437480247989,-1,-1,-1,,-1,-1,-1,,-1,-1,-1,-1,-1,-1,-1,-1,-1,-1,-1,-1,0.3825,19.2712,8.17,0,0,,,
22437485252879,-1,-1,-1,,-1,-1,-1,,-1,-1,-1,-1,-1,-1,-1,-1,-1,-1,-1,-1,0.36375,19.2737,7.01,0,0,,,
22437490238056,-1,-1,-1,,-1,-1,-1,,-1,-1,-1,-1,-1,-1,-1,-1,-1,-1,-1,-1,0.37625,19.2737,7.26,0,0,,,
22437495234850,-1,-1,-1,,-1,-1,-1,,-1,-1,-1,-1,-1,-1,-1,-1,-1,-1,-1,-1,0.34875,19.2775,6.72,0,0,,,
22437500232412,-1,-1,-1,,-1,-1,-1,,-1,-1,-1,-1,-1,-1,-1,-1,-1,-1,-1,-1,0.34875,19.2737,6.69,0,0,,,
22437505233078,-1,-1,-1,,-1,-1,-1,,-1,-1,-1,-1,-1,-1,-1,-1,-1,-1,-1,-1,0.3575,19.2787,6.89,0,0,,,
22437510236368,-1,-1,-1,,-1,-1,-1,,-1,-1,-1,-1,-1,-1,-1,-1,-1,-1,-1,-1,0.3625,19.28,6.99,0,0,,,
22437515232138,-1,-1,-1,,-1,-1,-1,,-1,-1,-1,-1,-1,-1,-1,-1,-1,-1,-1,-1,0.35625,19.27,6.86,0,0,,,
22437520234436,-1,-1,-1,,-1,-1,-1,,-1,-1,-1,-1,-1,-1,-1,-1,-1,-1,-1,-1,0.345,19.2838,6.68,0,0,,,
22437525235517,-1,-1,-1,,-1,-1,-1,,-1,-1,-1,-1,-1,-1,-1,-1,-1,-1,-1,-1,0.355,19.2812,6.85,0,0,,,
22437530237111,-1,-1,-1,,-1,-1,-1,,-1,-1,-1,-1,-1,-1,-1,-1,-1,-1,-1,-1,0.34625,19.2775,6.67,0,0,,,
22437535231729,-1,-1,-1,,-1,-1,-1,,-1,-1,-1,-1,-1,-1,-1,-1,-1,-1,-1,-1,0.36,19.275,7.18,0,0,,,
22437540241067,-1,-1,-1,,-1,-1,-1,,-1,-1,-1,-1,-1,-1,-1,-1,-1,-1,-1,-1,0.33625,19.2838,6.55,0,0,,,
22437545238373,-1,-1,-1,,-1,-1,-1,,-1,-1,-1,-1,-1,-1,-1,-1,-1,-1,-1,-1,0.37,19.2787,7.13,0,0,,,
22437550240703,-1,-1,-1,,-1,-1,-1,,-1,-1,-1,-1,-1,-1,-1,-1,-1,-1,-1,-1,0.3425,19.2775,6.6,0,0,,,
22437555232984,-1,-1,-1,,-1,-1,-1,,-1,-1,-1,-1,-1,-1,-1,-1,-1,-1,-1,-1,0.355,19.275,6.85,0,0,,,
22437560240146,-1,-1,-1,,-1,-1,-1,,-1,-1,-1,-1,-1,-1,-1,-1,-1,-1,-1,-1,0.34625,19.2775,6.67,0,0,,,
22437565237516,-1,-1,-1,,-1,-1,-1,,-1,-1,-1,-1,-1,-1,-1,-1,-1,-1,-1,-1,0.35875,19.2775,6.91,0,0,,,
22437570240550,-1,-1,-1,,-1,-1,-1,,-1,-1,-1,-1,-1,-1,-1,-1,-1,-1,-1,-1,0.34625,19.2838,6.68,0,0,,,
22437575233664,-1,-1,-1,,-1,-1,-1,,-1,-1,-1,-1,-1,-1,-1,-1,-1,-1,-1,-1,0.3575,19.2787,7.09,0,0,,,
22437580243962,-1,-1,-1,,-1,-1,-1,,-1,-1,-1,-1,-1,-1,-1,-1,-1,-1,-1,-1,0.3425,19.2725,6.6,0,0,,,
22437585234292,-1,-1,-1,,-1,-1,-1,,-1,-1,-1,-1,-1,-1,-1,-1,-1,-1,-1,-1,0.3575,19.2787,6.89,0,0,,,
22437590239758,-1,-1,-1,,-1,-1,-1,,-1,-1,-1,-1,-1,-1,-1,-1,-1,-1,-1,-1,0.345,19.28,6.66,0,0,,,
22437595233255,-1,-1,-1,,-1,-1,-1,,-1,-1,-1,-1,-1,-1,-1,-1,-1,-1,-1,-1,0.3625,19.275,7.23,0,0,,,
22437600237889,-1,-1,-1,,-1,-1,-1,,-1,-1,-1,-1,-1,-1,-1,-1,-1,-1,-1,-1,0.34625,19.2763,6.67,0,0,,,
22437605233787,-1,-1,-1,,-1,-1,-1,,-1,-1,-1,-1,-1,-1,-1,-1,-1,-1,-1,-1,0.36375,19.2787,7.01,0,0,,,
22437610240469,-1,-1,-1,,-1,-1,-1,,-1,-1,-1,-1,-1,-1,-1,-1,-1,-1,-1,-1,0.33875,19.28,6.66,0,0,,,
22437615234383,-1,-1,-1,,-1,-1,-1,,-1,-1,-1,-1,-1,-1,-1,-1,-1,-1,-1,-1,0.3575,19.2712,7.08,0,0,,,
22437620241321,-1,-1,-1,,-1,-1,-1,,-1,-1,-1,-1,-1,-1,-1,-1,-1,-1,-1,-1,0.33875,19.2787,6.53,0,0,,,
22437625243011,-1,-1,-1,,-1,-1,-1,,-1,-1,-1,-1,-1,-1,-1,-1,-1,-1,-1,-1,0.36125,19.2725,6.96,0,0,,,
22437630242012,-1,-1,-1,,-1,-1,-1,,-1,-1,-1,-1,-1,-1,-1,-1,-1,-1,-1,-1,0.34375,19.2763,6.63,0,0,,,
22437635234390,-1,-1,-1,,-1,-1,-1,,-1,-1,-1,-1,-1,-1,-1,-1,-1,-1,-1,-1,0.3675,19.2775,7.08,0,0,,,
22437640239632,-1,-1,-1,,-1,-1,-1,,-1,-1,-1,-1,-1,-1,-1,-1,-1,-1,-1,-1,0.34125,19.2812,6.58,0,0,,,
22437645239306,-1,-1,-1,,-1,-1,-1,,-1,-1,-1,-1,-1,-1,-1,-1,-1,-1,-1,-1,0.4125,19.2862,7.96,0,0,,,
22437650239908,-1,-1,-1,,-1,-1,-1,,-1,-1,-1,-1,-1,-1,-1,-1,-1,-1,-1,-1,0.38,19.2662,7.49,0,0,,,
22437655253214,-1,-1,-1,,-1,-1,-1,,-1,-1,-1,-1,-1,-1,-1,-1,-1,-1,-1,-1,0.39875,19.2688,7.68,0,0,,,
22437660252856,-1,-1,-1,,-1,-1,-1,,-1,-1,-1,-1,-1,-1,-1,-1,-1,-1,-1,-1,0.34875,19.2675,6.72,0,0,,,
22437665254098,-1,-1,-1,,-1,-1,-1,,-1,-1,-1,-1,-1,-1,-1,-1,-1,-1,-1,-1,0.36625,19.2787,7.07,0,0,,,
22437670241803,-1,-1,-1,,-1,-1,-1,,-1,-1,-1,-1,-1,-1,-1,-1,-1,-1,-1,-1,0.34375,19.2725,7.26,0,0,,,
22437675234277,-1,-1,-1,,-1,-1,-1,,-1,-1,-1,-1,-1,-1,-1,-1,-1,-1,-1,-1,0.3625,19.2737,6.99,0,0,,,
22437680240799,-1,-1,-1,,-1,-1,-1,,-1,-1,-1,-1,-1,-1,-1,-1,-1,-1,-1,-1,0.3475,19.2775,6.69,0,0,,,
22437685242489,-1,-1,-1,,-1,-1,-1,,-1,-1,-1,-1,-1,-1,-1,-1,-1,-1,-1,-1,0.35,19.275,7.07,0,0,,,
22437690241427,-1,-1,-1,,-1,-1,-1,,-1,-1,-1,-1,-1,-1,-1,-1,-1,-1,-1,-1,0.34125,19.2763,6.69,0,0,,,
22437695232812,-1,-1,-1,,-1,-1,-1,,-1,-1,-1,-1,-1,-1,-1,-1,-1,-1,-1,-1,0.3675,19.27,7.08,0,0,,,
22437700236326,-1,-1,-1,,-1,-1,-1,,-1,-1,-1,-1,-1,-1,-1,-1,-1,-1,-1,-1,0.3475,19.2812,6.69,0,0,,,
22437705239040,-1,-1,-1,,-1,-1,-1,,-1,-1,-1,-1,-1,-1,-1,-1,-1,-1,-1,-1,0.34875,19.2725,6.99,0,0,,,
22437710240698,-1,-1,-1,,-1,-1,-1,,-1,-1,-1,-1,-1,-1,-1,-1,-1,-1,-1,-1,0.34625,19.2763,6.67,0,0,,,
22437715233332,-1,-1,-1,,-1,-1,-1,,-1,-1,-1,-1,-1,-1,-1,-1,-1,-1,-1,-1,0.35875,19.2737,6.91,0,0,,,
22437720240366,-1,-1,-1,,-1,-1,-1,,-1,-1,-1,-1,-1,-1,-1,-1,-1,-1,-1,-1,0.34625,19.2825,6.68,0,0,,,
22437725237384,-1,-1,-1,,-1,-1,-1,,-1,-1,-1,-1,-1,-1,-1,-1,-1,-1,-1,-1,0.36125,19.2725,7.1,0,0,,,
22437730239841,-1,-1,-1,,-1,-1,-1,,-1,-1,-1,-1,-1,-1,-1,-1,-1,-1,-1,-1,0.34375,19.275,6.63,0,0,,,
22437735232827,-1,-1,-1,,-1,-1,-1,,-1,-1,-1,-1,-1,-1,-1,-1,-1,-1,-1,-1,0.37125,19.2737,7.16,0,0,,,
22437740240501,-1,-1,-1,,-1,-1,-1,,-1,-1,-1,-1,-1,-1,-1,-1,-1,-1,-1,-1,0.345,19.2787,6.66,0,0,,,
22437745236911,-1,-1,-1,,-1,-1,-1,,-1,-1,-1,-1,-1,-1,-1,-1,-1,-1,-1,-1,0.35875,19.2775,7.08,0,0,,,
22437750238889,-1,-1,-1,,-1,-1,-1,,-1,-1,-1,-1,-1,-1,-1,-1,-1,-1,-1,-1,0.34,19.2737,6.55,0,0,,,
22437755233123,-1,-1,-1,,-1,-1,-1,,-1,-1,-1,-1,-1,-1,-1,-1,-1,-1,-1,-1,0.3675,19.2812,7.09,0,0,,,
22437760237116,-1,-1,-1,,-1,-1,-1,,-1,-1,-1,-1,-1,-1,-1,-1,-1,-1,-1,-1,0.35,19.2787,6.75,0,0,,,
22437765233366,-1,-1,-1,,-1,-1,-1,,-1,-1,-1,-1,-1,-1,-1,-1,-1,-1,-1,-1,0.35,19.2725,6.86,0,0,,,
22437770240368,-1,-1,-1,,-1,-1,-1,,-1,-1,-1,-1,-1,-1,-1,-1,-1,-1,-1,-1,0.34125,19.2825,6.58,0,0,,,
22437775232330,-1,-1,-1,,-1,-1,-1,,-1,-1,-1,-1,-1,-1,-1,-1,-1,-1,-1,-1,0.3675,19.2763,7.08,0,0,,,
22437780239620,-1,-1,-1,,-1,-1,-1,,-1,-1,-1,-1,-1,-1,-1,-1,-1,-1,-1,-1,0.34625,19.2812,6.69,0,0,,,
22437785236990,-1,-1,-1,,-1,-1,-1,,-1,-1,-1,-1,-1,-1,-1,-1,-1,-1,-1,-1,0.36,19.2775,6.99,0,0,,,
22437790240600,-1,-1,-1,,-1,-1,-1,,-1,-1,-1,-1,-1,-1,-1,-1,-1,-1,-1,-1,0.345,19.2812,6.66,0,0,,,
22437795232785,-1,-1,-1,,-1,-1,-1,,-1,-1,-1,-1,-1,-1,-1,-1,-1,-1,-1,-1,0.35375,19.2725,6.82,0,0,,,
22437800240459,-1,-1,-1,,-1,-1,-1,,-1,-1,-1,-1,-1,-1,-1,-1,-1,-1,-1,-1,0.35,19.2775,6.53,0,0,,,
22437805234885,-1,-1,-1,,-1,-1,-1,,-1,-1,-1,-1,-1,-1,-1,-1,-1,-1,-1,-1,0.365,19.2675,7.04,0,0,,,
22437810259584,-1,-1,-1,,-1,-1,-1,,-1,-1,-1,-1,-1,-1,-1,-1,-1,-1,-1,-1,0.3625,19.2812,6.99,0,0,,,
22437815246393,-1,-1,-1,,-1,-1,-1,,-1,-1,-1,-1,-1,-1,-1,-1,-1,-1,-1,-1,0.36625,19.2812,7.07,0,0,,,
22437820248467,-1,-1,-1,,-1,-1,-1,,-1,-1,-1,-1,-1,-1,-1,-1,-1,-1,-1,-1,0.36,19.275,6.86,0,0,,,
22437825243693,-1,-1,-1,,-1,-1,-1,,-1,-1,-1,-1,-1,-1,-1,-1,-1,-1,-1,-1,0.3475,19.2712,6.69,0,0,,,
22437830240198,-1,-1,-1,,-1,-1,-1,,-1,-1,-1,-1,-1,-1,-1,-1,-1,-1,-1,-1,0.3625,19.275,6.99,0,0,,,
22437835233440,-1,-1,-1,,-1,-1,-1,,-1,-1,-1,-1,-1,-1,-1,-1,-1,-1,-1,-1,0.3675,19.27,7.08,0,0,,,
22437840240538,-1,-1,-1,,-1,-1,-1,,-1,-1,-1,-1,-1,-1,-1,-1,-1,-1,-1,-1,0.35,19.2838,6.66,0,0,,,
22437845236692,-1,-1,-1,,-1,-1,-1,,-1,-1,-1,-1,-1,-1,-1,-1,-1,-1,-1,-1,0.37125,19.2775,7.16,0,0,,,
22437850239918,-1,-1,-1,,-1,-1,-1,,-1,-1,-1,-1,-1,-1,-1,-1,-1,-1,-1,-1,0.34625,19.2775,6.67,0,0,,,
22437855234056,-1,-1,-1,,-1,-1,-1,,-1,-1,-1,-1,-1,-1,-1,-1,-1,-1,-1,-1,0.41875,19.26,7.39,0,0,,,
22437860240994,-1,-1,-1,,-1,-1,-1,,-1,-1,-1,-1,-1,-1,-1,-1,-1,-1,-1,-1,0.38875,19.2662,7.85,0,0,,,
22437865232987,-1,-1,-1,,-1,-1,-1,,-1,-1,-1,-1,-1,-1,-1,-1,-1,-1,-1,-1,0.36,19.2763,6.94,0,0,,,
22437870239605,-1,-1,-1,,-1,-1,-1,,-1,-1,-1,-1,-1,-1,-1,-1,-1,-1,-1,-1,0.35,19.2825,6.75,0,0,,,
22437875233807,-1,-1,-1,,-1,-1,-1,,-1,-1,-1,-1,-1,-1,-1,-1,-1,-1,-1,-1,0.37625,19.2737,7.05,0,0,,,
22437880237609,-1,-1,-1,,-1,-1,-1,,-1,-1,-1,-1,-1,-1,-1,-1,-1,-1,-1,-1,0.35,19.2775,6.75,0,0,,,
22437885236867,-1,-1,-1,,-1,-1,-1,,-1,-1,-1,-1,-1,-1,-1,-1,-1,-1,-1,-1,0.36125,19.2763,6.96,0,0,,,
22437890238429,-1,-1,-1,,-1,-1,-1,,-1,-1,-1,-1,-1,-1,-1,-1,-1,-1,-1,-1,0.35125,19.2787,6.77,0,0,,,
22437895232630,-1,-1,-1,,-1,-1,-1,,-1,-1,-1,-1,-1,-1,-1,-1,-1,-1,-1,-1,0.37625,19.27,7.03,0,0,,,
22437900249873,-1,-1,-1,,-1,-1,-1,,-1,-1,-1,-1,-1,-1,-1,-1,-1,-1,-1,-1,0.36,19.2775,6.94,0,0,,,
22437905240682,-1,-1,-1,,-1,-1,-1,,-1,-1,-1,-1,-1,-1,-1,-1,-1,-1,-1,-1,0.375,19.2712,7.23,0,0,,,
22437910251460,-1,-1,-1,,-1,-1,-1,,-1,-1,-1,-1,-1,-1,-1,-1,-1,-1,-1,-1,0.3575,19.2787,6.89,0,0,,,
22437915234654,-1,-1,-1,,-1,-1,-1,,-1,-1,-1,-1,-1,-1,-1,-1,-1,-1,-1,-1,0.3725,19.27,7.27,0,0,,,
22437920237880,-1,-1,-1,,-1,-1,-1,,-1,-1,-1,-1,-1,-1,-1,-1,-1,-1,-1,-1,0.3475,19.2725,6.69,0,0,,,
22437925237458,-1,-1,-1,,-1,-1,-1,,-1,-1,-1,-1,-1,-1,-1,-1,-1,-1,-1,-1,0.37375,19.275,7.21,0,0,,,
22437930239947,-1,-1,-1,,-1,-1,-1,,-1,-1,-1,-1,-1,-1,-1,-1,-1,-1,-1,-1,0.34,19.2775,6.55,0,0,,,
22437935233061,-1,-1,-1,,-1,-1,-1,,-1,-1,-1,-1,-1,-1,-1,-1,-1,-1,-1,-1,0.36125,19.2737,7.05,0,0,,,
22437940239711,-1,-1,-1,,-1,-1,-1,,-1,-1,-1,-1,-1,-1,-1,-1,-1,-1,-1,-1,0.35125,19.2812,6.77,0,0,,,
22437945237369,-1,-1,-1,,-1,-1,-1,,-1,-1,-1,-1,-1,-1,-1,-1,-1,-1,-1,-1,0.3725,19.2763,7.18,0,0,,,
22437950239027,-1,-1,-1,,-1,-1,-1,,-1,-1,-1,-1,-1,-1,-1,-1,-1,-1,-1,-1,0.38,19.2775,6.69,0,0,,,
22437955239149,-1,-1,-1,,-1,-1,-1,,-1,-1,-1,-1,-1,-1,-1,-1,-1,-1,-1,-1,0.35875,19.275,6.91,0,0,,,
22437960244455,-1,-1,-1,,-1,-1,-1,,-1,-1,-1,-1,-1,-1,-1,-1,-1,-1,-1,-1,0.3425,19.2787,6.6,0,0,,,
22437965237376,-1,-1,-1,,-1,-1,-1,,-1,-1,-1,-1,-1,-1,-1,-1,-1,-1,-1,-1,0.35625,19.2787,6.87,0,0,,,
22437970239642,-1,-1,-1,,-1,-1,-1,,-1,-1,-1,-1,-1,-1,-1,-1,-1,-1,-1,-1,0.34375,19.2787,6.63,0,0,,,
22437975232948,-1,-1,-1,,-1,-1,-1,,-1,-1,-1,-1,-1,-1,-1,-1,-1,-1,-1,-1,0.36625,19.2787,7.05,0,0,,,
22437980240174,-1,-1,-1,,-1,-1,-1,,-1,-1,-1,-1,-1,-1,-1,-1,-1,-1,-1,-1,0.3425,19.2787,6.6,0,0,,,
22437985246504,-1,-1,-1,,-1,-1,-1,,-1,-1,-1,-1,-1,-1,-1,-1,-1,-1,-1,-1,0.3675,19.2688,7.08,0,0,,,
22437990246850,-1,-1,-1,,-1,-1,-1,,-1,-1,-1,-1,-1,-1,-1,-1,-1,-1,-1,-1,0.33875,19.2812,6.66,0,0,,,
22437995234267,-1,-1,-1,,-1,-1,-1,,-1,-1,-1,-1,-1,-1,-1,-1,-1,-1,-1,-1,0.365,19.275,7.04,0,0,,,
22438000239989,-1,-1,-1,,-1,-1,-1,,-1,-1,-1,-1,-1,-1,-1,-1,-1,-1,-1,-1,0.3375,19.2812,6.5,0,0,,,
22438005236847,-1,-1,-1,,-1,-1,-1,,-1,-1,-1,-1,-1,-1,-1,-1,-1,-1,-1,-1,0.37,19.275,7.13,0,0,,,
22438010239817,-1,-1,-1,,-1,-1,-1,,-1,-1,-1,-1,-1,-1,-1,-1,-1,-1,-1,-1,0.33375,19.2825,6.63,0,0,,,
22438015232483,-1,-1,-1,,-1,-1,-1,,-1,-1,-1,-1,-1,-1,-1,-1,-1,-1,-1,-1,0.3725,19.2737,7.18,0,0,,,
22438020239389,-1,-1,-1,,-1,-1,-1,,-1,-1,-1,-1,-1,-1,-1,-1,-1,-1,-1,-1,0.34125,19.275,6.58,0,0,,,
22438025236375,-1,-1,-1,,-1,-1,-1,,-1,-1,-1,-1,-1,-1,-1,-1,-1,-1,-1,-1,0.34375,19.2725,7.08,0,0,,,
22438030239632,-1,-1,-1,,-1,-1,-1,,-1,-1,-1,-1,-1,-1,-1,-1,-1,-1,-1,-1,0.345,19.2838,6.46,0,0,,,
22438035232554,-1,-1,-1,,-1,-1,-1,,-1,-1,-1,-1,-1,-1,-1,-1,-1,-1,-1,-1,0.3625,19.2737,6.99,0,0,,,
22438040240164,-1,-1,-1,,-1,-1,-1,,-1,-1,-1,-1,-1,-1,-1,-1,-1,-1,-1,-1,0.35125,19.28,6.77,0,0,,,
22438045236734,-1,-1,-1,,-1,-1,-1,,-1,-1,-1,-1,-1,-1,-1,-1,-1,-1,-1,-1,0.3525,19.2725,6.96,0,0,,,
22438050238904,-1,-1,-1,,-1,-1,-1,,-1,-1,-1,-1,-1,-1,-1,-1,-1,-1,-1,-1,0.345,19.28,6.66,0,0,,,
22438055233074,-1,-1,-1,,-1,-1,-1,,-1,-1,-1,-1,-1,-1,-1,-1,-1,-1,-1,-1,0.355,19.275,6.85,0,0,,,
22438060238348,-1,-1,-1,,-1,-1,-1,,-1,-1,-1,-1,-1,-1,-1,-1,-1,-1,-1,-1,0.35125,19.2812,6.77,0,0,,,
22438065238437,-1,-1,-1,,-1,-1,-1,,-1,-1,-1,-1,-1,-1,-1,-1,-1,-1,-1,-1,0.345,19.2862,8.08,0,0,,,
22438070238239,-1,-1,-1,,-1,-1,-1,,-1,-1,-1,-1,-1,-1,-1,-1,-1,-1,-1,-1,0.345,19.2737,6.64,0,0,,,
22438075233433,-1,-1,-1,,-1,-1,-1,,-1,-1,-1,-1,-1,-1,-1,-1,-1,-1,-1,-1,0.36125,19.2725,6.96,0,0,,,
22438080250931,-1,-1,-1,,-1,-1,-1,,-1,-1,-1,-1,-1,-1,-1,-1,-1,-1,-1,-1,0.345,19.28,6.66,0,0,,,
22438085237005,-1,-1,-1,,-1,-1,-1,,-1,-1,-1,-1,-1,-1,-1,-1,-1,-1,-1,-1,0.35875,19.2737,7.08,0,0,,,
22438090241191,-1,-1,-1,,-1,-1,-1,,-1,-1,-1,-1,-1,-1,-1,-1,-1,-1,-1,-1,0.34375,19.2825,6.63,0,0,,,
22438095234880,-1,-1,-1,,-1,-1,-1,,-1,-1,-1,-1,-1,-1,-1,-1,-1,-1,-1,-1,0.37375,19.275,7.21,0,0,,,
22438100241306,-1,-1,-1,,-1,-1,-1,,-1,-1,-1,-1,-1,-1,-1,-1,-1,-1,-1,-1,0.3475,19.2838,6.68,0,0,,,
22438105240020,-1,-1,-1,,-1,-1,-1,,-1,-1,-1,-1,-1,-1,-1,-1,-1,-1,-1,-1,0.36625,19.2712,7.13,0,0,,,
22438110240238,-1,-1,-1,,-1,-1,-1,,-1,-1,-1,-1,-1,-1,-1,-1,-1,-1,-1,-1,0.33875,19.2812,6.53,0,0,,,
22438115232552,-1,-1,-1,,-1,-1,-1,,-1,-1,-1,-1,-1,-1,-1,-1,-1,-1,-1,-1,0.36375,19.2712,7.01,0,0,,,
22438120239426,-1,-1,-1,,-1,-1,-1,,-1,-1,-1,-1,-1,-1,-1,-1,-1,-1,-1,-1,0.35125,19.28,6.58,0,0,,,
22438125236572,-1,-1,-1,,-1,-1,-1,,-1,-1,-1,-1,-1,-1,-1,-1,-1,-1,-1,-1,0.36125,19.275,6.96,0,0,,,
22438130238678,-1,-1,-1,,-1,-1,-1,,-1,-1,-1,-1,-1,-1,-1,-1,-1,-1,-1,-1,0.34875,19.285,6.72,0,0,,,
22438135232207,-1,-1,-1,,-1,-1,-1,,-1,-1,-1,-1,-1,-1,-1,-1,-1,-1,-1,-1,0.3625,19.2737,6.99,0,0,,,
22438140238985,-1,-1,-1,,-1,-1,-1,,-1,-1,-1,-1,-1,-1,-1,-1,-1,-1,-1,-1,0.34375,19.2812,6.68,0,0,,,
22438145246531,-1,-1,-1,,-1,-1,-1,,-1,-1,-1,-1,-1,-1,-1,-1,-1,-1,-1,-1,0.34375,19.275,6.63,0,0,,,
22438150242749,-1,-1,-1,,-1,-1,-1,,-1,-1,-1,-1,-1,-1,-1,-1,-1,-1,-1,-1,0.34875,19.2812,6.72,0,0,,,
22438155247927,-1,-1,-1,,-1,-1,-1,,-1,-1,-1,-1,-1,-1,-1,-1,-1,-1,-1,-1,0.35875,19.2787,6.91,0,0,,,
22438160234513,-1,-1,-1,,-1,-1,-1,,-1,-1,-1,-1,-1,-1,-1,-1,-1,-1,-1,-1,0.3675,19.275,6.94,0,0,,,
22438165240106,-1,-1,-1,,-1,-1,-1,,-1,-1,-1,-1,-1,-1,-1,-1,-1,-1,-1,-1,0.3425,19.2763,6.6,0,0,,,
22438170237604,-1,-1,-1,,-1,-1,-1,,-1,-1,-1,-1,-1,-1,-1,-1,-1,-1,-1,-1,0.36875,19.28,7.1,0,0,,,
22438175233246,-1,-1,-1,,-1,-1,-1,,-1,-1,-1,-1,-1,-1,-1,-1,-1,-1,-1,-1,0.365,19.2787,7.04,0,0,,,
22438180239576,-1,-1,-1,,-1,-1,-1,,-1,-1,-1,-1,-1,-1,-1,-1,-1,-1,-1,-1,0.345,19.2787,6.55,0,0,,,
22438185232882,-1,-1,-1,,-1,-1,-1,,-1,-1,-1,-1,-1,-1,-1,-1,-1,-1,-1,-1,0.36625,19.2725,7.05,0,0,,,
22438190240076,-1,-1,-1,,-1,-1,-1,,-1,-1,-1,-1,-1,-1,-1,-1,-1,-1,-1,-1,0.3425,19.2812,6.6,0,0,,,
22438195233413,-1,-1,-1,,-1,-1,-1,,-1,-1,-1,-1,-1,-1,-1,-1,-1,-1,-1,-1,0.3625,19.2763,7.16,0,0,,,
22438200242752,-1,-1,-1,,-1,-1,-1,,-1,-1,-1,-1,-1,-1,-1,-1,-1,-1,-1,-1,0.33625,19.28,6.6,0,0,,,
22438205232921,-1,-1,-1,,-1,-1,-1,,-1,-1,-1,-1,-1,-1,-1,-1,-1,-1,-1,-1,0.355,19.2737,6.85,0,0,,,
22438210239091,-1,-1,-1,,-1,-1,-1,,-1,-1,-1,-1,-1,-1,-1,-1,-1,-1,-1,-1,0.335,19.2787,6.46,0,0,,,
22438215234157,-1,-1,-1,,-1,-1,-1,,-1,-1,-1,-1,-1,-1,-1,-1,-1,-1,-1,-1,0.36375,19.27,6.96,0,0,,,
22438220255847,-1,-1,-1,,-1,-1,-1,,-1,-1,-1,-1,-1,-1,-1,-1,-1,-1,-1,-1,0.345,19.28,6.66,0,0,,,
22438225235905,-1,-1,-1,,-1,-1,-1,,-1,-1,-1,-1,-1,-1,-1,-1,-1,-1,-1,-1,0.36125,19.2763,6.96,0,0,,,
22438230256955,-1,-1,-1,,-1,-1,-1,,-1,-1,-1,-1,-1,-1,-1,-1,-1,-1,-1,-1,0.35125,19.2775,6.77,0,0,,,
22438235245365,-1,-1,-1,,-1,-1,-1,,-1,-1,-1,-1,-1,-1,-1,-1,-1,-1,-1,-1,0.345,19.275,7.26,0,0,,,
22438240239534,-1,-1,-1,,-1,-1,-1,,-1,-1,-1,-1,-1,-1,-1,-1,-1,-1,-1,-1,0.3725,19.2712,7.18,0,0,,,
22438245243496,-1,-1,-1,,-1,-1,-1,,-1,-1,-1,-1,-1,-1,-1,-1,-1,-1,-1,-1,0.33375,19.2838,6.44,0,0,,,
22438250235970,-1,-1,-1,,-1,-1,-1,,-1,-1,-1,-1,-1,-1,-1,-1,-1,-1,-1,-1,0.37,19.275,7.13,0,0,,,
22438255249340,-1,-1,-1,,-1,-1,-1,,-1,-1,-1,-1,-1,-1,-1,-1,-1,-1,-1,-1,0.34875,19.2862,6.71,0,0,,,
22438260238390,-1,-1,-1,,-1,-1,-1,,-1,-1,-1,-1,-1,-1,-1,-1,-1,-1,-1,-1,0.3675,19.2662,7.08,0,0,,,
22438265253520,-1,-1,-1,,-1,-1,-1,,-1,-1,-1,-1,-1,-1,-1,-1,-1,-1,-1,-1,0.34375,19.2775,6.63,0,0,,,
22438270257386,-1,-1,-1,,-1,-1,-1,,-1,-1,-1,-1,-1,-1,-1,-1,-1,-1,-1,-1,0.36375,19.2787,7.28,0,0,,,
22438275343622,-1,-1,-1,,-1,-1,-1,,-1,-1,-1,-1,-1,-1,-1,-1,-1,-1,-1,-1,0.3725,19.2712,7.18,0,0,,,
22438280259262,-1,-1,-1,,-1,-1,-1,,-1,-1,-1,-1,-1,-1,-1,-1,-1,-1,-1,-1,0.3475,19.2787,6.69,0,0,,,
22438285250135,-1,-1,-1,,-1,-1,-1,,-1,-1,-1,-1,-1,-1,-1,-1,-1,-1,-1,-1,0.3625,19.27,6.99,0,0,,,
22438290241041,-1,-1,-1,,-1,-1,-1,,-1,-1,-1,-1,-1,-1,-1,-1,-1,-1,-1,-1,0.345,19.2838,6.71,0,0,,,
22438295234346,-1,-1,-1,,-1,-1,-1,,-1,-1,-1,-1,-1,-1,-1,-1,-1,-1,-1,-1,0.3725,19.2688,7.18,0,0,,,
22438300240196,-1,-1,-1,,-1,-1,-1,,-1,-1,-1,-1,-1,-1,-1,-1,-1,-1,-1,-1,0.34375,19.2775,6.63,0,0,,,
22438305236094,-1,-1,-1,,-1,-1,-1,,-1,-1,-1,-1,-1,-1,-1,-1,-1,-1,-1,-1,0.3575,19.2763,6.89,0,0,,,
22438310238360,-1,-1,-1,,-1,-1,-1,,-1,-1,-1,-1,-1,-1,-1,-1,-1,-1,-1,-1,0.34625,19.2775,6.66,0,0,,,
22438315232594,-1,-1,-1,,-1,-1,-1,,-1,-1,-1,-1,-1,-1,-1,-1,-1,-1,-1,-1,0.3675,19.275,7.08,0,0,,,
22438320238700,-1,-1,-1,,-1,-1,-1,,-1,-1,-1,-1,-1,-1,-1,-1,-1,-1,-1,-1,0.345,19.2812,6.66,0,0,,,
22438325232230,-1,-1,-1,,-1,-1,-1,,-1,-1,-1,-1,-1,-1,-1,-1,-1,-1,-1,-1,0.35625,19.2712,6.86,0,0,,,
22438330238688,-1,-1,-1,,-1,-1,-1,,-1,-1,-1,-1,-1,-1,-1,-1,-1,-1,-1,-1,0.34625,19.28,6.68,0,0,,,
22438335231769,-1,-1,-1,,-1,-1,-1,,-1,-1,-1,-1,-1,-1,-1,-1,-1,-1,-1,-1,0.3675,19.275,7.08,0,0,,,
22438340238515,-1,-1,-1,,-1,-1,-1,,-1,-1,-1,-1,-1,-1,-1,-1,-1,-1,-1,-1,0.34625,19.2787,6.68,0,0,,,
22438345236013,-1,-1,-1,,-1,-1,-1,,-1,-1,-1,-1,-1,-1,-1,-1,-1,-1,-1,-1,0.34375,19.2712,6.84,0,0,,,
22438350238695,-1,-1,-1,,-1,-1,-1,,-1,-1,-1,-1,-1,-1,-1,-1,-1,-1,-1,-1,0.345,19.2787,6.6,0,0,,,
22438355234625,-1,-1,-1,,-1,-1,-1,,-1,-1,-1,-1,-1,-1,-1,-1,-1,-1,-1,-1,0.39,19.2725,7.51,0,0,,,
22438360246171,-1,-1,-1,,-1,-1,-1,,-1,-1,-1,-1,-1,-1,-1,-1,-1,-1,-1,-1,0.37375,19.265,7.21,0,0,,,
22438365249013,-1,-1,-1,,-1,-1,-1,,-1,-1,-1,-1,-1,-1,-1,-1,-1,-1,-1,-1,0.34625,19.2725,7.76,0,0,,,
22438370237966,-1,-1,-1,,-1,-1,-1,,-1,-1,-1,-1,-1,-1,-1,-1,-1,-1,-1,-1,0.345,19.2725,6.66,0,0,,,
22438375234536,-1,-1,-1,,-1,-1,-1,,-1,-1,-1,-1,-1,-1,-1,-1,-1,-1,-1,-1,0.3625,19.28,6.99,0,0,,,
22438380235138,-1,-1,-1,,-1,-1,-1,,-1,-1,-1,-1,-1,-1,-1,-1,-1,-1,-1,-1,0.34375,19.2763,6.63,0,0,,,
22438385238332,-1,-1,-1,,-1,-1,-1,,-1,-1,-1,-1,-1,-1,-1,-1,-1,-1,-1,-1,0.34875,19.2775,6.72,0,0,,,
22438390251382,-1,-1,-1,,-1,-1,-1,,-1,-1,-1,-1,-1,-1,-1,-1,-1,-1,-1,-1,0.34,19.2763,6.55,0,0,,,
22438395233647,-1,-1,-1,,-1,-1,-1,,-1,-1,-1,-1,-1,-1,-1,-1,-1,-1,-1,-1,0.37,19.28,7.13,0,0,,,
22438400237897,-1,-1,-1,,-1,-1,-1,,-1,-1,-1,-1,-1,-1,-1,-1,-1,-1,-1,-1,0.33625,19.2825,6.49,0,0,,,
22438405249572,-1,-1,-1,,-1,-1,-1,,-1,-1,-1,-1,-1,-1,-1,-1,-1,-1,-1,-1,0.36125,19.275,6.89,0,0,,,
22438410242429,-1,-1,-1,,-1,-1,-1,,-1,-1,-1,-1,-1,-1,-1,-1,-1,-1,-1,-1,0.35,19.275,6.75,0,0,,,
22438415234391,-1,-1,-1,,-1,-1,-1,,-1,-1,-1,-1,-1,-1,-1,-1,-1,-1,-1,-1,0.3725,19.2763,7.18,0,0,,,
22438420240561,-1,-1,-1,,-1,-1,-1,,-1,-1,-1,-1,-1,-1,-1,-1,-1,-1,-1,-1,0.34875,19.275,6.72,0,0,,,
22438425234475,-1,-1,-1,,-1,-1,-1,,-1,-1,-1,-1,-1,-1,-1,-1,-1,-1,-1,-1,0.37,19.275,6.96,0,0,,,
22438430242757,-1,-1,-1,,-1,-1,-1,,-1,-1,-1,-1,-1,-1,-1,-1,-1,-1,-1,-1,0.345,19.28,6.66,0,0,,,
22438435233278,-1,-1,-1,,-1,-1,-1,,-1,-1,-1,-1,-1,-1,-1,-1,-1,-1,-1,-1,0.3575,19.2712,6.89,0,0,,,
22438440239928,-1,-1,-1,,-1,-1,-1,,-1,-1,-1,-1,-1,-1,-1,-1,-1,-1,-1,-1,0.3525,19.2775,6.72,0,0,,,
22438445233170,-1,-1,-1,,-1,-1,-1,,-1,-1,-1,-1,-1,-1,-1,-1,-1,-1,-1,-1,0.365,19.27,6.91,0,0,,,
22438450239340,-1,-1,-1,,-1,-1,-1,,-1,-1,-1,-1,-1,-1,-1,-1,-1,-1,-1,-1,0.35125,19.28,6.77,0,0,,,
22438455232454,-1,-1,-1,,-1,-1,-1,,-1,-1,-1,-1,-1,-1,-1,-1,-1,-1,-1,-1,0.36875,19.2712,7.1,0,0,,,
22438460239552,-1,-1,-1,,-1,-1,-1,,-1,-1,-1,-1,-1,-1,-1,-1,-1,-1,-1,-1,0.35375,19.2775,6.8,0,0,,,
22438465236377,-1,-1,-1,,-1,-1,-1,,-1,-1,-1,-1,-1,-1,-1,-1,-1,-1,-1,-1,0.37125,19.2712,7.16,0,0,,,
22438470238547,-1,-1,-1,,-1,-1,-1,,-1,-1,-1,-1,-1,-1,-1,-1,-1,-1,-1,-1,0.35,19.2825,6.75,0,0,,,
22438475233421,-1,-1,-1,,-1,-1,-1,,-1,-1,-1,-1,-1,-1,-1,-1,-1,-1,-1,-1,0.37625,19.2775,7.26,0,0,,,
22438480238791,-1,-1,-1,,-1,-1,-1,,-1,-1,-1,-1,-1,-1,-1,-1,-1,-1,-1,-1,0.34375,19.2775,6.66,0,0,,,
22438485246049,-1,-1,-1,,-1,-1,-1,,-1,-1,-1,-1,-1,-1,-1,-1,-1,-1,-1,-1,0.38125,19.27,7.35,0,0,,,
22438490246587,-1,-1,-1,,-1,-1,-1,,-1,-1,-1,-1,-1,-1,-1,-1,-1,-1,-1,-1,0.38125,19.2675,7.35,0,0,,,
22438495251413,-1,-1,-1,,-1,-1,-1,,-1,-1,-1,-1,-1,-1,-1,-1,-1,-1,-1,-1,0.41875,19.2688,8.06,0,0,,,
22438500242159,-1,-1,-1,,-1,-1,-1,,-1,-1,-1,-1,-1,-1,-1,-1,-1,-1,-1,-1,0.3775,19.2688,7.35,0,0,,,
22438505254089,-1,-1,-1,,-1,-1,-1,,-1,-1,-1,-1,-1,-1,-1,-1,-1,-1,-1,-1,0.35,19.28,6.75,0,0,,,
22438510240834,-1,-1,-1,,-1,-1,-1,,-1,-1,-1,-1,-1,-1,-1,-1,-1,-1,-1,-1,0.36875,19.2787,7.1,0,0,,,
22438515235292,-1,-1,-1,,-1,-1,-1,,-1,-1,-1,-1,-1,-1,-1,-1,-1,-1,-1,-1,0.37,19.2712,7.24,0,0,,,
22438520243030,-1,-1,-1,,-1,-1,-1,,-1,-1,-1,-1,-1,-1,-1,-1,-1,-1,-1,-1,0.35,19.28,6.63,0,0,,,
22438525237968,-1,-1,-1,,-1,-1,-1,,-1,-1,-1,-1,-1,-1,-1,-1,-1,-1,-1,-1,0.38125,19.2812,7.35,0,0,,,
22438530242090,-1,-1,-1,,-1,-1,-1,,-1,-1,-1,-1,-1,-1,-1,-1,-1,-1,-1,-1,0.35375,19.28,6.82,0,0,,,
22438535233955,-1,-1,-1,,-1,-1,-1,,-1,-1,-1,-1,-1,-1,-1,-1,-1,-1,-1,-1,0.36,19.275,7.16,0,0,,,
22438540240381,-1,-1,-1,,-1,-1,-1,,-1,-1,-1,-1,-1,-1,-1,-1,-1,-1,-1,-1,0.345,19.2825,6.66,0,0,,,
22438545236023,-1,-1,-1,,-1,-1,-1,,-1,-1,-1,-1,-1,-1,-1,-1,-1,-1,-1,-1,0.3575,19.275,6.89,0,0,,,
22438550239153,-1,-1,-1,,-1,-1,-1,,-1,-1,-1,-1,-1,-1,-1,-1,-1,-1,-1,-1,0.365,19.2787,7.04,0,0,,,
22438555232491,-1,-1,-1,,-1,-1,-1,,-1,-1,-1,-1,-1,-1,-1,-1,-1,-1,-1,-1,0.36625,19.2763,6.94,0,0,,,
22438560240677,-1,-1,-1,,-1,-1,-1,,-1,-1,-1,-1,-1,-1,-1,-1,-1,-1,-1,-1,0.3425,19.2725,6.6,0,0,,,
22438565242239,-1,-1,-1,,-1,-1,-1,,-1,-1,-1,-1,-1,-1,-1,-1,-1,-1,-1,-1,0.38625,19.2775,7.45,0,0,,,
22438570240920,-1,-1,-1,,-1,-1,-1,,-1,-1,-1,-1,-1,-1,-1,-1,-1,-1,-1,-1,0.34625,19.28,6.68,0,0,,,
22438575234034,-1,-1,-1,,-1,-1,-1,,-1,-1,-1,-1,-1,-1,-1,-1,-1,-1,-1,-1,0.3575,19.2725,7.21,0,0,,,
22438580239596,-1,-1,-1,,-1,-1,-1,,-1,-1,-1,-1,-1,-1,-1,-1,-1,-1,-1,-1,0.33875,19.2812,6.53,0,0,,,
22438585256198,-1,-1,-1,,-1,-1,-1,,-1,-1,-1,-1,-1,-1,-1,-1,-1,-1,-1,-1,0.36875,19.2812,7.1,0,0,,,
22438590242880,-1,-1,-1,,-1,-1,-1,,-1,-1,-1,-1,-1,-1,-1,-1,-1,-1,-1,-1,0.355,19.2838,7.09,0,0,,,
22438595234906,-1,-1,-1,,-1,-1,-1,,-1,-1,-1,-1,-1,-1,-1,-1,-1,-1,-1,-1,0.36875,19.2725,6.94,0,0,,,
22438600238099,-1,-1,-1,,-1,-1,-1,,-1,-1,-1,-1,-1,-1,-1,-1,-1,-1,-1,-1,0.345,19.2787,6.66,0,0,,,
22438605237229,-1,-1,-1,,-1,-1,-1,,-1,-1,-1,-1,-1,-1,-1,-1,-1,-1,-1,-1,0.35625,19.28,6.87,0,0,,,
22438610239559,-1,-1,-1,,-1,-1,-1,,-1,-1,-1,-1,-1,-1,-1,-1,-1,-1,-1,-1,0.345,19.275,6.63,0,0,,,
22438615233121,-1,-1,-1,,-1,-1,-1,,-1,-1,-1,-1,-1,-1,-1,-1,-1,-1,-1,-1,0.355,19.27,6.85,0,0,,,
22438620239643,-1,-1,-1,,-1,-1,-1,,-1,-1,-1,-1,-1,-1,-1,-1,-1,-1,-1,-1,0.345,19.2812,6.66,0,0,,,
22438625232469,-1,-1,-1,,-1,-1,-1,,-1,-1,-1,-1,-1,-1,-1,-1,-1,-1,-1,-1,0.3625,19.2787,6.99,0,0,,,
22438630240207,-1,-1,-1,,-1,-1,-1,,-1,-1,-1,-1,-1,-1,-1,-1,-1,-1,-1,-1,0.34625,19.2787,6.66,0,0,,,
22438635246345,-1,-1,-1,,-1,-1,-1,,-1,-1,-1,-1,-1,-1,-1,-1,-1,-1,-1,-1,0.36875,19.2787,7.1,0,0,,,
22438640244802,-1,-1,-1,,-1,-1,-1,,-1,-1,-1,-1,-1,-1,-1,-1,-1,-1,-1,-1,0.345,19.2787,6.66,0,0,,,
22438645246748,-1,-1,-1,,-1,-1,-1,,-1,-1,-1,-1,-1,-1,-1,-1,-1,-1,-1,-1,0.35375,19.2725,6.82,0,0,,,
22438650243862,-1,-1,-1,,-1,-1,-1,,-1,-1,-1,-1,-1,-1,-1,-1,-1,-1,-1,-1,0.345,19.2775,6.8,0,0,,,
22438655239568,-1,-1,-1,,-1,-1,-1,,-1,-1,-1,-1,-1,-1,-1,-1,-1,-1,-1,-1,0.355,19.275,6.85,0,0,,,
22438660236650,-1,-1,-1,,-1,-1,-1,,-1,-1,-1,-1,-1,-1,-1,-1,-1,-1,-1,-1,0.36875,19.2725,7.1,0,0,,,
22438665238404,-1,-1,-1,,-1,-1,-1,,-1,-1,-1,-1,-1,-1,-1,-1,-1,-1,-1,-1,0.34875,19.2775,6.72,0,0,,,
22438670233821,-1,-1,-1,,-1,-1,-1,,-1,-1,-1,-1,-1,-1,-1,-1,-1,-1,-1,-1,0.36125,19.275,7.18,0,0,,,
22438675240407,-1,-1,-1,,-1,-1,-1,,-1,-1,-1,-1,-1,-1,-1,-1,-1,-1,-1,-1,0.35875,19.28,6.91,0,0,,,
22438680233041,-1,-1,-1,,-1,-1,-1,,-1,-1,-1,-1,-1,-1,-1,-1,-1,-1,-1,-1,0.36875,19.2725,7.1,0,0,,,
22438685239755,-1,-1,-1,,-1,-1,-1,,-1,-1,-1,-1,-1,-1,-1,-1,-1,-1,-1,-1,0.345,19.28,6.77,0,0,,,
22438690237605,-1,-1,-1,,-1,-1,-1,,-1,-1,-1,-1,-1,-1,-1,-1,-1,-1,-1,-1,0.345,19.2763,7.13,0,0,,,
22438695232735,-1,-1,-1,,-1,-1,-1,,-1,-1,-1,-1,-1,-1,-1,-1,-1,-1,-1,-1,0.36625,19.27,7.05,0,0,,,
22438700240473,-1,-1,-1,,-1,-1,-1,,-1,-1,-1,-1,-1,-1,-1,-1,-1,-1,-1,-1,0.3475,19.2787,6.69,0,0,,,
22438705252307,-1,-1,-1,,-1,-1,-1,,-1,-1,-1,-1,-1,-1,-1,-1,-1,-1,-1,-1,0.34625,19.2825,7.28,0,0,,,
22438710239532,-1,-1,-1,,-1,-1,-1,,-1,-1,-1,-1,-1,-1,-1,-1,-1,-1,-1,-1,0.36875,19.27,7.1,0,0,,,
22438715241062,-1,-1,-1,,-1,-1,-1,,-1,-1,-1,-1,-1,-1,-1,-1,-1,-1,-1,-1,0.34875,19.2787,6.72,0,0,,,
22438720236192,-1,-1,-1,,-1,-1,-1,,-1,-1,-1,-1,-1,-1,-1,-1,-1,-1,-1,-1,0.37,19.2763,7.13,0,0,,,
22438725239194,-1,-1,-1,,-1,-1,-1,,-1,-1,-1,-1,-1,-1,-1,-1,-1,-1,-1,-1,0.38125,19.2787,6.66,0,0,,,
22438730237588,-1,-1,-1,,-1,-1,-1,,-1,-1,-1,-1,-1,-1,-1,-1,-1,-1,-1,-1,0.35125,19.2763,6.77,0,0,,,
22438735232973,-1,-1,-1,,-1,-1,-1,,-1,-1,-1,-1,-1,-1,-1,-1,-1,-1,-1,-1,0.3625,19.2763,6.99,0,0,,,
22438740239271,-1,-1,-1,,-1,-1,-1,,-1,-1,-1,-1,-1,-1,-1,-1,-1,-1,-1,-1,0.345,19.2787,6.66,0,0,,,
22438745236353,-1,-1,-1,,-1,-1,-1,,-1,-1,-1,-1,-1,-1,-1,-1,-1,-1,-1,-1,0.3575,19.2725,7.05,0,0,,,
22438750239323,-1,-1,-1,,-1,-1,-1,,-1,-1,-1,-1,-1,-1,-1,-1,-1,-1,-1,-1,0.345,19.2787,6.66,0,0,,,
22438755232469,-1,-1,-1,,-1,-1,-1,,-1,-1,-1,-1,-1,-1,-1,-1,-1,-1,-1,-1,0.36875,19.2775,7.1,0,0,,,
22438760239407,-1,-1,-1,,-1,-1,-1,,-1,-1,-1,-1,-1,-1,-1,-1,-1,-1,-1,-1,0.3425,19.28,6.68,0,0,,,
22438765236521,-1,-1,-1,,-1,-1,-1,,-1,-1,-1,-1,-1,-1,-1,-1,-1,-1,-1,-1,0.36125,19.2737,7.08,0,0,,,
22438770238594,-1,-1,-1,,-1,-1,-1,,-1,-1,-1,-1,-1,-1,-1,-1,-1,-1,-1,-1,0.345,19.2825,6.66,0,0,,,
22438775232604,-1,-1,-1,,-1,-1,-1,,-1,-1,-1,-1,-1,-1,-1,-1,-1,-1,-1,-1,0.3675,19.2787,7.09,0,0,,,
22438780239094,-1,-1,-1,,-1,-1,-1,,-1,-1,-1,-1,-1,-1,-1,-1,-1,-1,-1,-1,0.34625,19.28,6.6,0,0,,,
22438785232560,-1,-1,-1,,-1,-1,-1,,-1,-1,-1,-1,-1,-1,-1,-1,-1,-1,-1,-1,0.355,19.2725,6.84,0,0,,,
22438790238794,-1,-1,-1,,-1,-1,-1,,-1,-1,-1,-1,-1,-1,-1,-1,-1,-1,-1,-1,0.34875,19.2787,6.72,0,0,,,
22438795231940,-1,-1,-1,,-1,-1,-1,,-1,-1,-1,-1,-1,-1,-1,-1,-1,-1,-1,-1,0.365,19.27,7.03,0,0,,,
22438800257246,-1,-1,-1,,-1,-1,-1,,-1,-1,-1,-1,-1,-1,-1,-1,-1,-1,-1,-1,0.36,19.2662,6.58,0,0,,,
22438805240407,-1,-1,-1,,-1,-1,-1,,-1,-1,-1,-1,-1,-1,-1,-1,-1,-1,-1,-1,0.36375,19.285,7.01,0,0,,,
22438810240273,-1,-1,-1,,-1,-1,-1,,-1,-1,-1,-1,-1,-1,-1,-1,-1,-1,-1,-1,0.35125,19.2812,6.77,0,0,,,
22438815233547,-1,-1,-1,,-1,-1,-1,,-1,-1,-1,-1,-1,-1,-1,-1,-1,-1,-1,-1,0.36625,19.2787,7.07,0,0,,,
22438820240261,-1,-1,-1,,-1,-1,-1,,-1,-1,-1,-1,-1,-1,-1,-1,-1,-1,-1,-1,0.3475,19.2812,6.75,0,0,,,
22438825234175,-1,-1,-1,,-1,-1,-1,,-1,-1,-1,-1,-1,-1,-1,-1,-1,-1,-1,-1,0.3675,19.2688,7.08,0,0,,,
22438830239193,-1,-1,-1,,-1,-1,-1,,-1,-1,-1,-1,-1,-1,-1,-1,-1,-1,-1,-1,0.34375,19.28,6.63,0,0,,,
22438835233362,-1,-1,-1,,-1,-1,-1,,-1,-1,-1,-1,-1,-1,-1,-1,-1,-1,-1,-1,0.35375,19.27,6.82,0,0,,,
22438840240204,-1,-1,-1,,-1,-1,-1,,-1,-1,-1,-1,-1,-1,-1,-1,-1,-1,-1,-1,0.345,19.2787,6.58,0,0,,,
22438845235686,-1,-1,-1,,-1,-1,-1,,-1,-1,-1,-1,-1,-1,-1,-1,-1,-1,-1,-1,0.3825,19.2825,7.37,0,0,,,
22438850239008,-1,-1,-1,,-1,-1,-1,,-1,-1,-1,-1,-1,-1,-1,-1,-1,-1,-1,-1,0.3475,19.28,6.69,0,0,,,
22438855231802,-1,-1,-1,,-1,-1,-1,,-1,-1,-1,-1,-1,-1,-1,-1,-1,-1,-1,-1,0.36125,19.2737,7.16,0,0,,,
22438860238964,-1,-1,-1,,-1,-1,-1,,-1,-1,-1,-1,-1,-1,-1,-1,-1,-1,-1,-1,0.34375,19.2812,6.69,0,0,,,
22438865235758,-1,-1,-1,,-1,-1,-1,,-1,-1,-1,-1,-1,-1,-1,-1,-1,-1,-1,-1,0.37375,19.2825,7.21,0,0,,,
22438870239912,-1,-1,-1,,-1,-1,-1,,-1,-1,-1,-1,-1,-1,-1,-1,-1,-1,-1,-1,0.3425,19.275,6.6,0,0,,,
22438875236417,-1,-1,-1,,-1,-1,-1,,-1,-1,-1,-1,-1,-1,-1,-1,-1,-1,-1,-1,0.345,19.2787,7.04,0,0,,,
22438880253948,-1,-1,-1,,-1,-1,-1,,-1,-1,-1,-1,-1,-1,-1,-1,-1,-1,-1,-1,0.37375,19.275,7.21,0,0,,,
22438885245493,-1,-1,-1,,-1,-1,-1,,-1,-1,-1,-1,-1,-1,-1,-1,-1,-1,-1,-1,0.34375,19.2838,6.63,0,0,,,
22438890238799,-1,-1,-1,,-1,-1,-1,,-1,-1,-1,-1,-1,-1,-1,-1,-1,-1,-1,-1,0.375,19.2787,7.23,0,0,,,
22438895233961,-1,-1,-1,,-1,-1,-1,,-1,-1,-1,-1,-1,-1,-1,-1,-1,-1,-1,-1,0.37,19.2725,7.1,0,0,,,
22438900239875,-1,-1,-1,,-1,-1,-1,,-1,-1,-1,-1,-1,-1,-1,-1,-1,-1,-1,-1,0.34375,19.2787,6.63,0,0,,,
22438905254493,-1,-1,-1,,-1,-1,-1,,-1,-1,-1,-1,-1,-1,-1,-1,-1,-1,-1,-1,0.37,19.275,7.13,0,0,,,
22438910246710,-1,-1,-1,,-1,-1,-1,,-1,-1,-1,-1,-1,-1,-1,-1,-1,-1,-1,-1,0.34875,19.2763,6.72,0,0,,,
22438915234448,-1,-1,-1,,-1,-1,-1,,-1,-1,-1,-1,-1,-1,-1,-1,-1,-1,-1,-1,0.36625,19.2737,7.1,0,0,,,
22438920240106,-1,-1,-1,,-1,-1,-1,,-1,-1,-1,-1,-1,-1,-1,-1,-1,-1,-1,-1,0.345,19.2787,6.66,0,0,,,
22438925236228,-1,-1,-1,,-1,-1,-1,,-1,-1,-1,-1,-1,-1,-1,-1,-1,-1,-1,-1,0.36375,19.2712,7.01,0,0,,,
22438930238846,-1,-1,-1,,-1,-1,-1,,-1,-1,-1,-1,-1,-1,-1,-1,-1,-1,-1,-1,0.34375,19.2825,6.69,0,0,,,
22438935232983,-1,-1,-1,,-1,-1,-1,,-1,-1,-1,-1,-1,-1,-1,-1,-1,-1,-1,-1,0.35625,19.2737,7.08,0,0,,,
22438940239953,-1,-1,-1,,-1,-1,-1,,-1,-1,-1,-1,-1,-1,-1,-1,-1,-1,-1,-1,0.34375,19.2787,6.63,0,0,,,
22438945234603,-1,-1,-1,,-1,-1,-1,,-1,-1,-1,-1,-1,-1,-1,-1,-1,-1,-1,-1,0.36875,19.2737,7.1,0,0,,,
22438950239173,-1,-1,-1,,-1,-1,-1,,-1,-1,-1,-1,-1,-1,-1,-1,-1,-1,-1,-1,0.345,19.2787,6.66,0,0,,,
22438955232191,-1,-1,-1,,-1,-1,-1,,-1,-1,-1,-1,-1,-1,-1,-1,-1,-1,-1,-1,0.37,19.275,7.13,0,0,,,
22438960238937,-1,-1,-1,,-1,-1,-1,,-1,-1,-1,-1,-1,-1,-1,-1,-1,-1,-1,-1,0.33625,19.28,6.48,0,0,,,
22438965236211,-1,-1,-1,,-1,-1,-1,,-1,-1,-1,-1,-1,-1,-1,-1,-1,-1,-1,-1,0.3625,19.2775,6.99,0,0,,,
22438970240109,-1,-1,-1,,-1,-1,-1,,-1,-1,-1,-1,-1,-1,-1,-1,-1,-1,-1,-1,0.3425,19.2787,6.63,0,0,,,
22438975232102,-1,-1,-1,,-1,-1,-1,,-1,-1,-1,-1,-1,-1,-1,-1,-1,-1,-1,-1,0.35375,19.2688,6.82,0,0,,,
22438980250976,-1,-1,-1,,-1,-1,-1,,-1,-1,-1,-1,-1,-1,-1,-1,-1,-1,-1,-1,0.3425,19.2775,6.6,0,0,,,
22438985242970,-1,-1,-1,,-1,-1,-1,,-1,-1,-1,-1,-1,-1,-1,-1,-1,-1,-1,-1,0.37,19.275,7.13,0,0,,,
22438990240468,-1,-1,-1,,-1,-1,-1,,-1,-1,-1,-1,-1,-1,-1,-1,-1,-1,-1,-1,0.3475,19.2787,6.66,0,0,,,
22438995233902,-1,-1,-1,,-1,-1,-1,,-1,-1,-1,-1,-1,-1,-1,-1,-1,-1,-1,-1,0.36625,19.2712,7.05,0,0,,,
22439000238760,-1,-1,-1,,-1,-1,-1,,-1,-1,-1,-1,-1,-1,-1,-1,-1,-1,-1,-1,0.3475,19.2812,6.69,0,0,,,
22439005237249,-1,-1,-1,,-1,-1,-1,,-1,-1,-1,-1,-1,-1,-1,-1,-1,-1,-1,-1,0.3675,19.2712,6.86,0,0,,,
22439010239931,-1,-1,-1,,-1,-1,-1,,-1,-1,-1,-1,-1,-1,-1,-1,-1,-1,-1,-1,0.3425,19.2787,6.66,0,0,,,
22439015233141,-1,-1,-1,,-1,-1,-1,,-1,-1,-1,-1,-1,-1,-1,-1,-1,-1,-1,-1,0.36875,19.2763,7.1,0,0,,,
22439020255695,-1,-1,-1,,-1,-1,-1,,-1,-1,-1,-1,-1,-1,-1,-1,-1,-1,-1,-1,0.37125,19.2787,7.16,0,0,,,
22439025236457,-1,-1,-1,,-1,-1,-1,,-1,-1,-1,-1,-1,-1,-1,-1,-1,-1,-1,-1,0.37125,19.275,7.04,0,0,,,
22439030243075,-1,-1,-1,,-1,-1,-1,,-1,-1,-1,-1,-1,-1,-1,-1,-1,-1,-1,-1,0.3725,19.2712,7.18,0,0,,,
22439035246941,-1,-1,-1,,-1,-1,-1,,-1,-1,-1,-1,-1,-1,-1,-1,-1,-1,-1,-1,0.42125,19.2575,8.12,0,0,,,
22439040245879,-1,-1,-1,,-1,-1,-1,,-1,-1,-1,-1,-1,-1,-1,-1,-1,-1,-1,-1,0.36625,19.2763,7.07,0,0,,,
22439045238096,-1,-1,-1,,-1,-1,-1,,-1,-1,-1,-1,-1,-1,-1,-1,-1,-1,-1,-1,0.38625,19.2575,8.01,0,0,,,
22439050239722,-1,-1,-1,,-1,-1,-1,,-1,-1,-1,-1,-1,-1,-1,-1,-1,-1,-1,-1,0.37125,19.2737,7.16,0,0,,,
22439055233764,-1,-1,-1,,-1,-1,-1,,-1,-1,-1,-1,-1,-1,-1,-1,-1,-1,-1,-1,0.42125,19.2613,8.12,0,0,,,
22439060239582,-1,-1,-1,,-1,-1,-1,,-1,-1,-1,-1,-1,-1,-1,-1,-1,-1,-1,-1,0.36125,19.2763,6.96,0,0,,,
22439065235288,-1,-1,-1,,-1,-1,-1,,-1,-1,-1,-1,-1,-1,-1,-1,-1,-1,-1,-1,0.3875,19.2613,8.12,0,0,,,
22439070235921,-1,-1,-1,,-1,-1,-1,,-1,-1,-1,-1,-1,-1,-1,-1,-1,-1,-1,-1,0.37375,19.2675,7.21,0,0,,,
22439075239755,-1,-1,-1,,-1,-1,-1,,-1,-1,-1,-1,-1,-1,-1,-1,-1,-1,-1,-1,0.41,19.2737,7.9,0,0,,,
22439080233381,-1,-1,-1,,-1,-1,-1,,-1,-1,-1,-1,-1,-1,-1,-1,-1,-1,-1,-1,0.42,19.26,8.09,0,0,,,
22439085233983,-1,-1,-1,,-1,-1,-1,,-1,-1,-1,-1,-1,-1,-1,-1,-1,-1,-1,-1,0.3875,19.2712,7.27,0,0,,,
22439090238009,-1,-1,-1,,-1,-1,-1,,-1,-1,-1,-1,-1,-1,-1,-1,-1,-1,-1,-1,0.385,19.2662,7.41,0,0,,,
22439095260403,-1,-1,-1,,-1,-1,-1,,-1,-1,-1,-1,-1,-1,-1,-1,-1,-1,-1,-1,0.3875,19.2613,7.46,0,0,,,
22439100237901,-1,-1,-1,,-1,-1,-1,,-1,-1,-1,-1,-1,-1,-1,-1,-1,-1,-1,-1,0.3675,19.2725,6.89,0,0,,,
22439105235846,-1,-1,-1,,-1,-1,-1,,-1,-1,-1,-1,-1,-1,-1,-1,-1,-1,-1,-1,0.35,19.2787,6.63,0,0,,,
22439110237440,-1,-1,-1,,-1,-1,-1,,-1,-1,-1,-1,-1,-1,-1,-1,-1,-1,-1,-1,0.36125,19.2787,6.96,0,0,,,
22439115233498,-1,-1,-1,,-1,-1,-1,,-1,-1,-1,-1,-1,-1,-1,-1,-1,-1,-1,-1,0.3575,19.2775,6.89,0,0,,,
22439120254324,-1,-1,-1,,-1,-1,-1,,-1,-1,-1,-1,-1,-1,-1,-1,-1,-1,-1,-1,0.35125,19.28,6.91,0,0,,,
22439125239758,-1,-1,-1,,-1,-1,-1,,-1,-1,-1,-1,-1,-1,-1,-1,-1,-1,-1,-1,0.3625,19.2763,6.99,0,0,,,
22439130242472,-1,-1,-1,,-1,-1,-1,,-1,-1,-1,-1,-1,-1,-1,-1,-1,-1,-1,-1,0.34375,19.2812,6.63,0,0,,,
22439135252258,-1,-1,-1,,-1,-1,-1,,-1,-1,-1,-1,-1,-1,-1,-1,-1,-1,-1,-1,0.39125,19.2787,7.54,0,0,,,
22439140234843,-1,-1,-1,,-1,-1,-1,,-1,-1,-1,-1,-1,-1,-1,-1,-1,-1,-1,-1,0.355,19.2775,6.91,0,0,,,
22439145239317,-1,-1,-1,,-1,-1,-1,,-1,-1,-1,-1,-1,-1,-1,-1,-1,-1,-1,-1,0.34375,19.275,6.63,0,0,,,
22439150237327,-1,-1,-1,,-1,-1,-1,,-1,-1,-1,-1,-1,-1,-1,-1,-1,-1,-1,-1,0.36,19.2787,6.94,0,0,,,
22439155235113,-1,-1,-1,,-1,-1,-1,,-1,-1,-1,-1,-1,-1,-1,-1,-1,-1,-1,-1,0.36625,19.2787,7.07,0,0,,,
22439160234531,-1,-1,-1,,-1,-1,-1,,-1,-1,-1,-1,-1,-1,-1,-1,-1,-1,-1,-1,0.35625,19.2712,6.82,0,0,,,
22439165239997,-1,-1,-1,,-1,-1,-1,,-1,-1,-1,-1,-1,-1,-1,-1,-1,-1,-1,-1,0.345,19.2825,6.66,0,0,,,
22439170238423,-1,-1,-1,,-1,-1,-1,,-1,-1,-1,-1,-1,-1,-1,-1,-1,-1,-1,-1,0.36125,19.2812,6.96,0,0,,,
22439175233200,-1,-1,-1,,-1,-1,-1,,-1,-1,-1,-1,-1,-1,-1,-1,-1,-1,-1,-1,0.3675,19.2725,7.08,0,0,,,
22439180240106,-1,-1,-1,,-1,-1,-1,,-1,-1,-1,-1,-1,-1,-1,-1,-1,-1,-1,-1,0.34375,19.2763,6.55,0,0,,,
22439185236932,-1,-1,-1,,-1,-1,-1,,-1,-1,-1,-1,-1,-1,-1,-1,-1,-1,-1,-1,0.37,19.2825,7.13,0,0,,,
22439190239998,-1,-1,-1,,-1,-1,-1,,-1,-1,-1,-1,-1,-1,-1,-1,-1,-1,-1,-1,0.35,19.2838,6.75,0,0,,,
22439195232280,-1,-1,-1,,-1,-1,-1,,-1,-1,-1,-1,-1,-1,-1,-1,-1,-1,-1,-1,0.35625,19.2787,6.99,0,0,,,
22439200239442,-1,-1,-1,,-1,-1,-1,,-1,-1,-1,-1,-1,-1,-1,-1,-1,-1,-1,-1,0.3425,19.28,6.6,0,0,,,
22439205241260,-1,-1,-1,,-1,-1,-1,,-1,-1,-1,-1,-1,-1,-1,-1,-1,-1,-1,-1,0.365,19.28,7.04,0,0,,,
22439210247430,-1,-1,-1,,-1,-1,-1,,-1,-1,-1,-1,-1,-1,-1,-1,-1,-1,-1,-1,0.35,19.2812,6.75,0,0,,,
22439215234143,-1,-1,-1,,-1,-1,-1,,-1,-1,-1,-1,-1,-1,-1,-1,-1,-1,-1,-1,0.375,19.2787,6.99,0,0,,,
22439220241369,-1,-1,-1,,-1,-1,-1,,-1,-1,-1,-1,-1,-1,-1,-1,-1,-1,-1,-1,0.3475,19.275,6.69,0,0,,,
22439225232755,-1,-1,-1,,-1,-1,-1,,-1,-1,-1,-1,-1,-1,-1,-1,-1,-1,-1,-1,0.3675,19.2712,7.08,0,0,,,
22439230241645,-1,-1,-1,,-1,-1,-1,,-1,-1,-1,-1,-1,-1,-1,-1,-1,-1,-1,-1,0.34625,19.28,6.68,0,0,,,
22439235232902,-1,-1,-1,,-1,-1,-1,,-1,-1,-1,-1,-1,-1,-1,-1,-1,-1,-1,-1,0.36,19.27,7.08,0,0,,,
22439240242753,-1,-1,-1,,-1,-1,-1,,-1,-1,-1,-1,-1,-1,-1,-1,-1,-1,-1,-1,0.3475,19.28,6.69,0,0,,,
22439245236762,-1,-1,-1,,-1,-1,-1,,-1,-1,-1,-1,-1,-1,-1,-1,-1,-1,-1,-1,0.3625,19.2775,6.99,0,0,,,
22439250239924,-1,-1,-1,,-1,-1,-1,,-1,-1,-1,-1,-1,-1,-1,-1,-1,-1,-1,-1,0.34125,19.2812,6.66,0,0,,,
22439255238318,-1,-1,-1,,-1,-1,-1,,-1,-1,-1,-1,-1,-1,-1,-1,-1,-1,-1,-1,0.3425,19.2712,7.01,0,0,,,
22439260236072,-1,-1,-1,,-1,-1,-1,,-1,-1,-1,-1,-1,-1,-1,-1,-1,-1,-1,-1,0.36625,19.275,7.07,0,0,,,
22439265240034,-1,-1,-1,,-1,-1,-1,,-1,-1,-1,-1,-1,-1,-1,-1,-1,-1,-1,-1,0.34375,19.2787,6.63,0,0,,,
22439270233755,-1,-1,-1,,-1,-1,-1,,-1,-1,-1,-1,-1,-1,-1,-1,-1,-1,-1,-1,0.35875,19.2775,7.07,0,0,,,
22439275240597,-1,-1,-1,,-1,-1,-1,,-1,-1,-1,-1,-1,-1,-1,-1,-1,-1,-1,-1,0.375,19.2737,7.23,0,0,,,
22439280238415,-1,-1,-1,,-1,-1,-1,,-1,-1,-1,-1,-1,-1,-1,-1,-1,-1,-1,-1,0.37,19.27,7.13,0,0,,,
22439285243305,-1,-1,-1,,-1,-1,-1,,-1,-1,-1,-1,-1,-1,-1,-1,-1,-1,-1,-1,0.34625,19.2812,6.68,0,0,,,
22439290238115,-1,-1,-1,,-1,-1,-1,,-1,-1,-1,-1,-1,-1,-1,-1,-1,-1,-1,-1,0.34875,19.2775,6.91,0,0,,,
22439295238685,-1,-1,-1,,-1,-1,-1,,-1,-1,-1,-1,-1,-1,-1,-1,-1,-1,-1,-1,0.35875,19.2638,6.91,0,0,,,
22439300236983,-1,-1,-1,,-1,-1,-1,,-1,-1,-1,-1,-1,-1,-1,-1,-1,-1,-1,-1,0.36375,19.275,7.01,0,0,,,
22439305240817,-1,-1,-1,,-1,-1,-1,,-1,-1,-1,-1,-1,-1,-1,-1,-1,-1,-1,-1,0.345,19.2812,6.66,0,0,,,
22439310237002,-1,-1,-1,,-1,-1,-1,,-1,-1,-1,-1,-1,-1,-1,-1,-1,-1,-1,-1,0.3475,19.2737,7.1,0,0,,,
22439315233764,-1,-1,-1,,-1,-1,-1,,-1,-1,-1,-1,-1,-1,-1,-1,-1,-1,-1,-1,0.365,19.2712,7.04,0,0,,,
22439320240766,-1,-1,-1,,-1,-1,-1,,-1,-1,-1,-1,-1,-1,-1,-1,-1,-1,-1,-1,0.35125,19.28,6.77,0,0,,,
22439325236888,-1,-1,-1,,-1,-1,-1,,-1,-1,-1,-1,-1,-1,-1,-1,-1,-1,-1,-1,0.365,19.27,7.03,0,0,,,
22439330239218,-1,-1,-1,,-1,-1,-1,,-1,-1,-1,-1,-1,-1,-1,-1,-1,-1,-1,-1,0.3475,19.2787,6.46,0,0,,,
22439335233931,-1,-1,-1,,-1,-1,-1,,-1,-1,-1,-1,-1,-1,-1,-1,-1,-1,-1,-1,0.36125,19.2725,6.96,0,0,,,
22439340242182,-1,-1,-1,,-1,-1,-1,,-1,-1,-1,-1,-1,-1,-1,-1,-1,-1,-1,-1,0.3425,19.2838,6.6,0,0,,,
22439345233503,-1,-1,-1,,-1,-1,-1,,-1,-1,-1,-1,-1,-1,-1,-1,-1,-1,-1,-1,0.365,19.2725,7.04,0,0,,,
22439350253562,-1,-1,-1,,-1,-1,-1,,-1,-1,-1,-1,-1,-1,-1,-1,-1,-1,-1,-1,0.36375,19.2688,7,0,0,,,
22439355245683,-1,-1,-1,,-1,-1,-1,,-1,-1,-1,-1,-1,-1,-1,-1,-1,-1,-1,-1,0.34125,19.28,6.58,0,0,,,
22439360239629,-1,-1,-1,,-1,-1,-1,,-1,-1,-1,-1,-1,-1,-1,-1,-1,-1,-1,-1,0.35875,19.27,6.91,0,0,,,
22439365238823,-1,-1,-1,,-1,-1,-1,,-1,-1,-1,-1,-1,-1,-1,-1,-1,-1,-1,-1,0.3775,19.2712,6.6,0,0,,,
22439370254849,-1,-1,-1,,-1,-1,-1,,-1,-1,-1,-1,-1,-1,-1,-1,-1,-1,-1,-1,0.38875,19.2525,7.49,0,0,,,
22439375247675,-1,-1,-1,,-1,-1,-1,,-1,-1,-1,-1,-1,-1,-1,-1,-1,-1,-1,-1,0.39125,19.2688,7.54,0,0,,,
22439380234932,-1,-1,-1,,-1,-1,-1,,-1,-1,-1,-1,-1,-1,-1,-1,-1,-1,-1,-1,0.36375,19.27,7.01,0,0,,,
22439385235502,-1,-1,-1,,-1,-1,-1,,-1,-1,-1,-1,-1,-1,-1,-1,-1,-1,-1,-1,0.355,19.28,6.72,0,0,,,
22439390239240,-1,-1,-1,,-1,-1,-1,,-1,-1,-1,-1,-1,-1,-1,-1,-1,-1,-1,-1,0.34875,19.2763,6.72,0,0,,,
22439395239490,-1,-1,-1,,-1,-1,-1,,-1,-1,-1,-1,-1,-1,-1,-1,-1,-1,-1,-1,0.34375,19.2825,6.63,0,0,,,
22439400235484,-1,-1,-1,,-1,-1,-1,,-1,-1,-1,-1,-1,-1,-1,-1,-1,-1,-1,-1,0.35375,19.2812,6.82,0,0,,,
22439405235189,-1,-1,-1,,-1,-1,-1,,-1,-1,-1,-1,-1,-1,-1,-1,-1,-1,-1,-1,0.35875,19.2737,7.1,0,0,,,
22439410236911,-1,-1,-1,,-1,-1,-1,,-1,-1,-1,-1,-1,-1,-1,-1,-1,-1,-1,-1,0.34375,19.2787,6.63,0,0,,,
22439415241449,-1,-1,-1,,-1,-1,-1,,-1,-1,-1,-1,-1,-1,-1,-1,-1,-1,-1,-1,0.36375,19.2712,7.01,0,0,,,
22439420247235,-1,-1,-1,,-1,-1,-1,,-1,-1,-1,-1,-1,-1,-1,-1,-1,-1,-1,-1,0.35,19.2787,6.66,0,0,,,
22439425245085,-1,-1,-1,,-1,-1,-1,,-1,-1,-1,-1,-1,-1,-1,-1,-1,-1,-1,-1,0.35125,19.2812,8.05,0,0,,,
22439430240279,-1,-1,-1,,-1,-1,-1,,-1,-1,-1,-1,-1,-1,-1,-1,-1,-1,-1,-1,0.34875,19.28,6.72,0,0,,,
22439435235761,-1,-1,-1,,-1,-1,-1,,-1,-1,-1,-1,-1,-1,-1,-1,-1,-1,-1,-1,0.3725,19.2712,7.18,0,0,,,
22439440240234,-1,-1,-1,,-1,-1,-1,,-1,-1,-1,-1,-1,-1,-1,-1,-1,-1,-1,-1,0.34625,19.28,6.63,0,0,,,
22439445232580,-1,-1,-1,,-1,-1,-1,,-1,-1,-1,-1,-1,-1,-1,-1,-1,-1,-1,-1,0.3675,19.27,7.08,0,0,,,
22439450240574,-1,-1,-1,,-1,-1,-1,,-1,-1,-1,-1,-1,-1,-1,-1,-1,-1,-1,-1,0.34,19.2787,6.55,0,0,,,
22439455233304,-1,-1,-1,,-1,-1,-1,,-1,-1,-1,-1,-1,-1,-1,-1,-1,-1,-1,-1,0.37125,19.27,7.16,0,0,,,
22439460240434,-1,-1,-1,,-1,-1,-1,,-1,-1,-1,-1,-1,-1,-1,-1,-1,-1,-1,-1,0.345,19.28,6.66,0,0,,,
22439465239340,-1,-1,-1,,-1,-1,-1,,-1,-1,-1,-1,-1,-1,-1,-1,-1,-1,-1,-1,0.34875,19.275,6.72,0,0,,,
22439470232741,-1,-1,-1,,-1,-1,-1,,-1,-1,-1,-1,-1,-1,-1,-1,-1,-1,-1,-1,0.36625,19.2712,7.05,0,0,,,
22439475240415,-1,-1,-1,,-1,-1,-1,,-1,-1,-1,-1,-1,-1,-1,-1,-1,-1,-1,-1,0.34,19.2775,6.55,0,0,,,
22439480237305,-1,-1,-1,,-1,-1,-1,,-1,-1,-1,-1,-1,-1,-1,-1,-1,-1,-1,-1,0.3525,19.2737,7.16,0,0,,,
22439485239955,-1,-1,-1,,-1,-1,-1,,-1,-1,-1,-1,-1,-1,-1,-1,-1,-1,-1,-1,0.34,19.2787,6.55,0,0,,,
22439490256461,-1,-1,-1,,-1,-1,-1,,-1,-1,-1,-1,-1,-1,-1,-1,-1,-1,-1,-1,0.38,19.2812,7.32,0,0,,,
22439495259239,-1,-1,-1,,-1,-1,-1,,-1,-1,-1,-1,-1,-1,-1,-1,-1,-1,-1,-1,0.35125,19.2812,7.32,0,0,,,
22439500236321,-1,-1,-1,,-1,-1,-1,,-1,-1,-1,-1,-1,-1,-1,-1,-1,-1,-1,-1,0.35625,19.275,7.1,0,0,,,
22439505243099,-1,-1,-1,,-1,-1,-1,,-1,-1,-1,-1,-1,-1,-1,-1,-1,-1,-1,-1,0.3475,19.2812,6.69,0,0,,,
22439510233844,-1,-1,-1,,-1,-1,-1,,-1,-1,-1,-1,-1,-1,-1,-1,-1,-1,-1,-1,0.365,19.2775,7.04,0,0,,,
22439515241486,-1,-1,-1,,-1,-1,-1,,-1,-1,-1,-1,-1,-1,-1,-1,-1,-1,-1,-1,0.34,19.2787,6.58,0,0,,,
22439520235656,-1,-1,-1,,-1,-1,-1,,-1,-1,-1,-1,-1,-1,-1,-1,-1,-1,-1,-1,0.36375,19.2787,7.01,0,0,,,
22439525241346,-1,-1,-1,,-1,-1,-1,,-1,-1,-1,-1,-1,-1,-1,-1,-1,-1,-1,-1,0.34625,19.28,6.68,0,0,,,
22439530238652,-1,-1,-1,,-1,-1,-1,,-1,-1,-1,-1,-1,-1,-1,-1,-1,-1,-1,-1,0.375,19.285,7.23,0,0,,,
22439535232501,-1,-1,-1,,-1,-1,-1,,-1,-1,-1,-1,-1,-1,-1,-1,-1,-1,-1,-1,0.3625,19.2775,6.89,0,0,,,
22439540241232,-1,-1,-1,,-1,-1,-1,,-1,-1,-1,-1,-1,-1,-1,-1,-1,-1,-1,-1,0.34125,19.2838,6.58,0,0,,,
22439545240297,-1,-1,-1,,-1,-1,-1,,-1,-1,-1,-1,-1,-1,-1,-1,-1,-1,-1,-1,0.35875,19.2737,6.91,0,0,,,
22439550238691,-1,-1,-1,,-1,-1,-1,,-1,-1,-1,-1,-1,-1,-1,-1,-1,-1,-1,-1,0.3425,19.2812,6.6,0,0,,,
22439555233437,-1,-1,-1,,-1,-1,-1,,-1,-1,-1,-1,-1,-1,-1,-1,-1,-1,-1,-1,0.35375,19.2763,7.07,0,0,,,
22439560241495,-1,-1,-1,,-1,-1,-1,,-1,-1,-1,-1,-1,-1,-1,-1,-1,-1,-1,-1,0.35125,19.2787,6.77,0,0,,,
22439565235185,-1,-1,-1,,-1,-1,-1,,-1,-1,-1,-1,-1,-1,-1,-1,-1,-1,-1,-1,0.3625,19.2725,6.99,0,0,,,
22439570240907,-1,-1,-1,,-1,-1,-1,,-1,-1,-1,-1,-1,-1,-1,-1,-1,-1,-1,-1,0.34875,19.2812,6.72,0,0,,,
22439575233764,-1,-1,-1,,-1,-1,-1,,-1,-1,-1,-1,-1,-1,-1,-1,-1,-1,-1,-1,0.355,19.2763,7.07,0,0,,,
22439580242206,-1,-1,-1,,-1,-1,-1,,-1,-1,-1,-1,-1,-1,-1,-1,-1,-1,-1,-1,0.345,19.2787,6.66,0,0,,,
22439585237112,-1,-1,-1,,-1,-1,-1,,-1,-1,-1,-1,-1,-1,-1,-1,-1,-1,-1,-1,0.3675,19.2787,7.09,0,0,,,
22439590241170,-1,-1,-1,,-1,-1,-1,,-1,-1,-1,-1,-1,-1,-1,-1,-1,-1,-1,-1,0.34625,19.2812,6.75,0,0,,,
22439595233612,-1,-1,-1,,-1,-1,-1,,-1,-1,-1,-1,-1,-1,-1,-1,-1,-1,-1,-1,0.36875,19.2775,6.91,0,0,,,
22439600240070,-1,-1,-1,,-1,-1,-1,,-1,-1,-1,-1,-1,-1,-1,-1,-1,-1,-1,-1,0.34375,19.2787,6.63,0,0,,,
22439605232799,-1,-1,-1,,-1,-1,-1,,-1,-1,-1,-1,-1,-1,-1,-1,-1,-1,-1,-1,0.36375,19.2763,7.01,0,0,,,
22439610240121,-1,-1,-1,,-1,-1,-1,,-1,-1,-1,-1,-1,-1,-1,-1,-1,-1,-1,-1,0.34,19.2787,6.63,0,0,,,
22439615233971,-1,-1,-1,,-1,-1,-1,,-1,-1,-1,-1,-1,-1,-1,-1,-1,-1,-1,-1,0.36125,19.2763,6.96,0,0,,,
22439620240461,-1,-1,-1,,-1,-1,-1,,-1,-1,-1,-1,-1,-1,-1,-1,-1,-1,-1,-1,0.34125,19.2838,6.58,0,0,,,
22439625234119,-1,-1,-1,,-1,-1,-1,,-1,-1,-1,-1,-1,-1,-1,-1,-1,-1,-1,-1,0.36,19.2725,6.94,0,0,,,
22439630241057,-1,-1,-1,,-1,-1,-1,,-1,-1,-1,-1,-1,-1,-1,-1,-1,-1,-1,-1,0.34,19.2763,6.63,0,0,,,
22439635235195,-1,-1,-1,,-1,-1,-1,,-1,-1,-1,-1,-1,-1,-1,-1,-1,-1,-1,-1,0.36625,19.27,7.05,0,0,,,
22439640240565,-1,-1,-1,,-1,-1,-1,,-1,-1,-1,-1,-1,-1,-1,-1,-1,-1,-1,-1,0.34125,19.275,6.58,0,0,,,
22439645237966,-1,-1,-1,,-1,-1,-1,,-1,-1,-1,-1,-1,-1,-1,-1,-1,-1,-1,-1,0.36875,19.2712,7.1,0,0,,,
22439650241224,-1,-1,-1,,-1,-1,-1,,-1,-1,-1,-1,-1,-1,-1,-1,-1,-1,-1,-1,0.34875,19.2787,6.68,0,0,,,
22439655232866,-1,-1,-1,,-1,-1,-1,,-1,-1,-1,-1,-1,-1,-1,-1,-1,-1,-1,-1,0.35875,19.2725,6.91,0,0,,,
22439660240348,-1,-1,-1,,-1,-1,-1,,-1,-1,-1,-1,-1,-1,-1,-1,-1,-1,-1,-1,0.34625,19.2763,6.67,0,0,,,
22439665235094,-1,-1,-1,,-1,-1,-1,,-1,-1,-1,-1,-1,-1,-1,-1,-1,-1,-1,-1,0.36625,19.2763,7.16,0,0,,,
22439670242960,-1,-1,-1,,-1,-1,-1,,-1,-1,-1,-1,-1,-1,-1,-1,-1,-1,-1,-1,0.34125,19.2787,6.72,0,0,,,
22439675237161,-1,-1,-1,,-1,-1,-1,,-1,-1,-1,-1,-1,-1,-1,-1,-1,-1,-1,-1,0.3625,19.2775,6.99,0,0,,,
22439680238371,-1,-1,-1,,-1,-1,-1,,-1,-1,-1,-1,-1,-1,-1,-1,-1,-1,-1,-1,0.345,19.2838,6.66,0,0,,,
22439685236861,-1,-1,-1,,-1,-1,-1,,-1,-1,-1,-1,-1,-1,-1,-1,-1,-1,-1,-1,0.345,19.2712,6.77,0,0,,,
22439690240087,-1,-1,-1,,-1,-1,-1,,-1,-1,-1,-1,-1,-1,-1,-1,-1,-1,-1,-1,0.34375,19.2775,6.63,0,0,,,
22439695233457,-1,-1,-1,,-1,-1,-1,,-1,-1,-1,-1,-1,-1,-1,-1,-1,-1,-1,-1,0.36625,19.27,7.05,0,0,,,
22439700240555,-1,-1,-1,,-1,-1,-1,,-1,-1,-1,-1,-1,-1,-1,-1,-1,-1,-1,-1,0.34375,19.2825,6.63,0,0,,,
22439705234212,-1,-1,-1,,-1,-1,-1,,-1,-1,-1,-1,-1,-1,-1,-1,-1,-1,-1,-1,0.365,19.275,6.94,0,0,,,
22439710247263,-1,-1,-1,,-1,-1,-1,,-1,-1,-1,-1,-1,-1,-1,-1,-1,-1,-1,-1,0.34125,19.2763,6.58,0,0,,,
22439715234904,-1,-1,-1,,-1,-1,-1,,-1,-1,-1,-1,-1,-1,-1,-1,-1,-1,-1,-1,0.3625,19.2725,6.99,0,0,,,
22439720242162,-1,-1,-1,,-1,-1,-1,,-1,-1,-1,-1,-1,-1,-1,-1,-1,-1,-1,-1,0.345,19.28,6.66,0,0,,,
22439725234828,-1,-1,-1,,-1,-1,-1,,-1,-1,-1,-1,-1,-1,-1,-1,-1,-1,-1,-1,0.36375,19.2725,6.8,0,0,,,
22439730240582,-1,-1,-1,,-1,-1,-1,,-1,-1,-1,-1,-1,-1,-1,-1,-1,-1,-1,-1,0.3375,19.275,6.5,0,0,,,
22439735233984,-1,-1,-1,,-1,-1,-1,,-1,-1,-1,-1,-1,-1,-1,-1,-1,-1,-1,-1,0.36375,19.2787,7.01,0,0,,,
22439740242938,-1,-1,-1,,-1,-1,-1,,-1,-1,-1,-1,-1,-1,-1,-1,-1,-1,-1,-1,0.3475,19.2838,6.5,0,0,,,
22439745255508,-1,-1,-1,,-1,-1,-1,,-1,-1,-1,-1,-1,-1,-1,-1,-1,-1,-1,-1,0.345,19.28,8,0,0,,,
22439750238989,-1,-1,-1,,-1,-1,-1,,-1,-1,-1,-1,-1,-1,-1,-1,-1,-1,-1,-1,0.36375,19.2775,7.01,0,0,,,
22439755241895,-1,-1,-1,,-1,-1,-1,,-1,-1,-1,-1,-1,-1,-1,-1,-1,-1,-1,-1,0.345,19.2875,6.66,0,0,,,
22439760236833,-1,-1,-1,,-1,-1,-1,,-1,-1,-1,-1,-1,-1,-1,-1,-1,-1,-1,-1,0.37,19.2725,7.04,0,0,,,
22439765240155,-1,-1,-1,,-1,-1,-1,,-1,-1,-1,-1,-1,-1,-1,-1,-1,-1,-1,-1,0.34125,19.28,6.63,0,0,,,
22439770234132,-1,-1,-1,,-1,-1,-1,,-1,-1,-1,-1,-1,-1,-1,-1,-1,-1,-1,-1,0.3675,19.2775,7.08,0,0,,,
22439775242799,-1,-1,-1,,-1,-1,-1,,-1,-1,-1,-1,-1,-1,-1,-1,-1,-1,-1,-1,0.3375,19.28,6.5,0,0,,,
22439780234280,-1,-1,-1,,-1,-1,-1,,-1,-1,-1,-1,-1,-1,-1,-1,-1,-1,-1,-1,0.3575,19.2725,6.89,0,0,,,
22439785247042,-1,-1,-1,,-1,-1,-1,,-1,-1,-1,-1,-1,-1,-1,-1,-1,-1,-1,-1,0.34,19.2775,6.55,0,0,,,
22439790233692,-1,-1,-1,,-1,-1,-1,,-1,-1,-1,-1,-1,-1,-1,-1,-1,-1,-1,-1,0.35125,19.275,6.77,0,0,,,
22439795240598,-1,-1,-1,,-1,-1,-1,,-1,-1,-1,-1,-1,-1,-1,-1,-1,-1,-1,-1,0.3475,19.28,6.69,0,0,,,
22439800234384,-1,-1,-1,,-1,-1,-1,,-1,-1,-1,-1,-1,-1,-1,-1,-1,-1,-1,-1,0.365,19.2775,6.87,0,0,,,
22439805241034,-1,-1,-1,,-1,-1,-1,,-1,-1,-1,-1,-1,-1,-1,-1,-1,-1,-1,-1,0.34375,19.2737,6.63,0,0,,,
22439810237731,-1,-1,-1,,-1,-1,-1,,-1,-1,-1,-1,-1,-1,-1,-1,-1,-1,-1,-1,0.35625,19.2838,6.87,0,0,,,
22439815233629,-1,-1,-1,,-1,-1,-1,,-1,-1,-1,-1,-1,-1,-1,-1,-1,-1,-1,-1,0.36125,19.2775,6.96,0,0,,,
22439820242391,-1,-1,-1,,-1,-1,-1,,-1,-1,-1,-1,-1,-1,-1,-1,-1,-1,-1,-1,0.34125,19.2812,6.63,0,0,,,
22439825236817,-1,-1,-1,,-1,-1,-1,,-1,-1,-1,-1,-1,-1,-1,-1,-1,-1,-1,-1,0.36875,19.2812,7.1,0,0,,,
22439830240683,-1,-1,-1,,-1,-1,-1,,-1,-1,-1,-1,-1,-1,-1,-1,-1,-1,-1,-1,0.34125,19.275,6.58,0,0,,,
22439835243845,-1,-1,-1,,-1,-1,-1,,-1,-1,-1,-1,-1,-1,-1,-1,-1,-1,-1,-1,0.365,19.2737,6.94,0,0,,,
22439840246975,-1,-1,-1,,-1,-1,-1,,-1,-1,-1,-1,-1,-1,-1,-1,-1,-1,-1,-1,0.3425,19.2812,6.63,0,0,,,
22439845235000,-1,-1,-1,,-1,-1,-1,,-1,-1,-1,-1,-1,-1,-1,-1,-1,-1,-1,-1,0.36,19.2775,6.94,0,0,,,
22439850250994,-1,-1,-1,,-1,-1,-1,,-1,-1,-1,-1,-1,-1,-1,-1,-1,-1,-1,-1,0.345,19.2787,6.66,0,0,,,
22439855235660,-1,-1,-1,,-1,-1,-1,,-1,-1,-1,-1,-1,-1,-1,-1,-1,-1,-1,-1,0.36625,19.2763,7.1,0,0,,,
22439860243494,-1,-1,-1,,-1,-1,-1,,-1,-1,-1,-1,-1,-1,-1,-1,-1,-1,-1,-1,0.34375,19.2787,6.63,0,0,,,
22439865239072,-1,-1,-1,,-1,-1,-1,,-1,-1,-1,-1,-1,-1,-1,-1,-1,-1,-1,-1,0.35375,19.28,6.82,0,0,,,
22439870234874,-1,-1,-1,,-1,-1,-1,,-1,-1,-1,-1,-1,-1,-1,-1,-1,-1,-1,-1,0.36875,19.275,7.1,0,0,,,
22439875240051,-1,-1,-1,,-1,-1,-1,,-1,-1,-1,-1,-1,-1,-1,-1,-1,-1,-1,-1,0.3525,19.28,6.58,0,0,,,
22439880233101,-1,-1,-1,,-1,-1,-1,,-1,-1,-1,-1,-1,-1,-1,-1,-1,-1,-1,-1,0.35375,19.2712,6.82,0,0,,,
22439885239239,-1,-1,-1,,-1,-1,-1,,-1,-1,-1,-1,-1,-1,-1,-1,-1,-1,-1,-1,0.34125,19.2763,6.58,0,0,,,
22439890238753,-1,-1,-1,,-1,-1,-1,,-1,-1,-1,-1,-1,-1,-1,-1,-1,-1,-1,-1,0.4175,19.265,8.04,0,0,,,
22439895232315,-1,-1,-1,,-1,-1,-1,,-1,-1,-1,-1,-1,-1,-1,-1,-1,-1,-1,-1,0.385,19.2688,7.42,0,0,,,
22439900240533,-1,-1,-1,,-1,-1,-1,,-1,-1,-1,-1,-1,-1,-1,-1,-1,-1,-1,-1,0.36375,19.2737,7.01,0,0,,,
22439905235950,-1,-1,-1,,-1,-1,-1,,-1,-1,-1,-1,-1,-1,-1,-1,-1,-1,-1,-1,0.3775,19.2662,7.27,0,0,,,
22439910258825,-1,-1,-1,,-1,-1,-1,,-1,-1,-1,-1,-1,-1,-1,-1,-1,-1,-1,-1,0.36625,19.2712,7.13,0,0,,,
22439915257219,-1,-1,-1,,-1,-1,-1,,-1,-1,-1,-1,-1,-1,-1,-1,-1,-1,-1,-1,0.365,19.2688,7.83,0,0,,,
22439920242108,-1,-1,-1,,-1,-1,-1,,-1,-1,-1,-1,-1,-1,-1,-1,-1,-1,-1,-1,0.38625,19.2688,7.44,0,0,,,
22439925242262,-1,-1,-1,,-1,-1,-1,,-1,-1,-1,-1,-1,-1,-1,-1,-1,-1,-1,-1,0.3675,19.2712,7.08,0,0,,,
22439930233968,-1,-1,-1,,-1,-1,-1,,-1,-1,-1,-1,-1,-1,-1,-1,-1,-1,-1,-1,0.38875,19.265,7.35,0,0,,,
22439935240138,-1,-1,-1,,-1,-1,-1,,-1,-1,-1,-1,-1,-1,-1,-1,-1,-1,-1,-1,0.36375,19.2763,7.01,0,0,,,
22439940237027,-1,-1,-1,,-1,-1,-1,,-1,-1,-1,-1,-1,-1,-1,-1,-1,-1,-1,-1,0.39125,19.2675,7.54,0,0,,,
22439945239805,-1,-1,-1,,-1,-1,-1,,-1,-1,-1,-1,-1,-1,-1,-1,-1,-1,-1,-1,0.365,19.2763,7.04,0,0,,,
22439950238263,-1,-1,-1,,-1,-1,-1,,-1,-1,-1,-1,-1,-1,-1,-1,-1,-1,-1,-1,0.36375,19.27,7.49,0,0,,,
22439955234001,-1,-1,-1,,-1,-1,-1,,-1,-1,-1,-1,-1,-1,-1,-1,-1,-1,-1,-1,0.37875,19.2725,7.3,0,0,,,
22439960247083,-1,-1,-1,,-1,-1,-1,,-1,-1,-1,-1,-1,-1,-1,-1,-1,-1,-1,-1,0.36625,19.2712,7.05,0,0,,,
22439965234725,-1,-1,-1,,-1,-1,-1,,-1,-1,-1,-1,-1,-1,-1,-1,-1,-1,-1,-1,0.37875,19.2712,7.3,0,0,,,
22439970244127,-1,-1,-1,,-1,-1,-1,,-1,-1,-1,-1,-1,-1,-1,-1,-1,-1,-1,-1,0.36375,19.2737,7.16,0,0,,,
22439975233016,-1,-1,-1,,-1,-1,-1,,-1,-1,-1,-1,-1,-1,-1,-1,-1,-1,-1,-1,0.3775,19.2638,7.27,0,0,,,
22439980240818,-1,-1,-1,,-1,-1,-1,,-1,-1,-1,-1,-1,-1,-1,-1,-1,-1,-1,-1,0.365,19.2725,7.04,0,0,,,
22439985238156,-1,-1,-1,,-1,-1,-1,,-1,-1,-1,-1,-1,-1,-1,-1,-1,-1,-1,-1,0.37875,19.2662,7.3,0,0,,,
22439990252518,-1,-1,-1,,-1,-1,-1,,-1,-1,-1,-1,-1,-1,-1,-1,-1,-1,-1,-1,0.36,19.275,7.35,0,0,,,
22439995234656,-1,-1,-1,,-1,-1,-1,,-1,-1,-1,-1,-1,-1,-1,-1,-1,-1,-1,-1,0.3875,19.2638,7.46,0,0,,,
22440000237786,-1,-1,-1,,-1,-1,-1,,-1,-1,-1,-1,-1,-1,-1,-1,-1,-1,-1,-1,0.3575,19.275,6.89,0,0,,,
22440005237844,-1,-1,-1,,-1,-1,-1,,-1,-1,-1,-1,-1,-1,-1,-1,-1,-1,-1,-1,0.36125,19.2662,7.3,0,0,,,
22440010242990,-1,-1,-1,,-1,-1,-1,,-1,-1,-1,-1,-1,-1,-1,-1,-1,-1,-1,-1,0.355,19.2763,7.08,0,0,,,
22440015233831,-1,-1,-1,,-1,-1,-1,,-1,-1,-1,-1,-1,-1,-1,-1,-1,-1,-1,-1,0.385,19.2675,7.42,0,0,,,
22440020245281,-1,-1,-1,,-1,-1,-1,,-1,-1,-1,-1,-1,-1,-1,-1,-1,-1,-1,-1,0.35625,19.2737,6.86,0,0,,,
22440025233595,-1,-1,-1,,-1,-1,-1,,-1,-1,-1,-1,-1,-1,-1,-1,-1,-1,-1,-1,0.3875,19.27,7.44,0,0,,,
22440030240693,-1,-1,-1,,-1,-1,-1,,-1,-1,-1,-1,-1,-1,-1,-1,-1,-1,-1,-1,0.365,19.2725,7.04,0,0,,,
22440035232751,-1,-1,-1,,-1,-1,-1,,-1,-1,-1,-1,-1,-1,-1,-1,-1,-1,-1,-1,0.38125,19.27,7.35,0,0,,,
22440040239977,-1,-1,-1,,-1,-1,-1,,-1,-1,-1,-1,-1,-1,-1,-1,-1,-1,-1,-1,0.365,19.2737,7.04,0,0,,,
22440045236674,-1,-1,-1,,-1,-1,-1,,-1,-1,-1,-1,-1,-1,-1,-1,-1,-1,-1,-1,0.37125,19.2712,7.3,0,0,,,
22440050241276,-1,-1,-1,,-1,-1,-1,,-1,-1,-1,-1,-1,-1,-1,-1,-1,-1,-1,-1,0.36375,19.27,7.01,0,0,,,
22440055233238,-1,-1,-1,,-1,-1,-1,,-1,-1,-1,-1,-1,-1,-1,-1,-1,-1,-1,-1,0.385,19.2725,7.42,0,0,,,
22440060236752,-1,-1,-1,,-1,-1,-1,,-1,-1,-1,-1,-1,-1,-1,-1,-1,-1,-1,-1,0.36375,19.2763,7.01,0,0,,,
22440065233898,-1,-1,-1,,-1,-1,-1,,-1,-1,-1,-1,-1,-1,-1,-1,-1,-1,-1,-1,0.385,19.2725,7.46,0,0,,,
22440070244676,-1,-1,-1,,-1,-1,-1,,-1,-1,-1,-1,-1,-1,-1,-1,-1,-1,-1,-1,0.36625,19.275,7.07,0,0,,,
22440075236541,-1,-1,-1,,-1,-1,-1,,-1,-1,-1,-1,-1,-1,-1,-1,-1,-1,-1,-1,0.3725,19.2675,7.18,0,0,,,
22440080239607,-1,-1,-1,,-1,-1,-1,,-1,-1,-1,-1,-1,-1,-1,-1,-1,-1,-1,-1,0.365,19.2737,7.01,0,0,,,
22440085233233,-1,-1,-1,,-1,-1,-1,,-1,-1,-1,-1,-1,-1,-1,-1,-1,-1,-1,-1,0.38875,19.2688,7.3,0,0,,,
22440090241771,-1,-1,-1,,-1,-1,-1,,-1,-1,-1,-1,-1,-1,-1,-1,-1,-1,-1,-1,0.36625,19.2725,7.05,0,0,,,
22440095232517,-1,-1,-1,,-1,-1,-1,,-1,-1,-1,-1,-1,-1,-1,-1,-1,-1,-1,-1,0.385,19.265,7.41,0,0,,,
22440100240511,-1,-1,-1,,-1,-1,-1,,-1,-1,-1,-1,-1,-1,-1,-1,-1,-1,-1,-1,0.365,19.2775,6.87,0,0,,,
22440105236537,-1,-1,-1,,-1,-1,-1,,-1,-1,-1,-1,-1,-1,-1,-1,-1,-1,-1,-1,0.385,19.2737,7.42,0,0,,,
22440110240114,-1,-1,-1,,-1,-1,-1,,-1,-1,-1,-1,-1,-1,-1,-1,-1,-1,-1,-1,0.365,19.275,7.04,0,0,,,
22440115235116,-1,-1,-1,,-1,-1,-1,,-1,-1,-1,-1,-1,-1,-1,-1,-1,-1,-1,-1,0.385,19.2662,7.41,0,0,,,
22440120239398,-1,-1,-1,,-1,-1,-1,,-1,-1,-1,-1,-1,-1,-1,-1,-1,-1,-1,-1,0.36375,19.2725,6.96,0,0,,,
22440125234368,-1,-1,-1,,-1,-1,-1,,-1,-1,-1,-1,-1,-1,-1,-1,-1,-1,-1,-1,0.37875,19.2675,7.3,0,0,,,
22440130240538,-1,-1,-1,,-1,-1,-1,,-1,-1,-1,-1,-1,-1,-1,-1,-1,-1,-1,-1,0.3675,19.275,7.08,0,0,,,
22440135233108,-1,-1,-1,,-1,-1,-1,,-1,-1,-1,-1,-1,-1,-1,-1,-1,-1,-1,-1,0.38625,19.2712,7.45,0,0,,,
22440140243150,-1,-1,-1,,-1,-1,-1,,-1,-1,-1,-1,-1,-1,-1,-1,-1,-1,-1,-1,0.365,19.2725,7.01,0,0,,,
22440145237575,-1,-1,-1,,-1,-1,-1,,-1,-1,-1,-1,-1,-1,-1,-1,-1,-1,-1,-1,0.38875,19.2737,7.49,0,0,,,
22440150240385,-1,-1,-1,,-1,-1,-1,,-1,-1,-1,-1,-1,-1,-1,-1,-1,-1,-1,-1,0.3675,19.2725,7.08,0,0,,,
22440155232571,-1,-1,-1,,-1,-1,-1,,-1,-1,-1,-1,-1,-1,-1,-1,-1,-1,-1,-1,0.39125,19.2737,7.4,0,0,,,
22440160240181,-1,-1,-1,,-1,-1,-1,,-1,-1,-1,-1,-1,-1,-1,-1,-1,-1,-1,-1,0.36625,19.2787,7.16,0,0,,,
22440165257903,-1,-1,-1,,-1,-1,-1,,-1,-1,-1,-1,-1,-1,-1,-1,-1,-1,-1,-1,0.37625,19.275,7.26,0,0,,,
22440170243369,-1,-1,-1,,-1,-1,-1,,-1,-1,-1,-1,-1,-1,-1,-1,-1,-1,-1,-1,0.3725,19.2763,7.18,0,0,,,
22440175233922,-1,-1,-1,,-1,-1,-1,,-1,-1,-1,-1,-1,-1,-1,-1,-1,-1,-1,-1,0.38875,19.2675,7.3,0,0,,,
22440180244988,-1,-1,-1,,-1,-1,-1,,-1,-1,-1,-1,-1,-1,-1,-1,-1,-1,-1,-1,0.3675,19.275,7.08,0,0,,,
22440185233302,-1,-1,-1,,-1,-1,-1,,-1,-1,-1,-1,-1,-1,-1,-1,-1,-1,-1,-1,0.3875,19.2725,7.46,0,0,,,
22440190239888,-1,-1,-1,,-1,-1,-1,,-1,-1,-1,-1,-1,-1,-1,-1,-1,-1,-1,-1,0.36625,19.2787,7.07,0,0,,,
22440195232330,-1,-1,-1,,-1,-1,-1,,-1,-1,-1,-1,-1,-1,-1,-1,-1,-1,-1,-1,0.39,19.27,7.59,0,0,,,
22440200240452,-1,-1,-1,,-1,-1,-1,,-1,-1,-1,-1,-1,-1,-1,-1,-1,-1,-1,-1,0.3625,19.2737,6.99,0,0,,,
22440205234813,-1,-1,-1,,-1,-1,-1,,-1,-1,-1,-1,-1,-1,-1,-1,-1,-1,-1,-1,0.37375,19.27,7.21,0,0,,,
22440210445340,-1,-1,-1,,-1,-1,-1,,-1,-1,-1,-1,-1,-1,-1,-1,-1,-1,-1,-1,0.3725,19.27,6.84,0,0,,,
22440215237649,-1,-1,-1,,-1,-1,-1,,-1,-1,-1,-1,-1,-1,-1,-1,-1,-1,-1,-1,0.385,19.27,7.42,0,0,,,
22440220248747,-1,-1,-1,,-1,-1,-1,,-1,-1,-1,-1,-1,-1,-1,-1,-1,-1,-1,-1,0.40875,19.26,7.87,0,0,,,
22440225247557,-1,-1,-1,,-1,-1,-1,,-1,-1,-1,-1,-1,-1,-1,-1,-1,-1,-1,-1,0.39125,19.2725,7.54,0,0,,,
22440230255871,-1,-1,-1,,-1,-1,-1,,-1,-1,-1,-1,-1,-1,-1,-1,-1,-1,-1,-1,0.43125,19.2662,8.31,0,0,,,
22440235251449,-1,-1,-1,,-1,-1,-1,,-1,-1,-1,-1,-1,-1,-1,-1,-1,-1,-1,-1,0.38875,19.2638,8.6,0,0,,,
22440240239411,-1,-1,-1,,-1,-1,-1,,-1,-1,-1,-1,-1,-1,-1,-1,-1,-1,-1,-1,0.3775,19.2625,7.27,0,0,,,
22440245235660,-1,-1,-1,,-1,-1,-1,,-1,-1,-1,-1,-1,-1,-1,-1,-1,-1,-1,-1,0.42125,19.255,8.12,0,0,,,
22440250233542,-1,-1,-1,,-1,-1,-1,,-1,-1,-1,-1,-1,-1,-1,-1,-1,-1,-1,-1,0.39375,19.2688,8.44,0,0,,,
22440255243200,-1,-1,-1,,-1,-1,-1,,-1,-1,-1,-1,-1,-1,-1,-1,-1,-1,-1,-1,0.405,19.27,7.8,0,0,,,
22440260238138,-1,-1,-1,,-1,-1,-1,,-1,-1,-1,-1,-1,-1,-1,-1,-1,-1,-1,-1,0.40625,19.265,7.82,0,0,,,
22440265236404,-1,-1,-1,,-1,-1,-1,,-1,-1,-1,-1,-1,-1,-1,-1,-1,-1,-1,-1,0.4375,19.2575,8.42,0,0,,,
22440270236558,-1,-1,-1,,-1,-1,-1,,-1,-1,-1,-1,-1,-1,-1,-1,-1,-1,-1,-1,0.44125,19.255,8.2,0,0,,,
22440275236551,-1,-1,-1,,-1,-1,-1,,-1,-1,-1,-1,-1,-1,-1,-1,-1,5055,715,1472,0.41125,19.2662,7.91,0,0,,,
22440280234753,-1,-1,-1,,-1,-1,-1,,-1,-1,-1,-1,-1,-1,-1,-1,-1,5055,715,1472,0.4375,19.2575,8.42,0,0,,,
22440285235227,-1,-1,-1,,-1,-1,-1,,-1,-1,-1,-1,-1,-1,-1,-1,-1,5055,715,1472,0.37875,19.2675,7.3,0,0,,,
22440290241077,-1,-1,-1,,-1,-1,-1,,-1,-1,-1,-1,-1,-1,-1,-1,-1,5055,715,1472,0.3475,19.275,7.13,0,0,,,
22440295242191,-1,-1,-1,,-1,-1,-1,,-1,-1,-1,-1,-1,-1,-1,-1,-1,5055,715,1472,0.36125,19.275,6.96,0,0,,,
22440300259529,-1,-1,-1,,-1,-1,-1,,-1,-1,-1,-1,-1,-1,-1,-1,-1,5055,715,1472,0.36,19.2775,6.94,0,0,,,
22440305241187,-1,-1,-1,,-1,-1,-1,,-1,-1,-1,-1,-1,-1,-1,-1,-1,5055,715,1472,0.3825,19.2775,7.37,0,0,,,
22440310238364,-1,-1,-1,,-1,-1,-1,,-1,-1,-1,-1,-1,-1,-1,-1,-1,5055,715,1472,0.35875,19.275,7.01,0,0,,,
22440315239350,-1,-1,-1,,-1,-1,-1,,-1,-1,-1,-1,-1,-1,-1,-1,-1,5055,715,1472,0.35625,19.2737,6.86,0,0,,,
22440320249008,-1,-1,-1,,-1,-1,-1,,-1,-1,-1,-1,-1,-1,-1,-1,-1,5055,715,1472,0.44,19.27,8.47,0,0,,,
22440325241098,-1,-1,-1,,-1,-1,-1,,-1,-1,-1,-1,-1,-1,-1,-1,-1,5055,755,1472,0.34125,19.2662,7.13,0,0,,,
22440330234308,-1,-1,-1,,-1,-1,-1,,-1,-1,-1,-1,-1,-1,-1,-1,-1,5055,755,1472,0.35125,19.2712,7.13,0,0,,,
22440335236638,-1,-1,-1,,-1,-1,-1,,-1,-1,-1,-1,-1,-1,-1,-1,-1,5055,755,1472,0.37625,19.2737,7.26,0,0,,,
22440340243416,-1,-1,-1,,-1,-1,-1,,-1,-1,-1,-1,-1,-1,-1,-1,-1,5055,755,1472,0.3625,19.28,6.99,0,0,,,
22440345245778,-1,-1,-1,,-1,-1,-1,,-1,-1,-1,-1,-1,-1,-1,-1,-1,5055,755,1472,0.4,19.2575,7.92,0,0,,,
22440350249132,-1,-1,-1,,-1,-1,-1,,-1,-1,-1,-1,-1,-1,-1,-1,-1,5055,755,1472,0.35125,19.2737,6.77,0,0,,,
22440355254181,-1,-1,-1,,-1,-1,-1,,-1,-1,-1,-1,-1,-1,-1,-1,-1,5055,755,1472,0.34375,19.275,6.63,0,0,,,
22440360240831,-1,-1,-1,,-1,-1,-1,,-1,-1,-1,-1,-1,-1,-1,-1,-1,5055,755,1472,0.3675,19.2737,7.08,0,0,,,
22440365232569,-1,-1,-1,,-1,-1,-1,,-1,-1,-1,-1,-1,-1,-1,-1,-1,5055,755,1472,0.3775,19.2763,6.63,0,0,,,
22440370236179,-1,-1,-1,,-1,-1,-1,,-1,-1,-1,-1,-1,-1,-1,-1,-1,5055,755,1472,0.37625,19.275,7.26,0,0,,,
22440375236716,-1,-1,-1,,-1,-1,-1,,-1,-1,-1,-1,-1,-1,-1,-1,-1,5055,755,1472,0.345,19.2775,6.66,0,0,,,
22440380244967,-1,-1,-1,,-1,-1,-1,,-1,-1,-1,-1,-1,-1,-1,-1,-1,5055,755,1472,0.3975,19.2688,7.65,0,0,,,
22440385245088,-1,-1,-1,,-1,-1,-1,,-1,-1,-1,-1,-1,-1,-1,-1,-1,5055,755,1472,0.44625,19.2538,7.33,0,0,,,
22440390243834,-1,-1,-1,,-1,-1,-1,,-1,-1,-1,-1,-1,-1,-1,-1,-1,5095,755,1472,0.39125,19.2812,7.54,0,0,,,
22440395242900,-1,-1,-1,,-1,-1,-1,,-1,-1,-1,-1,-1,-1,-1,-1,-1,5095,755,1472,0.35125,19.2763,6.77,0,0,,,
22440400236430,-1,-1,-1,,-1,-1,-1,,-1,-1,-1,-1,-1,-1,-1,-1,-1,5095,755,1472,0.37375,19.28,7.18,0,0,,,
22440405236936,-1,-1,-1,,-1,-1,-1,,-1,-1,-1,-1,-1,-1,-1,-1,-1,5095,755,1472,0.37625,19.2825,7.42,0,0,,,
22440410236993,-1,-1,-1,,-1,-1,-1,,-1,-1,-1,-1,-1,-1,-1,-1,-1,5095,755,1472,0.3375,19.2787,6.5,0,0,,,
22440415235707,-1,-1,-1,,-1,-1,-1,,-1,-1,-1,-1,-1,-1,-1,-1,-1,5095,755,1472,0.36875,19.28,7.1,0,0,,,
22440420235861,-1,-1,-1,,-1,-1,-1,,-1,-1,-1,-1,-1,-1,-1,-1,-1,5095,755,1472,0.36625,19.275,7.3,0,0,,,
22440425236975,-1,-1,-1,,-1,-1,-1,,-1,-1,-1,-1,-1,-1,-1,-1,-1,5095,755,1472,0.38875,19.2712,7.49,0,0,,,
22440430240521,-1,-1,-1,,-1,-1,-1,,-1,-1,-1,-1,-1,-1,-1,-1,-1,5095,755,1472,0.35375,19.2787,6.82,0,0,,,
22440435240131,-1,-1,-1,,-1,-1,-1,,-1,-1,-1,-1,-1,-1,-1,-1,-1,5095,755,1472,0.36125,19.2787,6.96,0,0,,,
22440440236637,-1,-1,-1,,-1,-1,-1,,-1,-1,-1,-1,-1,-1,-1,-1,-1,5095,755,1472,0.385,19.2812,6.87,0,0,,,
22440445240886,-1,-1,-1,,-1,-1,-1,,-1,-1,-1,-1,-1,-1,-1,-1,-1,5095,755,1472,0.34375,19.2775,6.63,0,0,,,
22440450250353,-1,-1,-1,,-1,-1,-1,,-1,-1,-1,-1,-1,-1,-1,-1,-1,5095,755,1472,0.37125,19.28,7.16,0,0,,,
22440455233770,-1,-1,-1,,-1,-1,-1,,-1,-1,-1,-1,-1,-1,-1,-1,-1,5095,755,1472,0.37125,19.2763,7.16,0,0,,,
22440460248036,-1,-1,-1,,-1,-1,-1,,-1,-1,-1,-1,-1,-1,-1,-1,-1,5095,755,1472,0.34625,19.275,7.08,0,0,,,
22440465239486,-1,-1,-1,,-1,-1,-1,,-1,-1,-1,-1,-1,-1,-1,-1,-1,5095,755,1472,0.3725,19.2725,7.18,0,0,,,
22440470234584,-1,-1,-1,,-1,-1,-1,,-1,-1,-1,-1,-1,-1,-1,-1,-1,5095,755,1472,0.36375,19.2725,7.01,0,0,,,
22440475232081,-1,-1,-1,,-1,-1,-1,,-1,-1,-1,-1,-1,-1,-1,-1,-1,5095,755,1472,0.35,19.27,6.75,0,0,,,
22440480236363,-1,-1,-1,,-1,-1,-1,,-1,-1,-1,-1,-1,-1,-1,-1,-1,5095,755,1472,0.34625,19.2787,6.75,0,0,,,
22440485236485,-1,-1,-1,,-1,-1,-1,,-1,-1,-1,-1,-1,-1,-1,-1,-1,5095,755,1472,0.38,19.2775,7.32,0,0,,,
22440490235199,-1,-1,-1,,-1,-1,-1,,-1,-1,-1,-1,-1,-1,-1,-1,-1,5095,755,1472,0.37375,19.2688,7.21,0,0,,,
22440495238905,-1,-1,-1,,-1,-1,-1,,-1,-1,-1,-1,-1,-1,-1,-1,-1,5095,755,1472,0.3525,19.2787,6.99,0,0,,,
22440500234643,-1,-1,-1,,-1,-1,-1,,-1,-1,-1,-1,-1,-1,-1,-1,-1,5095,755,1472,0.3525,19.2725,7.16,0,0,,,
22440505235693,-1,-1,-1,,-1,-1,-1,,-1,-1,-1,-1,-1,-1,-1,-1,-1,5095,755,1472,0.375,19.2775,7.23,0,0,,,
22440510240294,-1,-1,-1,,-1,-1,-1,,-1,-1,-1,-1,-1,-1,-1,-1,-1,5095,755,1472,0.385,19.2775,7.42,0,0,,,
22440515235584,-1,-1,-1,,-1,-1,-1,,-1,-1,-1,-1,-1,-1,-1,-1,-1,5095,755,1472,0.36375,19.2775,6.99,0,0,,,
22440520232346,-1,-1,-1,,-1,-1,-1,,-1,-1,-1,-1,-1,-1,-1,-1,-1,5095,755,1472,0.36375,19.275,7.01,0,0,,,
22440525230324,-1,-1,-1,,-1,-1,-1,,-1,-1,-1,-1,-1,-1,-1,-1,-1,5095,755,1472,0.35375,19.2688,6.82,0,0,,,
22440530238670,-1,-1,-1,,-1,-1,-1,,-1,-1,-1,-1,-1,-1,-1,-1,-1,5095,755,1472,0.3475,19.2763,6.69,0,0,,,
22440535237416,-1,-1,-1,,-1,-1,-1,,-1,-1,-1,-1,-1,-1,-1,-1,-1,5095,755,1472,0.34625,19.2737,7.27,0,0,,,
22440540250466,-1,-1,-1,,-1,-1,-1,,-1,-1,-1,-1,-1,-1,-1,-1,-1,5095,755,1472,0.3525,19.2737,6.8,0,0,,,
22440545237659,-1,-1,-1,,-1,-1,-1,,-1,-1,-1,-1,-1,-1,-1,-1,-1,5095,755,1472,0.38,19.2825,7.32,0,0,,,
22440550238581,-1,-1,-1,,-1,-1,-1,,-1,-1,-1,-1,-1,-1,-1,-1,-1,5095,755,1472,0.38,19.2787,7.32,0,0,,,
22440555237391,-1,-1,-1,,-1,-1,-1,,-1,-1,-1,-1,-1,-1,-1,-1,-1,5095,755,1472,0.3575,19.2725,6.82,0,0,,,
22440560232969,-1,-1,-1,,-1,-1,-1,,-1,-1,-1,-1,-1,-1,-1,-1,-1,5095,755,1472,0.3725,19.2638,7.18,0,0,,,
22440565239555,-1,-1,-1,,-1,-1,-1,,-1,-1,-1,-1,-1,-1,-1,-1,-1,5095,755,1472,0.34625,19.2775,6.67,0,0,,,
22440570237981,-1,-1,-1,,-1,-1,-1,,-1,-1,-1,-1,-1,-1,-1,-1,-1,5095,755,1472,0.3425,19.285,7.37,0,0,,,
22440575236822,-1,-1,-1,,-1,-1,-1,,-1,-1,-1,-1,-1,-1,-1,-1,-1,5095,755,1472,0.355,19.2763,7.48,0,0,,,
22440580250705,-1,-1,-1,,-1,-1,-1,,-1,-1,-1,-1,-1,-1,-1,-1,-1,5095,755,1472,0.35125,19.28,6.77,0,0,,,
22440585251659,-1,-1,-1,,-1,-1,-1,,-1,-1,-1,-1,-1,-1,-1,-1,-1,5095,755,1472,0.37375,19.2763,7.21,0,0,,,
22440590256036,-1,-1,-1,,-1,-1,-1,,-1,-1,-1,-1,-1,-1,-1,-1,-1,5095,755,1472,0.35875,19.2812,7.18,0,0,,,
22440595245726,-1,-1,-1,,-1,-1,-1,,-1,-1,-1,-1,-1,-1,-1,-1,-1,5095,755,1472,0.345,19.2725,6.64,0,0,,,
22440600246136,-1,-1,-1,,-1,-1,-1,,-1,-1,-1,-1,-1,-1,-1,-1,-1,5095,755,1472,0.37125,19.2812,7.16,0,0,,,
22440605249074,-1,-1,-1,,-1,-1,-1,,-1,-1,-1,-1,-1,-1,-1,-1,-1,5095,755,1472,0.36875,19.2712,7.1,0,0,,,
22440610239403,-1,-1,-1,,-1,-1,-1,,-1,-1,-1,-1,-1,-1,-1,-1,-1,5095,755,1472,0.35375,19.2737,7.71,0,0,,,
22440615236901,-1,-1,-1,,-1,-1,-1,,-1,-1,-1,-1,-1,-1,-1,-1,-1,5135,755,1472,0.3425,19.2763,6.6,0,0,,,
22440620241439,-1,-1,-1,,-1,-1,-1,,-1,-1,-1,-1,-1,-1,-1,-1,-1,5135,755,1472,0.3475,19.2763,6.69,0,0,,,
22440625238201,-1,-1,-1,,-1,-1,-1,,-1,-1,-1,-1,-1,-1,-1,-1,-1,5135,755,1472,0.37625,19.2775,7.26,0,0,,,
22440630237907,-1,-1,-1,,-1,-1,-1,,-1,-1,-1,-1,-1,-1,-1,-1,-1,5135,755,1472,0.35625,19.275,7.4,0,0,,,
22440635237133,-1,-1,-1,,-1,-1,-1,,-1,-1,-1,-1,-1,-1,-1,-1,-1,5135,755,1472,0.35875,19.265,6.91,0,0,,,
22440640231878,-1,-1,-1,,-1,-1,-1,,-1,-1,-1,-1,-1,-1,-1,-1,-1,5135,755,1472,0.34375,19.2712,6.63,0,0,,,
22440645230304,-1,-1,-1,,-1,-1,-1,,-1,-1,-1,-1,-1,-1,-1,-1,-1,5135,755,1472,0.3475,19.2688,6.69,0,0,,,
22440650239130,-1,-1,-1,,-1,-1,-1,,-1,-1,-1,-1,-1,-1,-1,-1,-1,5135,755,1472,0.345,19.2812,6.94,0,0,,,
22440655238036,-1,-1,-1,,-1,-1,-1,,-1,-1,-1,-1,-1,-1,-1,-1,-1,5135,755,1472,0.35375,19.2825,6.82,0,0,,,
22440660233326,-1,-1,-1,,-1,-1,-1,,-1,-1,-1,-1,-1,-1,-1,-1,-1,5135,755,1472,0.35125,19.275,6.77,0,0,,,
22440665238312,-1,-1,-1,,-1,-1,-1,,-1,-1,-1,-1,-1,-1,-1,-1,-1,5135,794,1472,0.3525,19.2725,7.04,0,0,,,
22440670238050,-1,-1,-1,,-1,-1,-1,,-1,-1,-1,-1,-1,-1,-1,-1,-1,5135,794,1472,0.345,19.275,6.66,0,0,,,
22440675237915,-1,-1,-1,,-1,-1,-1,,-1,-1,-1,-1,-1,-1,-1,-1,-1,5135,794,1472,0.35625,19.2737,6.86,0,0,,,
22440680252982,-1,-1,-1,,-1,-1,-1,,-1,-1,-1,-1,-1,-1,-1,-1,-1,5135,794,1472,0.3725,19.275,7.18,0,0,,,
22440685239247,-1,-1,-1,,-1,-1,-1,,-1,-1,-1,-1,-1,-1,-1,-1,-1,5135,794,1472,0.36375,19.2725,7.13,0,0,,,
22440690234697,-1,-1,-1,,-1,-1,-1,,-1,-1,-1,-1,-1,-1,-1,-1,-1,5135,794,1472,0.3525,19.2812,6.8,0,0,,,
22440695233923,-1,-1,-1,,-1,-1,-1,,-1,-1,-1,-1,-1,-1,-1,-1,-1,5135,794,1472,0.3475,19.2763,6.69,0,0,,,
22440700237053,-1,-1,-1,,-1,-1,-1,,-1,-1,-1,-1,-1,-1,-1,-1,-1,5135,755,1472,0.36125,19.2787,6.96,0,0,,,
22440705236151,-1,-1,-1,,-1,-1,-1,,-1,-1,-1,-1,-1,-1,-1,-1,-1,5135,755,1472,0.3825,19.2737,7.05,0,0,,,
22440710239344,-1,-1,-1,,-1,-1,-1,,-1,-1,-1,-1,-1,-1,-1,-1,-1,5135,755,1472,0.35875,19.2712,6.91,0,0,,,
22440715229802,-1,-1,-1,,-1,-1,-1,,-1,-1,-1,-1,-1,-1,-1,-1,-1,5135,755,1472,0.35125,19.2812,6.77,0,0,,,
22440720236612,-1,-1,-1,,-1,-1,-1,,-1,-1,-1,-1,-1,-1,-1,-1,-1,5135,794,1472,0.36,19.275,6.94,0,0,,,
22440725234718,-1,-1,-1,,-1,-1,-1,,-1,-1,-1,-1,-1,-1,-1,-1,-1,5135,794,1472,0.34125,19.28,6.77,0,0,,,
22440730236984,-1,-1,-1,,-1,-1,-1,,-1,-1,-1,-1,-1,-1,-1,-1,-1,5135,794,1472,0.37875,19.2712,7.3,0,0,,,
22440735237810,-1,-1,-1,,-1,-1,-1,,-1,-1,-1,-1,-1,-1,-1,-1,-1,5135,794,1472,0.35375,19.2812,6.82,0,0,,,
22440740238508,-1,-1,-1,,-1,-1,-1,,-1,-1,-1,-1,-1,-1,-1,-1,-1,5135,794,1472,0.35125,19.2775,7.42,0,0,,,
22440745236645,-1,-1,-1,,-1,-1,-1,,-1,-1,-1,-1,-1,-1,-1,-1,-1,5135,794,1472,0.36,19.265,7.18,0,0,,,
22440750239103,-1,-1,-1,,-1,-1,-1,,-1,-1,-1,-1,-1,-1,-1,-1,-1,5135,794,1472,0.35875,19.28,6.91,0,0,,,
22440755245401,-1,-1,-1,,-1,-1,-1,,-1,-1,-1,-1,-1,-1,-1,-1,-1,5135,794,1472,0.37,19.2712,7.13,0,0,,,
22440760234803,-1,-1,-1,,-1,-1,-1,,-1,-1,-1,-1,-1,-1,-1,-1,-1,5135,794,1472,0.38,19.2775,6.75,0,0,,,
22440765235533,-1,-1,-1,,-1,-1,-1,,-1,-1,-1,-1,-1,-1,-1,-1,-1,5135,794,1472,0.39375,19.2787,7.59,0,0,,,
22440770239943,-1,-1,-1,,-1,-1,-1,,-1,-1,-1,-1,-1,-1,-1,-1,-1,5135,794,1472,0.35,19.2838,6.75,0,0,,,
22440775236256,-1,-1,-1,,-1,-1,-1,,-1,-1,-1,-1,-1,-1,-1,-1,-1,5135,794,1472,0.37375,19.2763,7.21,0,0,,,
22440780236794,-1,-1,-1,,-1,-1,-1,,-1,-1,-1,-1,-1,-1,-1,-1,-1,5135,794,1472,0.3625,19.2725,7.08,0,0,,,
22440785239220,-1,-1,-1,,-1,-1,-1,,-1,-1,-1,-1,-1,-1,-1,-1,-1,5135,794,1472,0.3475,19.2737,6.69,0,0,,,
22440790238030,-1,-1,-1,,-1,-1,-1,,-1,-1,-1,-1,-1,-1,-1,-1,-1,5135,794,1472,0.37375,19.2787,7.21,0,0,,,
22440795233000,-1,-1,-1,,-1,-1,-1,,-1,-1,-1,-1,-1,-1,-1,-1,-1,5135,794,1472,0.37875,19.275,7.3,0,0,,,
22440800238146,-1,-1,-1,,-1,-1,-1,,-1,-1,-1,-1,-1,-1,-1,-1,-1,5135,794,1472,0.355,19.2725,6.99,0,0,,,
22440805236316,-1,-1,-1,,-1,-1,-1,,-1,-1,-1,-1,-1,-1,-1,-1,-1,5135,794,1472,0.3725,19.2725,7.18,0,0,,,
22440810231797,-1,-1,-1,,-1,-1,-1,,-1,-1,-1,-1,-1,-1,-1,-1,-1,5135,794,1472,0.3525,19.27,6.8,0,0,,,
22440815230799,-1,-1,-1,,-1,-1,-1,,-1,-1,-1,-1,-1,-1,-1,-1,-1,5135,794,1472,0.36875,19.2725,6.82,0,0,,,
22440820241129,-1,-1,-1,,-1,-1,-1,,-1,-1,-1,-1,-1,-1,-1,-1,-1,5135,794,1472,0.34625,19.2787,6.87,0,0,,,
22440825237539,-1,-1,-1,,-1,-1,-1,,-1,-1,-1,-1,-1,-1,-1,-1,-1,5135,794,1472,0.34375,19.2787,6.63,0,0,,,
22440830236957,-1,-1,-1,,-1,-1,-1,,-1,-1,-1,-1,-1,-1,-1,-1,-1,5135,794,1472,0.3825,19.2812,7.37,0,0,,,
22440835236951,-1,-1,-1,,-1,-1,-1,,-1,-1,-1,-1,-1,-1,-1,-1,-1,5135,794,1472,0.345,19.2712,7.23,0,0,,,
22440840237425,-1,-1,-1,,-1,-1,-1,,-1,-1,-1,-1,-1,-1,-1,-1,-1,5135,794,1472,0.37625,19.275,7.26,0,0,,,
22440845253099,-1,-1,-1,,-1,-1,-1,,-1,-1,-1,-1,-1,-1,-1,-1,-1,5135,794,1472,0.36,19.2662,6.94,0,0,,,
22440850235012,-1,-1,-1,,-1,-1,-1,,-1,-1,-1,-1,-1,-1,-1,-1,-1,5135,794,1472,0.34875,19.27,6.72,0,0,,,
22440855242462,-1,-1,-1,,-1,-1,-1,,-1,-1,-1,-1,-1,-1,-1,-1,-1,5135,794,1472,0.3425,19.28,6.91,0,0,,,
22440860236280,-1,-1,-1,,-1,-1,-1,,-1,-1,-1,-1,-1,-1,-1,-1,-1,5135,794,1472,0.3525,19.2737,6.8,0,0,,,
22440865234834,-1,-1,-1,,-1,-1,-1,,-1,-1,-1,-1,-1,-1,-1,-1,-1,5135,794,1472,0.37875,19.2763,7.3,0,0,,,
22440870237100,-1,-1,-1,,-1,-1,-1,,-1,-1,-1,-1,-1,-1,-1,-1,-1,5135,794,1472,0.38125,19.2787,7.35,0,0,,,
22440875236997,-1,-1,-1,,-1,-1,-1,,-1,-1,-1,-1,-1,-1,-1,-1,-1,5135,794,1472,0.375,19.2763,7.16,0,0,,,
22440880238847,-1,-1,-1,,-1,-1,-1,,-1,-1,-1,-1,-1,-1,-1,-1,-1,5135,794,1472,0.37125,19.2675,7.16,0,0,,,
22440885234617,-1,-1,-1,,-1,-1,-1,,-1,-1,-1,-1,-1,-1,-1,-1,-1,5135,794,1472,0.375,19.265,7.22,0,0,,,
22440890239443,-1,-1,-1,,-1,-1,-1,,-1,-1,-1,-1,-1,-1,-1,-1,-1,5135,794,1472,0.34625,19.2838,6.68,0,0,,,
22440895236205,-1,-1,-1,,-1,-1,-1,,-1,-1,-1,-1,-1,-1,-1,-1,-1,5135,794,1472,0.3675,19.275,7.26,0,0,,,
22440900238631,-1,-1,-1,,-1,-1,-1,,-1,-1,-1,-1,-1,-1,-1,-1,-1,5135,794,1472,0.38125,19.2763,7.35,0,0,,,
22440905244449,-1,-1,-1,,-1,-1,-1,,-1,-1,-1,-1,-1,-1,-1,-1,-1,5135,794,1472,0.345,19.28,6.66,0,0,,,
22440910242555,-1,-1,-1,,-1,-1,-1,,-1,-1,-1,-1,-1,-1,-1,-1,-1,5135,794,1472,0.35,19.2787,7.18,0,0,,,
22440915240788,-1,-1,-1,,-1,-1,-1,,-1,-1,-1,-1,-1,-1,-1,-1,-1,5135,794,1472,0.35125,19.2725,7.26,0,0,,,
22440920237902,-1,-1,-1,,-1,-1,-1,,-1,-1,-1,-1,-1,-1,-1,-1,-1,5135,794,1472,0.38125,19.2787,7.35,0,0,,,
22440925236360,-1,-1,-1,,-1,-1,-1,,-1,-1,-1,-1,-1,-1,-1,-1,-1,5135,794,1472,0.38125,19.275,7.35,0,0,,,
22440930238146,-1,-1,-1,,-1,-1,-1,,-1,-1,-1,-1,-1,-1,-1,-1,-1,5135,794,1472,0.36875,19.2763,6.94,0,0,,,
22440935237980,-1,-1,-1,,-1,-1,-1,,-1,-1,-1,-1,-1,-1,-1,-1,-1,5135,794,1472,0.3575,19.28,6.89,0,0,,,
22440940236502,-1,-1,-1,,-1,-1,-1,,-1,-1,-1,-1,-1,-1,-1,-1,-1,5135,794,1472,0.36875,19.27,7.1,0,0,,,
22440945236175,-1,-1,-1,,-1,-1,-1,,-1,-1,-1,-1,-1,-1,-1,-1,-1,5135,794,1472,0.3575,19.2763,6.89,0,0,,,
22440950235049,-1,-1,-1,,-1,-1,-1,,-1,-1,-1,-1,-1,-1,-1,-1,-1,5135,794,1472,0.36375,19.275,7.4,0,0,,,
22440955240067,-1,-1,-1,,-1,-1,-1,,-1,-1,-1,-1,-1,-1,-1,-1,-1,5135,794,1472,0.34375,19.2787,6.63,0,0,,,
22440960234941,-1,-1,-1,,-1,-1,-1,,-1,-1,-1,-1,-1,-1,-1,-1,-1,5135,794,1472,0.37375,19.2763,7.21,0,0,,,
22440965236887,-1,-1,-1,,-1,-1,-1,,-1,-1,-1,-1,-1,-1,-1,-1,-1,5135,794,1472,0.36875,19.27,7.1,0,0,,,
22440970237873,-1,-1,-1,,-1,-1,-1,,-1,-1,-1,-1,-1,-1,-1,-1,-1,5135,794,1472,0.34875,19.2812,6.85,0,0,,,
22440975234346,-1,-1,-1,,-1,-1,-1,,-1,-1,-1,-1,-1,-1,-1,-1,-1,5135,794,1472,0.375,19.2763,7.23,0,0,,,
22440980239588,-1,-1,-1,,-1,-1,-1,,-1,-1,-1,-1,-1,-1,-1,-1,-1,5135,794,1472,0.37125,19.2737,7.16,0,0,,,
22440985260159,-1,-1,-1,,-1,-1,-1,,-1,-1,-1,-1,-1,-1,-1,-1,-1,5135,794,1472,0.3625,19.2787,7.48,0,0,,,
22440990245656,-1,-1,-1,,-1,-1,-1,,-1,-1,-1,-1,-1,-1,-1,-1,-1,5135,794,1472,0.35375,19.275,7.1,0,0,,,
22440995239026,-1,-1,-1,,-1,-1,-1,,-1,-1,-1,-1,-1,-1,-1,-1,-1,5135,794,1472,0.36,19.2787,6.94,0,0,,,
22441000239244,-1,-1,-1,,-1,-1,-1,,-1,-1,-1,-1,-1,-1,-1,-1,-1,5135,794,1472,0.3525,19.2763,6.8,0,0,,,
22441005239654,-1,-1,-1,,-1,-1,-1,,-1,-1,-1,-1,-1,-1,-1,-1,-1,5135,794,1472,0.3525,19.2787,6.91,0,0,,,
22441010232351,-1,-1,-1,,-1,-1,-1,,-1,-1,-1,-1,-1,-1,-1,-1,-1,5135,794,1472,0.36125,19.2725,6.96,0,0,,,
22441015231641,-1,-1,-1,,-1,-1,-1,,-1,-1,-1,-1,-1,-1,-1,-1,-1,5135,794,1472,0.375,19.2775,7.23,0,0,,,
22441020239699,-1,-1,-1,,-1,-1,-1,,-1,-1,-1,-1,-1,-1,-1,-1,-1,5135,794,1472,0.34125,19.285,6.58,0,0,,,
22441025236589,-1,-1,-1,,-1,-1,-1,,-1,-1,-1,-1,-1,-1,-1,-1,-1,5135,794,1472,0.37375,19.2725,7.3,0,0,,,
22441030232039,-1,-1,-1,,-1,-1,-1,,-1,-1,-1,-1,-1,-1,-1,-1,-1,5135,794,1472,0.35,19.2638,6.75,0,0,,,
22441035237409,-1,-1,-1,,-1,-1,-1,,-1,-1,-1,-1,-1,-1,-1,-1,-1,5135,794,1472,0.35375,19.2838,6.82,0,0,,,
22441040236346,-1,-1,-1,,-1,-1,-1,,-1,-1,-1,-1,-1,-1,-1,-1,-1,5135,794,1472,0.36125,19.27,6.96,0,0,,,
22441045237844,-1,-1,-1,,-1,-1,-1,,-1,-1,-1,-1,-1,-1,-1,-1,-1,5135,794,1472,0.37125,19.275,6.75,0,0,,,
22441050235406,-1,-1,-1,,-1,-1,-1,,-1,-1,-1,-1,-1,-1,-1,-1,-1,5135,794,1472,0.37375,19.2688,7.21,0,0,,,
22441055241160,-1,-1,-1,,-1,-1,-1,,-1,-1,-1,-1,-1,-1,-1,-1,-1,5135,794,1472,0.34125,19.28,6.58,0,0,,,
22441060237410,-1,-1,-1,,-1,-1,-1,,-1,-1,-1,-1,-1,-1,-1,-1,-1,5135,794,1472,0.365,19.2737,7.21,0,0,,,
22441065238428,-1,-1,-1,,-1,-1,-1,,-1,-1,-1,-1,-1,-1,-1,-1,-1,5135,794,1472,0.37875,19.2725,7.04,0,0,,,
22441070239894,-1,-1,-1,,-1,-1,-1,,-1,-1,-1,-1,-1,-1,-1,-1,-1,5135,794,1472,0.3325,19.2787,6.41,0,0,,,
22441075238287,-1,-1,-1,,-1,-1,-1,,-1,-1,-1,-1,-1,-1,-1,-1,-1,5135,794,1472,0.36625,19.2787,7.07,0,0,,,
22441080236937,-1,-1,-1,,-1,-1,-1,,-1,-1,-1,-1,-1,-1,-1,-1,-1,5135,794,1472,0.36625,19.2787,7.1,0,0,,,
22441085238659,-1,-1,-1,,-1,-1,-1,,-1,-1,-1,-1,-1,-1,-1,-1,-1,5135,794,1472,0.36,19.2838,6.94,0,0,,,
22441090238077,-1,-1,-1,,-1,-1,-1,,-1,-1,-1,-1,-1,-1,-1,-1,-1,5135,794,1472,0.3625,19.2787,6.99,0,0,,,
22441095237623,-1,-1,-1,,-1,-1,-1,,-1,-1,-1,-1,-1,-1,-1,-1,-1,5135,794,1472,0.3625,19.275,6.99,0,0,,,
22441100236657,-1,-1,-1,,-1,-1,-1,,-1,-1,-1,-1,-1,-1,-1,-1,-1,5135,794,1472,0.35375,19.2712,7.32,0,0,,,
22441105237323,-1,-1,-1,,-1,-1,-1,,-1,-1,-1,-1,-1,-1,-1,-1,-1,5135,794,1472,0.35875,19.2787,6.91,0,0,,,
22441110234756,-1,-1,-1,,-1,-1,-1,,-1,-1,-1,-1,-1,-1,-1,-1,-1,5135,794,1472,0.34375,19.2737,6.63,0,0,,,
22441115233214,-1,-1,-1,,-1,-1,-1,,-1,-1,-1,-1,-1,-1,-1,-1,-1,5135,794,1472,0.3625,19.2763,6.99,0,0,,,
22441120241336,-1,-1,-1,,-1,-1,-1,,-1,-1,-1,-1,-1,-1,-1,-1,-1,5135,794,1472,0.35125,19.2825,6.87,0,0,,,
22441125238098,-1,-1,-1,,-1,-1,-1,,-1,-1,-1,-1,-1,-1,-1,-1,-1,5135,794,1472,0.35625,19.2725,6.86,0,0,,,
22441130233740,-1,-1,-1,,-1,-1,-1,,-1,-1,-1,-1,-1,-1,-1,-1,-1,5135,794,1472,0.3925,19.2775,7.56,0,0,,,
22441135238342,-1,-1,-1,,-1,-1,-1,,-1,-1,-1,-1,-1,-1,-1,-1,-1,5135,794,1472,0.38125,19.2763,7.35,0,0,,,
22441140236383,-1,-1,-1,,-1,-1,-1,,-1,-1,-1,-1,-1,-1,-1,-1,-1,5135,794,1472,0.35625,19.2725,7.13,0,0,,,
22441145231769,-1,-1,-1,,-1,-1,-1,,-1,-1,-1,-1,-1,-1,-1,-1,-1,5135,794,1472,0.36125,19.2662,6.96,0,0,,,
22441150229619,-1,-1,-1,,-1,-1,-1,,-1,-1,-1,-1,-1,-1,-1,-1,-1,5135,794,1472,0.35625,19.2675,6.86,0,0,,,
22441155238829,-1,-1,-1,,-1,-1,-1,,-1,-1,-1,-1,-1,-1,-1,-1,-1,5135,794,1472,0.34625,19.2838,6.82,0,0,,,
22441160238215,-1,-1,-1,,-1,-1,-1,,-1,-1,-1,-1,-1,-1,-1,-1,-1,5135,794,1472,0.34875,19.2725,7.13,0,0,,,
22441165233473,-1,-1,-1,,-1,-1,-1,,-1,-1,-1,-1,-1,-1,-1,-1,-1,5135,794,1472,0.3575,19.275,6.89,0,0,,,
22441170237499,-1,-1,-1,,-1,-1,-1,,-1,-1,-1,-1,-1,-1,-1,-1,-1,5135,794,1472,0.35625,19.2787,6.87,0,0,,,
22441175236564,-1,-1,-1,,-1,-1,-1,,-1,-1,-1,-1,-1,-1,-1,-1,-1,5135,794,1472,0.36875,19.275,7.23,0,0,,,
22441180239694,-1,-1,-1,,-1,-1,-1,,-1,-1,-1,-1,-1,-1,-1,-1,-1,5135,794,1472,0.3825,19.27,7.37,0,0,,,
22441185234728,-1,-1,-1,,-1,-1,-1,,-1,-1,-1,-1,-1,-1,-1,-1,-1,5135,794,1472,0.375,19.2712,7.23,0,0,,,
22441190241890,-1,-1,-1,,-1,-1,-1,,-1,-1,-1,-1,-1,-1,-1,-1,-1,5135,794,1472,0.35,19.2763,6.75,0,0,,,
22441195237052,-1,-1,-1,,-1,-1,-1,,-1,-1,-1,-1,-1,-1,-1,-1,-1,5135,794,1472,0.37625,19.2763,7.4,0,0,,,
22441200245654,-1,-1,-1,,-1,-1,-1,,-1,-1,-1,-1,-1,-1,-1,-1,-1,5135,794,1472,0.35,19.2725,6.75,0,0,,,
22441205238768,-1,-1,-1,,-1,-1,-1,,-1,-1,-1,-1,-1,-1,-1,-1,-1,5135,794,1472,0.36125,19.2787,6.96,0,0,,,
22441210237577,-1,-1,-1,,-1,-1,-1,,-1,-1,-1,-1,-1,-1,-1,-1,-1,5135,794,1472,0.37875,19.275,7.3,0,0,,,
22441215238435,-1,-1,-1,,-1,-1,-1,,-1,-1,-1,-1,-1,-1,-1,-1,-1,5135,794,1472,0.36125,19.2763,7.18,0,0,,,
22441220236637,-1,-1,-1,,-1,-1,-1,,-1,-1,-1,-1,-1,-1,-1,-1,-1,5135,794,1472,0.35625,19.275,6.86,0,0,,,
22441225249335,-1,-1,-1,,-1,-1,-1,,-1,-1,-1,-1,-1,-1,-1,-1,-1,5135,794,1472,0.40125,19.265,7.73,0,0,,,
22441230254673,-1,-1,-1,,-1,-1,-1,,-1,-1,-1,-1,-1,-1,-1,-1,-1,5135,794,1472,0.37875,19.2675,8.14,0,0,,,
22441235253355,-1,-1,-1,,-1,-1,-1,,-1,-1,-1,-1,-1,-1,-1,-1,-1,5135,794,1472,0.4,19.2587,8.83,0,0,,,
22441240246277,-1,-1,-1,,-1,-1,-1,,-1,-1,-1,-1,-1,-1,-1,-1,-1,5175,794,1472,0.42125,19.2675,8.12,0,0,,,
22441245240734,-1,-1,-1,,-1,-1,-1,,-1,-1,-1,-1,-1,-1,-1,-1,-1,5175,794,1472,0.42375,19.2613,8.17,0,0,,,
22441250272057,-1,-1,-1,,-1,-1,-1,,-1,-1,-1,-1,-1,-1,-1,-1,-1,5175,794,1472,0.40375,19.255,7.92,0,0,,,
22441255244946,-1,-1,-1,,-1,-1,-1,,-1,-1,-1,-1,-1,-1,-1,-1,-1,5175,794,1472,0.3975,19.2638,7.65,0,0,,,
22441260246412,-1,-1,-1,,-1,-1,-1,,-1,-1,-1,-1,-1,-1,-1,-1,-1,5214,834,1472,0.38875,19.2575,7.49,0,0,,,
22441265255494,-1,-1,-1,,-1,-1,-1,,-1,-1,-1,-1,-1,-1,-1,-1,-1,5214,834,1472,0.3975,19.2638,7.65,0,0,,,
22441270245792,-1,-1,-1,,-1,-1,-1,,-1,-1,-1,-1,-1,-1,-1,-1,-1,5214,834,1472,0.375,19.27,8.14,0,0,,,
22441275246202,-1,-1,-1,,-1,-1,-1,,-1,-1,-1,-1,-1,-1,-1,-1,-1,5254,834,1472,0.365,19.2625,7.03,0,0,,,
22441280233491,-1,-1,-1,,-1,-1,-1,,-1,-1,-1,-1,-1,-1,-1,-1,-1,5254,834,1472,0.37375,19.2712,7.21,0,0,,,
22441285233325,-1,-1,-1,,-1,-1,-1,,-1,-1,-1,-1,-1,-1,-1,-1,-1,5254,834,1472,0.36875,19.275,7.1,0,0,,,
22441290233383,-1,-1,-1,,-1,-1,-1,,-1,-1,-1,-1,-1,-1,-1,-1,-1,5254,834,1472,0.35125,19.2675,7.32,0,0,,,
22441295233921,-1,-1,-1,,-1,-1,-1,,-1,-1,-1,-1,-1,-1,-1,-1,-1,5254,834,1472,0.35625,19.2675,6.86,0,0,,,
22441300231995,-1,-1,-1,,-1,-1,-1,,-1,-1,-1,-1,-1,-1,-1,-1,-1,5254,834,1472,0.34625,19.2737,6.67,0,0,,,
22441305231924,-1,-1,-1,,-1,-1,-1,,-1,-1,-1,-1,-1,-1,-1,-1,-1,5254,834,1472,0.35375,19.2737,6.82,0,0,,,
22441310234254,-1,-1,-1,,-1,-1,-1,,-1,-1,-1,-1,-1,-1,-1,-1,-1,5254,834,1472,0.35625,19.2725,7.4,0,0,,,
22441315241800,-1,-1,-1,,-1,-1,-1,,-1,-1,-1,-1,-1,-1,-1,-1,-1,5254,834,1472,0.35375,19.28,6.82,0,0,,,
22441320233282,-1,-1,-1,,-1,-1,-1,,-1,-1,-1,-1,-1,-1,-1,-1,-1,5254,834,1472,0.36125,19.275,6.96,0,0,,,
22441325238684,-1,-1,-1,,-1,-1,-1,,-1,-1,-1,-1,-1,-1,-1,-1,-1,5214,834,1472,0.34375,19.2725,6.64,0,0,,,
22441330238710,-1,-1,-1,,-1,-1,-1,,-1,-1,-1,-1,-1,-1,-1,-1,-1,5214,834,1472,0.345,19.2763,7.13,0,0,,,
22441335238640,-1,-1,-1,,-1,-1,-1,,-1,-1,-1,-1,-1,-1,-1,-1,-1,5214,834,1472,0.3675,19.2775,7.08,0,0,,,
22441340246570,-1,-1,-1,,-1,-1,-1,,-1,-1,-1,-1,-1,-1,-1,-1,-1,5214,834,1472,0.3775,19.2725,7.27,0,0,,,
22441345258692,-1,-1,-1,,-1,-1,-1,,-1,-1,-1,-1,-1,-1,-1,-1,-1,5214,834,1472,0.38625,19.265,7.56,0,0,,,
22441350256862,-1,-1,-1,,-1,-1,-1,,-1,-1,-1,-1,-1,-1,-1,-1,-1,5214,834,1472,0.37,19.2725,7.13,0,0,,,
22441355244567,-1,-1,-1,,-1,-1,-1,,-1,-1,-1,-1,-1,-1,-1,-1,-1,5214,834,1472,0.37625,19.2787,7.26,0,0,,,
22441360237809,-1,-1,-1,,-1,-1,-1,,-1,-1,-1,-1,-1,-1,-1,-1,-1,5214,834,1472,0.35625,19.275,6.86,0,0,,,
22441365237771,-1,-1,-1,,-1,-1,-1,,-1,-1,-1,-1,-1,-1,-1,-1,-1,5254,874,1472,0.365,19.2787,7.21,0,0,,,
22441370232036,-1,-1,-1,,-1,-1,-1,,-1,-1,-1,-1,-1,-1,-1,-1,-1,5254,874,1472,0.36625,19.2712,7.05,0,0,,,
22441375238462,-1,-1,-1,,-1,-1,-1,,-1,-1,-1,-1,-1,-1,-1,-1,-1,5254,874,1472,0.35125,19.275,6.77,0,0,,,
22441380244888,-1,-1,-1,,-1,-1,-1,,-1,-1,-1,-1,-1,-1,-1,-1,-1,5254,834,1472,0.35875,19.28,6.91,0,0,,,
22441385258451,-1,-1,-1,,-1,-1,-1,,-1,-1,-1,-1,-1,-1,-1,-1,-1,5254,834,1472,0.3675,19.2725,8.14,0,0,,,
22441390249164,-1,-1,-1,,-1,-1,-1,,-1,-1,-1,-1,-1,-1,-1,-1,-1,5254,834,1472,0.3975,19.27,7.65,0,0,,,
22441395256518,-1,-1,-1,,-1,-1,-1,,-1,-1,-1,-1,-1,-1,-1,-1,-1,5254,834,1472,0.41625,19.27,8.03,0,0,,,
22441400238624,-1,-1,-1,,-1,-1,-1,,-1,-1,-1,-1,-1,-1,-1,-1,-1,5254,874,1472,0.38375,19.2763,7.08,0,0,,,
22441405233401,-1,-1,-1,,-1,-1,-1,,-1,-1,-1,-1,-1,-1,-1,-1,-1,5254,874,1472,0.36875,19.28,6.72,0,0,,,
22441410241107,-1,-1,-1,,-1,-1,-1,,-1,-1,-1,-1,-1,-1,-1,-1,-1,5254,874,1472,0.37,19.275,7.13,0,0,,,
22441415238125,-1,-1,-1,,-1,-1,-1,,-1,-1,-1,-1,-1,-1,-1,-1,-1,5254,874,1472,0.3625,19.2688,6.99,0,0,,,
22441420237767,-1,-1,-1,,-1,-1,-1,,-1,-1,-1,-1,-1,-1,-1,-1,-1,5254,874,1472,0.3625,19.275,6.8,0,0,,,
22441425231809,-1,-1,-1,,-1,-1,-1,,-1,-1,-1,-1,-1,-1,-1,-1,-1,5254,874,1472,0.375,19.2737,7.22,0,0,,,
22441430236731,-1,-1,-1,,-1,-1,-1,,-1,-1,-1,-1,-1,-1,-1,-1,-1,5254,874,1472,0.4075,19.27,7.85,0,0,,,
22441435238229,-1,-1,-1,,-1,-1,-1,,-1,-1,-1,-1,-1,-1,-1,-1,-1,5254,874,1472,0.3525,19.2787,6.8,0,0,,,
22441440234158,-1,-1,-1,,-1,-1,-1,,-1,-1,-1,-1,-1,-1,-1,-1,-1,5254,874,1472,0.3725,19.2712,6.89,0,0,,,
22441445230632,-1,-1,-1,,-1,-1,-1,,-1,-1,-1,-1,-1,-1,-1,-1,-1,5254,874,1472,0.3675,19.27,7.08,0,0,,,
22441450237026,-1,-1,-1,,-1,-1,-1,,-1,-1,-1,-1,-1,-1,-1,-1,-1,5254,874,1472,0.36875,19.2787,7.1,0,0,,,
22441455237308,-1,-1,-1,,-1,-1,-1,,-1,-1,-1,-1,-1,-1,-1,-1,-1,5254,874,1472,0.355,19.2737,6.85,0,0,,,
22441460236470,-1,-1,-1,,-1,-1,-1,,-1,-1,-1,-1,-1,-1,-1,-1,-1,5254,874,1472,0.38125,19.275,6.77,0,0,,,
22441465248432,-1,-1,-1,,-1,-1,-1,,-1,-1,-1,-1,-1,-1,-1,-1,-1,5254,874,1472,0.40375,19.285,7.78,0,0,,,
22441470243434,-1,-1,-1,,-1,-1,-1,,-1,-1,-1,-1,-1,-1,-1,-1,-1,5254,874,1472,0.3525,19.2838,6.8,0,0,,,
22441475233155,-1,-1,-1,,-1,-1,-1,,-1,-1,-1,-1,-1,-1,-1,-1,-1,5254,874,1472,0.37375,19.2737,7.27,0,0,,,
22441480231165,-1,-1,-1,,-1,-1,-1,,-1,-1,-1,-1,-1,-1,-1,-1,-1,5254,874,1472,0.3725,19.2763,6.96,0,0,,,
22441485240791,-1,-1,-1,,-1,-1,-1,,-1,-1,-1,-1,-1,-1,-1,-1,-1,5254,834,1472,0.34625,19.28,6.68,0,0,,,
22441490236593,-1,-1,-1,,-1,-1,-1,,-1,-1,-1,-1,-1,-1,-1,-1,-1,5254,834,1472,0.3725,19.2725,7.18,0,0,,,
22441495237163,-1,-1,-1,,-1,-1,-1,,-1,-1,-1,-1,-1,-1,-1,-1,-1,5254,834,1472,0.355,19.2712,7.3,0,0,,,
22441500247237,-1,-1,-1,,-1,-1,-1,,-1,-1,-1,-1,-1,-1,-1,-1,-1,5254,834,1472,0.38,19.2725,7.32,0,0,,,
22441505236287,-1,-1,-1,,-1,-1,-1,,-1,-1,-1,-1,-1,-1,-1,-1,-1,5214,834,1472,0.37125,19.2763,7.16,0,0,,,
22441510231800,-1,-1,-1,,-1,-1,-1,,-1,-1,-1,-1,-1,-1,-1,-1,-1,5214,834,1472,0.3475,19.27,6.69,0,0,,,
22441515232498,-1,-1,-1,,-1,-1,-1,,-1,-1,-1,-1,-1,-1,-1,-1,-1,5214,834,1472,0.3625,19.2712,6.75,0,0,,,
22441520238636,-1,-1,-1,,-1,-1,-1,,-1,-1,-1,-1,-1,-1,-1,-1,-1,5214,834,1472,0.34625,19.2775,6.67,0,0,,,
22441525235590,-1,-1,-1,,-1,-1,-1,,-1,-1,-1,-1,-1,-1,-1,-1,-1,5214,834,1472,0.38875,19.2787,7.5,0,0,,,
22441530232192,-1,-1,-1,,-1,-1,-1,,-1,-1,-1,-1,-1,-1,-1,-1,-1,5214,834,1472,0.3925,19.2725,7.56,0,0,,,
22441535252954,-1,-1,-1,,-1,-1,-1,,-1,-1,-1,-1,-1,-1,-1,-1,-1,5214,834,1472,0.36,19.2775,7.32,0,0,,,
22441540236179,-1,-1,-1,,-1,-1,-1,,-1,-1,-1,-1,-1,-1,-1,-1,-1,5214,834,1472,0.36,19.2712,6.94,0,0,,,
22441545233005,-1,-1,-1,,-1,-1,-1,,-1,-1,-1,-1,-1,-1,-1,-1,-1,5214,834,1472,0.35625,19.2737,6.86,0,0,,,
22441550238503,-1,-1,-1,,-1,-1,-1,,-1,-1,-1,-1,-1,-1,-1,-1,-1,5214,834,1472,0.38875,19.2712,7.49,0,0,,,
22441555241185,-1,-1,-1,,-1,-1,-1,,-1,-1,-1,-1,-1,-1,-1,-1,-1,5214,834,1472,0.34625,19.2812,6.72,0,0,,,
22441560235707,-1,-1,-1,,-1,-1,-1,,-1,-1,-1,-1,-1,-1,-1,-1,-1,5214,834,1472,0.3675,19.2662,7.08,0,0,,,
22441565235253,-1,-1,-1,,-1,-1,-1,,-1,-1,-1,-1,-1,-1,-1,-1,-1,5214,834,1472,0.3775,19.275,7.27,0,0,,,
22441570239279,-1,-1,-1,,-1,-1,-1,,-1,-1,-1,-1,-1,-1,-1,-1,-1,5214,834,1472,0.34625,19.28,6.94,0,0,,,
22441575232840,-1,-1,-1,,-1,-1,-1,,-1,-1,-1,-1,-1,-1,-1,-1,-1,5214,834,1472,0.375,19.27,7.21,0,0,,,
22441580232098,-1,-1,-1,,-1,-1,-1,,-1,-1,-1,-1,-1,-1,-1,-1,-1,5214,834,1472,0.355,19.2662,6.84,0,0,,,
22441585236956,-1,-1,-1,,-1,-1,-1,,-1,-1,-1,-1,-1,-1,-1,-1,-1,5214,834,1472,0.3575,19.2825,6.9,0,0,,,
22441590233366,-1,-1,-1,,-1,-1,-1,,-1,-1,-1,-1,-1,-1,-1,-1,-1,5214,834,1472,0.3775,19.275,7.08,0,0,,,
22441595233360,-1,-1,-1,,-1,-1,-1,,-1,-1,-1,-1,-1,-1,-1,-1,-1,5214,834,1472,0.38875,19.2763,7.49,0,0,,,
22441600243178,-1,-1,-1,,-1,-1,-1,,-1,-1,-1,-1,-1,-1,-1,-1,-1,5214,834,1472,0.3675,19.2763,7.08,0,0,,,
22441605243492,-1,-1,-1,,-1,-1,-1,,-1,-1,-1,-1,-1,-1,-1,-1,-1,5214,834,1472,0.3525,19.28,6.8,0,0,,,
22441610238045,-1,-1,-1,,-1,-1,-1,,-1,-1,-1,-1,-1,-1,-1,-1,-1,5214,834,1472,0.3475,19.275,7.32,0,0,,,
22441615236823,-1,-1,-1,,-1,-1,-1,,-1,-1,-1,-1,-1,-1,-1,-1,-1,5214,834,1472,0.375,19.2775,7.23,0,0,,,
22441620243729,-1,-1,-1,,-1,-1,-1,,-1,-1,-1,-1,-1,-1,-1,-1,-1,5214,834,1472,0.37375,19.2712,7.21,0,0,,,
22441625240491,-1,-1,-1,,-1,-1,-1,,-1,-1,-1,-1,-1,-1,-1,-1,-1,5214,834,1472,0.3475,19.2838,6.71,0,0,,,
22441630238469,-1,-1,-1,,-1,-1,-1,,-1,-1,-1,-1,-1,-1,-1,-1,-1,5214,834,1472,0.34875,19.2812,7.32,0,0,,,
22441635236127,-1,-1,-1,,-1,-1,-1,,-1,-1,-1,-1,-1,-1,-1,-1,-1,5214,834,1472,0.35625,19.2737,6.86,0,0,,,
22441640239801,-1,-1,-1,,-1,-1,-1,,-1,-1,-1,-1,-1,-1,-1,-1,-1,5214,834,1472,0.36375,19.2763,7.01,0,0,,,
22441645240722,-1,-1,-1,,-1,-1,-1,,-1,-1,-1,-1,-1,-1,-1,-1,-1,5214,834,1472,0.34375,19.275,6.85,0,0,,,
22441650233580,-1,-1,-1,,-1,-1,-1,,-1,-1,-1,-1,-1,-1,-1,-1,-1,5214,834,1472,0.35375,19.2725,7.37,0,0,,,
22441655234534,-1,-1,-1,,-1,-1,-1,,-1,-1,-1,-1,-1,-1,-1,-1,-1,5214,834,1472,0.3675,19.2775,7.08,0,0,,,
22441660240480,-1,-1,-1,,-1,-1,-1,,-1,-1,-1,-1,-1,-1,-1,-1,-1,5214,834,1472,0.35375,19.2775,6.82,0,0,,,
22441665247066,-1,-1,-1,,-1,-1,-1,,-1,-1,-1,-1,-1,-1,-1,-1,-1,5214,834,1472,0.355,19.275,7.3,0,0,,,
22441670240084,-1,-1,-1,,-1,-1,-1,,-1,-1,-1,-1,-1,-1,-1,-1,-1,5214,834,1472,0.37375,19.2725,7.21,0,0,,,
22441675234029,-1,-1,-1,,-1,-1,-1,,-1,-1,-1,-1,-1,-1,-1,-1,-1,5214,834,1472,0.355,19.2662,6.84,0,0,,,
22441680232327,-1,-1,-1,,-1,-1,-1,,-1,-1,-1,-1,-1,-1,-1,-1,-1,5214,834,1472,0.35125,19.2737,6.77,0,0,,,
22441685237057,-1,-1,-1,,-1,-1,-1,,-1,-1,-1,-1,-1,-1,-1,-1,-1,5214,834,1472,0.3675,19.2787,6.68,0,0,,,
22441690239419,-1,-1,-1,,-1,-1,-1,,-1,-1,-1,-1,-1,-1,-1,-1,-1,5214,834,1472,0.34375,19.275,6.63,0,0,,,
22441695232309,-1,-1,-1,,-1,-1,-1,,-1,-1,-1,-1,-1,-1,-1,-1,-1,5214,834,1472,0.37625,19.27,7.24,0,0,,,
22441700231023,-1,-1,-1,,-1,-1,-1,,-1,-1,-1,-1,-1,-1,-1,-1,-1,5214,834,1472,0.35875,19.275,6.91,0,0,,,
22441705236392,-1,-1,-1,,-1,-1,-1,,-1,-1,-1,-1,-1,-1,-1,-1,-1,5214,834,1472,0.345,19.275,6.77,0,0,,,
22441710233474,-1,-1,-1,,-1,-1,-1,,-1,-1,-1,-1,-1,-1,-1,-1,-1,5214,834,1472,0.37125,19.2675,7.16,0,0,,,
22441715235004,-1,-1,-1,,-1,-1,-1,,-1,-1,-1,-1,-1,-1,-1,-1,-1,5214,834,1472,0.37375,19.2737,7.21,0,0,,,
22441720230070,-1,-1,-1,,-1,-1,-1,,-1,-1,-1,-1,-1,-1,-1,-1,-1,5214,834,1472,0.38,19.2725,6.77,0,0,,,
22441725237872,-1,-1,-1,,-1,-1,-1,,-1,-1,-1,-1,-1,-1,-1,-1,-1,5214,834,1472,0.3525,19.2763,6.82,0,0,,,
22441730238410,-1,-1,-1,,-1,-1,-1,,-1,-1,-1,-1,-1,-1,-1,-1,-1,5214,834,1472,0.3725,19.2812,7.18,0,0,,,
22441735237284,-1,-1,-1,,-1,-1,-1,,-1,-1,-1,-1,-1,-1,-1,-1,-1,5214,834,1472,0.38,19.2775,7.32,0,0,,,
22441740248030,-1,-1,-1,,-1,-1,-1,,-1,-1,-1,-1,-1,-1,-1,-1,-1,5214,834,1472,0.39875,19.2712,7.4,0,0,,,
22441745241367,-1,-1,-1,,-1,-1,-1,,-1,-1,-1,-1,-1,-1,-1,-1,-1,5214,834,1472,0.345,19.28,6.64,0,0,,,
22441750235345,-1,-1,-1,,-1,-1,-1,,-1,-1,-1,-1,-1,-1,-1,-1,-1,5214,834,1472,0.38,19.2763,7.32,0,0,,,
22441755237355,-1,-1,-1,,-1,-1,-1,,-1,-1,-1,-1,-1,-1,-1,-1,-1,5214,834,1472,0.3725,19.27,7.18,0,0,,,
22441760240965,-1,-1,-1,,-1,-1,-1,,-1,-1,-1,-1,-1,-1,-1,-1,-1,5214,834,1472,0.3475,19.275,6.8,0,0,,,
22441765237055,-1,-1,-1,,-1,-1,-1,,-1,-1,-1,-1,-1,-1,-1,-1,-1,5214,834,1472,0.3775,19.2775,7.28,0,0,,,
22441770238201,-1,-1,-1,,-1,-1,-1,,-1,-1,-1,-1,-1,-1,-1,-1,-1,5214,834,1472,0.39375,19.2787,7.59,0,0,,,
22441775234642,-1,-1,-1,,-1,-1,-1,,-1,-1,-1,-1,-1,-1,-1,-1,-1,5214,834,1472,0.3775,19.2787,7.28,0,0,,,
22441780240972,-1,-1,-1,,-1,-1,-1,,-1,-1,-1,-1,-1,-1,-1,-1,-1,5214,834,1472,0.3475,19.2812,7.51,0,0,,,
22441785237286,-1,-1,-1,,-1,-1,-1,,-1,-1,-1,-1,-1,-1,-1,-1,-1,5214,834,1472,0.355,19.2763,6.85,0,0,,,
22441790238624,-1,-1,-1,,-1,-1,-1,,-1,-1,-1,-1,-1,-1,-1,-1,-1,5214,834,1472,0.35375,19.2775,6.82,0,0,,,
22441795232730,-1,-1,-1,,-1,-1,-1,,-1,-1,-1,-1,-1,-1,-1,-1,-1,5214,834,1472,0.36125,19.2737,6.96,0,0,,,
22441800235380,-1,-1,-1,,-1,-1,-1,,-1,-1,-1,-1,-1,-1,-1,-1,-1,5214,834,1472,0.35625,19.2775,6.8,0,0,,,
22441805248430,-1,-1,-1,,-1,-1,-1,,-1,-1,-1,-1,-1,-1,-1,-1,-1,5214,834,1472,0.38625,19.275,7.45,0,0,,,
22441810240935,-1,-1,-1,,-1,-1,-1,,-1,-1,-1,-1,-1,-1,-1,-1,-1,5214,834,1472,0.33625,19.2838,6.49,0,0,,,
22441815233505,-1,-1,-1,,-1,-1,-1,,-1,-1,-1,-1,-1,-1,-1,-1,-1,5214,834,1472,0.3675,19.2725,7.23,0,0,,,
22441820231195,-1,-1,-1,,-1,-1,-1,,-1,-1,-1,-1,-1,-1,-1,-1,-1,5214,834,1472,0.38125,19.2737,6.72,0,0,,,
22441825238517,-1,-1,-1,,-1,-1,-1,,-1,-1,-1,-1,-1,-1,-1,-1,-1,5175,834,1472,0.34875,19.2775,6.72,0,0,,,
22441830236271,-1,-1,-1,,-1,-1,-1,,-1,-1,-1,-1,-1,-1,-1,-1,-1,5175,834,1472,0.375,19.27,7.23,0,0,,,
22441835241289,-1,-1,-1,,-1,-1,-1,,-1,-1,-1,-1,-1,-1,-1,-1,-1,5175,834,1472,0.375,19.2688,7.16,0,0,,,
22441840247267,-1,-1,-1,,-1,-1,-1,,-1,-1,-1,-1,-1,-1,-1,-1,-1,5175,834,1472,0.37,19.275,7.13,0,0,,,
22441845240764,-1,-1,-1,,-1,-1,-1,,-1,-1,-1,-1,-1,-1,-1,-1,-1,5175,834,1472,0.3425,19.2787,6.6,0,0,,,
22441850232374,-1,-1,-1,,-1,-1,-1,,-1,-1,-1,-1,-1,-1,-1,-1,-1,5175,834,1472,0.37875,19.2787,7.3,0,0,,,
22441855229456,-1,-1,-1,,-1,-1,-1,,-1,-1,-1,-1,-1,-1,-1,-1,-1,5175,834,1472,0.35375,19.2787,7.5,0,0,,,
22441860235370,-1,-1,-1,,-1,-1,-1,,-1,-1,-1,-1,-1,-1,-1,-1,-1,5175,834,1472,0.345,19.2688,6.64,0,0,,,
22441865237252,-1,-1,-1,,-1,-1,-1,,-1,-1,-1,-1,-1,-1,-1,-1,-1,5175,834,1472,0.37125,19.2775,7.16,0,0,,,
22441870246462,-1,-1,-1,,-1,-1,-1,,-1,-1,-1,-1,-1,-1,-1,-1,-1,5175,834,1472,0.37875,19.2712,7.3,0,0,,,
22441875235927,-1,-1,-1,,-1,-1,-1,,-1,-1,-1,-1,-1,-1,-1,-1,-1,5175,834,1472,0.38625,19.2725,6.77,0,0,,,
22441880239729,-1,-1,-1,,-1,-1,-1,,-1,-1,-1,-1,-1,-1,-1,-1,-1,5175,834,1472,0.345,19.2787,6.66,0,0,,,
22441885237003,-1,-1,-1,,-1,-1,-1,,-1,-1,-1,-1,-1,-1,-1,-1,-1,5175,834,1472,0.36125,19.2688,6.96,0,0,,,
22441890238181,-1,-1,-1,,-1,-1,-1,,-1,-1,-1,-1,-1,-1,-1,-1,-1,5175,834,1472,0.36125,19.2737,7.1,0,0,,,
22441895240319,-1,-1,-1,,-1,-1,-1,,-1,-1,-1,-1,-1,-1,-1,-1,-1,5175,834,1472,0.34625,19.2763,6.82,0,0,,,
22441900236569,-1,-1,-1,,-1,-1,-1,,-1,-1,-1,-1,-1,-1,-1,-1,-1,5175,834,1472,0.36375,19.27,7.01,0,0,,,
22441905231922,-1,-1,-1,,-1,-1,-1,,-1,-1,-1,-1,-1,-1,-1,-1,-1,5175,834,1472,0.35375,19.27,6.82,0,0,,,
22441910238284,-1,-1,-1,,-1,-1,-1,,-1,-1,-1,-1,-1,-1,-1,-1,-1,5175,794,1472,0.34,19.2763,6.77,0,0,,,
22441915233094,-1,-1,-1,,-1,-1,-1,,-1,-1,-1,-1,-1,-1,-1,-1,-1,5175,794,1472,0.375,19.2725,7.22,0,0,,,
22441920232448,-1,-1,-1,,-1,-1,-1,,-1,-1,-1,-1,-1,-1,-1,-1,-1,5175,794,1472,0.36625,19.265,7.05,0,0,,,
22441925232986,-1,-1,-1,,-1,-1,-1,,-1,-1,-1,-1,-1,-1,-1,-1,-1,5175,794,1472,0.36625,19.2737,7.05,0,0,,,
22441930259060,-1,-1,-1,,-1,-1,-1,,-1,-1,-1,-1,-1,-1,-1,-1,-1,5175,834,1472,0.3525,19.275,7.71,0,0,,,
22441935240750,-1,-1,-1,,-1,-1,-1,,-1,-1,-1,-1,-1,-1,-1,-1,-1,5175,834,1472,0.37125,19.27,7.16,0,0,,,
22441940232903,-1,-1,-1,,-1,-1,-1,,-1,-1,-1,-1,-1,-1,-1,-1,-1,5175,834,1472,0.38,19.275,7.32,0,0,,,
22441945240833,-1,-1,-1,,-1,-1,-1,,-1,-1,-1,-1,-1,-1,-1,-1,-1,5175,834,1472,0.36,19.2763,6.94,0,0,,,
22441950234971,-1,-1,-1,,-1,-1,-1,,-1,-1,-1,-1,-1,-1,-1,-1,-1,5175,834,1472,0.375,19.2675,7.16,0,0,,,
22441955232725,-1,-1,-1,,-1,-1,-1,,-1,-1,-1,-1,-1,-1,-1,-1,-1,5175,834,1472,0.3625,19.2675,6.99,0,0,,,
22441960239503,-1,-1,-1,,-1,-1,-1,,-1,-1,-1,-1,-1,-1,-1,-1,-1,5175,834,1472,0.36375,19.2838,7.01,0,0,,,
22441965233545,-1,-1,-1,,-1,-1,-1,,-1,-1,-1,-1,-1,-1,-1,-1,-1,5175,834,1472,0.3875,19.2712,7.01,0,0,,,
22441970233378,-1,-1,-1,,-1,-1,-1,,-1,-1,-1,-1,-1,-1,-1,-1,-1,5175,834,1472,0.3675,19.275,6.77,0,0,,,
22441975238108,-1,-1,-1,,-1,-1,-1,,-1,-1,-1,-1,-1,-1,-1,-1,-1,5175,834,1472,0.36375,19.2688,7.01,0,0,,,
22441980238230,-1,-1,-1,,-1,-1,-1,,-1,-1,-1,-1,-1,-1,-1,-1,-1,5175,794,1472,0.3725,19.2675,7.18,0,0,,,
22441985248560,-1,-1,-1,,-1,-1,-1,,-1,-1,-1,-1,-1,-1,-1,-1,-1,5175,794,1472,0.3775,19.275,6.75,0,0,,,
22441990238314,-1,-1,-1,,-1,-1,-1,,-1,-1,-1,-1,-1,-1,-1,-1,-1,5175,794,1472,0.41,19.2538,7.9,0,0,,,
22441995239076,-1,-1,-1,,-1,-1,-1,,-1,-1,-1,-1,-1,-1,-1,-1,-1,5175,834,1472,0.41125,19.2662,7.92,0,0,,,
22442000233822,-1,-1,-1,,-1,-1,-1,,-1,-1,-1,-1,-1,-1,-1,-1,-1,5175,834,1472,0.3625,19.2737,6.99,0,0,,,
22442005232023,-1,-1,-1,,-1,-1,-1,,-1,-1,-1,-1,-1,-1,-1,-1,-1,5175,834,1472,0.38125,19.2725,6.8,0,0,,,
22442010251506,-1,-1,-1,,-1,-1,-1,,-1,-1,-1,-1,-1,-1,-1,-1,-1,5175,834,1472,0.365,19.27,7.03,0,0,,,
22442015236427,-1,-1,-1,,-1,-1,-1,,-1,-1,-1,-1,-1,-1,-1,-1,-1,5175,834,1472,0.37375,19.2737,7.21,0,0,,,
22442020231973,-1,-1,-1,,-1,-1,-1,,-1,-1,-1,-1,-1,-1,-1,-1,-1,5175,834,1472,0.3525,19.2787,6.8,0,0,,,
22442025251903,-1,-1,-1,,-1,-1,-1,,-1,-1,-1,-1,-1,-1,-1,-1,-1,5175,834,1472,0.36625,19.2787,7.45,0,0,,,
22442030239673,-1,-1,-1,,-1,-1,-1,,-1,-1,-1,-1,-1,-1,-1,-1,-1,5175,794,1472,0.3575,19.2737,6.89,0,0,,,
22442035233010,-1,-1,-1,,-1,-1,-1,,-1,-1,-1,-1,-1,-1,-1,-1,-1,5175,794,1472,0.36625,19.2662,7.05,0,0,,,
22442040236012,-1,-1,-1,,-1,-1,-1,,-1,-1,-1,-1,-1,-1,-1,-1,-1,5175,794,1472,0.36875,19.2725,7.1,0,0,,,
22442045234118,-1,-1,-1,,-1,-1,-1,,-1,-1,-1,-1,-1,-1,-1,-1,-1,5175,794,1472,0.3875,19.2763,6.89,0,0,,,
22442050238720,-1,-1,-1,,-1,-1,-1,,-1,-1,-1,-1,-1,-1,-1,-1,-1,5175,794,1472,0.34,19.2775,6.55,0,0,,,
22442055229626,-1,-1,-1,,-1,-1,-1,,-1,-1,-1,-1,-1,-1,-1,-1,-1,5175,794,1472,0.37875,19.275,7.3,0,0,,,
22442060234100,-1,-1,-1,,-1,-1,-1,,-1,-1,-1,-1,-1,-1,-1,-1,-1,5175,794,1472,0.365,19.2638,7,0,0,,,
22442065239086,-1,-1,-1,,-1,-1,-1,,-1,-1,-1,-1,-1,-1,-1,-1,-1,5175,834,1472,0.35625,19.2787,6.99,0,0,,,
22442070231751,-1,-1,-1,,-1,-1,-1,,-1,-1,-1,-1,-1,-1,-1,-1,-1,5175,834,1472,0.37875,19.2712,7.3,0,0,,,
22442075231457,-1,-1,-1,,-1,-1,-1,,-1,-1,-1,-1,-1,-1,-1,-1,-1,5175,834,1472,0.37,19.27,7.13,0,0,,,
22442080240923,-1,-1,-1,,-1,-1,-1,,-1,-1,-1,-1,-1,-1,-1,-1,-1,5175,794,1472,0.3525,19.2737,6.99,0,0,,,
22442085237109,-1,-1,-1,,-1,-1,-1,,-1,-1,-1,-1,-1,-1,-1,-1,-1,5175,794,1472,0.36375,19.2712,7.01,0,0,,,
22442090234799,-1,-1,-1,,-1,-1,-1,,-1,-1,-1,-1,-1,-1,-1,-1,-1,5175,794,1472,0.36875,19.275,7.1,0,0,,,
22442095235497,-1,-1,-1,,-1,-1,-1,,-1,-1,-1,-1,-1,-1,-1,-1,-1,5175,794,1472,0.3625,19.275,6.99,0,0,,,
22442100240451,-1,-1,-1,,-1,-1,-1,,-1,-1,-1,-1,-1,-1,-1,-1,-1,5175,794,1472,0.34,19.2787,6.63,0,0,,,
22442105235804,-1,-1,-1,,-1,-1,-1,,-1,-1,-1,-1,-1,-1,-1,-1,-1,5175,794,1472,0.375,19.2675,7.22,0,0,,,
22442110235062,-1,-1,-1,,-1,-1,-1,,-1,-1,-1,-1,-1,-1,-1,-1,-1,5175,794,1472,0.36875,19.27,7.1,0,0,,,
22442115239024,-1,-1,-1,,-1,-1,-1,,-1,-1,-1,-1,-1,-1,-1,-1,-1,5175,794,1472,0.3475,19.2812,6.69,0,0,,,
22442120233162,-1,-1,-1,,-1,-1,-1,,-1,-1,-1,-1,-1,-1,-1,-1,-1,5175,794,1472,0.3775,19.275,7.1,0,0,,,
22442125232100,-1,-1,-1,,-1,-1,-1,,-1,-1,-1,-1,-1,-1,-1,-1,-1,5175,794,1472,0.365,19.275,7.04,0,0,,,
22442130238718,-1,-1,-1,,-1,-1,-1,,-1,-1,-1,-1,-1,-1,-1,-1,-1,5175,794,1472,0.3675,19.2825,7.09,0,0,,,
22442135233239,-1,-1,-1,,-1,-1,-1,,-1,-1,-1,-1,-1,-1,-1,-1,-1,5175,794,1472,0.385,19.2662,7.03,0,0,,,
22442140234833,-1,-1,-1,,-1,-1,-1,,-1,-1,-1,-1,-1,-1,-1,-1,-1,5175,794,1472,0.3775,19.2725,6.69,0,0,,,
22442145238315,-1,-1,-1,,-1,-1,-1,,-1,-1,-1,-1,-1,-1,-1,-1,-1,5175,794,1472,0.38125,19.2787,7.35,0,0,,,
22442150238725,-1,-1,-1,,-1,-1,-1,,-1,-1,-1,-1,-1,-1,-1,-1,-1,5175,794,1472,0.36375,19.2812,7.01,0,0,,,
22442155236319,-1,-1,-1,,-1,-1,-1,,-1,-1,-1,-1,-1,-1,-1,-1,-1,5175,794,1472,0.375,19.27,7.1,0,0,,,
22442160238329,-1,-1,-1,,-1,-1,-1,,-1,-1,-1,-1,-1,-1,-1,-1,-1,5175,794,1472,0.37125,19.2688,7.16,0,0,,,
22442165241171,-1,-1,-1,,-1,-1,-1,,-1,-1,-1,-1,-1,-1,-1,-1,-1,5175,794,1472,0.3475,19.2812,6.69,0,0,,,
22442170234604,-1,-1,-1,,-1,-1,-1,,-1,-1,-1,-1,-1,-1,-1,-1,-1,5175,794,1472,0.37625,19.275,7.26,0,0,,,
22442175232358,-1,-1,-1,,-1,-1,-1,,-1,-1,-1,-1,-1,-1,-1,-1,-1,5175,794,1472,0.36875,19.275,6.8,0,0,,,
22442180238656,-1,-1,-1,,-1,-1,-1,,-1,-1,-1,-1,-1,-1,-1,-1,-1,5175,794,1472,0.35375,19.275,6.82,0,0,,,
22442185232730,-1,-1,-1,,-1,-1,-1,,-1,-1,-1,-1,-1,-1,-1,-1,-1,5175,794,1472,0.375,19.2712,7.23,0,0,,,
22442190234292,-1,-1,-1,,-1,-1,-1,,-1,-1,-1,-1,-1,-1,-1,-1,-1,5175,794,1472,0.36125,19.275,6.96,0,0,,,
22442195231342,-1,-1,-1,,-1,-1,-1,,-1,-1,-1,-1,-1,-1,-1,-1,-1,5175,794,1472,0.36125,19.275,7.26,0,0,,,
22442200241864,-1,-1,-1,,-1,-1,-1,,-1,-1,-1,-1,-1,-1,-1,-1,-1,5175,794,1472,0.36375,19.2688,7.01,0,0,,,
22442205241474,-1,-1,-1,,-1,-1,-1,,-1,-1,-1,-1,-1,-1,-1,-1,-1,5175,794,1472,0.35875,19.2775,6.91,0,0,,,
22442210244827,-1,-1,-1,,-1,-1,-1,,-1,-1,-1,-1,-1,-1,-1,-1,-1,5175,794,1472,0.36875,19.2763,7.64,0,0,,,
22442215240405,-1,-1,-1,,-1,-1,-1,,-1,-1,-1,-1,-1,-1,-1,-1,-1,5175,794,1472,0.36125,19.28,7.51,0,0,,,
22442220246607,-1,-1,-1,,-1,-1,-1,,-1,-1,-1,-1,-1,-1,-1,-1,-1,5175,794,1472,0.37125,19.2737,7.16,0,0,,,
22442225241961,-1,-1,-1,,-1,-1,-1,,-1,-1,-1,-1,-1,-1,-1,-1,-1,5175,794,1472,0.37,19.2763,7.13,0,0,,,
22442230250787,-1,-1,-1,,-1,-1,-1,,-1,-1,-1,-1,-1,-1,-1,-1,-1,5175,794,1472,0.37625,19.2638,7.19,0,0,,,
22442235240541,-1,-1,-1,,-1,-1,-1,,-1,-1,-1,-1,-1,-1,-1,-1,-1,5175,794,1472,0.35125,19.2763,6.77,0,0,,,
22442240235126,-1,-1,-1,,-1,-1,-1,,-1,-1,-1,-1,-1,-1,-1,-1,-1,5175,794,1472,0.34875,19.275,6.72,0,0,,,
22442245236752,-1,-1,-1,,-1,-1,-1,,-1,-1,-1,-1,-1,-1,-1,-1,-1,5175,794,1472,0.395,19.2763,7.62,0,0,,,
22442250239210,-1,-1,-1,,-1,-1,-1,,-1,-1,-1,-1,-1,-1,-1,-1,-1,5175,794,1472,0.345,19.27,7.32,0,0,,,
22442255253092,-1,-1,-1,,-1,-1,-1,,-1,-1,-1,-1,-1,-1,-1,-1,-1,5175,794,1472,0.37375,19.2712,7.21,0,0,,,
22442260245086,-1,-1,-1,,-1,-1,-1,,-1,-1,-1,-1,-1,-1,-1,-1,-1,5175,794,1472,0.3725,19.2775,7.18,0,0,,,
22442265241432,-1,-1,-1,,-1,-1,-1,,-1,-1,-1,-1,-1,-1,-1,-1,-1,5175,794,1472,0.3575,19.2625,6.89,0,0,,,
22442270238578,-1,-1,-1,,-1,-1,-1,,-1,-1,-1,-1,-1,-1,-1,-1,-1,5175,794,1472,0.38125,19.2763,6.72,0,0,,,
22442275251724,-1,-1,-1,,-1,-1,-1,,-1,-1,-1,-1,-1,-1,-1,-1,-1,5175,794,1472,0.4075,19.2638,7.85,0,0,,,
22442280242789,-1,-1,-1,,-1,-1,-1,,-1,-1,-1,-1,-1,-1,-1,-1,-1,5175,794,1472,0.405,19.2662,7.81,0,0,,,
22442285263488,-1,-1,-1,,-1,-1,-1,,-1,-1,-1,-1,-1,-1,-1,-1,-1,5175,834,1472,0.38375,19.265,8.04,0,0,,,
22442290251737,-1,-1,-1,,-1,-1,-1,,-1,-1,-1,-1,-1,-1,-1,-1,-1,5175,834,1472,0.36,19.2763,7.4,0,0,,,
22442295235955,-1,-1,-1,,-1,-1,-1,,-1,-1,-1,-1,-1,-1,-1,-1,-1,5175,834,1472,0.37625,19.27,7.24,0,0,,,
22442300235981,-1,-1,-1,,-1,-1,-1,,-1,-1,-1,-1,-1,-1,-1,-1,-1,5214,834,1472,0.34625,19.28,6.68,0,0,,,
22442305237318,-1,-1,-1,,-1,-1,-1,,-1,-1,-1,-1,-1,-1,-1,-1,-1,5214,834,1472,0.36625,19.2688,6.99,0,0,,,
22442310231808,-1,-1,-1,,-1,-1,-1,,-1,-1,-1,-1,-1,-1,-1,-1,-1,5214,834,1472,0.39,19.28,6.68,0,0,,,
22442315240698,-1,-1,-1,,-1,-1,-1,,-1,-1,-1,-1,-1,-1,-1,-1,-1,5214,834,1472,0.345,19.2775,6.66,0,0,,,
22442320251796,-1,-1,-1,,-1,-1,-1,,-1,-1,-1,-1,-1,-1,-1,-1,-1,5214,834,1472,0.3775,19.2775,7.28,0,0,,,
22442325257774,-1,-1,-1,,-1,-1,-1,,-1,-1,-1,-1,-1,-1,-1,-1,-1,5214,834,1472,0.365,19.2737,7.35,0,0,,,
22442330248136,-1,-1,-1,,-1,-1,-1,,-1,-1,-1,-1,-1,-1,-1,-1,-1,5214,834,1472,0.36,19.2737,6.94,0,0,,,
22442335238722,-1,-1,-1,,-1,-1,-1,,-1,-1,-1,-1,-1,-1,-1,-1,-1,5214,834,1472,0.37875,19.2825,7.31,0,0,,,
22442340248124,-1,-1,-1,,-1,-1,-1,,-1,-1,-1,-1,-1,-1,-1,-1,-1,5214,834,1472,0.42375,19.2812,8.17,0,0,,,
22442345237685,-1,-1,-1,,-1,-1,-1,,-1,-1,-1,-1,-1,-1,-1,-1,-1,5214,834,1472,0.3875,19.27,7.21,0,0,,,
22442350237967,-1,-1,-1,,-1,-1,-1,,-1,-1,-1,-1,-1,-1,-1,-1,-1,5214,834,1472,0.3725,19.2737,7.18,0,0,,,
22442355241929,-1,-1,-1,,-1,-1,-1,,-1,-1,-1,-1,-1,-1,-1,-1,-1,5214,834,1472,0.33875,19.2775,6.53,0,0,,,
22442360238563,-1,-1,-1,,-1,-1,-1,,-1,-1,-1,-1,-1,-1,-1,-1,-1,5214,834,1472,0.38,19.2787,7.32,0,0,,,
22442365251997,-1,-1,-1,,-1,-1,-1,,-1,-1,-1,-1,-1,-1,-1,-1,-1,5214,834,1472,0.38375,19.27,7.16,0,0,,,
22442370258071,-1,-1,-1,,-1,-1,-1,,-1,-1,-1,-1,-1,-1,-1,-1,-1,5214,834,1472,0.39125,19.2825,7.54,0,0,,,
22442375242256,-1,-1,-1,,-1,-1,-1,,-1,-1,-1,-1,-1,-1,-1,-1,-1,5214,834,1472,0.36875,19.2688,7.1,0,0,,,
22442380233130,-1,-1,-1,,-1,-1,-1,,-1,-1,-1,-1,-1,-1,-1,-1,-1,5214,834,1472,0.37625,19.2763,6.66,0,0,,,
22442385237700,-1,-1,-1,,-1,-1,-1,,-1,-1,-1,-1,-1,-1,-1,-1,-1,5214,834,1472,0.37,19.27,7.13,0,0,,,
22442390246558,-1,-1,-1,,-1,-1,-1,,-1,-1,-1,-1,-1,-1,-1,-1,-1,5214,834,1472,0.35375,19.2825,6.82,0,0,,,
22442395239864,-1,-1,-1,,-1,-1,-1,,-1,-1,-1,-1,-1,-1,-1,-1,-1,5214,834,1472,0.36875,19.2775,7.1,0,0,,,
22442400243154,-1,-1,-1,,-1,-1,-1,,-1,-1,-1,-1,-1,-1,-1,-1,-1,5214,834,1472,0.3975,19.2763,7.45,0,0,,,
22442405247372,-1,-1,-1,,-1,-1,-1,,-1,-1,-1,-1,-1,-1,-1,-1,-1,5214,834,1472,0.37625,19.255,7.24,0,0,,,
22442410243109,-1,-1,-1,,-1,-1,-1,,-1,-1,-1,-1,-1,-1,-1,-1,-1,5214,834,1472,0.36125,19.2775,6.96,0,0,,,
22442415241503,-1,-1,-1,,-1,-1,-1,,-1,-1,-1,-1,-1,-1,-1,-1,-1,5214,834,1472,0.3725,19.2725,7.18,0,0,,,
22442420243001,-1,-1,-1,,-1,-1,-1,,-1,-1,-1,-1,-1,-1,-1,-1,-1,5214,834,1472,0.3625,19.27,7.64,0,0,,,
22442425255891,-1,-1,-1,,-1,-1,-1,,-1,-1,-1,-1,-1,-1,-1,-1,-1,5214,834,1472,0.36875,19.2725,7.1,0,0,,,
22442430241933,-1,-1,-1,,-1,-1,-1,,-1,-1,-1,-1,-1,-1,-1,-1,-1,5214,834,1472,0.3675,19.2763,7.08,0,0,,,
22442435240263,-1,-1,-1,,-1,-1,-1,,-1,-1,-1,-1,-1,-1,-1,-1,-1,5214,834,1472,0.37125,19.28,7.16,0,0,,,
22442440234656,-1,-1,-1,,-1,-1,-1,,-1,-1,-1,-1,-1,-1,-1,-1,-1,5214,834,1472,0.36625,19.275,7.01,0,0,,,
22442445231386,-1,-1,-1,,-1,-1,-1,,-1,-1,-1,-1,-1,-1,-1,-1,-1,5214,834,1472,0.365,19.2675,7.03,0,0,,,
22442450233844,-1,-1,-1,,-1,-1,-1,,-1,-1,-1,-1,-1,-1,-1,-1,-1,5214,834,1472,0.3625,19.2712,6.99,0,0,,,
22442455244782,-1,-1,-1,,-1,-1,-1,,-1,-1,-1,-1,-1,-1,-1,-1,-1,5214,834,1472,0.34625,19.2812,6.68,0,0,,,
22442460248776,-1,-1,-1,,-1,-1,-1,,-1,-1,-1,-1,-1,-1,-1,-1,-1,5214,834,1472,0.3825,19.2787,7.32,0,0,,,
22442465242786,-1,-1,-1,,-1,-1,-1,,-1,-1,-1,-1,-1,-1,-1,-1,-1,5214,834,1472,0.4125,19.2712,7.95,0,0,,,
22442470239644,-1,-1,-1,,-1,-1,-1,,-1,-1,-1,-1,-1,-1,-1,-1,-1,5214,834,1472,0.35125,19.2812,6.77,0,0,,,
22442475237749,-1,-1,-1,,-1,-1,-1,,-1,-1,-1,-1,-1,-1,-1,-1,-1,5214,834,1472,0.3525,19.2787,7.23,0,0,,,
22442480229647,-1,-1,-1,,-1,-1,-1,,-1,-1,-1,-1,-1,-1,-1,-1,-1,5214,834,1472,0.3575,19.2725,7.32,0,0,,,
22442485238185,-1,-1,-1,,-1,-1,-1,,-1,-1,-1,-1,-1,-1,-1,-1,-1,5214,834,1472,0.365,19.285,7.04,0,0,,,
22442490236963,-1,-1,-1,,-1,-1,-1,,-1,-1,-1,-1,-1,-1,-1,-1,-1,5214,834,1472,0.3775,19.2775,7.28,0,0,,,
22442495257917,-1,-1,-1,,-1,-1,-1,,-1,-1,-1,-1,-1,-1,-1,-1,-1,5214,834,1472,0.36,19.2725,7.35,0,0,,,
22442500258199,-1,-1,-1,,-1,-1,-1,,-1,-1,-1,-1,-1,-1,-1,-1,-1,5214,834,1472,0.35375,19.2688,6.82,0,0,,,
22442505243057,-1,-1,-1,,-1,-1,-1,,-1,-1,-1,-1,-1,-1,-1,-1,-1,5214,834,1472,0.37125,19.2787,7.16,0,0,,,
22442510232842,-1,-1,-1,,-1,-1,-1,,-1,-1,-1,-1,-1,-1,-1,-1,-1,5214,834,1472,0.34625,19.27,6.67,0,0,,,
22442515236292,-1,-1,-1,,-1,-1,-1,,-1,-1,-1,-1,-1,-1,-1,-1,-1,5214,834,1472,0.37,19.2812,7.09,0,0,,,
22442520238782,-1,-1,-1,,-1,-1,-1,,-1,-1,-1,-1,-1,-1,-1,-1,-1,5214,834,1472,0.34,19.2763,6.55,0,0,,,
22442525236280,-1,-1,-1,,-1,-1,-1,,-1,-1,-1,-1,-1,-1,-1,-1,-1,5214,834,1472,0.3675,19.2775,7.08,0,0,,,
22442530236402,-1,-1,-1,,-1,-1,-1,,-1,-1,-1,-1,-1,-1,-1,-1,-1,5214,834,1472,0.37125,19.2838,7.16,0,0,,,
22442535235947,-1,-1,-1,,-1,-1,-1,,-1,-1,-1,-1,-1,-1,-1,-1,-1,5214,834,1472,0.36,19.2812,7.26,0,0,,,
22442540237765,-1,-1,-1,,-1,-1,-1,,-1,-1,-1,-1,-1,-1,-1,-1,-1,5214,834,1472,0.3625,19.2662,6.99,0,0,,,
22442545234335,-1,-1,-1,,-1,-1,-1,,-1,-1,-1,-1,-1,-1,-1,-1,-1,5214,834,1472,0.35125,19.275,6.77,0,0,,,
22442550230393,-1,-1,-1,,-1,-1,-1,,-1,-1,-1,-1,-1,-1,-1,-1,-1,5214,834,1472,0.375,19.27,6.96,0,0,,,
22442555241619,-1,-1,-1,,-1,-1,-1,,-1,-1,-1,-1,-1,-1,-1,-1,-1,5214,834,1472,0.345,19.2838,6.63,0,0,,,
22442560236653,-1,-1,-1,,-1,-1,-1,,-1,-1,-1,-1,-1,-1,-1,-1,-1,5214,834,1472,0.3725,19.2812,7.18,0,0,,,
22442565235559,-1,-1,-1,,-1,-1,-1,,-1,-1,-1,-1,-1,-1,-1,-1,-1,5214,834,1472,0.35625,19.275,6.86,0,0,,,
22442570243393,-1,-1,-1,,-1,-1,-1,,-1,-1,-1,-1,-1,-1,-1,-1,-1,5214,834,1472,0.33375,19.2775,6.91,0,0,,,
22442575238522,-1,-1,-1,,-1,-1,-1,,-1,-1,-1,-1,-1,-1,-1,-1,-1,5214,834,1472,0.35125,19.2725,6.77,0,0,,,
22442580254901,-1,-1,-1,,-1,-1,-1,,-1,-1,-1,-1,-1,-1,-1,-1,-1,5214,834,1472,0.37875,19.2763,7.3,0,0,,,
22442585260655,-1,-1,-1,,-1,-1,-1,,-1,-1,-1,-1,-1,-1,-1,-1,-1,5214,834,1472,0.36875,19.2737,7.1,0,0,,,
22442590258536,-1,-1,-1,,-1,-1,-1,,-1,-1,-1,-1,-1,-1,-1,-1,-1,5214,834,1472,0.36,19.2675,6.96,0,0,,,
22442595242050,-1,-1,-1,,-1,-1,-1,,-1,-1,-1,-1,-1,-1,-1,-1,-1,5214,834,1472,0.3675,19.2725,7.08,0,0,,,
22442600241372,-1,-1,-1,,-1,-1,-1,,-1,-1,-1,-1,-1,-1,-1,-1,-1,5214,834,1472,0.3775,19.2662,7.27,0,0,,,
22442605240405,-1,-1,-1,,-1,-1,-1,,-1,-1,-1,-1,-1,-1,-1,-1,-1,5214,834,1472,0.3475,19.2825,6.69,0,0,,,
22442610238735,-1,-1,-1,,-1,-1,-1,,-1,-1,-1,-1,-1,-1,-1,-1,-1,5214,834,1472,0.34875,19.27,7.18,0,0,,,
22442615234441,-1,-1,-1,,-1,-1,-1,,-1,-1,-1,-1,-1,-1,-1,-1,-1,5214,834,1472,0.36125,19.28,6.96,0,0,,,
22442620256483,-1,-1,-1,,-1,-1,-1,,-1,-1,-1,-1,-1,-1,-1,-1,-1,5214,834,1472,0.375,19.2775,7.23,0,0,,,
22442625240093,-1,-1,-1,,-1,-1,-1,,-1,-1,-1,-1,-1,-1,-1,-1,-1,5214,834,1472,0.37,19.27,6.99,0,0,,,
22442630239383,-1,-1,-1,,-1,-1,-1,,-1,-1,-1,-1,-1,-1,-1,-1,-1,5214,834,1472,0.37375,19.2638,6.69,0,0,,,
22442635251473,-1,-1,-1,,-1,-1,-1,,-1,-1,-1,-1,-1,-1,-1,-1,-1,5214,834,1472,0.3775,19.2775,7.28,0,0,,,
22442640235114,-1,-1,-1,,-1,-1,-1,,-1,-1,-1,-1,-1,-1,-1,-1,-1,5214,834,1472,0.37375,19.2725,7.21,0,0,,,
22442645233348,-1,-1,-1,,-1,-1,-1,,-1,-1,-1,-1,-1,-1,-1,-1,-1,5214,834,1472,0.375,19.275,6.72,0,0,,,
22442650230302,-1,-1,-1,,-1,-1,-1,,-1,-1,-1,-1,-1,-1,-1,-1,-1,5214,834,1472,0.3625,19.2838,7.5,0,0,,,
22442655238200,-1,-1,-1,,-1,-1,-1,,-1,-1,-1,-1,-1,-1,-1,-1,-1,5214,834,1472,0.355,19.2812,6.85,0,0,,,
22442660237234,-1,-1,-1,,-1,-1,-1,,-1,-1,-1,-1,-1,-1,-1,-1,-1,5214,834,1472,0.375,19.2763,7.23,0,0,,,
22442665238028,-1,-1,-1,,-1,-1,-1,,-1,-1,-1,-1,-1,-1,-1,-1,-1,5214,834,1472,0.385,19.2725,7.16,0,0,,,
22442670239525,-1,-1,-1,,-1,-1,-1,,-1,-1,-1,-1,-1,-1,-1,-1,-1,5214,834,1472,0.34625,19.2812,6.68,0,0,,,
22442675238527,-1,-1,-1,,-1,-1,-1,,-1,-1,-1,-1,-1,-1,-1,-1,-1,5214,834,1472,0.355,19.28,6.85,0,0,,,
22442680240185,-1,-1,-1,,-1,-1,-1,,-1,-1,-1,-1,-1,-1,-1,-1,-1,5214,834,1472,0.37875,19.2775,7.3,0,0,,,
22442685240691,-1,-1,-1,,-1,-1,-1,,-1,-1,-1,-1,-1,-1,-1,-1,-1,5214,834,1472,0.35,19.2775,7.16,0,0,,,
22442690237933,-1,-1,-1,,-1,-1,-1,,-1,-1,-1,-1,-1,-1,-1,-1,-1,5214,834,1472,0.34625,19.2712,6.67,0,0,,,
22442695238855,-1,-1,-1,,-1,-1,-1,,-1,-1,-1,-1,-1,-1,-1,-1,-1,5214,834,1472,0.3675,19.2763,7.08,0,0,,,
22442700241633,-1,-1,-1,,-1,-1,-1,,-1,-1,-1,-1,-1,-1,-1,-1,-1,5214,834,1472,0.36875,19.2787,7.1,0,0,,,
22442705237850,-1,-1,-1,,-1,-1,-1,,-1,-1,-1,-1,-1,-1,-1,-1,-1,5214,834,1472,0.36,19.2763,6.96,0,0,,,
22442710235124,-1,-1,-1,,-1,-1,-1,,-1,-1,-1,-1,-1,-1,-1,-1,-1,5214,834,1472,0.35875,19.2775,6.91,0,0,,,
22442715250574,-1,-1,-1,,-1,-1,-1,,-1,-1,-1,-1,-1,-1,-1,-1,-1,5214,834,1472,0.36375,19.275,7.01,0,0,,,
22442720236808,-1,-1,-1,,-1,-1,-1,,-1,-1,-1,-1,-1,-1,-1,-1,-1,5214,834,1472,0.37125,19.275,7.1,0,0,,,
22442725235490,-1,-1,-1,,-1,-1,-1,,-1,-1,-1,-1,-1,-1,-1,-1,-1,5214,834,1472,0.35125,19.2725,7.16,0,0,,,
22442730237468,-1,-1,-1,,-1,-1,-1,,-1,-1,-1,-1,-1,-1,-1,-1,-1,5214,834,1472,0.3825,19.275,7.37,0,0,,,
22442735240758,-1,-1,-1,,-1,-1,-1,,-1,-1,-1,-1,-1,-1,-1,-1,-1,5214,834,1472,0.3425,19.2775,6.6,0,0,,,
22442740237871,-1,-1,-1,,-1,-1,-1,,-1,-1,-1,-1,-1,-1,-1,-1,-1,5214,834,1472,0.36375,19.2725,7.26,0,0,,,
22442745238505,-1,-1,-1,,-1,-1,-1,,-1,-1,-1,-1,-1,-1,-1,-1,-1,5214,834,1472,0.38,19.275,7.32,0,0,,,
22442750237027,-1,-1,-1,,-1,-1,-1,,-1,-1,-1,-1,-1,-1,-1,-1,-1,5214,834,1472,0.35375,19.28,6.82,0,0,,,
22442755237437,-1,-1,-1,,-1,-1,-1,,-1,-1,-1,-1,-1,-1,-1,-1,-1,5214,834,1472,0.37,19.2763,7.13,0,0,,,
22442760234007,-1,-1,-1,,-1,-1,-1,,-1,-1,-1,-1,-1,-1,-1,-1,-1,5214,834,1472,0.36125,19.2775,7.45,0,0,,,
22442765237457,-1,-1,-1,,-1,-1,-1,,-1,-1,-1,-1,-1,-1,-1,-1,-1,5214,834,1472,0.35875,19.2787,6.91,0,0,,,
22442770239050,-1,-1,-1,,-1,-1,-1,,-1,-1,-1,-1,-1,-1,-1,-1,-1,5214,834,1472,0.36,19.2787,6.94,0,0,,,
22442775237668,-1,-1,-1,,-1,-1,-1,,-1,-1,-1,-1,-1,-1,-1,-1,-1,5214,834,1472,0.3675,19.2725,7.08,0,0,,,
22442780250590,-1,-1,-1,,-1,-1,-1,,-1,-1,-1,-1,-1,-1,-1,-1,-1,5214,834,1472,0.3625,19.2675,6.99,0,0,,,
22442785244024,-1,-1,-1,,-1,-1,-1,,-1,-1,-1,-1,-1,-1,-1,-1,-1,5214,834,1472,0.34875,19.2763,6.72,0,0,,,
22442790239762,-1,-1,-1,,-1,-1,-1,,-1,-1,-1,-1,-1,-1,-1,-1,-1,5214,834,1472,0.3725,19.28,7.18,0,0,,,
22442795237068,-1,-1,-1,,-1,-1,-1,,-1,-1,-1,-1,-1,-1,-1,-1,-1,5214,834,1472,0.34875,19.2787,7.35,0,0,,,
22442800253606,-1,-1,-1,,-1,-1,-1,,-1,-1,-1,-1,-1,-1,-1,-1,-1,5214,834,1472,0.34875,19.2638,6.72,0,0,,,
22442805241407,-1,-1,-1,,-1,-1,-1,,-1,-1,-1,-1,-1,-1,-1,-1,-1,5214,834,1472,0.36625,19.2787,7.07,0,0,,,
22442810255418,-1,-1,-1,,-1,-1,-1,,-1,-1,-1,-1,-1,-1,-1,-1,-1,5214,834,1472,0.38625,19.2787,7.45,0,0,,,
22442815244627,-1,-1,-1,,-1,-1,-1,,-1,-1,-1,-1,-1,-1,-1,-1,-1,5214,834,1472,0.3725,19.2712,7.18,0,0,,,
22442820244589,-1,-1,-1,,-1,-1,-1,,-1,-1,-1,-1,-1,-1,-1,-1,-1,5175,834,1472,0.34875,19.2787,6.72,0,0,,,
22442825237703,-1,-1,-1,,-1,-1,-1,,-1,-1,-1,-1,-1,-1,-1,-1,-1,5175,834,1472,0.375,19.2775,7.23,0,0,,,
22442830238401,-1,-1,-1,,-1,-1,-1,,-1,-1,-1,-1,-1,-1,-1,-1,-1,5175,834,1472,0.37375,19.2737,7.21,0,0,,,
22442835240315,-1,-1,-1,,-1,-1,-1,,-1,-1,-1,-1,-1,-1,-1,-1,-1,5175,834,1472,0.35,19.2812,6.85,0,0,,,
22442840238900,-1,-1,-1,,-1,-1,-1,,-1,-1,-1,-1,-1,-1,-1,-1,-1,5175,834,1472,0.37,19.2725,7.13,0,0,,,
22442845232654,-1,-1,-1,,-1,-1,-1,,-1,-1,-1,-1,-1,-1,-1,-1,-1,5175,834,1472,0.36875,19.2775,7.1,0,0,,,
22442850238376,-1,-1,-1,,-1,-1,-1,,-1,-1,-1,-1,-1,-1,-1,-1,-1,5175,834,1472,0.36,19.2763,6.94,0,0,,,
22442855236130,-1,-1,-1,,-1,-1,-1,,-1,-1,-1,-1,-1,-1,-1,-1,-1,5175,834,1472,0.38625,19.2775,7.13,0,0,,,
22442860231964,-1,-1,-1,,-1,-1,-1,,-1,-1,-1,-1,-1,-1,-1,-1,-1,5175,834,1472,0.365,19.2725,7.04,0,0,,,
22442865239638,-1,-1,-1,,-1,-1,-1,,-1,-1,-1,-1,-1,-1,-1,-1,-1,5175,834,1472,0.35625,19.2638,6.86,0,0,,,
22442870245456,-1,-1,-1,,-1,-1,-1,,-1,-1,-1,-1,-1,-1,-1,-1,-1,5175,834,1472,0.345,19.2838,6.75,0,0,,,
22442875239017,-1,-1,-1,,-1,-1,-1,,-1,-1,-1,-1,-1,-1,-1,-1,-1,5175,834,1472,0.345,19.2737,7.26,0,0,,,
22442880252323,-1,-1,-1,,-1,-1,-1,,-1,-1,-1,-1,-1,-1,-1,-1,-1,5175,834,1472,0.36125,19.2812,6.96,0,0,,,
22442885240285,-1,-1,-1,,-1,-1,-1,,-1,-1,-1,-1,-1,-1,-1,-1,-1,5175,834,1472,0.3775,19.28,7.28,0,0,,,
22442890236311,-1,-1,-1,,-1,-1,-1,,-1,-1,-1,-1,-1,-1,-1,-1,-1,5175,834,1472,0.37,19.2725,6.96,0,0,,,
22442895236689,-1,-1,-1,,-1,-1,-1,,-1,-1,-1,-1,-1,-1,-1,-1,-1,5175,834,1472,0.3575,19.275,6.89,0,0,,,
22442900236138,-1,-1,-1,,-1,-1,-1,,-1,-1,-1,-1,-1,-1,-1,-1,-1,5175,834,1472,0.36,19.2763,6.94,0,0,,,
22442905242628,-1,-1,-1,,-1,-1,-1,,-1,-1,-1,-1,-1,-1,-1,-1,-1,5175,834,1472,0.3675,19.2737,7.08,0,0,,,
22442910230942,-1,-1,-1,,-1,-1,-1,,-1,-1,-1,-1,-1,-1,-1,-1,-1,5175,834,1472,0.38125,19.2775,6.75,0,0,,,
22442915241560,-1,-1,-1,,-1,-1,-1,,-1,-1,-1,-1,-1,-1,-1,-1,-1,5175,834,1472,0.37875,19.27,7.3,0,0,,,
22442920244114,-1,-1,-1,,-1,-1,-1,,-1,-1,-1,-1,-1,-1,-1,-1,-1,5175,794,1472,0.3425,19.28,6.6,0,0,,,
22442925239308,-1,-1,-1,,-1,-1,-1,,-1,-1,-1,-1,-1,-1,-1,-1,-1,5175,794,1472,0.36375,19.2775,7.01,0,0,,,
22442930233125,-1,-1,-1,,-1,-1,-1,,-1,-1,-1,-1,-1,-1,-1,-1,-1,5175,794,1472,0.35,19.2712,7.23,0,0,,,
22442935239263,-1,-1,-1,,-1,-1,-1,,-1,-1,-1,-1,-1,-1,-1,-1,-1,5175,794,1472,0.35875,19.2787,6.91,0,0,,,
22442940236505,-1,-1,-1,,-1,-1,-1,,-1,-1,-1,-1,-1,-1,-1,-1,-1,5175,794,1472,0.36,19.2737,6.94,0,0,,,
22442945237363,-1,-1,-1,,-1,-1,-1,,-1,-1,-1,-1,-1,-1,-1,-1,-1,5175,794,1472,0.375,19.27,7.23,0,0,,,
22442950237709,-1,-1,-1,,-1,-1,-1,,-1,-1,-1,-1,-1,-1,-1,-1,-1,5175,794,1472,0.38625,19.275,7.13,0,0,,,
22442955242951,-1,-1,-1,,-1,-1,-1,,-1,-1,-1,-1,-1,-1,-1,-1,-1,5175,794,1472,0.3425,19.2763,6.6,0,0,,,
22442960239521,-1,-1,-1,,-1,-1,-1,,-1,-1,-1,-1,-1,-1,-1,-1,-1,5175,794,1472,0.36125,19.2787,6.96,0,0,,,
22442965231450,-1,-1,-1,,-1,-1,-1,,-1,-1,-1,-1,-1,-1,-1,-1,-1,5175,794,1472,0.36875,19.2763,7.1,0,0,,,
22442970237140,-1,-1,-1,,-1,-1,-1,,-1,-1,-1,-1,-1,-1,-1,-1,-1,5175,794,1472,0.35625,19.2775,7.01,0,0,,,
22442975236334,-1,-1,-1,,-1,-1,-1,,-1,-1,-1,-1,-1,-1,-1,-1,-1,5175,794,1472,0.3575,19.2662,6.89,0,0,,,
22442980243016,-1,-1,-1,,-1,-1,-1,,-1,-1,-1,-1,-1,-1,-1,-1,-1,5175,794,1472,0.3925,19.2737,7.56,0,0,,,
22442985238306,-1,-1,-1,,-1,-1,-1,,-1,-1,-1,-1,-1,-1,-1,-1,-1,5175,794,1472,0.3925,19.2787,6.72,0,0,,,
22442990242556,-1,-1,-1,,-1,-1,-1,,-1,-1,-1,-1,-1,-1,-1,-1,-1,5175,794,1472,0.34625,19.2812,6.67,0,0,,,
22442995238934,-1,-1,-1,,-1,-1,-1,,-1,-1,-1,-1,-1,-1,-1,-1,-1,5175,794,1472,0.3525,19.2825,6.8,0,0,,,
22443000232335,-1,-1,-1,,-1,-1,-1,,-1,-1,-1,-1,-1,-1,-1,-1,-1,5175,794,1472,0.3925,19.275,7.56,0,0,,,
22443005240073,-1,-1,-1,,-1,-1,-1,,-1,-1,-1,-1,-1,-1,-1,-1,-1,5175,794,1472,0.35,19.2812,6.68,0,0,,,
22443010236195,-1,-1,-1,,-1,-1,-1,,-1,-1,-1,-1,-1,-1,-1,-1,-1,5175,794,1472,0.37,19.2787,7.13,0,0,,,
22443015238845,-1,-1,-1,,-1,-1,-1,,-1,-1,-1,-1,-1,-1,-1,-1,-1,5175,794,1472,0.3575,19.27,6.89,0,0,,,
22443020256823,-1,-1,-1,,-1,-1,-1,,-1,-1,-1,-1,-1,-1,-1,-1,-1,5175,794,1472,0.37875,19.2812,7.31,0,0,,,
22443025242353,-1,-1,-1,,-1,-1,-1,,-1,-1,-1,-1,-1,-1,-1,-1,-1,5175,794,1472,0.37,19.2737,6.96,0,0,,,
22443030234538,-1,-1,-1,,-1,-1,-1,,-1,-1,-1,-1,-1,-1,-1,-1,-1,5175,794,1472,0.34375,19.275,6.63,0,0,,,
22443035230884,-1,-1,-1,,-1,-1,-1,,-1,-1,-1,-1,-1,-1,-1,-1,-1,5175,794,1472,0.35875,19.285,6.92,0,0,,,
22443040253183,-1,-1,-1,,-1,-1,-1,,-1,-1,-1,-1,-1,-1,-1,-1,-1,5175,794,1472,0.34375,19.2812,7.4,0,0,,,
22443045242776,-1,-1,-1,,-1,-1,-1,,-1,-1,-1,-1,-1,-1,-1,-1,-1,5175,794,1472,0.365,19.2662,7.05,0,0,,,
22443050233970,-1,-1,-1,,-1,-1,-1,,-1,-1,-1,-1,-1,-1,-1,-1,-1,5175,794,1472,0.36875,19.2763,7.1,0,0,,,
22443055250828,-1,-1,-1,,-1,-1,-1,,-1,-1,-1,-1,-1,-1,-1,-1,-1,5175,794,1472,0.3525,19.2737,6.8,0,0,,,
22443060239750,-1,-1,-1,,-1,-1,-1,,-1,-1,-1,-1,-1,-1,-1,-1,-1,5175,794,1472,0.3775,19.2725,7.05,0,0,,,
22443065231519,-1,-1,-1,,-1,-1,-1,,-1,-1,-1,-1,-1,-1,-1,-1,-1,5175,794,1472,0.37375,19.2787,7.21,0,0,,,
22443070230233,-1,-1,-1,,-1,-1,-1,,-1,-1,-1,-1,-1,-1,-1,-1,-1,5175,794,1472,0.37,19.27,7.13,0,0,,,
22443075240531,-1,-1,-1,,-1,-1,-1,,-1,-1,-1,-1,-1,-1,-1,-1,-1,5175,794,1472,0.34375,19.2812,6.63,0,0,,,
22443080251597,-1,-1,-1,,-1,-1,-1,,-1,-1,-1,-1,-1,-1,-1,-1,-1,5175,794,1472,0.35125,19.2775,7.71,0,0,,,
22443085239271,-1,-1,-1,,-1,-1,-1,,-1,-1,-1,-1,-1,-1,-1,-1,-1,5175,794,1472,0.35875,19.275,6.91,0,0,,,
22443090251681,-1,-1,-1,,-1,-1,-1,,-1,-1,-1,-1,-1,-1,-1,-1,-1,5175,794,1472,0.355,19.275,6.85,0,0,,,
22443095249787,-1,-1,-1,,-1,-1,-1,,-1,-1,-1,-1,-1,-1,-1,-1,-1,5175,794,1472,0.35625,19.2725,6.86,0,0,,,
22443100232372,-1,-1,-1,,-1,-1,-1,,-1,-1,-1,-1,-1,-1,-1,-1,-1,5175,794,1472,0.37,19.2763,6.67,0,0,,,
22443105241294,-1,-1,-1,,-1,-1,-1,,-1,-1,-1,-1,-1,-1,-1,-1,-1,5175,794,1472,0.375,19.2812,7.23,0,0,,,
22443110241576,-1,-1,-1,,-1,-1,-1,,-1,-1,-1,-1,-1,-1,-1,-1,-1,5175,794,1472,0.35125,19.2787,6.77,0,0,,,
22443115238658,-1,-1,-1,,-1,-1,-1,,-1,-1,-1,-1,-1,-1,-1,-1,-1,5175,794,1472,0.34875,19.2825,7.13,0,0,,,
22443120232156,-1,-1,-1,,-1,-1,-1,,-1,-1,-1,-1,-1,-1,-1,-1,-1,5175,794,1472,0.3475,19.2725,7.37,0,0,,,
22443125238710,-1,-1,-1,,-1,-1,-1,,-1,-1,-1,-1,-1,-1,-1,-1,-1,5175,794,1472,0.35625,19.275,6.86,0,0,,,
22443130239536,-1,-1,-1,,-1,-1,-1,,-1,-1,-1,-1,-1,-1,-1,-1,-1,5175,794,1472,0.36375,19.28,7.01,0,0,,,
22443135240521,-1,-1,-1,,-1,-1,-1,,-1,-1,-1,-1,-1,-1,-1,-1,-1,5175,794,1472,0.3625,19.2775,7.51,0,0,,,
22443140237315,-1,-1,-1,,-1,-1,-1,,-1,-1,-1,-1,-1,-1,-1,-1,-1,5175,794,1472,0.35875,19.2763,6.91,0,0,,,
22443145236829,-1,-1,-1,,-1,-1,-1,,-1,-1,-1,-1,-1,-1,-1,-1,-1,5175,794,1472,0.37875,19.2812,7.31,0,0,,,
22443150232823,-1,-1,-1,,-1,-1,-1,,-1,-1,-1,-1,-1,-1,-1,-1,-1,5175,794,1472,0.355,19.2737,6.85,0,0,,,
22443155239921,-1,-1,-1,,-1,-1,-1,,-1,-1,-1,-1,-1,-1,-1,-1,-1,5175,794,1472,0.3725,19.275,7.01,0,0,,,
22443160247819,-1,-1,-1,,-1,-1,-1,,-1,-1,-1,-1,-1,-1,-1,-1,-1,5175,794,1472,0.34,19.28,6.55,0,0,,,
22443165240517,-1,-1,-1,,-1,-1,-1,,-1,-1,-1,-1,-1,-1,-1,-1,-1,5175,794,1472,0.3625,19.285,6.99,0,0,,,
22443170237022,-1,-1,-1,,-1,-1,-1,,-1,-1,-1,-1,-1,-1,-1,-1,-1,5175,794,1472,0.3925,19.2787,7.56,0,0,,,
22443175238872,-1,-1,-1,,-1,-1,-1,,-1,-1,-1,-1,-1,-1,-1,-1,-1,5175,794,1472,0.35625,19.2662,7.35,0,0,,,
22443180237106,-1,-1,-1,,-1,-1,-1,,-1,-1,-1,-1,-1,-1,-1,-1,-1,5175,794,1472,0.38875,19.2737,7.49,0,0,,,
22443185232748,-1,-1,-1,,-1,-1,-1,,-1,-1,-1,-1,-1,-1,-1,-1,-1,5175,794,1472,0.365,19.2662,7.03,0,0,,,
22443190243110,-1,-1,-1,,-1,-1,-1,,-1,-1,-1,-1,-1,-1,-1,-1,-1,5175,794,1472,0.37,19.2725,7.13,0,0,,,
22443195242816,-1,-1,-1,,-1,-1,-1,,-1,-1,-1,-1,-1,-1,-1,-1,-1,5175,794,1472,0.34375,19.2775,6.67,0,0,,,
22443200236953,-1,-1,-1,,-1,-1,-1,,-1,-1,-1,-1,-1,-1,-1,-1,-1,5175,794,1472,0.3675,19.2775,7.08,0,0,,,
22443205238227,-1,-1,-1,,-1,-1,-1,,-1,-1,-1,-1,-1,-1,-1,-1,-1,5175,794,1472,0.37375,19.27,7.21,0,0,,,
22443210239309,-1,-1,-1,,-1,-1,-1,,-1,-1,-1,-1,-1,-1,-1,-1,-1,5175,794,1472,0.3475,19.2812,6.91,0,0,,,
22443215247463,-1,-1,-1,,-1,-1,-1,,-1,-1,-1,-1,-1,-1,-1,-1,-1,5175,794,1472,0.355,19.2763,7.21,0,0,,,
22443220238689,-1,-1,-1,,-1,-1,-1,,-1,-1,-1,-1,-1,-1,-1,-1,-1,5175,794,1472,0.36875,19.2787,7.1,0,0,,,
22443225239131,-1,-1,-1,,-1,-1,-1,,-1,-1,-1,-1,-1,-1,-1,-1,-1,5175,794,1472,0.38125,19.275,7.35,0,0,,,
22443230237204,-1,-1,-1,,-1,-1,-1,,-1,-1,-1,-1,-1,-1,-1,-1,-1,5175,794,1472,0.34375,19.2763,7.08,0,0,,,
22443235234862,-1,-1,-1,,-1,-1,-1,,-1,-1,-1,-1,-1,-1,-1,-1,-1,5175,794,1472,0.37625,19.275,7.26,0,0,,,
22443240239368,-1,-1,-1,,-1,-1,-1,,-1,-1,-1,-1,-1,-1,-1,-1,-1,5175,794,1472,0.3475,19.27,6.69,0,0,,,
22443245243042,-1,-1,-1,,-1,-1,-1,,-1,-1,-1,-1,-1,-1,-1,-1,-1,5175,794,1472,0.35,19.28,6.75,0,0,,,
22443250238492,-1,-1,-1,,-1,-1,-1,,-1,-1,-1,-1,-1,-1,-1,-1,-1,5175,794,1472,0.34875,19.2787,7.26,0,0,,,
22443255254358,-1,-1,-1,,-1,-1,-1,,-1,-1,-1,-1,-1,-1,-1,-1,-1,5175,794,1472,0.35125,19.2725,6.77,0,0,,,
22443260244048,-1,-1,-1,,-1,-1,-1,,-1,-1,-1,-1,-1,-1,-1,-1,-1,5175,794,1472,0.34375,19.28,6.63,0,0,,,
22443265239593,-1,-1,-1,,-1,-1,-1,,-1,-1,-1,-1,-1,-1,-1,-1,-1,5175,794,1472,0.36375,19.2737,7.01,0,0,,,
22443270254084,-1,-1,-1,,-1,-1,-1,,-1,-1,-1,-1,-1,-1,-1,-1,-1,5175,794,1472,0.3625,19.27,7.27,0,0,,,
22443275240477,-1,-1,-1,,-1,-1,-1,,-1,-1,-1,-1,-1,-1,-1,-1,-1,5175,794,1472,0.36375,19.2787,7.01,0,0,,,
22443280237463,-1,-1,-1,,-1,-1,-1,,-1,-1,-1,-1,-1,-1,-1,-1,-1,5175,794,1472,0.38375,19.2838,7.4,0,0,,,
22443285236881,-1,-1,-1,,-1,-1,-1,,-1,-1,-1,-1,-1,-1,-1,-1,-1,5175,794,1472,0.35625,19.2812,6.9,0,0,,,
22443290230091,-1,-1,-1,,-1,-1,-1,,-1,-1,-1,-1,-1,-1,-1,-1,-1,5175,794,1472,0.35375,19.28,7.54,0,0,,,
22443295238597,-1,-1,-1,,-1,-1,-1,,-1,-1,-1,-1,-1,-1,-1,-1,-1,5175,794,1472,0.34,19.2775,6.55,0,0,,,
22443300247039,-1,-1,-1,,-1,-1,-1,,-1,-1,-1,-1,-1,-1,-1,-1,-1,5175,794,1472,0.365,19.2787,7.04,0,0,,,
22443305242424,-1,-1,-1,,-1,-1,-1,,-1,-1,-1,-1,-1,-1,-1,-1,-1,5175,794,1472,0.355,19.2737,7.26,0,0,,,
22443310242802,-1,-1,-1,,-1,-1,-1,,-1,-1,-1,-1,-1,-1,-1,-1,-1,5175,794,1472,0.34125,19.275,6.58,0,0,,,
22443315237036,-1,-1,-1,,-1,-1,-1,,-1,-1,-1,-1,-1,-1,-1,-1,-1,5175,794,1472,0.35875,19.275,6.91,0,0,,,
22443320240262,-1,-1,-1,,-1,-1,-1,,-1,-1,-1,-1,-1,-1,-1,-1,-1,5175,794,1472,0.3675,19.2812,7.09,0,0,,,
22443325247648,-1,-1,-1,,-1,-1,-1,,-1,-1,-1,-1,-1,-1,-1,-1,-1,5175,794,1472,0.39125,19.2625,7.22,0,0,,,
22443330242042,-1,-1,-1,,-1,-1,-1,,-1,-1,-1,-1,-1,-1,-1,-1,-1,5175,794,1472,0.34625,19.2763,6.67,0,0,,,
22443335237971,-1,-1,-1,,-1,-1,-1,,-1,-1,-1,-1,-1,-1,-1,-1,-1,5175,794,1472,0.3575,19.2825,6.9,0,0,,,
22443340255310,-1,-1,-1,,-1,-1,-1,,-1,-1,-1,-1,-1,-1,-1,-1,-1,5175,794,1472,0.3725,19.2812,7.18,0,0,,,
22443345244487,-1,-1,-1,,-1,-1,-1,,-1,-1,-1,-1,-1,-1,-1,-1,-1,5175,794,1472,0.35375,19.275,7.42,0,0,,,
22443350239169,-1,-1,-1,,-1,-1,-1,,-1,-1,-1,-1,-1,-1,-1,-1,-1,5175,794,1472,0.345,19.2775,6.66,0,0,,,
22443355236571,-1,-1,-1,,-1,-1,-1,,-1,-1,-1,-1,-1,-1,-1,-1,-1,5175,794,1472,0.34375,19.2763,6.63,0,0,,,
22443360235861,-1,-1,-1,,-1,-1,-1,,-1,-1,-1,-1,-1,-1,-1,-1,-1,5175,794,1472,0.3525,19.27,6.8,0,0,,,
22443365242831,-1,-1,-1,,-1,-1,-1,,-1,-1,-1,-1,-1,-1,-1,-1,-1,5175,794,1472,0.34625,19.2812,6.72,0,0,,,
22443370242120,-1,-1,-1,,-1,-1,-1,,-1,-1,-1,-1,-1,-1,-1,-1,-1,5175,794,1472,0.34875,19.2763,6.72,0,0,,,
22443375235234,-1,-1,-1,,-1,-1,-1,,-1,-1,-1,-1,-1,-1,-1,-1,-1,5175,794,1472,0.3925,19.2775,7.56,0,0,,,
22443380248604,-1,-1,-1,,-1,-1,-1,,-1,-1,-1,-1,-1,-1,-1,-1,-1,5175,794,1472,0.345,19.27,6.99,0,0,,,
22443385245046,-1,-1,-1,,-1,-1,-1,,-1,-1,-1,-1,-1,-1,-1,-1,-1,5175,794,1472,0.36875,19.2763,7.1,0,0,,,
22443390240976,-1,-1,-1,,-1,-1,-1,,-1,-1,-1,-1,-1,-1,-1,-1,-1,5175,794,1472,0.38875,19.2787,7.5,0,0,,,
22443395239818,-1,-1,-1,,-1,-1,-1,,-1,-1,-1,-1,-1,-1,-1,-1,-1,5175,794,1472,0.36875,19.2662,7.1,0,0,,,
22443400247236,-1,-1,-1,,-1,-1,-1,,-1,-1,-1,-1,-1,-1,-1,-1,-1,5175,794,1472,0.355,19.2812,7.16,0,0,,,
22443405250014,-1,-1,-1,,-1,-1,-1,,-1,-1,-1,-1,-1,-1,-1,-1,-1,5175,794,1472,0.37375,19.28,7.21,0,0,,,
22443410240183,-1,-1,-1,,-1,-1,-1,,-1,-1,-1,-1,-1,-1,-1,-1,-1,5175,794,1472,0.37625,19.2712,7.24,0,0,,,
22443415247313,-1,-1,-1,,-1,-1,-1,,-1,-1,-1,-1,-1,-1,-1,-1,-1,5175,794,1472,0.38875,19.2613,7.49,0,0,,,
22443420244875,-1,-1,-1,,-1,-1,-1,,-1,-1,-1,-1,-1,-1,-1,-1,-1,5175,794,1472,0.37875,19.2662,7.56,0,0,,,
22443425251493,-1,-1,-1,,-1,-1,-1,,-1,-1,-1,-1,-1,-1,-1,-1,-1,5175,794,1472,0.3675,19.27,7.08,0,0,,,
22443430236510,-1,-1,-1,,-1,-1,-1,,-1,-1,-1,-1,-1,-1,-1,-1,-1,5175,794,1472,0.37375,19.27,7.21,0,0,,,
22443435243256,-1,-1,-1,,-1,-1,-1,,-1,-1,-1,-1,-1,-1,-1,-1,-1,5175,834,1472,0.34625,19.2775,6.67,0,0,,,
22443440230802,-1,-1,-1,,-1,-1,-1,,-1,-1,-1,-1,-1,-1,-1,-1,-1,5175,834,1472,0.3625,19.2862,6.82,0,0,,,
22443445229740,-1,-1,-1,,-1,-1,-1,,-1,-1,-1,-1,-1,-1,-1,-1,-1,5175,834,1472,0.37625,19.2712,7.24,0,0,,,
22443450237510,-1,-1,-1,,-1,-1,-1,,-1,-1,-1,-1,-1,-1,-1,-1,-1,5175,834,1472,0.3575,19.2787,6.89,0,0,,,
22443455236928,-1,-1,-1,,-1,-1,-1,,-1,-1,-1,-1,-1,-1,-1,-1,-1,5175,834,1472,0.35,19.275,7.26,0,0,,,
22443460233273,-1,-1,-1,,-1,-1,-1,,-1,-1,-1,-1,-1,-1,-1,-1,-1,5175,834,1472,0.3575,19.265,7.3,0,0,,,
22443465236051,-1,-1,-1,,-1,-1,-1,,-1,-1,-1,-1,-1,-1,-1,-1,-1,5175,834,1472,0.36625,19.2812,7.07,0,0,,,
22443470237037,-1,-1,-1,,-1,-1,-1,,-1,-1,-1,-1,-1,-1,-1,-1,-1,5175,834,1472,0.3725,19.2787,7.18,0,0,,,
22443475235783,-1,-1,-1,,-1,-1,-1,,-1,-1,-1,-1,-1,-1,-1,-1,-1,5175,834,1472,0.35375,19.275,7.18,0,0,,,
22443480255105,-1,-1,-1,,-1,-1,-1,,-1,-1,-1,-1,-1,-1,-1,-1,-1,5175,834,1472,0.37875,19.27,7.3,0,0,,,
22443485239387,-1,-1,-1,,-1,-1,-1,,-1,-1,-1,-1,-1,-1,-1,-1,-1,5175,834,1472,0.37,19.2775,7.13,0,0,,,
22443490234837,-1,-1,-1,,-1,-1,-1,,-1,-1,-1,-1,-1,-1,-1,-1,-1,5175,834,1472,0.355,19.2825,6.85,0,0,,,
22443495229646,-1,-1,-1,,-1,-1,-1,,-1,-1,-1,-1,-1,-1,-1,-1,-1,5175,834,1472,0.37875,19.275,7.4,0,0,,,
22443500243944,-1,-1,-1,,-1,-1,-1,,-1,-1,-1,-1,-1,-1,-1,-1,-1,5175,834,1472,0.3475,19.275,6.69,0,0,,,
22443505240450,-1,-1,-1,,-1,-1,-1,,-1,-1,-1,-1,-1,-1,-1,-1,-1,5175,834,1472,0.38625,19.275,7.45,0,0,,,
22443510234492,-1,-1,-1,,-1,-1,-1,,-1,-1,-1,-1,-1,-1,-1,-1,-1,5175,834,1472,0.36875,19.2763,7.1,0,0,,,
22443515238454,-1,-1,-1,,-1,-1,-1,,-1,-1,-1,-1,-1,-1,-1,-1,-1,5175,834,1472,0.35375,19.28,7.45,0,0,,,
22443520237456,-1,-1,-1,,-1,-1,-1,,-1,-1,-1,-1,-1,-1,-1,-1,-1,5175,834,1472,0.36,19.275,6.94,0,0,,,
22443525232105,-1,-1,-1,,-1,-1,-1,,-1,-1,-1,-1,-1,-1,-1,-1,-1,5175,834,1472,0.36625,19.2662,7.05,0,0,,,
22443530236099,-1,-1,-1,,-1,-1,-1,,-1,-1,-1,-1,-1,-1,-1,-1,-1,5175,834,1472,0.39125,19.2737,7.18,0,0,,,
22443535250974,-1,-1,-1,,-1,-1,-1,,-1,-1,-1,-1,-1,-1,-1,-1,-1,5175,834,1472,0.34375,19.2775,6.85,0,0,,,
22443540244759,-1,-1,-1,,-1,-1,-1,,-1,-1,-1,-1,-1,-1,-1,-1,-1,5175,834,1472,0.3575,19.2775,6.89,0,0,,,
22443545246705,-1,-1,-1,,-1,-1,-1,,-1,-1,-1,-1,-1,-1,-1,-1,-1,5175,834,1472,0.3475,19.2737,6.69,0,0,,,
22443550241323,-1,-1,-1,,-1,-1,-1,,-1,-1,-1,-1,-1,-1,-1,-1,-1,5175,834,1472,0.3575,19.275,7.13,0,0,,,
22443555238149,-1,-1,-1,,-1,-1,-1,,-1,-1,-1,-1,-1,-1,-1,-1,-1,5175,834,1472,0.345,19.28,6.66,0,0,,,
22443560240511,-1,-1,-1,,-1,-1,-1,,-1,-1,-1,-1,-1,-1,-1,-1,-1,5175,834,1472,0.365,19.2737,7.04,0,0,,,
22443565231960,-1,-1,-1,,-1,-1,-1,,-1,-1,-1,-1,-1,-1,-1,-1,-1,5175,834,1472,0.37,19.28,7.13,0,0,,,
22443570237138,-1,-1,-1,,-1,-1,-1,,-1,-1,-1,-1,-1,-1,-1,-1,-1,5175,834,1472,0.34375,19.2737,7.13,0,0,,,
22443575236748,-1,-1,-1,,-1,-1,-1,,-1,-1,-1,-1,-1,-1,-1,-1,-1,5175,834,1472,0.365,19.2712,7.04,0,0,,,
22443580238438,-1,-1,-1,,-1,-1,-1,,-1,-1,-1,-1,-1,-1,-1,-1,-1,5175,834,1472,0.36625,19.275,7.07,0,0,,,
22443585240768,-1,-1,-1,,-1,-1,-1,,-1,-1,-1,-1,-1,-1,-1,-1,-1,5175,834,1472,0.35125,19.28,6.77,0,0,,,
22443590239002,-1,-1,-1,,-1,-1,-1,,-1,-1,-1,-1,-1,-1,-1,-1,-1,5175,834,1472,0.355,19.2763,7.32,0,0,,,
22443595237587,-1,-1,-1,,-1,-1,-1,,-1,-1,-1,-1,-1,-1,-1,-1,-1,5175,834,1472,0.3575,19.2712,6.89,0,0,,,
22443600238957,-1,-1,-1,,-1,-1,-1,,-1,-1,-1,-1,-1,-1,-1,-1,-1,5175,794,1472,0.3475,19.2725,6.69,0,0,,,
22443605237063,-1,-1,-1,,-1,-1,-1,,-1,-1,-1,-1,-1,-1,-1,-1,-1,5175,794,1472,0.36875,19.2725,7.1,0,0,,,
22443610232353,-1,-1,-1,,-1,-1,-1,,-1,-1,-1,-1,-1,-1,-1,-1,-1,5175,794,1472,0.37625,19.2725,6.72,0,0,,,
22443615232315,-1,-1,-1,,-1,-1,-1,,-1,-1,-1,-1,-1,-1,-1,-1,-1,5175,794,1472,0.37875,19.2662,7.3,0,0,,,
22443620240693,-1,-1,-1,,-1,-1,-1,,-1,-1,-1,-1,-1,-1,-1,-1,-1,5175,794,1472,0.345,19.2838,6.66,0,0,,,
22443625237455,-1,-1,-1,,-1,-1,-1,,-1,-1,-1,-1,-1,-1,-1,-1,-1,5175,794,1472,0.345,19.2763,7.08,0,0,,,
22443630230856,-1,-1,-1,,-1,-1,-1,,-1,-1,-1,-1,-1,-1,-1,-1,-1,5175,794,1472,0.365,19.27,7.1,0,0,,,
22443635237826,-1,-1,-1,,-1,-1,-1,,-1,-1,-1,-1,-1,-1,-1,-1,-1,5175,794,1472,0.36,19.2787,6.94,0,0,,,
22443640237052,-1,-1,-1,,-1,-1,-1,,-1,-1,-1,-1,-1,-1,-1,-1,-1,5175,794,1472,0.355,19.2725,6.85,0,0,,,
22443645238230,-1,-1,-1,,-1,-1,-1,,-1,-1,-1,-1,-1,-1,-1,-1,-1,5175,794,1472,0.35,19.2737,7.04,0,0,,,
22443650256048,-1,-1,-1,,-1,-1,-1,,-1,-1,-1,-1,-1,-1,-1,-1,-1,5175,794,1472,0.3825,19.2812,7.37,0,0,,,
22443655243946,-1,-1,-1,,-1,-1,-1,,-1,-1,-1,-1,-1,-1,-1,-1,-1,5175,794,1472,0.35125,19.2838,6.77,0,0,,,
22443660240196,-1,-1,-1,,-1,-1,-1,,-1,-1,-1,-1,-1,-1,-1,-1,-1,5175,794,1472,0.365,19.2787,7.04,0,0,,,
22443665234237,-1,-1,-1,,-1,-1,-1,,-1,-1,-1,-1,-1,-1,-1,-1,-1,5175,794,1472,0.355,19.2787,7.54,0,0,,,
22443670239671,-1,-1,-1,,-1,-1,-1,,-1,-1,-1,-1,-1,-1,-1,-1,-1,5175,794,1472,0.3475,19.2763,6.69,0,0,,,
22443675238641,-1,-1,-1,,-1,-1,-1,,-1,-1,-1,-1,-1,-1,-1,-1,-1,5175,794,1472,0.3475,19.2763,6.69,0,0,,,
22443680238155,-1,-1,-1,,-1,-1,-1,,-1,-1,-1,-1,-1,-1,-1,-1,-1,5175,794,1472,0.39,19.2812,7.51,0,0,,,
22443685239909,-1,-1,-1,,-1,-1,-1,,-1,-1,-1,-1,-1,-1,-1,-1,-1,5175,794,1472,0.35125,19.275,7.07,0,0,,,
22443690237855,-1,-1,-1,,-1,-1,-1,,-1,-1,-1,-1,-1,-1,-1,-1,-1,5175,794,1472,0.34375,19.2775,6.63,0,0,,,
22443695238456,-1,-1,-1,,-1,-1,-1,,-1,-1,-1,-1,-1,-1,-1,-1,-1,5175,794,1472,0.3825,19.275,7.37,0,0,,,
22443700247539,-1,-1,-1,,-1,-1,-1,,-1,-1,-1,-1,-1,-1,-1,-1,-1,5175,794,1472,0.37875,19.275,7.18,0,0,,,
22443705241356,-1,-1,-1,,-1,-1,-1,,-1,-1,-1,-1,-1,-1,-1,-1,-1,5175,794,1472,0.3475,19.2812,6.99,0,0,,,
22443710237318,-1,-1,-1,,-1,-1,-1,,-1,-1,-1,-1,-1,-1,-1,-1,-1,5175,794,1472,0.3575,19.2812,6.9,0,0,,,
22443715236320,-1,-1,-1,,-1,-1,-1,,-1,-1,-1,-1,-1,-1,-1,-1,-1,5175,794,1472,0.34875,19.2725,6.72,0,0,,,
22443720239994,-1,-1,-1,,-1,-1,-1,,-1,-1,-1,-1,-1,-1,-1,-1,-1,5175,794,1472,0.35375,19.2737,7.1,0,0,,,
22443725237908,-1,-1,-1,,-1,-1,-1,,-1,-1,-1,-1,-1,-1,-1,-1,-1,5175,794,1472,0.36625,19.2675,7.07,0,0,,,
22443730232365,-1,-1,-1,,-1,-1,-1,,-1,-1,-1,-1,-1,-1,-1,-1,-1,5175,794,1472,0.3525,19.2688,6.8,0,0,,,
22443735235687,-1,-1,-1,,-1,-1,-1,,-1,-1,-1,-1,-1,-1,-1,-1,-1,5175,794,1472,0.35125,19.2787,6.77,0,0,,,
22443740240257,-1,-1,-1,,-1,-1,-1,,-1,-1,-1,-1,-1,-1,-1,-1,-1,5175,794,1472,0.34375,19.2787,7.01,0,0,,,
22443745237083,-1,-1,-1,,-1,-1,-1,,-1,-1,-1,-1,-1,-1,-1,-1,-1,5175,794,1472,0.35125,19.2737,6.77,0,0,,,
22443750231637,-1,-1,-1,,-1,-1,-1,,-1,-1,-1,-1,-1,-1,-1,-1,-1,5175,794,1472,0.375,19.28,7.23,0,0,,,
22443755236687,-1,-1,-1,,-1,-1,-1,,-1,-1,-1,-1,-1,-1,-1,-1,-1,5175,794,1472,0.35,19.28,6.75,0,0,,,
22443760233960,-1,-1,-1,,-1,-1,-1,,-1,-1,-1,-1,-1,-1,-1,-1,-1,5175,794,1472,0.36375,19.275,7.18,0,0,,,
22443765242050,-1,-1,-1,,-1,-1,-1,,-1,-1,-1,-1,-1,-1,-1,-1,-1,5175,794,1472,0.35625,19.2775,6.87,0,0,,,
22443770236988,-1,-1,-1,,-1,-1,-1,,-1,-1,-1,-1,-1,-1,-1,-1,-1,5175,794,1472,0.40125,19.275,7.73,0,0,,,
22443775232438,-1,-1,-1,,-1,-1,-1,,-1,-1,-1,-1,-1,-1,-1,-1,-1,5175,794,1472,0.37,19.27,7.03,0,0,,,
22443780252336,-1,-1,-1,,-1,-1,-1,,-1,-1,-1,-1,-1,-1,-1,-1,-1,5175,794,1472,0.37875,19.285,6.87,0,0,,,
22443785236298,-1,-1,-1,,-1,-1,-1,,-1,-1,-1,-1,-1,-1,-1,-1,-1,5175,794,1472,0.34625,19.2737,6.67,0,0,,,
22443790239524,-1,-1,-1,,-1,-1,-1,,-1,-1,-1,-1,-1,-1,-1,-1,-1,5175,794,1472,0.34375,19.2775,6.63,0,0,,,
22443795236861,-1,-1,-1,,-1,-1,-1,,-1,-1,-1,-1,-1,-1,-1,-1,-1,5175,794,1472,0.345,19.2737,7.16,0,0,,,
22443800242135,-1,-1,-1,,-1,-1,-1,,-1,-1,-1,-1,-1,-1,-1,-1,-1,5175,794,1472,0.34875,19.2712,6.72,0,0,,,
22443805242513,-1,-1,-1,,-1,-1,-1,,-1,-1,-1,-1,-1,-1,-1,-1,-1,5175,794,1472,0.3975,19.2838,7.67,0,0,,,
22443810239531,-1,-1,-1,,-1,-1,-1,,-1,-1,-1,-1,-1,-1,-1,-1,-1,5175,794,1472,0.3725,19.275,7.18,0,0,,,
22443815241029,-1,-1,-1,,-1,-1,-1,,-1,-1,-1,-1,-1,-1,-1,-1,-1,5175,794,1472,0.345,19.27,7.03,0,0,,,
22443820238175,-1,-1,-1,,-1,-1,-1,,-1,-1,-1,-1,-1,-1,-1,-1,-1,5175,794,1472,0.37375,19.28,7.21,0,0,,,
22443825244857,-1,-1,-1,,-1,-1,-1,,-1,-1,-1,-1,-1,-1,-1,-1,-1,5175,794,1472,0.34375,19.2787,6.63,0,0,,,
22443830241042,-1,-1,-1,,-1,-1,-1,,-1,-1,-1,-1,-1,-1,-1,-1,-1,5175,794,1472,0.37625,19.2737,7.26,0,0,,,
22443835238540,-1,-1,-1,,-1,-1,-1,,-1,-1,-1,-1,-1,-1,-1,-1,-1,5175,794,1472,0.34125,19.2812,7.59,0,0,,,
22443840252902,-1,-1,-1,,-1,-1,-1,,-1,-1,-1,-1,-1,-1,-1,-1,-1,5175,794,1472,0.36,19.2688,6.94,0,0,,,
22443845241280,-1,-1,-1,,-1,-1,-1,,-1,-1,-1,-1,-1,-1,-1,-1,-1,5175,794,1472,0.3575,19.27,6.89,0,0,,,
22443850232922,-1,-1,-1,,-1,-1,-1,,-1,-1,-1,-1,-1,-1,-1,-1,-1,5175,794,1472,0.3575,19.2725,6.89,0,0,,,
22443855245172,-1,-1,-1,,-1,-1,-1,,-1,-1,-1,-1,-1,-1,-1,-1,-1,5175,794,1472,0.3725,19.28,6.89,0,0,,,
22443860243758,-1,-1,-1,,-1,-1,-1,,-1,-1,-1,-1,-1,-1,-1,-1,-1,5175,794,1472,0.345,19.2787,6.66,0,0,,,
22443865238023,-1,-1,-1,,-1,-1,-1,,-1,-1,-1,-1,-1,-1,-1,-1,-1,5175,794,1472,0.3675,19.2775,7.08,0,0,,,
22443870239329,-1,-1,-1,,-1,-1,-1,,-1,-1,-1,-1,-1,-1,-1,-1,-1,5175,794,1472,0.37125,19.2763,7.26,0,0,,,
22443875240699,-1,-1,-1,,-1,-1,-1,,-1,-1,-1,-1,-1,-1,-1,-1,-1,5175,794,1472,0.3425,19.2812,6.75,0,0,,,
22443880237045,-1,-1,-1,,-1,-1,-1,,-1,-1,-1,-1,-1,-1,-1,-1,-1,5175,794,1472,0.3525,19.2763,6.8,0,0,,,
22443885250383,-1,-1,-1,,-1,-1,-1,,-1,-1,-1,-1,-1,-1,-1,-1,-1,5175,794,1472,0.37875,19.2725,7.3,0,0,,,
22443890239273,-1,-1,-1,,-1,-1,-1,,-1,-1,-1,-1,-1,-1,-1,-1,-1,5175,794,1472,0.3575,19.2737,7.08,0,0,,,
22443895238594,-1,-1,-1,,-1,-1,-1,,-1,-1,-1,-1,-1,-1,-1,-1,-1,5175,794,1472,0.3725,19.2725,7.18,0,0,,,
22443900234652,-1,-1,-1,,-1,-1,-1,,-1,-1,-1,-1,-1,-1,-1,-1,-1,5175,794,1472,0.3525,19.2775,6.8,0,0,,,
22443905230582,-1,-1,-1,,-1,-1,-1,,-1,-1,-1,-1,-1,-1,-1,-1,-1,5175,794,1472,0.35375,19.275,6.82,0,0,,,
22443910244016,-1,-1,-1,,-1,-1,-1,,-1,-1,-1,-1,-1,-1,-1,-1,-1,5175,794,1472,0.3425,19.2775,6.67,0,0,,,
22443915238954,-1,-1,-1,,-1,-1,-1,,-1,-1,-1,-1,-1,-1,-1,-1,-1,5175,794,1472,0.35625,19.2787,6.87,0,0,,,
22443920249988,-1,-1,-1,,-1,-1,-1,,-1,-1,-1,-1,-1,-1,-1,-1,-1,5175,794,1472,0.36625,19.2763,7.07,0,0,,,
22443925243422,-1,-1,-1,,-1,-1,-1,,-1,-1,-1,-1,-1,-1,-1,-1,-1,5175,794,1472,0.35,19.2725,6.75,0,0,,,
22443930240407,-1,-1,-1,,-1,-1,-1,,-1,-1,-1,-1,-1,-1,-1,-1,-1,5175,794,1472,0.3575,19.275,7.23,0,0,,,
22443935233553,-1,-1,-1,,-1,-1,-1,,-1,-1,-1,-1,-1,-1,-1,-1,-1,5175,794,1472,0.355,19.27,6.84,0,0,,,
22443940235563,-1,-1,-1,,-1,-1,-1,,-1,-1,-1,-1,-1,-1,-1,-1,-1,5175,794,1472,0.35625,19.275,6.86,0,0,,,
22443945237701,-1,-1,-1,,-1,-1,-1,,-1,-1,-1,-1,-1,-1,-1,-1,-1,5175,794,1472,0.3475,19.27,7.1,0,0,,,
22443950236031,-1,-1,-1,,-1,-1,-1,,-1,-1,-1,-1,-1,-1,-1,-1,-1,5175,794,1472,0.37125,19.2712,6.82,0,0,,,
22443955231960,-1,-1,-1,,-1,-1,-1,,-1,-1,-1,-1,-1,-1,-1,-1,-1,5175,794,1472,0.3675,19.2737,7.08,0,0,,,
22443960240594,-1,-1,-1,,-1,-1,-1,,-1,-1,-1,-1,-1,-1,-1,-1,-1,5175,794,1472,0.3475,19.2787,6.69,0,0,,,
22443965238380,-1,-1,-1,,-1,-1,-1,,-1,-1,-1,-1,-1,-1,-1,-1,-1,5175,794,1472,0.34375,19.2787,7.18,0,0,,,
22443970232806,-1,-1,-1,,-1,-1,-1,,-1,-1,-1,-1,-1,-1,-1,-1,-1,5175,794,1472,0.365,19.2737,7.03,0,0,,,
22443975235744,-1,-1,-1,,-1,-1,-1,,-1,-1,-1,-1,-1,-1,-1,-1,-1,5135,794,1472,0.3575,19.2787,6.89,0,0,,,
22443980238650,-1,-1,-1,,-1,-1,-1,,-1,-1,-1,-1,-1,-1,-1,-1,-1,5135,794,1472,0.36,19.2725,6.94,0,0,,,
22443985236372,-1,-1,-1,,-1,-1,-1,,-1,-1,-1,-1,-1,-1,-1,-1,-1,5135,794,1472,0.38,19.275,6.72,0,0,,,
22443990238125,-1,-1,-1,,-1,-1,-1,,-1,-1,-1,-1,-1,-1,-1,-1,-1,5135,794,1472,0.38125,19.2675,7.35,0,0,,,
22443995240487,-1,-1,-1,,-1,-1,-1,,-1,-1,-1,-1,-1,-1,-1,-1,-1,5135,794,1472,0.3475,19.2787,6.69,0,0,,,
22444000237089,-1,-1,-1,,-1,-1,-1,,-1,-1,-1,-1,-1,-1,-1,-1,-1,5135,794,1472,0.3575,19.2725,6.89,0,0,,,
22444005236891,-1,-1,-1,,-1,-1,-1,,-1,-1,-1,-1,-1,-1,-1,-1,-1,5135,794,1472,0.3925,19.27,6.96,0,0,,,
22444010238933,-1,-1,-1,,-1,-1,-1,,-1,-1,-1,-1,-1,-1,-1,-1,-1,5135,794,1472,0.34375,19.2712,6.63,0,0,,,
22444015238191,-1,-1,-1,,-1,-1,-1,,-1,-1,-1,-1,-1,-1,-1,-1,-1,5135,794,1472,0.38125,19.2787,7.35,0,0,,,
22444020259529,-1,-1,-1,,-1,-1,-1,,-1,-1,-1,-1,-1,-1,-1,-1,-1,5135,794,1472,0.3875,19.2775,7.08,0,0,,,
22444025241411,-1,-1,-1,,-1,-1,-1,,-1,-1,-1,-1,-1,-1,-1,-1,-1,5135,794,1472,0.38375,19.275,7.62,0,0,,,
22444030240060,-1,-1,-1,,-1,-1,-1,,-1,-1,-1,-1,-1,-1,-1,-1,-1,5135,794,1472,0.3875,19.27,7.46,0,0,,,
22444035237910,-1,-1,-1,,-1,-1,-1,,-1,-1,-1,-1,-1,-1,-1,-1,-1,5135,794,1472,0.4075,19.2625,7.85,0,0,,,
22444040246064,-1,-1,-1,,-1,-1,-1,,-1,-1,-1,-1,-1,-1,-1,-1,-1,5135,794,1472,0.4025,19.2613,8.5,0,0,,,
22444045238922,-1,-1,-1,,-1,-1,-1,,-1,-1,-1,-1,-1,-1,-1,-1,-1,5175,794,1472,0.40125,19.2538,7.73,0,0,,,
22444050242916,-1,-1,-1,,-1,-1,-1,,-1,-1,-1,-1,-1,-1,-1,-1,-1,5175,794,1472,0.43125,19.2688,8.31,0,0,,,
22444055250398,-1,-1,-1,,-1,-1,-1,,-1,-1,-1,-1,-1,-1,-1,-1,-1,5175,794,1472,0.4125,19.2675,7.95,0,0,,,
22444060243095,-1,-1,-1,,-1,-1,-1,,-1,-1,-1,-1,-1,-1,-1,-1,-1,5175,794,1472,0.395,19.2538,7.9,0,0,,,
22444065245489,-1,-1,-1,,-1,-1,-1,,-1,-1,-1,-1,-1,-1,-1,-1,-1,5175,794,1472,0.41,19.2587,7.9,0,0,,,
22444070246699,-1,-1,-1,,-1,-1,-1,,-1,-1,-1,-1,-1,-1,-1,-1,-1,5175,794,1472,0.42125,19.2662,8.12,0,0,,,
22444075238885,-1,-1,-1,,-1,-1,-1,,-1,-1,-1,-1,-1,-1,-1,-1,-1,5175,794,1472,0.40125,19.26,7.73,0,0,,,
22444080253727,-1,-1,-1,,-1,-1,-1,,-1,-1,-1,-1,-1,-1,-1,-1,-1,5175,794,1472,0.3875,19.2688,7.44,0,0,,,
22444085242873,-1,-1,-1,,-1,-1,-1,,-1,-1,-1,-1,-1,-1,-1,-1,-1,5175,794,1472,0.42375,19.2675,8.17,0,0,,,
22444090242995,-1,-1,-1,,-1,-1,-1,,-1,-1,-1,-1,-1,-1,-1,-1,-1,5175,794,1472,0.43,19.2575,8.28,0,0,,,
22444095240396,-1,-1,-1,,-1,-1,-1,,-1,-1,-1,-1,-1,-1,-1,-1,-1,5175,794,1472,0.3925,19.2662,7.56,0,0,,,
22444100239686,-1,-1,-1,,-1,-1,-1,,-1,-1,-1,-1,-1,-1,-1,-1,-1,5175,794,1472,0.39,19.2613,8.04,0,0,,,
22444105250976,-1,-1,-1,,-1,-1,-1,,-1,-1,-1,-1,-1,-1,-1,-1,-1,5175,794,1472,0.4075,19.2675,7.85,0,0,,,
22444110241082,-1,-1,-1,,-1,-1,-1,,-1,-1,-1,-1,-1,-1,-1,-1,-1,5175,794,1472,0.4125,19.2613,7.95,0,0,,,
22444115235700,-1,-1,-1,,-1,-1,-1,,-1,-1,-1,-1,-1,-1,-1,-1,-1,5175,794,1472,0.42,19.2575,7.99,0,0,,,
22444120233869,-1,-1,-1,,-1,-1,-1,,-1,-1,-1,-1,-1,-1,-1,-1,-1,5175,794,1472,0.40125,19.2662,7.46,0,0,,,
22444125236359,-1,-1,-1,,-1,-1,-1,,-1,-1,-1,-1,-1,-1,-1,-1,-1,5175,794,1472,0.41,19.2563,7.9,0,0,,,
22444130239777,-1,-1,-1,,-1,-1,-1,,-1,-1,-1,-1,-1,-1,-1,-1,-1,5175,794,1472,0.395,19.27,7.62,0,0,,,
22444135236891,-1,-1,-1,,-1,-1,-1,,-1,-1,-1,-1,-1,-1,-1,-1,-1,5175,794,1472,0.415,19.2638,8.09,0,0,,,
22444140236373,-1,-1,-1,,-1,-1,-1,,-1,-1,-1,-1,-1,-1,-1,-1,-1,5175,794,1472,0.40875,19.2638,7.87,0,0,,,
22444145239695,-1,-1,-1,,-1,-1,-1,,-1,-1,-1,-1,-1,-1,-1,-1,-1,5175,794,1472,0.3875,19.2638,7.46,0,0,,,
22444150236297,-1,-1,-1,,-1,-1,-1,,-1,-1,-1,-1,-1,-1,-1,-1,-1,5175,794,1472,0.41625,19.2662,8.03,0,0,,,
22444155251619,-1,-1,-1,,-1,-1,-1,,-1,-1,-1,-1,-1,-1,-1,-1,-1,5175,794,1472,0.39375,19.2638,8.09,0,0,,,
22444160243228,-1,-1,-1,,-1,-1,-1,,-1,-1,-1,-1,-1,-1,-1,-1,-1,5175,794,1472,0.4125,19.2638,7.95,0,0,,,
22444165238294,-1,-1,-1,,-1,-1,-1,,-1,-1,-1,-1,-1,-1,-1,-1,-1,5175,794,1472,0.3975,19.2613,7.65,0,0,,,
22444170231888,-1,-1,-1,,-1,-1,-1,,-1,-1,-1,-1,-1,-1,-1,-1,-1,5175,794,1472,0.41,19.2625,7.9,0,0,,,
22444175252138,-1,-1,-1,,-1,-1,-1,,-1,-1,-1,-1,-1,-1,-1,-1,-1,5175,794,1472,0.4,19.26,8.45,0,0,,,
22444180242340,-1,-1,-1,,-1,-1,-1,,-1,-1,-1,-1,-1,-1,-1,-1,-1,5175,794,1472,0.38625,19.2662,7.44,0,0,,,
22444185237566,-1,-1,-1,,-1,-1,-1,,-1,-1,-1,-1,-1,-1,-1,-1,-1,5175,794,1472,0.41375,19.2575,7.96,0,0,,,
22444190237431,-1,-1,-1,,-1,-1,-1,,-1,-1,-1,-1,-1,-1,-1,-1,-1,5175,794,1472,0.40375,19.2638,8.19,0,0,,,
22444195238257,-1,-1,-1,,-1,-1,-1,,-1,-1,-1,-1,-1,-1,-1,-1,-1,5175,794,1472,0.38875,19.2662,7.65,0,0,,,
22444200242507,-1,-1,-1,,-1,-1,-1,,-1,-1,-1,-1,-1,-1,-1,-1,-1,5175,794,1472,0.4075,19.265,7.85,0,0,,,
22444205251109,-1,-1,-1,,-1,-1,-1,,-1,-1,-1,-1,-1,-1,-1,-1,-1,5175,794,1472,0.42625,19.2675,8.22,0,0,,,
22444210238399,-1,-1,-1,,-1,-1,-1,,-1,-1,-1,-1,-1,-1,-1,-1,-1,5175,794,1472,0.4,19.2662,8.19,0,0,,,
22444215238041,-1,-1,-1,,-1,-1,-1,,-1,-1,-1,-1,-1,-1,-1,-1,-1,5175,794,1472,0.39625,19.2587,7.63,0,0,,,
22444220237202,-1,-1,-1,,-1,-1,-1,,-1,-1,-1,-1,-1,-1,-1,-1,-1,5175,794,1472,0.40125,19.26,7.73,0,0,,,
22444225236940,-1,-1,-1,,-1,-1,-1,,-1,-1,-1,-1,-1,-1,-1,-1,-1,5175,794,1472,0.41,19.2688,7.9,0,0,,,
22444230238758,-1,-1,-1,,-1,-1,-1,,-1,-1,-1,-1,-1,-1,-1,-1,-1,5175,794,1472,0.38875,19.2625,7.8,0,0,,,
22444235240160,-1,-1,-1,,-1,-1,-1,,-1,-1,-1,-1,-1,-1,-1,-1,-1,5175,794,1472,0.39625,19.265,7.63,0,0,,,
22444240248762,-1,-1,-1,,-1,-1,-1,,-1,-1,-1,-1,-1,-1,-1,-1,-1,5175,794,1472,0.42875,19.2563,8.26,0,0,,,
22444245239444,-1,-1,-1,,-1,-1,-1,,-1,-1,-1,-1,-1,-1,-1,-1,-1,5175,794,1472,0.42875,19.255,8.26,0,0,,,
22444250245838,-1,-1,-1,,-1,-1,-1,,-1,-1,-1,-1,-1,-1,-1,-1,-1,5175,794,1472,0.40125,19.26,7.76,0,0,,,
22444255254056,-1,-1,-1,,-1,-1,-1,,-1,-1,-1,-1,-1,-1,-1,-1,-1,5175,794,1472,0.4075,19.26,7.85,0,0,,,
22444260235041,-1,-1,-1,,-1,-1,-1,,-1,-1,-1,-1,-1,-1,-1,-1,-1,5175,794,1472,0.39875,19.2625,7.68,0,0,,,
22444265243835,-1,-1,-1,,-1,-1,-1,,-1,-1,-1,-1,-1,-1,-1,-1,-1,5175,794,1472,0.39375,19.2625,7.46,0,0,,,
22444270247093,-1,-1,-1,,-1,-1,-1,,-1,-1,-1,-1,-1,-1,-1,-1,-1,5175,794,1472,0.39625,19.2575,8.18,0,0,,,
22444275245615,-1,-1,-1,,-1,-1,-1,,-1,-1,-1,-1,-1,-1,-1,-1,-1,5175,794,1472,0.42375,19.2625,8.17,0,0,,,
22444280256553,-1,-1,-1,,-1,-1,-1,,-1,-1,-1,-1,-1,-1,-1,-1,-1,5175,794,1472,0.42125,19.2638,8.12,0,0,,,
22444285247075,-1,-1,-1,,-1,-1,-1,,-1,-1,-1,-1,-1,-1,-1,-1,-1,5175,794,1472,0.40625,19.2575,7.9,0,0,,,
22444290239740,-1,-1,-1,,-1,-1,-1,,-1,-1,-1,-1,-1,-1,-1,-1,-1,5175,794,1472,0.40125,19.265,8.14,0,0,,,
22444295231350,-1,-1,-1,,-1,-1,-1,,-1,-1,-1,-1,-1,-1,-1,-1,-1,5175,794,1472,0.40125,19.2625,7.73,0,0,,,
22444300237104,-1,-1,-1,,-1,-1,-1,,-1,-1,-1,-1,-1,-1,-1,-1,-1,5175,794,1472,0.39625,19.2688,7.64,0,0,,,
22444305236938,-1,-1,-1,,-1,-1,-1,,-1,-1,-1,-1,-1,-1,-1,-1,-1,5175,794,1472,0.40375,19.2613,8.14,0,0,,,
22444310231972,-1,-1,-1,,-1,-1,-1,,-1,-1,-1,-1,-1,-1,-1,-1,-1,5175,794,1472,0.40875,19.2575,7.87,0,0,,,
22444315236222,-1,-1,-1,,-1,-1,-1,,-1,-1,-1,-1,-1,-1,-1,-1,-1,5175,794,1472,0.39875,19.2638,7.68,0,0,,,
22444320235031,-1,-1,-1,,-1,-1,-1,,-1,-1,-1,-1,-1,-1,-1,-1,-1,5175,794,1472,0.40625,19.2638,7.82,0,0,,,
22444325231441,-1,-1,-1,,-1,-1,-1,,-1,-1,-1,-1,-1,-1,-1,-1,-1,5175,794,1472,0.4375,19.265,8.17,0,0,,,
22444330229963,-1,-1,-1,,-1,-1,-1,,-1,-1,-1,-1,-1,-1,-1,-1,-1,5175,794,1472,0.4175,19.2587,8.04,0,0,,,
22444335236133,-1,-1,-1,,-1,-1,-1,,-1,-1,-1,-1,-1,-1,-1,-1,-1,5175,794,1472,0.3975,19.2662,7.65,0,0,,,
22444340234495,-1,-1,-1,,-1,-1,-1,,-1,-1,-1,-1,-1,-1,-1,-1,-1,5175,794,1472,0.42125,19.26,8.12,0,0,,,
22444345237721,-1,-1,-1,,-1,-1,-1,,-1,-1,-1,-1,-1,-1,-1,-1,-1,5175,794,1472,0.39625,19.2587,8.5,0,0,,,
22444350236275,-1,-1,-1,,-1,-1,-1,,-1,-1,-1,-1,-1,-1,-1,-1,-1,5175,794,1472,0.38875,19.2662,7.49,0,0,,,
22444355236332,-1,-1,-1,,-1,-1,-1,,-1,-1,-1,-1,-1,-1,-1,-1,-1,5175,794,1472,0.41125,19.2625,7.92,0,0,,,
22444360243782,-1,-1,-1,,-1,-1,-1,,-1,-1,-1,-1,-1,-1,-1,-1,-1,5175,794,1472,0.39625,19.26,8.38,0,0,,,
22444365238176,-1,-1,-1,,-1,-1,-1,,-1,-1,-1,-1,-1,-1,-1,-1,-1,5175,794,1472,0.41,19.2563,7.92,0,0,,,
22444370238554,-1,-1,-1,,-1,-1,-1,,-1,-1,-1,-1,-1,-1,-1,-1,-1,5175,794,1472,0.4175,19.265,8.04,0,0,,,
22444375237044,-1,-1,-1,,-1,-1,-1,,-1,-1,-1,-1,-1,-1,-1,-1,-1,5175,794,1472,0.3975,19.26,7.65,0,0,,,
22444380233838,-1,-1,-1,,-1,-1,-1,,-1,-1,-1,-1,-1,-1,-1,-1,-1,5175,794,1472,0.42125,19.2587,7.8,0,0,,,
22444385242920,-1,-1,-1,,-1,-1,-1,,-1,-1,-1,-1,-1,-1,-1,-1,-1,5175,794,1472,0.3925,19.2662,7.56,0,0,,,
22444390238049,-1,-1,-1,,-1,-1,-1,,-1,-1,-1,-1,-1,-1,-1,-1,-1,5175,794,1472,0.4075,19.2638,7.85,0,0,,,
22444395231771,-1,-1,-1,,-1,-1,-1,,-1,-1,-1,-1,-1,-1,-1,-1,-1,5175,794,1472,0.42375,19.2625,8.17,0,0,,,
22444400251157,-1,-1,-1,,-1,-1,-1,,-1,-1,-1,-1,-1,-1,-1,-1,-1,5175,794,1472,0.39625,19.2712,8.55,0,0,,,
22444405246447,-1,-1,-1,,-1,-1,-1,,-1,-1,-1,-1,-1,-1,-1,-1,-1,5175,794,1472,0.41875,19.26,8.06,0,0,,,
22444410233673,-1,-1,-1,,-1,-1,-1,,-1,-1,-1,-1,-1,-1,-1,-1,-1,5175,794,1472,0.405,19.26,7.8,0,0,,,
22444415251843,-1,-1,-1,,-1,-1,-1,,-1,-1,-1,-1,-1,-1,-1,-1,-1,5175,834,1472,0.4275,19.2538,8.23,0,0,,,
22444420245213,-1,-1,-1,,-1,-1,-1,,-1,-1,-1,-1,-1,-1,-1,-1,-1,5175,834,1472,0.4325,19.26,8.17,0,0,,,
22444425244854,-1,-1,-1,,-1,-1,-1,,-1,-1,-1,-1,-1,-1,-1,-1,-1,5175,834,1472,0.44375,19.2488,8.54,0,0,,,
22444430246576,-1,-1,-1,,-1,-1,-1,,-1,-1,-1,-1,-1,-1,-1,-1,-1,5175,834,1472,0.4325,19.2512,8.32,0,0,,,
22444435426031,-1,-1,-1,,-1,-1,-1,,-1,-1,-1,-1,-1,-1,-1,-1,-1,5175,834,1472,0.40125,19.2662,7.76,0,0,,,
22444440239812,-1,-1,-1,,-1,-1,-1,,-1,-1,-1,-1,-1,-1,-1,-1,-1,5175,834,1472,0.4025,19.2675,7.68,0,0,,,
22444445232574,-1,-1,-1,,-1,-1,-1,,-1,-1,-1,-1,-1,-1,-1,-1,-1,5175,834,1472,0.42375,19.2587,8.17,0,0,,,
22444450388059,-1,-1,-1,,-1,-1,-1,,-1,-1,-1,-1,-1,-1,-1,-1,-1,5175,834,1472,0.3975,19.265,7.65,0,0,,,
22444455250834,-1,-1,-1,,-1,-1,-1,,-1,-1,-1,-1,-1,-1,-1,-1,-1,5175,834,1472,0.40125,19.2675,7.87,0,0,,,
22444460245387,-1,-1,-1,,-1,-1,-1,,-1,-1,-1,-1,-1,-1,-1,-1,-1,5175,834,1472,0.40875,19.2625,7.87,0,0,,,
22444465248325,-1,-1,-1,,-1,-1,-1,,-1,-1,-1,-1,-1,-1,-1,-1,-1,5175,834,1472,0.405,19.2587,7.8,0,0,,,
22444470250399,-1,-1,-1,,-1,-1,-1,,-1,-1,-1,-1,-1,-1,-1,-1,-1,5175,834,1472,0.42375,19.2725,8.17,0,0,,,
22444475247513,-1,-1,-1,,-1,-1,-1,,-1,-1,-1,-1,-1,-1,-1,-1,-1,5175,834,1472,0.41125,19.2575,8.12,0,0,,,
22444480235059,-1,-1,-1,,-1,-1,-1,,-1,-1,-1,-1,-1,-1,-1,-1,-1,5175,834,1472,0.39,19.2625,7.51,0,0,,,
22444485237260,-1,-1,-1,,-1,-1,-1,,-1,-1,-1,-1,-1,-1,-1,-1,-1,5175,834,1472,0.39875,19.27,7.68,0,0,,,
22444490237830,-1,-1,-1,,-1,-1,-1,,-1,-1,-1,-1,-1,-1,-1,-1,-1,5175,834,1472,0.425,19.2625,8.19,0,0,,,
22444495236864,-1,-1,-1,,-1,-1,-1,,-1,-1,-1,-1,-1,-1,-1,-1,-1,5175,834,1472,0.40875,19.2675,8.41,0,0,,,
22444500235674,-1,-1,-1,,-1,-1,-1,,-1,-1,-1,-1,-1,-1,-1,-1,-1,5175,834,1472,0.40625,19.26,7.82,0,0,,,
22444505235444,-1,-1,-1,,-1,-1,-1,,-1,-1,-1,-1,-1,-1,-1,-1,-1,5175,834,1472,0.41625,19.26,8.01,0,0,,,
22444510230574,-1,-1,-1,,-1,-1,-1,,-1,-1,-1,-1,-1,-1,-1,-1,-1,5175,834,1472,0.4075,19.2575,7.85,0,0,,,
22444515230759,-1,-1,-1,,-1,-1,-1,,-1,-1,-1,-1,-1,-1,-1,-1,-1,5175,834,1472,0.4175,19.2638,7.87,0,0,,,
22444520236865,-1,-1,-1,,-1,-1,-1,,-1,-1,-1,-1,-1,-1,-1,-1,-1,5175,834,1472,0.39125,19.265,7.54,0,0,,,
22444525234747,-1,-1,-1,,-1,-1,-1,,-1,-1,-1,-1,-1,-1,-1,-1,-1,5175,834,1472,0.42375,19.2625,8.17,0,0,,,
22444530249621,-1,-1,-1,,-1,-1,-1,,-1,-1,-1,-1,-1,-1,-1,-1,-1,5175,834,1472,0.42,19.2575,8.12,0,0,,,
22444535238479,-1,-1,-1,,-1,-1,-1,,-1,-1,-1,-1,-1,-1,-1,-1,-1,5175,834,1472,0.39375,19.2725,7.97,0,0,,,
22444540235049,-1,-1,-1,,-1,-1,-1,,-1,-1,-1,-1,-1,-1,-1,-1,-1,5175,834,1472,0.4025,19.2662,7.76,0,0,,,
22444545230658,-1,-1,-1,,-1,-1,-1,,-1,-1,-1,-1,-1,-1,-1,-1,-1,5175,834,1472,0.40875,19.2625,7.87,0,0,,,
22444550252317,-1,-1,-1,,-1,-1,-1,,-1,-1,-1,-1,-1,-1,-1,-1,-1,5175,794,1472,0.39875,19.2625,8.17,0,0,,,
22444555237654,-1,-1,-1,,-1,-1,-1,,-1,-1,-1,-1,-1,-1,-1,-1,-1,5175,794,1472,0.4175,19.26,8.04,0,0,,,
22444560232208,-1,-1,-1,,-1,-1,-1,,-1,-1,-1,-1,-1,-1,-1,-1,-1,5175,794,1472,0.41875,19.2575,8.06,0,0,,,
22444565235082,-1,-1,-1,,-1,-1,-1,,-1,-1,-1,-1,-1,-1,-1,-1,-1,5175,794,1472,0.40375,19.25,7.77,0,0,,,
22444570240996,-1,-1,-1,,-1,-1,-1,,-1,-1,-1,-1,-1,-1,-1,-1,-1,5175,794,1472,0.39125,19.2688,7.78,0,0,,,
22444575238110,-1,-1,-1,,-1,-1,-1,,-1,-1,-1,-1,-1,-1,-1,-1,-1,5175,794,1472,0.40375,19.2613,7.78,0,0,,,
22444580251608,-1,-1,-1,,-1,-1,-1,,-1,-1,-1,-1,-1,-1,-1,-1,-1,5175,794,1472,0.4325,19.2662,8.33,0,0,,,
22444585239729,-1,-1,-1,,-1,-1,-1,,-1,-1,-1,-1,-1,-1,-1,-1,-1,5175,794,1472,0.41625,19.2613,8.01,0,0,,,
22444590251244,-1,-1,-1,,-1,-1,-1,,-1,-1,-1,-1,-1,-1,-1,-1,-1,5175,794,1472,0.40125,19.2638,7.81,0,0,,,
22444595241093,-1,-1,-1,,-1,-1,-1,,-1,-1,-1,-1,-1,-1,-1,-1,-1,5175,794,1472,0.40125,19.2638,7.73,0,0,,,
22444600236319,-1,-1,-1,,-1,-1,-1,,-1,-1,-1,-1,-1,-1,-1,-1,-1,5175,794,1472,0.3975,19.2638,7.65,0,0,,,
22444605236185,-1,-1,-1,,-1,-1,-1,,-1,-1,-1,-1,-1,-1,-1,-1,-1,5175,794,1472,0.39,19.2538,7.92,0,0,,,
22444610231378,-1,-1,-1,,-1,-1,-1,,-1,-1,-1,-1,-1,-1,-1,-1,-1,5175,794,1472,0.425,19.2625,7.54,0,0,,,
22444615229580,-1,-1,-1,,-1,-1,-1,,-1,-1,-1,-1,-1,-1,-1,-1,-1,5175,794,1472,0.39625,19.26,7.63,0,0,,,
22444620237030,-1,-1,-1,,-1,-1,-1,,-1,-1,-1,-1,-1,-1,-1,-1,-1,5175,794,1472,0.39625,19.27,7.64,0,0,,,
22444625236704,-1,-1,-1,,-1,-1,-1,,-1,-1,-1,-1,-1,-1,-1,-1,-1,5175,794,1472,0.385,19.2638,8.06,0,0,,,
22444630230650,-1,-1,-1,,-1,-1,-1,,-1,-1,-1,-1,-1,-1,-1,-1,-1,5175,794,1472,0.39375,19.2563,7.58,0,0,,,
22444635236852,-1,-1,-1,,-1,-1,-1,,-1,-1,-1,-1,-1,-1,-1,-1,-1,5175,794,1472,0.40875,19.2662,7.87,0,0,,,
22444640234350,-1,-1,-1,,-1,-1,-1,,-1,-1,-1,-1,-1,-1,-1,-1,-1,5175,794,1472,0.4125,19.2613,7.95,0,0,,,
22444645237480,-1,-1,-1,,-1,-1,-1,,-1,-1,-1,-1,-1,-1,-1,-1,-1,5175,794,1472,0.4175,19.2638,8.04,0,0,,,
22444650235457,-1,-1,-1,,-1,-1,-1,,-1,-1,-1,-1,-1,-1,-1,-1,-1,5175,794,1472,0.43375,19.2538,8.35,0,0,,,
22444655238619,-1,-1,-1,,-1,-1,-1,,-1,-1,-1,-1,-1,-1,-1,-1,-1,5175,794,1472,0.39875,19.2638,7.68,0,0,,,
22444660235253,-1,-1,-1,,-1,-1,-1,,-1,-1,-1,-1,-1,-1,-1,-1,-1,5175,794,1472,0.41375,19.2638,7.97,0,0,,,
22444665234959,-1,-1,-1,,-1,-1,-1,,-1,-1,-1,-1,-1,-1,-1,-1,-1,5175,794,1472,0.41125,19.2638,8.38,0,0,,,
22444670241673,-1,-1,-1,,-1,-1,-1,,-1,-1,-1,-1,-1,-1,-1,-1,-1,5175,794,1472,0.4,19.2625,7.71,0,0,,,
22444675236195,-1,-1,-1,,-1,-1,-1,,-1,-1,-1,-1,-1,-1,-1,-1,-1,5175,794,1472,0.425,19.265,8.19,0,0,,,
22444680236796,-1,-1,-1,,-1,-1,-1,,-1,-1,-1,-1,-1,-1,-1,-1,-1,5175,794,1472,0.41125,19.265,8.22,0,0,,,
22444685231894,-1,-1,-1,,-1,-1,-1,,-1,-1,-1,-1,-1,-1,-1,-1,-1,5175,794,1472,0.42625,19.2675,7.78,0,0,,,
22444690236432,-1,-1,-1,,-1,-1,-1,,-1,-1,-1,-1,-1,-1,-1,-1,-1,5175,794,1472,0.3925,19.2613,7.56,0,0,,,
22444695236554,-1,-1,-1,,-1,-1,-1,,-1,-1,-1,-1,-1,-1,-1,-1,-1,5175,794,1472,0.41,19.2613,7.9,0,0,,,
22444700232420,-1,-1,-1,,-1,-1,-1,,-1,-1,-1,-1,-1,-1,-1,-1,-1,5175,794,1472,0.405,19.26,8.4,0,0,,,
22444705237310,-1,-1,-1,,-1,-1,-1,,-1,-1,-1,-1,-1,-1,-1,-1,-1,5175,794,1472,0.39375,19.265,7.59,0,0,,,
22444710238808,-1,-1,-1,,-1,-1,-1,,-1,-1,-1,-1,-1,-1,-1,-1,-1,5175,794,1472,0.4175,19.2625,8.04,0,0,,,
22444715240722,-1,-1,-1,,-1,-1,-1,,-1,-1,-1,-1,-1,-1,-1,-1,-1,5175,794,1472,0.40875,19.2638,7.87,0,0,,,
22444720239819,-1,-1,-1,,-1,-1,-1,,-1,-1,-1,-1,-1,-1,-1,-1,-1,5175,794,1472,0.40375,19.26,8.42,0,0,,,
22444725242533,-1,-1,-1,,-1,-1,-1,,-1,-1,-1,-1,-1,-1,-1,-1,-1,5175,794,1472,0.41375,19.26,7.97,0,0,,,
22444730233503,-1,-1,-1,,-1,-1,-1,,-1,-1,-1,-1,-1,-1,-1,-1,-1,5175,794,1472,0.41375,19.2587,7.97,0,0,,,
22444735245657,-1,-1,-1,,-1,-1,-1,,-1,-1,-1,-1,-1,-1,-1,-1,-1,5175,794,1472,0.40875,19.2575,7.87,0,0,,,
22444740239987,-1,-1,-1,,-1,-1,-1,,-1,-1,-1,-1,-1,-1,-1,-1,-1,5175,794,1472,0.395,19.27,7.81,0,0,,,
22444745238061,-1,-1,-1,,-1,-1,-1,,-1,-1,-1,-1,-1,-1,-1,-1,-1,5175,794,1472,0.4075,19.2625,7.85,0,0,,,
22444750234630,-1,-1,-1,,-1,-1,-1,,-1,-1,-1,-1,-1,-1,-1,-1,-1,5175,794,1472,0.415,19.2675,8,0,0,,,
22444755236544,-1,-1,-1,,-1,-1,-1,,-1,-1,-1,-1,-1,-1,-1,-1,-1,5175,794,1472,0.4125,19.2662,7.95,0,0,,,
22444760235386,-1,-1,-1,,-1,-1,-1,,-1,-1,-1,-1,-1,-1,-1,-1,-1,5175,794,1472,0.38875,19.26,8.04,0,0,,,
22444765235668,-1,-1,-1,,-1,-1,-1,,-1,-1,-1,-1,-1,-1,-1,-1,-1,5175,794,1472,0.41625,19.265,8.01,0,0,,,
22444770235310,-1,-1,-1,,-1,-1,-1,,-1,-1,-1,-1,-1,-1,-1,-1,-1,5175,794,1472,0.4425,19.26,8.52,0,0,,,
22444775241896,-1,-1,-1,,-1,-1,-1,,-1,-1,-1,-1,-1,-1,-1,-1,-1,5175,794,1472,0.3925,19.2675,7.65,0,0,,,
22444780236705,-1,-1,-1,,-1,-1,-1,,-1,-1,-1,-1,-1,-1,-1,-1,-1,5175,794,1472,0.41875,19.2587,8.06,0,0,,,
22444785231323,-1,-1,-1,,-1,-1,-1,,-1,-1,-1,-1,-1,-1,-1,-1,-1,5175,794,1472,0.4325,19.2662,8.33,0,0,,,
22444790237749,-1,-1,-1,,-1,-1,-1,,-1,-1,-1,-1,-1,-1,-1,-1,-1,5175,794,1472,0.40625,19.27,7.83,0,0,,,
22444795236751,-1,-1,-1,,-1,-1,-1,,-1,-1,-1,-1,-1,-1,-1,-1,-1,5175,794,1472,0.39875,19.2525,7.82,0,0,,,
22444800235401,-1,-1,-1,,-1,-1,-1,,-1,-1,-1,-1,-1,-1,-1,-1,-1,5175,794,1472,0.3975,19.2587,7.65,0,0,,,
22444805237443,-1,-1,-1,,-1,-1,-1,,-1,-1,-1,-1,-1,-1,-1,-1,-1,5175,794,1472,0.395,19.2613,7.6,0,0,,,
22444810234780,-1,-1,-1,,-1,-1,-1,,-1,-1,-1,-1,-1,-1,-1,-1,-1,5175,794,1472,0.4175,19.265,8.04,0,0,,,
22444815231638,-1,-1,-1,,-1,-1,-1,,-1,-1,-1,-1,-1,-1,-1,-1,-1,5175,794,1472,0.40625,19.265,7.68,0,0,,,
22444820229744,-1,-1,-1,,-1,-1,-1,,-1,-1,-1,-1,-1,-1,-1,-1,-1,5175,794,1472,0.42125,19.2563,8.12,0,0,,,
22444825236490,-1,-1,-1,,-1,-1,-1,,-1,-1,-1,-1,-1,-1,-1,-1,-1,5175,794,1472,0.39125,19.2638,7.54,0,0,,,
22444830231396,-1,-1,-1,,-1,-1,-1,,-1,-1,-1,-1,-1,-1,-1,-1,-1,5175,794,1472,0.42875,19.2688,8.26,0,0,,,
22444835229054,-1,-1,-1,,-1,-1,-1,,-1,-1,-1,-1,-1,-1,-1,-1,-1,5175,794,1472,0.40125,19.2613,8.19,0,0,,,
22444840241336,-1,-1,-1,,-1,-1,-1,,-1,-1,-1,-1,-1,-1,-1,-1,-1,5175,794,1472,0.39375,19.2638,7.59,0,0,,,
22444845235089,-1,-1,-1,,-1,-1,-1,,-1,-1,-1,-1,-1,-1,-1,-1,-1,5175,794,1472,0.41625,19.2625,8.01,0,0,,,
22444850237579,-1,-1,-1,,-1,-1,-1,,-1,-1,-1,-1,-1,-1,-1,-1,-1,5175,794,1472,0.405,19.2675,8.36,0,0,,,
22444855236325,-1,-1,-1,,-1,-1,-1,,-1,-1,-1,-1,-1,-1,-1,-1,-1,5175,794,1472,0.415,19.2688,8.26,0,0,,,
22444860234463,-1,-1,-1,,-1,-1,-1,,-1,-1,-1,-1,-1,-1,-1,-1,-1,5175,794,1472,0.4075,19.2575,7.85,0,0,,,
22444865230713,-1,-1,-1,,-1,-1,-1,,-1,-1,-1,-1,-1,-1,-1,-1,-1,5175,794,1472,0.3975,19.255,7.65,0,0,,,
22444870229587,-1,-1,-1,,-1,-1,-1,,-1,-1,-1,-1,-1,-1,-1,-1,-1,5175,794,1472,0.4175,19.2613,7.87,0,0,,,
22444875237261,-1,-1,-1,,-1,-1,-1,,-1,-1,-1,-1,-1,-1,-1,-1,-1,5175,794,1472,0.3925,19.2675,7.56,0,0,,,
22444880240583,-1,-1,-1,,-1,-1,-1,,-1,-1,-1,-1,-1,-1,-1,-1,-1,5175,794,1472,0.40125,19.265,7.73,0,0,,,
22444885233440,-1,-1,-1,,-1,-1,-1,,-1,-1,-1,-1,-1,-1,-1,-1,-1,5175,794,1472,0.41625,19.2638,8.01,0,0,,,
22444890236602,-1,-1,-1,,-1,-1,-1,,-1,-1,-1,-1,-1,-1,-1,-1,-1,5175,794,1472,0.4,19.265,8.01,0,0,,,
22444895234100,-1,-1,-1,,-1,-1,-1,,-1,-1,-1,-1,-1,-1,-1,-1,-1,5175,794,1472,0.41875,19.26,8.06,0,0,,,
22444900231438,-1,-1,-1,,-1,-1,-1,,-1,-1,-1,-1,-1,-1,-1,-1,-1,5175,794,1472,0.4125,19.2613,7.95,0,0,,,
22444905234248,-1,-1,-1,,-1,-1,-1,,-1,-1,-1,-1,-1,-1,-1,-1,-1,5175,794,1472,0.425,19.2587,8.18,0,0,,,
22444910236929,-1,-1,-1,,-1,-1,-1,,-1,-1,-1,-1,-1,-1,-1,-1,-1,5175,794,1472,0.3925,19.26,8.04,0,0,,,
22444915235771,-1,-1,-1,,-1,-1,-1,,-1,-1,-1,-1,-1,-1,-1,-1,-1,5175,794,1472,0.40375,19.2625,7.78,0,0,,,
22444920237493,-1,-1,-1,,-1,-1,-1,,-1,-1,-1,-1,-1,-1,-1,-1,-1,5175,794,1472,0.42625,19.2587,8.2,0,0,,,
22444925236975,-1,-1,-1,,-1,-1,-1,,-1,-1,-1,-1,-1,-1,-1,-1,-1,5175,794,1472,0.4,19.2675,7.83,0,0,,,
22444930238185,-1,-1,-1,,-1,-1,-1,,-1,-1,-1,-1,-1,-1,-1,-1,-1,5175,794,1472,0.415,19.2575,7.99,0,0,,,
22444935235459,-1,-1,-1,,-1,-1,-1,,-1,-1,-1,-1,-1,-1,-1,-1,-1,5175,794,1472,0.41375,19.2638,7.97,0,0,,,
22444940236509,-1,-1,-1,,-1,-1,-1,,-1,-1,-1,-1,-1,-1,-1,-1,-1,5175,794,1472,0.41125,19.2638,7.92,0,0,,,
22444945235734,-1,-1,-1,,-1,-1,-1,,-1,-1,-1,-1,-1,-1,-1,-1,-1,5175,794,1472,0.3975,19.2525,7.99,0,0,,,
22444950236048,-1,-1,-1,,-1,-1,-1,,-1,-1,-1,-1,-1,-1,-1,-1,-1,5175,794,1472,0.42125,19.2625,8.12,0,0,,,
22444955245290,-1,-1,-1,,-1,-1,-1,,-1,-1,-1,-1,-1,-1,-1,-1,-1,5175,794,1472,0.42625,19.2625,8.2,0,0,,,
22444960241988,-1,-1,-1,,-1,-1,-1,,-1,-1,-1,-1,-1,-1,-1,-1,-1,5175,794,1472,0.39,19.2662,7.51,0,0,,,
22444965237630,-1,-1,-1,,-1,-1,-1,,-1,-1,-1,-1,-1,-1,-1,-1,-1,5175,794,1472,0.4,19.2712,8.27,0,0,,,
22444970235640,-1,-1,-1,,-1,-1,-1,,-1,-1,-1,-1,-1,-1,-1,-1,-1,5175,794,1472,0.41,19.26,7.9,0,0,,,
22444975253042,-1,-1,-1,,-1,-1,-1,,-1,-1,-1,-1,-1,-1,-1,-1,-1,5175,794,1472,0.445,19.2662,8.58,0,0,,,
22444980255692,-1,-1,-1,,-1,-1,-1,,-1,-1,-1,-1,-1,-1,-1,-1,-1,5175,794,1472,0.4075,19.255,7.85,0,0,,,
22444985241765,-1,-1,-1,,-1,-1,-1,,-1,-1,-1,-1,-1,-1,-1,-1,-1,5175,794,1472,0.4025,19.2575,8.14,0,0,,,
22444990237183,-1,-1,-1,,-1,-1,-1,,-1,-1,-1,-1,-1,-1,-1,-1,-1,5175,794,1472,0.42125,19.26,8.12,0,0,,,
22444995236889,-1,-1,-1,,-1,-1,-1,,-1,-1,-1,-1,-1,-1,-1,-1,-1,5175,794,1472,0.40375,19.2587,7.77,0,0,,,
22445000235251,-1,-1,-1,,-1,-1,-1,,-1,-1,-1,-1,-1,-1,-1,-1,-1,5175,794,1472,0.40625,19.2662,7.82,0,0,,,
22445005235117,-1,-1,-1,,-1,-1,-1,,-1,-1,-1,-1,-1,-1,-1,-1,-1,5175,794,1472,0.4025,19.27,8.24,0,0,,,
22445010240903,-1,-1,-1,,-1,-1,-1,,-1,-1,-1,-1,-1,-1,-1,-1,-1,5175,794,1472,0.39125,19.2712,7.54,0,0,,,
22445015238368,-1,-1,-1,,-1,-1,-1,,-1,-1,-1,-1,-1,-1,-1,-1,-1,5175,794,1472,0.41125,19.2625,7.92,0,0,,,
22445020243066,-1,-1,-1,,-1,-1,-1,,-1,-1,-1,-1,-1,-1,-1,-1,-1,5175,794,1472,0.4125,19.2587,8.4,0,0,,,
22445025243316,-1,-1,-1,,-1,-1,-1,,-1,-1,-1,-1,-1,-1,-1,-1,-1,5175,794,1472,0.41875,19.2662,8.06,0,0,,,
22445030247374,-1,-1,-1,,-1,-1,-1,,-1,-1,-1,-1,-1,-1,-1,-1,-1,5175,794,1472,0.395,19.2638,7.6,0,0,,,
22445035241288,-1,-1,-1,,-1,-1,-1,,-1,-1,-1,-1,-1,-1,-1,-1,-1,5175,794,1472,0.4175,19.2613,8.04,0,0,,,
22445040245762,-1,-1,-1,,-1,-1,-1,,-1,-1,-1,-1,-1,-1,-1,-1,-1,5175,794,1472,0.41125,19.2563,8.12,0,0,,,
22445045241179,-1,-1,-1,,-1,-1,-1,,-1,-1,-1,-1,-1,-1,-1,-1,-1,5175,794,1472,0.39375,19.2638,7.59,0,0,,,
22445050238165,-1,-1,-1,,-1,-1,-1,,-1,-1,-1,-1,-1,-1,-1,-1,-1,5175,794,1472,0.425,19.2625,8.19,0,0,,,
22445055236047,-1,-1,-1,,-1,-1,-1,,-1,-1,-1,-1,-1,-1,-1,-1,-1,5175,794,1472,0.43625,19.265,8.41,0,0,,,
22445060235849,-1,-1,-1,,-1,-1,-1,,-1,-1,-1,-1,-1,-1,-1,-1,-1,5175,794,1472,0.395,19.255,7.9,0,0,,,
22445065234851,-1,-1,-1,,-1,-1,-1,,-1,-1,-1,-1,-1,-1,-1,-1,-1,5175,794,1472,0.41875,19.2638,8.06,0,0,,,
22445070237821,-1,-1,-1,,-1,-1,-1,,-1,-1,-1,-1,-1,-1,-1,-1,-1,5175,794,1472,0.4075,19.265,7.85,0,0,,,
22445075229878,-1,-1,-1,,-1,-1,-1,,-1,-1,-1,-1,-1,-1,-1,-1,-1,5175,794,1472,0.42125,19.2688,8.12,0,0,,,
22445080235120,-1,-1,-1,,-1,-1,-1,,-1,-1,-1,-1,-1,-1,-1,-1,-1,5175,794,1472,0.42,19.2613,7.95,0,0,,,
22445085238826,-1,-1,-1,,-1,-1,-1,,-1,-1,-1,-1,-1,-1,-1,-1,-1,5175,794,1472,0.40125,19.2625,7.73,0,0,,,
22445090232516,-1,-1,-1,,-1,-1,-1,,-1,-1,-1,-1,-1,-1,-1,-1,-1,5175,794,1472,0.42,19.2638,8.09,0,0,,,
22445095238078,-1,-1,-1,,-1,-1,-1,,-1,-1,-1,-1,-1,-1,-1,-1,-1,5175,794,1472,0.3925,19.2638,8.17,0,0,,,
22445100235032,-1,-1,-1,,-1,-1,-1,,-1,-1,-1,-1,-1,-1,-1,-1,-1,5175,794,1472,0.43,19.26,8.04,0,0,,,
22445105235346,-1,-1,-1,,-1,-1,-1,,-1,-1,-1,-1,-1,-1,-1,-1,-1,5175,794,1472,0.41375,19.2638,7.97,0,0,,,
22445110234347,-1,-1,-1,,-1,-1,-1,,-1,-1,-1,-1,-1,-1,-1,-1,-1,5175,794,1472,0.39875,19.255,7.68,0,0,,,
22445115240645,-1,-1,-1,,-1,-1,-1,,-1,-1,-1,-1,-1,-1,-1,-1,-1,5175,794,1472,0.4025,19.2688,7.62,0,0,,,
22445120235135,-1,-1,-1,,-1,-1,-1,,-1,-1,-1,-1,-1,-1,-1,-1,-1,5175,794,1472,0.43,19.2587,8.28,0,0,,,
22445125243289,-1,-1,-1,,-1,-1,-1,,-1,-1,-1,-1,-1,-1,-1,-1,-1,5175,794,1472,0.43,19.2638,8.28,0,0,,,
22445130248147,-1,-1,-1,,-1,-1,-1,,-1,-1,-1,-1,-1,-1,-1,-1,-1,5175,794,1472,0.42375,19.2638,8.17,0,0,,,
22445135237773,-1,-1,-1,,-1,-1,-1,,-1,-1,-1,-1,-1,-1,-1,-1,-1,5175,794,1472,0.42125,19.2613,7.92,0,0,,,
22445140231142,-1,-1,-1,,-1,-1,-1,,-1,-1,-1,-1,-1,-1,-1,-1,-1,5175,794,1472,0.42,19.2638,8.09,0,0,,,
22445145232096,-1,-1,-1,,-1,-1,-1,,-1,-1,-1,-1,-1,-1,-1,-1,-1,5175,794,1472,0.42,19.2538,8.09,0,0,,,
22445150239130,-1,-1,-1,,-1,-1,-1,,-1,-1,-1,-1,-1,-1,-1,-1,-1,5175,794,1472,0.395,19.2662,7.62,0,0,,,
22445155236148,-1,-1,-1,,-1,-1,-1,,-1,-1,-1,-1,-1,-1,-1,-1,-1,5175,794,1472,0.39625,19.265,8.23,0,0,,,
22445160232366,-1,-1,-1,,-1,-1,-1,,-1,-1,-1,-1,-1,-1,-1,-1,-1,5175,794,1472,0.41125,19.2575,7.92,0,0,,,
22445165236680,-1,-1,-1,,-1,-1,-1,,-1,-1,-1,-1,-1,-1,-1,-1,-1,5175,794,1472,0.4025,19.2625,7.76,0,0,,,
22445170237826,-1,-1,-1,,-1,-1,-1,,-1,-1,-1,-1,-1,-1,-1,-1,-1,5175,794,1472,0.40875,19.265,8.33,0,0,,,
22445175236123,-1,-1,-1,,-1,-1,-1,,-1,-1,-1,-1,-1,-1,-1,-1,-1,5175,794,1472,0.40875,19.255,8.15,0,0,,,
22445180237109,-1,-1,-1,,-1,-1,-1,,-1,-1,-1,-1,-1,-1,-1,-1,-1,5175,794,1472,0.40875,19.2638,7.87,0,0,,,
22445185236751,-1,-1,-1,,-1,-1,-1,,-1,-1,-1,-1,-1,-1,-1,-1,-1,5175,794,1472,0.42,19.2625,8.09,0,0,,,
22445190234953,-1,-1,-1,,-1,-1,-1,,-1,-1,-1,-1,-1,-1,-1,-1,-1,5175,794,1472,0.41,19.2613,7.8,0,0,,,
22445195233315,-1,-1,-1,,-1,-1,-1,,-1,-1,-1,-1,-1,-1,-1,-1,-1,5175,794,1472,0.41875,19.265,8.06,0,0,,,
22445200236893,-1,-1,-1,,-1,-1,-1,,-1,-1,-1,-1,-1,-1,-1,-1,-1,5175,794,1472,0.395,19.2662,7.62,0,0,,,
22445205235126,-1,-1,-1,,-1,-1,-1,,-1,-1,-1,-1,-1,-1,-1,-1,-1,5175,794,1472,0.42125,19.2613,8.12,0,0,,,
22445210236592,-1,-1,-1,,-1,-1,-1,,-1,-1,-1,-1,-1,-1,-1,-1,-1,5175,794,1472,0.43375,19.2625,7.85,0,0,,,
22445215249899,-1,-1,-1,,-1,-1,-1,,-1,-1,-1,-1,-1,-1,-1,-1,-1,5175,794,1472,0.4,19.2625,7.71,0,0,,,
22445220238308,-1,-1,-1,,-1,-1,-1,,-1,-1,-1,-1,-1,-1,-1,-1,-1,5175,794,1472,0.405,19.2662,7.81,0,0,,,
22445225235678,-1,-1,-1,,-1,-1,-1,,-1,-1,-1,-1,-1,-1,-1,-1,-1,5175,794,1472,0.42375,19.26,8.17,0,0,,,
22445230237464,-1,-1,-1,,-1,-1,-1,,-1,-1,-1,-1,-1,-1,-1,-1,-1,5175,794,1472,0.40625,19.2638,8.26,0,0,,,
22445235234610,-1,-1,-1,,-1,-1,-1,,-1,-1,-1,-1,-1,-1,-1,-1,-1,5175,794,1472,0.4175,19.2563,8.04,0,0,,,
22445240230251,-1,-1,-1,,-1,-1,-1,,-1,-1,-1,-1,-1,-1,-1,-1,-1,5175,794,1472,0.39625,19.2625,7.63,0,0,,,
22445245235141,-1,-1,-1,,-1,-1,-1,,-1,-1,-1,-1,-1,-1,-1,-1,-1,5175,794,1472,0.42125,19.2563,8.12,0,0,,,
22445250237119,-1,-1,-1,,-1,-1,-1,,-1,-1,-1,-1,-1,-1,-1,-1,-1,5175,794,1472,0.39,19.27,7.59,0,0,,,
22445255250649,-1,-1,-1,,-1,-1,-1,,-1,-1,-1,-1,-1,-1,-1,-1,-1,5175,794,1472,0.42625,19.2625,8.2,0,0,,,
22445260233139,-1,-1,-1,,-1,-1,-1,,-1,-1,-1,-1,-1,-1,-1,-1,-1,5175,794,1472,0.42,19.2638,8.09,0,0,,,
22445265246797,-1,-1,-1,,-1,-1,-1,,-1,-1,-1,-1,-1,-1,-1,-1,-1,5175,794,1472,0.39375,19.265,8.17,0,0,,,
22445270238535,-1,-1,-1,,-1,-1,-1,,-1,-1,-1,-1,-1,-1,-1,-1,-1,5175,794,1472,0.405,19.2625,7.85,0,0,,,
22445275232448,-1,-1,-1,,-1,-1,-1,,-1,-1,-1,-1,-1,-1,-1,-1,-1,5175,794,1472,0.415,19.2587,7.99,0,0,,,
22445280236698,-1,-1,-1,,-1,-1,-1,,-1,-1,-1,-1,-1,-1,-1,-1,-1,5175,794,1472,0.455,19.2538,8.76,0,0,,,
22445285236724,-1,-1,-1,,-1,-1,-1,,-1,-1,-1,-1,-1,-1,-1,-1,-1,5175,794,1472,0.42375,19.255,8.64,0,0,,,
22445290236142,-1,-1,-1,,-1,-1,-1,,-1,-1,-1,-1,-1,-1,-1,-1,-1,5175,794,1472,0.435,19.2475,8.37,0,0,,,
22445295230472,-1,-1,-1,,-1,-1,-1,,-1,-1,-1,-1,-1,-1,-1,-1,-1,5175,794,1472,0.43375,19.2512,8.35,0,0,,,
22445300237570,-1,-1,-1,,-1,-1,-1,,-1,-1,-1,-1,-1,-1,-1,-1,-1,5175,794,1472,0.4325,19.255,8.33,0,0,,,
22445305236379,-1,-1,-1,,-1,-1,-1,,-1,-1,-1,-1,-1,-1,-1,-1,-1,5175,794,1472,0.44,19.2512,8.78,0,0,,,
22445310234709,-1,-1,-1,,-1,-1,-1,,-1,-1,-1,-1,-1,-1,-1,-1,-1,5175,794,1472,0.4375,19.2525,8.42,0,0,,,
22445315236751,-1,-1,-1,,-1,-1,-1,,-1,-1,-1,-1,-1,-1,-1,-1,-1,5175,794,1472,0.48,19.2525,9.24,0,0,,,
22445320235113,-1,-1,-1,,-1,-1,-1,,-1,-1,-1,-1,-1,-1,-1,-1,-1,5175,794,1472,0.445,19.2625,8.58,0,0,,,
22445325231523,-1,-1,-1,,-1,-1,-1,,-1,-1,-1,-1,-1,-1,-1,-1,-1,5175,794,1472,0.3925,19.2587,7.22,0,0,,,
22445330237213,-1,-1,-1,,-1,-1,-1,,-1,-1,-1,-1,-1,-1,-1,-1,-1,5175,794,1472,0.4025,19.2712,7.76,0,0,,,
22445335233590,-1,-1,-1,,-1,-1,-1,,-1,-1,-1,-1,-1,-1,-1,-1,-1,5175,794,1472,0.40125,19.2725,7.73,0,0,,,
22445340231600,-1,-1,-1,,-1,-1,-1,,-1,-1,-1,-1,-1,-1,-1,-1,-1,5175,794,1472,0.395,19.2712,7.32,0,0,,,
22445345230122,-1,-1,-1,,-1,-1,-1,,-1,-1,-1,-1,-1,-1,-1,-1,-1,5175,794,1472,0.385,19.265,7.85,0,0,,,
22445350236868,-1,-1,-1,,-1,-1,-1,,-1,-1,-1,-1,-1,-1,-1,-1,-1,5175,794,1472,0.3775,19.2712,7.27,0,0,,,
22445355235262,-1,-1,-1,,-1,-1,-1,,-1,-1,-1,-1,-1,-1,-1,-1,-1,5175,794,1472,0.4025,19.2675,7.76,0,0,,,
22445360237016,-1,-1,-1,,-1,-1,-1,,-1,-1,-1,-1,-1,-1,-1,-1,-1,5175,794,1472,0.40125,19.2688,7.81,0,0,,,
22445365236946,-1,-1,-1,,-1,-1,-1,,-1,-1,-1,-1,-1,-1,-1,-1,-1,5175,794,1472,0.3825,19.2662,7.37,0,0,,,
22445370236107,-1,-1,-1,,-1,-1,-1,,-1,-1,-1,-1,-1,-1,-1,-1,-1,5175,794,1472,0.4,19.2662,7.71,0,0,,,
22445375254566,-1,-1,-1,,-1,-1,-1,,-1,-1,-1,-1,-1,-1,-1,-1,-1,5175,794,1472,0.40125,19.2587,7.73,0,0,,,
22445380233119,-1,-1,-1,,-1,-1,-1,,-1,-1,-1,-1,-1,-1,-1,-1,-1,5175,794,1472,0.45,19.2587,7.92,0,0,,,
22445385238713,-1,-1,-1,,-1,-1,-1,,-1,-1,-1,-1,-1,-1,-1,-1,-1,5175,794,1472,0.39375,19.2688,7.59,0,0,,,
22445390235859,-1,-1,-1,,-1,-1,-1,,-1,-1,-1,-1,-1,-1,-1,-1,-1,5175,794,1472,0.39125,19.2712,7.54,0,0,,,
22445395251053,-1,-1,-1,,-1,-1,-1,,-1,-1,-1,-1,-1,-1,-1,-1,-1,5175,794,1472,0.40125,19.2737,7.73,0,0,,,
22445400242951,-1,-1,-1,,-1,-1,-1,,-1,-1,-1,-1,-1,-1,-1,-1,-1,5175,794,1472,0.375,19.265,7.81,0,0,,,
22445405243937,-1,-1,-1,,-1,-1,-1,,-1,-1,-1,-1,-1,-1,-1,-1,-1,5175,794,1472,0.405,19.2638,7.81,0,0,,,
22445410239418,-1,-1,-1,,-1,-1,-1,,-1,-1,-1,-1,-1,-1,-1,-1,-1,5175,794,1472,0.38875,19.2575,7.49,0,0,,,
22445415230740,-1,-1,-1,,-1,-1,-1,,-1,-1,-1,-1,-1,-1,-1,-1,-1,5175,794,1472,0.38625,19.2675,7.44,0,0,,,
22445420237582,-1,-1,-1,,-1,-1,-1,,-1,-1,-1,-1,-1,-1,-1,-1,-1,5175,794,1472,0.3725,19.2763,7.81,0,0,,,
22445425238632,-1,-1,-1,,-1,-1,-1,,-1,-1,-1,-1,-1,-1,-1,-1,-1,5175,794,1472,0.39,19.2675,7.51,0,0,,,
22445430236578,-1,-1,-1,,-1,-1,-1,,-1,-1,-1,-1,-1,-1,-1,-1,-1,5175,794,1472,0.39875,19.2688,7.68,0,0,,,
22445435247740,-1,-1,-1,,-1,-1,-1,,-1,-1,-1,-1,-1,-1,-1,-1,-1,5175,794,1472,0.42625,19.2587,8.64,0,0,,,
22445440252758,-1,-1,-1,,-1,-1,-1,,-1,-1,-1,-1,-1,-1,-1,-1,-1,5175,794,1472,0.43875,19.2563,8.45,0,0,,,
22445445240559,-1,-1,-1,,-1,-1,-1,,-1,-1,-1,-1,-1,-1,-1,-1,-1,5175,794,1472,0.4125,19.26,7.95,0,0,,,
22445450240809,-1,-1,-1,,-1,-1,-1,,-1,-1,-1,-1,-1,-1,-1,-1,-1,5175,794,1472,0.38875,19.27,7.49,0,0,,,
22445455238019,-1,-1,-1,,-1,-1,-1,,-1,-1,-1,-1,-1,-1,-1,-1,-1,5214,794,1472,0.3725,19.275,7.88,0,0,,,
22445460235453,-1,-1,-1,,-1,-1,-1,,-1,-1,-1,-1,-1,-1,-1,-1,-1,5214,794,1472,0.3825,19.27,7.37,0,0,,,
22445465229590,-1,-1,-1,,-1,-1,-1,,-1,-1,-1,-1,-1,-1,-1,-1,-1,5214,794,1472,0.40625,19.2587,7.82,0,0,,,
22445470252625,-1,-1,-1,,-1,-1,-1,,-1,-1,-1,-1,-1,-1,-1,-1,-1,5214,834,1472,0.4625,19.2563,8.91,0,0,,,
22445475246571,-1,-1,-1,,-1,-1,-1,,-1,-1,-1,-1,-1,-1,-1,-1,-1,5214,834,1472,0.4125,19.2613,8.55,0,0,,,
22445480233828,-1,-1,-1,,-1,-1,-1,,-1,-1,-1,-1,-1,-1,-1,-1,-1,5214,834,1472,0.42625,19.2538,8.2,0,0,,,
22445485231518,-1,-1,-1,,-1,-1,-1,,-1,-1,-1,-1,-1,-1,-1,-1,-1,5214,834,1472,0.41,19.26,7.9,0,0,,,
22445490239160,-1,-1,-1,,-1,-1,-1,,-1,-1,-1,-1,-1,-1,-1,-1,-1,5214,834,1472,0.41,19.2625,7.9,0,0,,,
22445495243314,-1,-1,-1,,-1,-1,-1,,-1,-1,-1,-1,-1,-1,-1,-1,-1,5214,834,1472,0.4175,19.2587,8.2,0,0,,,
22445500240268,-1,-1,-1,,-1,-1,-1,,-1,-1,-1,-1,-1,-1,-1,-1,-1,5214,834,1472,0.4325,19.2462,8.32,0,0,,,
22445505255142,-1,-1,-1,,-1,-1,-1,,-1,-1,-1,-1,-1,-1,-1,-1,-1,5254,834,1472,0.41625,19.2525,8.01,0,0,,,
22445510251104,-1,-1,-1,,-1,-1,-1,,-1,-1,-1,-1,-1,-1,-1,-1,-1,5254,834,1472,0.45,19.2512,8.56,0,0,,,
22445515248281,-1,-1,-1,,-1,-1,-1,,-1,-1,-1,-1,-1,-1,-1,-1,-1,5254,834,1472,0.435,19.255,8.33,0,0,,,
22445520240339,-1,-1,-1,,-1,-1,-1,,-1,-1,-1,-1,-1,-1,-1,-1,-1,5254,834,1472,0.425,19.2625,8.19,0,0,,,
22445525233741,-1,-1,-1,,-1,-1,-1,,-1,-1,-1,-1,-1,-1,-1,-1,-1,5294,874,1472,0.41125,19.2638,7.92,0,0,,,
22445530234055,-1,-1,-1,,-1,-1,-1,,-1,-1,-1,-1,-1,-1,-1,-1,-1,5294,874,1472,0.39125,19.2638,7.81,0,0,,,
22445535231968,-1,-1,-1,,-1,-1,-1,,-1,-1,-1,-1,-1,-1,-1,-1,-1,5294,874,1472,0.40625,19.2688,7.82,0,0,,,
22445540246907,-1,-1,-1,,-1,-1,-1,,-1,-1,-1,-1,-1,-1,-1,-1,-1,5294,874,1472,0.38125,19.2688,7.35,0,0,,,
22445545243572,-1,-1,-1,,-1,-1,-1,,-1,-1,-1,-1,-1,-1,-1,-1,-1,5294,874,1472,0.3925,19.2613,7.56,0,0,,,
22445550237934,-1,-1,-1,,-1,-1,-1,,-1,-1,-1,-1,-1,-1,-1,-1,-1,5294,874,1472,0.38625,19.2675,7.21,0,0,,,
22445555235016,-1,-1,-1,,-1,-1,-1,,-1,-1,-1,-1,-1,-1,-1,-1,-1,5294,874,1472,0.3925,19.2675,7.56,0,0,,,
22445560237506,-1,-1,-1,,-1,-1,-1,,-1,-1,-1,-1,-1,-1,-1,-1,-1,5294,874,1472,0.39875,19.2638,7.68,0,0,,,
22445565231515,-1,-1,-1,,-1,-1,-1,,-1,-1,-1,-1,-1,-1,-1,-1,-1,5294,874,1472,0.38125,19.2675,7.35,0,0,,,
22445570230037,-1,-1,-1,,-1,-1,-1,,-1,-1,-1,-1,-1,-1,-1,-1,-1,5294,874,1472,0.4025,19.2725,7.87,0,0,,,
22445575239311,-1,-1,-1,,-1,-1,-1,,-1,-1,-1,-1,-1,-1,-1,-1,-1,5254,874,1472,0.36875,19.2675,7.1,0,0,,,
22445580236873,-1,-1,-1,,-1,-1,-1,,-1,-1,-1,-1,-1,-1,-1,-1,-1,5254,874,1472,0.38,19.2675,7.32,0,0,,,
22445585244131,-1,-1,-1,,-1,-1,-1,,-1,-1,-1,-1,-1,-1,-1,-1,-1,5254,874,1472,0.37875,19.2613,7.63,0,0,,,
22445590245629,-1,-1,-1,,-1,-1,-1,,-1,-1,-1,-1,-1,-1,-1,-1,-1,5254,874,1472,0.38625,19.2638,7.71,0,0,,,
22445595238231,-1,-1,-1,,-1,-1,-1,,-1,-1,-1,-1,-1,-1,-1,-1,-1,5254,874,1472,0.37,19.2662,7.13,0,0,,,
22445600235952,-1,-1,-1,,-1,-1,-1,,-1,-1,-1,-1,-1,-1,-1,-1,-1,5254,874,1472,0.39625,19.27,7.64,0,0,,,
22445605239018,-1,-1,-1,,-1,-1,-1,,-1,-1,-1,-1,-1,-1,-1,-1,-1,5254,874,1472,0.3875,19.265,7.76,0,0,,,
22445610237540,-1,-1,-1,,-1,-1,-1,,-1,-1,-1,-1,-1,-1,-1,-1,-1,5254,874,1472,0.3675,19.26,7.08,0,0,,,
22445615235710,-1,-1,-1,,-1,-1,-1,,-1,-1,-1,-1,-1,-1,-1,-1,-1,5254,874,1472,0.41125,19.2688,7.92,0,0,,,
22445620237336,-1,-1,-1,,-1,-1,-1,,-1,-1,-1,-1,-1,-1,-1,-1,-1,5254,874,1472,0.40875,19.27,7.87,0,0,,,
22445625237906,-1,-1,-1,,-1,-1,-1,,-1,-1,-1,-1,-1,-1,-1,-1,-1,5254,874,1472,0.37125,19.27,7.21,0,0,,,
22445630236236,-1,-1,-1,,-1,-1,-1,,-1,-1,-1,-1,-1,-1,-1,-1,-1,5254,874,1472,0.36875,19.2662,7.1,0,0,,,
22445635234949,-1,-1,-1,,-1,-1,-1,,-1,-1,-1,-1,-1,-1,-1,-1,-1,5254,874,1472,0.37875,19.2737,7.3,0,0,,,
22445640236127,-1,-1,-1,,-1,-1,-1,,-1,-1,-1,-1,-1,-1,-1,-1,-1,5254,834,1472,0.4175,19.2712,8.05,0,0,,,
22445645237177,-1,-1,-1,,-1,-1,-1,,-1,-1,-1,-1,-1,-1,-1,-1,-1,5254,834,1472,0.395,19.2638,7.51,0,0,,,
22445650237075,-1,-1,-1,,-1,-1,-1,,-1,-1,-1,-1,-1,-1,-1,-1,-1,5254,834,1472,0.3875,19.265,7.46,0,0,,,
22445655234893,-1,-1,-1,,-1,-1,-1,,-1,-1,-1,-1,-1,-1,-1,-1,-1,5254,834,1472,0.405,19.27,7.81,0,0,,,
22445660235143,-1,-1,-1,,-1,-1,-1,,-1,-1,-1,-1,-1,-1,-1,-1,-1,5254,834,1472,0.395,19.2662,7.78,0,0,,,
22445665230848,-1,-1,-1,,-1,-1,-1,,-1,-1,-1,-1,-1,-1,-1,-1,-1,5254,834,1472,0.39625,19.27,7.27,0,0,,,
22445670229498,-1,-1,-1,,-1,-1,-1,,-1,-1,-1,-1,-1,-1,-1,-1,-1,5254,834,1472,0.3775,19.26,7.27,0,0,,,
22445675236980,-1,-1,-1,,-1,-1,-1,,-1,-1,-1,-1,-1,-1,-1,-1,-1,5254,834,1472,0.36875,19.2725,7.1,0,0,,,
22445680234158,-1,-1,-1,,-1,-1,-1,,-1,-1,-1,-1,-1,-1,-1,-1,-1,5254,834,1472,0.375,19.2662,7.73,0,0,,,
22445685249096,-1,-1,-1,,-1,-1,-1,,-1,-1,-1,-1,-1,-1,-1,-1,-1,5254,834,1472,0.3825,19.2638,7.37,0,0,,,
22445690242562,-1,-1,-1,,-1,-1,-1,,-1,-1,-1,-1,-1,-1,-1,-1,-1,5254,834,1472,0.39875,19.2763,7.69,0,0,,,
22445695236700,-1,-1,-1,,-1,-1,-1,,-1,-1,-1,-1,-1,-1,-1,-1,-1,5254,834,1472,0.395,19.2613,7.6,0,0,,,
22445700231541,-1,-1,-1,,-1,-1,-1,,-1,-1,-1,-1,-1,-1,-1,-1,-1,5254,834,1472,0.41,19.2675,7.22,0,0,,,
22445705234735,-1,-1,-1,,-1,-1,-1,,-1,-1,-1,-1,-1,-1,-1,-1,-1,5254,834,1472,0.42,19.2675,8.09,0,0,,,
22445710236681,-1,-1,-1,,-1,-1,-1,,-1,-1,-1,-1,-1,-1,-1,-1,-1,5254,834,1472,0.38625,19.2712,7.45,0,0,,,
22445715246915,-1,-1,-1,,-1,-1,-1,,-1,-1,-1,-1,-1,-1,-1,-1,-1,5254,834,1472,0.40625,19.2675,7.83,0,0,,,
22445720234717,-1,-1,-1,,-1,-1,-1,,-1,-1,-1,-1,-1,-1,-1,-1,-1,5254,834,1472,0.37625,19.2675,8.03,0,0,,,
22445725237175,-1,-1,-1,,-1,-1,-1,,-1,-1,-1,-1,-1,-1,-1,-1,-1,5254,834,1472,0.40125,19.27,7.73,0,0,,,
22445730238449,-1,-1,-1,,-1,-1,-1,,-1,-1,-1,-1,-1,-1,-1,-1,-1,5254,834,1472,0.375,19.2737,7.23,0,0,,,
22445735232330,-1,-1,-1,,-1,-1,-1,,-1,-1,-1,-1,-1,-1,-1,-1,-1,5254,834,1472,0.40875,19.2725,7.87,0,0,,,
22445740236100,-1,-1,-1,,-1,-1,-1,,-1,-1,-1,-1,-1,-1,-1,-1,-1,5254,834,1472,0.3725,19.27,7.76,0,0,,,
22445745236670,-1,-1,-1,,-1,-1,-1,,-1,-1,-1,-1,-1,-1,-1,-1,-1,5254,834,1472,0.3975,19.27,7.65,0,0,,,
22445750232632,-1,-1,-1,,-1,-1,-1,,-1,-1,-1,-1,-1,-1,-1,-1,-1,5254,834,1472,0.385,19.2675,7.42,0,0,,,
22445755252306,-1,-1,-1,,-1,-1,-1,,-1,-1,-1,-1,-1,-1,-1,-1,-1,5254,834,1472,0.37,19.2688,7.71,0,0,,,
22445760237484,-1,-1,-1,,-1,-1,-1,,-1,-1,-1,-1,-1,-1,-1,-1,-1,5254,834,1472,0.39625,19.265,7.59,0,0,,,
22445765231269,-1,-1,-1,,-1,-1,-1,,-1,-1,-1,-1,-1,-1,-1,-1,-1,5254,834,1472,0.38875,19.2638,7.49,0,0,,,
22445770230015,-1,-1,-1,,-1,-1,-1,,-1,-1,-1,-1,-1,-1,-1,-1,-1,5254,834,1472,0.39125,19.27,7.54,0,0,,,
22445775260506,-1,-1,-1,,-1,-1,-1,,-1,-1,-1,-1,-1,-1,-1,-1,-1,5254,834,1472,0.37,19.2787,8.1,0,0,,,
22445780238547,-1,-1,-1,,-1,-1,-1,,-1,-1,-1,-1,-1,-1,-1,-1,-1,5254,834,1472,0.39625,19.2638,7.63,0,0,,,
22445785237805,-1,-1,-1,,-1,-1,-1,,-1,-1,-1,-1,-1,-1,-1,-1,-1,5254,834,1472,0.39625,19.27,7.64,0,0,,,
22445790242311,-1,-1,-1,,-1,-1,-1,,-1,-1,-1,-1,-1,-1,-1,-1,-1,5254,834,1472,0.385,19.2725,7.42,0,0,,,
22445795240129,-1,-1,-1,,-1,-1,-1,,-1,-1,-1,-1,-1,-1,-1,-1,-1,5254,834,1472,0.38625,19.265,7.81,0,0,,,
22445800236282,-1,-1,-1,,-1,-1,-1,,-1,-1,-1,-1,-1,-1,-1,-1,-1,5254,834,1472,0.3825,19.2675,7.37,0,0,,,
22445805237108,-1,-1,-1,,-1,-1,-1,,-1,-1,-1,-1,-1,-1,-1,-1,-1,5214,834,1472,0.37625,19.2675,7.24,0,0,,,
22445810236174,-1,-1,-1,,-1,-1,-1,,-1,-1,-1,-1,-1,-1,-1,-1,-1,5214,834,1472,0.40125,19.2737,7.73,0,0,,,
22445815235752,-1,-1,-1,,-1,-1,-1,,-1,-1,-1,-1,-1,-1,-1,-1,-1,5214,834,1472,0.3825,19.2662,7.73,0,0,,,
22445820250018,-1,-1,-1,,-1,-1,-1,,-1,-1,-1,-1,-1,-1,-1,-1,-1,5214,834,1472,0.40875,19.2675,7.87,0,0,,,
22445825241948,-1,-1,-1,,-1,-1,-1,,-1,-1,-1,-1,-1,-1,-1,-1,-1,5214,834,1472,0.395,19.2662,7.62,0,0,,,
22445830238997,-1,-1,-1,,-1,-1,-1,,-1,-1,-1,-1,-1,-1,-1,-1,-1,5214,834,1472,0.37625,19.2725,7.27,0,0,,,
22445835233231,-1,-1,-1,,-1,-1,-1,,-1,-1,-1,-1,-1,-1,-1,-1,-1,5214,834,1472,0.37375,19.2638,7.65,0,0,,,
22445840240809,-1,-1,-1,,-1,-1,-1,,-1,-1,-1,-1,-1,-1,-1,-1,-1,5214,834,1472,0.37875,19.2737,7.3,0,0,,,
22445845241251,-1,-1,-1,,-1,-1,-1,,-1,-1,-1,-1,-1,-1,-1,-1,-1,5214,834,1472,0.41,19.27,7.9,0,0,,,
22445850241533,-1,-1,-1,,-1,-1,-1,,-1,-1,-1,-1,-1,-1,-1,-1,-1,5214,834,1472,0.3875,19.2625,8.01,0,0,,,
22445855242871,-1,-1,-1,,-1,-1,-1,,-1,-1,-1,-1,-1,-1,-1,-1,-1,5214,834,1472,0.3825,19.275,7.37,0,0,,,
22445860237809,-1,-1,-1,,-1,-1,-1,,-1,-1,-1,-1,-1,-1,-1,-1,-1,5214,834,1472,0.385,19.2587,7.41,0,0,,,
22445865231946,-1,-1,-1,,-1,-1,-1,,-1,-1,-1,-1,-1,-1,-1,-1,-1,5214,834,1472,0.37125,19.265,7.16,0,0,,,
22445870239044,-1,-1,-1,,-1,-1,-1,,-1,-1,-1,-1,-1,-1,-1,-1,-1,5214,834,1472,0.39625,19.2638,7.9,0,0,,,
22445875239966,-1,-1,-1,,-1,-1,-1,,-1,-1,-1,-1,-1,-1,-1,-1,-1,5214,834,1472,0.3675,19.2662,7.08,0,0,,,
22445880237464,-1,-1,-1,,-1,-1,-1,,-1,-1,-1,-1,-1,-1,-1,-1,-1,5214,834,1472,0.38625,19.2737,7.45,0,0,,,
22445885232594,-1,-1,-1,,-1,-1,-1,,-1,-1,-1,-1,-1,-1,-1,-1,-1,5214,834,1472,0.40875,19.2662,7.87,0,0,,,
22445890238732,-1,-1,-1,,-1,-1,-1,,-1,-1,-1,-1,-1,-1,-1,-1,-1,5214,834,1472,0.38125,19.2675,7.73,0,0,,,
22445895236037,-1,-1,-1,,-1,-1,-1,,-1,-1,-1,-1,-1,-1,-1,-1,-1,5214,834,1472,0.39375,19.2625,7.59,0,0,,,
22445900231583,-1,-1,-1,,-1,-1,-1,,-1,-1,-1,-1,-1,-1,-1,-1,-1,5214,834,1472,0.38625,19.265,7.44,0,0,,,
22445905235033,-1,-1,-1,,-1,-1,-1,,-1,-1,-1,-1,-1,-1,-1,-1,-1,5214,834,1472,0.37875,19.2563,7.3,0,0,,,
22445910239891,-1,-1,-1,,-1,-1,-1,,-1,-1,-1,-1,-1,-1,-1,-1,-1,5214,834,1472,0.365,19.27,7.51,0,0,,,
22445915237805,-1,-1,-1,,-1,-1,-1,,-1,-1,-1,-1,-1,-1,-1,-1,-1,5214,834,1472,0.38375,19.2712,7.4,0,0,,,
22445920237607,-1,-1,-1,,-1,-1,-1,,-1,-1,-1,-1,-1,-1,-1,-1,-1,5214,834,1472,0.425,19.275,8.19,0,0,,,
22445925241345,-1,-1,-1,,-1,-1,-1,,-1,-1,-1,-1,-1,-1,-1,-1,-1,5214,834,1472,0.375,19.2563,8.18,0,0,,,
22445930240634,-1,-1,-1,,-1,-1,-1,,-1,-1,-1,-1,-1,-1,-1,-1,-1,5214,834,1472,0.37625,19.27,7.16,0,0,,,
22445935239284,-1,-1,-1,,-1,-1,-1,,-1,-1,-1,-1,-1,-1,-1,-1,-1,5214,834,1472,0.39,19.27,7.51,0,0,,,
22445940238574,-1,-1,-1,,-1,-1,-1,,-1,-1,-1,-1,-1,-1,-1,-1,-1,5214,834,1472,0.38375,19.26,7.39,0,0,,,
22445945241256,-1,-1,-1,,-1,-1,-1,,-1,-1,-1,-1,-1,-1,-1,-1,-1,5214,834,1472,0.37875,19.2712,7.37,0,0,,,
22445950240162,-1,-1,-1,,-1,-1,-1,,-1,-1,-1,-1,-1,-1,-1,-1,-1,5214,834,1472,0.38875,19.265,7.49,0,0,,,
22445955235836,-1,-1,-1,,-1,-1,-1,,-1,-1,-1,-1,-1,-1,-1,-1,-1,5214,834,1472,0.385,19.2675,7.42,0,0,,,
22445960239222,-1,-1,-1,,-1,-1,-1,,-1,-1,-1,-1,-1,-1,-1,-1,-1,5214,834,1472,0.3925,19.2662,7.56,0,0,,,
22445965237327,-1,-1,-1,,-1,-1,-1,,-1,-1,-1,-1,-1,-1,-1,-1,-1,5214,834,1472,0.38875,19.2675,7.65,0,0,,,
22445970231593,-1,-1,-1,,-1,-1,-1,,-1,-1,-1,-1,-1,-1,-1,-1,-1,5214,834,1472,0.39375,19.2613,7.59,0,0,,,
22445975238147,-1,-1,-1,,-1,-1,-1,,-1,-1,-1,-1,-1,-1,-1,-1,-1,5214,834,1472,0.3975,19.27,7.65,0,0,,,
22445980237373,-1,-1,-1,,-1,-1,-1,,-1,-1,-1,-1,-1,-1,-1,-1,-1,5214,834,1472,0.38875,19.2675,7.49,0,0,,,
22445985242679,-1,-1,-1,,-1,-1,-1,,-1,-1,-1,-1,-1,-1,-1,-1,-1,5214,834,1472,0.3925,19.2712,7.4,0,0,,,
22445990241201,-1,-1,-1,,-1,-1,-1,,-1,-1,-1,-1,-1,-1,-1,-1,-1,5214,834,1472,0.4075,19.2662,7.85,0,0,,,
22445995242091,-1,-1,-1,,-1,-1,-1,,-1,-1,-1,-1,-1,-1,-1,-1,-1,5214,834,1472,0.375,19.2712,7.23,0,0,,,
22446000253637,-1,-1,-1,,-1,-1,-1,,-1,-1,-1,-1,-1,-1,-1,-1,-1,5214,834,1472,0.38875,19.2613,7.68,0,0,,,
22446005242334,-1,-1,-1,,-1,-1,-1,,-1,-1,-1,-1,-1,-1,-1,-1,-1,5214,834,1472,0.39125,19.2725,7.78,0,0,,,
22446010250648,-1,-1,-1,,-1,-1,-1,,-1,-1,-1,-1,-1,-1,-1,-1,-1,5214,834,1472,0.37375,19.2688,7.21,0,0,,,
22446015237170,-1,-1,-1,,-1,-1,-1,,-1,-1,-1,-1,-1,-1,-1,-1,-1,5214,834,1472,0.3925,19.2662,7.56,0,0,,,
22446020234956,-1,-1,-1,,-1,-1,-1,,-1,-1,-1,-1,-1,-1,-1,-1,-1,5214,834,1472,0.39375,19.2725,7.13,0,0,,,
22446025230949,-1,-1,-1,,-1,-1,-1,,-1,-1,-1,-1,-1,-1,-1,-1,-1,5214,834,1472,0.4,19.2725,7.71,0,0,,,
22446030235935,-1,-1,-1,,-1,-1,-1,,-1,-1,-1,-1,-1,-1,-1,-1,-1,5214,834,1472,0.37625,19.2737,7.26,0,0,,,
22446035241977,-1,-1,-1,,-1,-1,-1,,-1,-1,-1,-1,-1,-1,-1,-1,-1,5214,834,1472,0.4075,19.27,7.85,0,0,,,
22446040238419,-1,-1,-1,,-1,-1,-1,,-1,-1,-1,-1,-1,-1,-1,-1,-1,5214,834,1472,0.3875,19.2688,7.92,0,0,,,
22446045238861,-1,-1,-1,,-1,-1,-1,,-1,-1,-1,-1,-1,-1,-1,-1,-1,5175,834,1472,0.37625,19.2662,7.24,0,0,,,
22446050238951,-1,-1,-1,,-1,-1,-1,,-1,-1,-1,-1,-1,-1,-1,-1,-1,5175,834,1472,0.39,19.2737,7.51,0,0,,,
22446055236833,-1,-1,-1,,-1,-1,-1,,-1,-1,-1,-1,-1,-1,-1,-1,-1,5175,834,1472,0.4,19.2662,7.71,0,0,,,
22446060231610,-1,-1,-1,,-1,-1,-1,,-1,-1,-1,-1,-1,-1,-1,-1,-1,5175,834,1472,0.39875,19.2725,7.95,0,0,,,
22446065238676,-1,-1,-1,,-1,-1,-1,,-1,-1,-1,-1,-1,-1,-1,-1,-1,5175,834,1472,0.375,19.2712,7.23,0,0,,,
22446070238862,-1,-1,-1,,-1,-1,-1,,-1,-1,-1,-1,-1,-1,-1,-1,-1,5175,834,1472,0.38125,19.2737,7.35,0,0,,,
22446075236520,-1,-1,-1,,-1,-1,-1,,-1,-1,-1,-1,-1,-1,-1,-1,-1,5175,834,1472,0.405,19.2675,7.59,0,0,,,
22446080238690,-1,-1,-1,,-1,-1,-1,,-1,-1,-1,-1,-1,-1,-1,-1,-1,5175,834,1472,0.38875,19.2688,7.78,0,0,,,
22446085238108,-1,-1,-1,,-1,-1,-1,,-1,-1,-1,-1,-1,-1,-1,-1,-1,5175,834,1472,0.385,19.2737,7.42,0,0,,,
22446090238166,-1,-1,-1,,-1,-1,-1,,-1,-1,-1,-1,-1,-1,-1,-1,-1,5175,834,1472,0.40125,19.2675,7.73,0,0,,,
22446095229711,-1,-1,-1,,-1,-1,-1,,-1,-1,-1,-1,-1,-1,-1,-1,-1,5175,834,1472,0.4,19.2712,7.73,0,0,,,
22446100239881,-1,-1,-1,,-1,-1,-1,,-1,-1,-1,-1,-1,-1,-1,-1,-1,5175,794,1472,0.37125,19.2712,7.16,0,0,,,
22446105237315,-1,-1,-1,,-1,-1,-1,,-1,-1,-1,-1,-1,-1,-1,-1,-1,5175,794,1472,0.4,19.2725,7.71,0,0,,,
22446110238269,-1,-1,-1,,-1,-1,-1,,-1,-1,-1,-1,-1,-1,-1,-1,-1,5175,794,1472,0.4025,19.265,7.76,0,0,,,
22446115239351,-1,-1,-1,,-1,-1,-1,,-1,-1,-1,-1,-1,-1,-1,-1,-1,5175,794,1472,0.37625,19.2737,7.4,0,0,,,
22446120238673,-1,-1,-1,,-1,-1,-1,,-1,-1,-1,-1,-1,-1,-1,-1,-1,5175,794,1472,0.3825,19.2688,7.37,0,0,,,
22446125247307,-1,-1,-1,,-1,-1,-1,,-1,-1,-1,-1,-1,-1,-1,-1,-1,5175,794,1472,0.40875,19.2688,7.87,0,0,,,
22446130240772,-1,-1,-1,,-1,-1,-1,,-1,-1,-1,-1,-1,-1,-1,-1,-1,5175,794,1472,0.39375,19.2675,7.59,0,0,,,
22446135234526,-1,-1,-1,,-1,-1,-1,,-1,-1,-1,-1,-1,-1,-1,-1,-1,5175,794,1472,0.4125,19.2638,7.71,0,0,,,
22446140335834,-1,-1,-1,,-1,-1,-1,,-1,-1,-1,-1,-1,-1,-1,-1,-1,5175,794,1472,0.40125,19.2575,7.73,0,0,,,
22446145253586,-1,-1,-1,,-1,-1,-1,,-1,-1,-1,-1,-1,-1,-1,-1,-1,5175,794,1472,0.40375,19.2737,7.78,0,0,,,
22446150238604,-1,-1,-1,,-1,-1,-1,,-1,-1,-1,-1,-1,-1,-1,-1,-1,5175,794,1472,0.4125,19.2737,7.95,0,0,,,
22446155236902,-1,-1,-1,,-1,-1,-1,,-1,-1,-1,-1,-1,-1,-1,-1,-1,5175,794,1472,0.3925,19.2662,7.63,0,0,,,
22446160238143,-1,-1,-1,,-1,-1,-1,,-1,-1,-1,-1,-1,-1,-1,-1,-1,5175,794,1472,0.4075,19.2613,7.85,0,0,,,
22446165240217,-1,-1,-1,,-1,-1,-1,,-1,-1,-1,-1,-1,-1,-1,-1,-1,5175,834,1472,0.3725,19.2675,7.18,0,0,,,
22446170239059,-1,-1,-1,,-1,-1,-1,,-1,-1,-1,-1,-1,-1,-1,-1,-1,5175,834,1472,0.38125,19.2725,7.59,0,0,,,
22446175251629,-1,-1,-1,,-1,-1,-1,,-1,-1,-1,-1,-1,-1,-1,-1,-1,5175,834,1472,0.395,19.2638,7.62,0,0,,,
22446180244135,-1,-1,-1,,-1,-1,-1,,-1,-1,-1,-1,-1,-1,-1,-1,-1,5175,794,1472,0.37875,19.2675,7.3,0,0,,,
22446185240321,-1,-1,-1,,-1,-1,-1,,-1,-1,-1,-1,-1,-1,-1,-1,-1,5175,794,1472,0.38625,19.2638,7.44,0,0,,,
22446190232090,-1,-1,-1,,-1,-1,-1,,-1,-1,-1,-1,-1,-1,-1,-1,-1,5175,794,1472,0.39125,19.2662,7.22,0,0,,,
22446195237716,-1,-1,-1,,-1,-1,-1,,-1,-1,-1,-1,-1,-1,-1,-1,-1,5175,794,1472,0.38625,19.2725,7.44,0,0,,,
22446200242958,-1,-1,-1,,-1,-1,-1,,-1,-1,-1,-1,-1,-1,-1,-1,-1,5175,794,1472,0.37,19.2737,7.13,0,0,,,
22446205239080,-1,-1,-1,,-1,-1,-1,,-1,-1,-1,-1,-1,-1,-1,-1,-1,5175,794,1472,0.40375,19.2725,7.78,0,0,,,
22446210234882,-1,-1,-1,,-1,-1,-1,,-1,-1,-1,-1,-1,-1,-1,-1,-1,5175,794,1472,0.40125,19.2737,7.92,0,0,,,
22446215243388,-1,-1,-1,,-1,-1,-1,,-1,-1,-1,-1,-1,-1,-1,-1,-1,5175,794,1472,0.3925,19.2688,7.56,0,0,,,
22446220242390,-1,-1,-1,,-1,-1,-1,,-1,-1,-1,-1,-1,-1,-1,-1,-1,5175,794,1472,0.4025,19.2638,7.76,0,0,,,
22446225259312,-1,-1,-1,,-1,-1,-1,,-1,-1,-1,-1,-1,-1,-1,-1,-1,5175,794,1472,0.38375,19.2675,7.4,0,0,,,
22446230232201,-1,-1,-1,,-1,-1,-1,,-1,-1,-1,-1,-1,-1,-1,-1,-1,5175,794,1472,0.40625,19.2662,7.18,0,0,,,
22446235238275,-1,-1,-1,,-1,-1,-1,,-1,-1,-1,-1,-1,-1,-1,-1,-1,5175,794,1472,0.3675,19.2737,7.08,0,0,,,
22446240236989,-1,-1,-1,,-1,-1,-1,,-1,-1,-1,-1,-1,-1,-1,-1,-1,5175,794,1472,0.385,19.2688,7.42,0,0,,,
22446245240215,-1,-1,-1,,-1,-1,-1,,-1,-1,-1,-1,-1,-1,-1,-1,-1,5175,794,1472,0.39875,19.2638,7.92,0,0,,,
22446250240753,-1,-1,-1,,-1,-1,-1,,-1,-1,-1,-1,-1,-1,-1,-1,-1,5175,794,1472,0.3825,19.2737,8,0,0,,,
22446255248971,-1,-1,-1,,-1,-1,-1,,-1,-1,-1,-1,-1,-1,-1,-1,-1,5175,794,1472,0.3825,19.2675,7.37,0,0,,,
22446260276389,-1,-1,-1,,-1,-1,-1,,-1,-1,-1,-1,-1,-1,-1,-1,-1,5175,794,1472,0.39875,19.2662,7.68,0,0,,,
22446265238238,-1,-1,-1,,-1,-1,-1,,-1,-1,-1,-1,-1,-1,-1,-1,-1,5175,794,1472,0.39,19.2688,7.42,0,0,,,
22446270240792,-1,-1,-1,,-1,-1,-1,,-1,-1,-1,-1,-1,-1,-1,-1,-1,5175,794,1472,0.3725,19.265,7.18,0,0,,,
22446275238962,-1,-1,-1,,-1,-1,-1,,-1,-1,-1,-1,-1,-1,-1,-1,-1,5175,794,1472,0.3975,19.2688,7.65,0,0,,,
22446280240172,-1,-1,-1,,-1,-1,-1,,-1,-1,-1,-1,-1,-1,-1,-1,-1,5175,794,1472,0.4075,19.265,7.85,0,0,,,
22446285240742,-1,-1,-1,,-1,-1,-1,,-1,-1,-1,-1,-1,-1,-1,-1,-1,5175,794,1472,0.37,19.2737,7.64,0,0,,,
22446290240543,-1,-1,-1,,-1,-1,-1,,-1,-1,-1,-1,-1,-1,-1,-1,-1,5175,794,1472,0.40375,19.2662,7.78,0,0,,,
22446295233241,-1,-1,-1,,-1,-1,-1,,-1,-1,-1,-1,-1,-1,-1,-1,-1,5175,794,1472,0.41125,19.2737,7.92,0,0,,,
22446300239155,-1,-1,-1,,-1,-1,-1,,-1,-1,-1,-1,-1,-1,-1,-1,-1,5175,794,1472,0.375,19.2725,7.23,0,0,,,
22446305237165,-1,-1,-1,,-1,-1,-1,,-1,-1,-1,-1,-1,-1,-1,-1,-1,5175,794,1472,0.4025,19.2625,7.65,0,0,,,
22446310238407,-1,-1,-1,,-1,-1,-1,,-1,-1,-1,-1,-1,-1,-1,-1,-1,5175,794,1472,0.3775,19.2688,7.27,0,0,,,
22446315238401,-1,-1,-1,,-1,-1,-1,,-1,-1,-1,-1,-1,-1,-1,-1,-1,5175,794,1472,0.3725,19.2638,7.18,0,0,,,
22446320237819,-1,-1,-1,,-1,-1,-1,,-1,-1,-1,-1,-1,-1,-1,-1,-1,5175,794,1472,0.41,19.26,7.41,0,0,,,
22446325234676,-1,-1,-1,,-1,-1,-1,,-1,-1,-1,-1,-1,-1,-1,-1,-1,5175,794,1472,0.3925,19.2675,7.42,0,0,,,
22446330231086,-1,-1,-1,,-1,-1,-1,,-1,-1,-1,-1,-1,-1,-1,-1,-1,5175,794,1472,0.3975,19.2613,7.65,0,0,,,
22446335241672,-1,-1,-1,,-1,-1,-1,,-1,-1,-1,-1,-1,-1,-1,-1,-1,5175,794,1472,0.37375,19.2725,7.21,0,0,,,
22446340237378,-1,-1,-1,,-1,-1,-1,,-1,-1,-1,-1,-1,-1,-1,-1,-1,5175,794,1472,0.3925,19.2662,7.81,0,0,,,
22446345238716,-1,-1,-1,,-1,-1,-1,,-1,-1,-1,-1,-1,-1,-1,-1,-1,5175,794,1472,0.39,19.2662,7.51,0,0,,,
22446350236374,-1,-1,-1,,-1,-1,-1,,-1,-1,-1,-1,-1,-1,-1,-1,-1,5175,794,1472,0.37375,19.27,7.21,0,0,,,
22446355238159,-1,-1,-1,,-1,-1,-1,,-1,-1,-1,-1,-1,-1,-1,-1,-1,5175,794,1472,0.38375,19.2712,7.4,0,0,,,
22446360252522,-1,-1,-1,,-1,-1,-1,,-1,-1,-1,-1,-1,-1,-1,-1,-1,5175,794,1472,0.38625,19.2662,7.76,0,0,,,
22446365241795,-1,-1,-1,,-1,-1,-1,,-1,-1,-1,-1,-1,-1,-1,-1,-1,5175,794,1472,0.39375,19.2662,7.59,0,0,,,
22446370239645,-1,-1,-1,,-1,-1,-1,,-1,-1,-1,-1,-1,-1,-1,-1,-1,5175,794,1472,0.3875,19.2712,7.46,0,0,,,
22446375237111,-1,-1,-1,,-1,-1,-1,,-1,-1,-1,-1,-1,-1,-1,-1,-1,5175,794,1472,0.40125,19.2662,7.73,0,0,,,
22446380231953,-1,-1,-1,,-1,-1,-1,,-1,-1,-1,-1,-1,-1,-1,-1,-1,5175,794,1472,0.3825,19.2725,8.03,0,0,,,
22446385237547,-1,-1,-1,,-1,-1,-1,,-1,-1,-1,-1,-1,-1,-1,-1,-1,5175,794,1472,0.40125,19.2725,7.73,0,0,,,
22446390234436,-1,-1,-1,,-1,-1,-1,,-1,-1,-1,-1,-1,-1,-1,-1,-1,5175,794,1472,0.37875,19.2712,7.3,0,0,,,
22446395237150,-1,-1,-1,,-1,-1,-1,,-1,-1,-1,-1,-1,-1,-1,-1,-1,5175,794,1472,0.40625,19.2688,7.83,0,0,,,
22446400237560,-1,-1,-1,,-1,-1,-1,,-1,-1,-1,-1,-1,-1,-1,-1,-1,5175,794,1472,0.3775,19.2712,7.87,0,0,,,
22446405238162,-1,-1,-1,,-1,-1,-1,,-1,-1,-1,-1,-1,-1,-1,-1,-1,5175,794,1472,0.40875,19.2675,7.87,0,0,,,
22446410235436,-1,-1,-1,,-1,-1,-1,,-1,-1,-1,-1,-1,-1,-1,-1,-1,5175,794,1472,0.39625,19.2625,7.63,0,0,,,
22446415232581,-1,-1,-1,,-1,-1,-1,,-1,-1,-1,-1,-1,-1,-1,-1,-1,5175,794,1472,0.405,19.2613,7.35,0,0,,,
22446420239743,-1,-1,-1,,-1,-1,-1,,-1,-1,-1,-1,-1,-1,-1,-1,-1,5175,794,1472,0.37625,19.2712,7.46,0,0,,,
22446425237177,-1,-1,-1,,-1,-1,-1,,-1,-1,-1,-1,-1,-1,-1,-1,-1,5175,794,1472,0.415,19.2737,8,0,0,,,
22446430239283,-1,-1,-1,,-1,-1,-1,,-1,-1,-1,-1,-1,-1,-1,-1,-1,5175,794,1472,0.40875,19.2625,7.87,0,0,,,
22446435237709,-1,-1,-1,,-1,-1,-1,,-1,-1,-1,-1,-1,-1,-1,-1,-1,5175,794,1472,0.38375,19.2662,8.19,0,0,,,
22446440237831,-1,-1,-1,,-1,-1,-1,,-1,-1,-1,-1,-1,-1,-1,-1,-1,5175,794,1472,0.39625,19.265,7.63,0,0,,,
22446445245249,-1,-1,-1,,-1,-1,-1,,-1,-1,-1,-1,-1,-1,-1,-1,-1,5175,794,1472,0.405,19.26,7.8,0,0,,,
22446450251227,-1,-1,-1,,-1,-1,-1,,-1,-1,-1,-1,-1,-1,-1,-1,-1,5175,794,1472,0.4325,19.2638,8.33,0,0,,,
22446455251093,-1,-1,-1,,-1,-1,-1,,-1,-1,-1,-1,-1,-1,-1,-1,-1,5175,834,1472,0.3825,19.2688,8.09,0,0,,,
22446460253295,-1,-1,-1,,-1,-1,-1,,-1,-1,-1,-1,-1,-1,-1,-1,-1,5175,834,1472,0.3875,19.2638,7.46,0,0,,,
22446465243880,-1,-1,-1,,-1,-1,-1,,-1,-1,-1,-1,-1,-1,-1,-1,-1,5175,834,1472,0.43625,19.25,8.4,0,0,,,
22446470241474,-1,-1,-1,,-1,-1,-1,,-1,-1,-1,-1,-1,-1,-1,-1,-1,5175,834,1472,0.42875,19.275,8.27,0,0,,,
22446475237148,-1,-1,-1,,-1,-1,-1,,-1,-1,-1,-1,-1,-1,-1,-1,-1,5175,834,1472,0.3725,19.2737,7.42,0,0,,,
22446480233878,-1,-1,-1,,-1,-1,-1,,-1,-1,-1,-1,-1,-1,-1,-1,-1,5175,834,1472,0.3975,19.2638,7.65,0,0,,,
22446485245872,-1,-1,-1,,-1,-1,-1,,-1,-1,-1,-1,-1,-1,-1,-1,-1,5175,834,1472,0.395,19.27,7.62,0,0,,,
22446490239049,-1,-1,-1,,-1,-1,-1,,-1,-1,-1,-1,-1,-1,-1,-1,-1,5175,834,1472,0.38625,19.2638,7.81,0,0,,,
22446495242531,-1,-1,-1,,-1,-1,-1,,-1,-1,-1,-1,-1,-1,-1,-1,-1,5175,834,1472,0.38375,19.27,7.24,0,0,,,
22446500239549,-1,-1,-1,,-1,-1,-1,,-1,-1,-1,-1,-1,-1,-1,-1,-1,5175,834,1472,0.38375,19.2662,7.4,0,0,,,
22446505239383,-1,-1,-1,,-1,-1,-1,,-1,-1,-1,-1,-1,-1,-1,-1,-1,5175,834,1472,0.38625,19.2688,7.44,0,0,,,
22446510238897,-1,-1,-1,,-1,-1,-1,,-1,-1,-1,-1,-1,-1,-1,-1,-1,5175,834,1472,0.37875,19.2675,7.42,0,0,,,
22446515237163,-1,-1,-1,,-1,-1,-1,,-1,-1,-1,-1,-1,-1,-1,-1,-1,5175,834,1472,0.4075,19.2675,7.85,0,0,,,
22446520236004,-1,-1,-1,,-1,-1,-1,,-1,-1,-1,-1,-1,-1,-1,-1,-1,5175,834,1472,0.45625,19.2512,8.78,0,0,,,
22446525254623,-1,-1,-1,,-1,-1,-1,,-1,-1,-1,-1,-1,-1,-1,-1,-1,5175,834,1472,0.42,19.2563,8.09,0,0,,,
22446530256217,-1,-1,-1,,-1,-1,-1,,-1,-1,-1,-1,-1,-1,-1,-1,-1,5175,834,1472,0.41875,19.2625,8.06,0,0,,,
22446535242738,-1,-1,-1,,-1,-1,-1,,-1,-1,-1,-1,-1,-1,-1,-1,-1,5175,834,1472,0.435,19.2462,8.37,0,0,,,
22446540265932,-1,-1,-1,,-1,-1,-1,,-1,-1,-1,-1,-1,-1,-1,-1,-1,5214,834,1472,0.43,19.26,8.28,0,0,,,
22446545246534,-1,-1,-1,,-1,-1,-1,,-1,-1,-1,-1,-1,-1,-1,-1,-1,5214,834,1472,0.39875,19.2625,7.68,0,0,,,
22446550254784,-1,-1,-1,,-1,-1,-1,,-1,-1,-1,-1,-1,-1,-1,-1,-1,5214,834,1472,0.40375,19.2638,8.88,0,0,,,
22446555255834,-1,-1,-1,,-1,-1,-1,,-1,-1,-1,-1,-1,-1,-1,-1,-1,5214,834,1472,0.3825,19.2675,7.37,0,0,,,
22446560237683,-1,-1,-1,,-1,-1,-1,,-1,-1,-1,-1,-1,-1,-1,-1,-1,5214,834,1472,0.4,19.2662,7.71,0,0,,,
22446565234157,-1,-1,-1,,-1,-1,-1,,-1,-1,-1,-1,-1,-1,-1,-1,-1,5214,834,1472,0.3925,19.27,7.3,0,0,,,
22446570229671,-1,-1,-1,,-1,-1,-1,,-1,-1,-1,-1,-1,-1,-1,-1,-1,5214,834,1472,0.39375,19.275,8.22,0,0,,,
22446575258625,-1,-1,-1,,-1,-1,-1,,-1,-1,-1,-1,-1,-1,-1,-1,-1,5214,834,1472,0.40375,19.2712,7.78,0,0,,,
22446580239419,-1,-1,-1,,-1,-1,-1,,-1,-1,-1,-1,-1,-1,-1,-1,-1,5214,834,1472,0.4,19.265,7.71,0,0,,,
22446585231604,-1,-1,-1,,-1,-1,-1,,-1,-1,-1,-1,-1,-1,-1,-1,-1,5214,834,1472,0.4,19.2638,7.51,0,0,,,
22446590253423,-1,-1,-1,,-1,-1,-1,,-1,-1,-1,-1,-1,-1,-1,-1,-1,5214,834,1472,0.37,19.2688,7.13,0,0,,,
22446595241160,-1,-1,-1,,-1,-1,-1,,-1,-1,-1,-1,-1,-1,-1,-1,-1,5214,834,1472,0.39875,19.265,7.68,0,0,,,
22446600239298,-1,-1,-1,,-1,-1,-1,,-1,-1,-1,-1,-1,-1,-1,-1,-1,5214,834,1472,0.3875,19.2587,7.46,0,0,,,
22446605252124,-1,-1,-1,,-1,-1,-1,,-1,-1,-1,-1,-1,-1,-1,-1,-1,5214,834,1472,0.4025,19.2575,7.56,0,0,,,
22446610242038,-1,-1,-1,,-1,-1,-1,,-1,-1,-1,-1,-1,-1,-1,-1,-1,5214,834,1472,0.37875,19.265,7.3,0,0,,,
22446615234671,-1,-1,-1,,-1,-1,-1,,-1,-1,-1,-1,-1,-1,-1,-1,-1,5214,834,1472,0.4,19.2712,7.71,0,0,,,
22446620235433,-1,-1,-1,,-1,-1,-1,,-1,-1,-1,-1,-1,-1,-1,-1,-1,5214,834,1472,0.39625,19.2625,7.63,0,0,,,
22446625239491,-1,-1,-1,,-1,-1,-1,,-1,-1,-1,-1,-1,-1,-1,-1,-1,5214,834,1472,0.3725,19.2737,7.59,0,0,,,
22446630231677,-1,-1,-1,,-1,-1,-1,,-1,-1,-1,-1,-1,-1,-1,-1,-1,5214,834,1472,0.405,19.2625,7.8,0,0,,,
22446635230935,-1,-1,-1,,-1,-1,-1,,-1,-1,-1,-1,-1,-1,-1,-1,-1,5214,834,1472,0.385,19.265,7.41,0,0,,,
22446640235665,-1,-1,-1,,-1,-1,-1,,-1,-1,-1,-1,-1,-1,-1,-1,-1,5214,834,1472,0.3775,19.2688,7.27,0,0,,,
22446645235402,-1,-1,-1,,-1,-1,-1,,-1,-1,-1,-1,-1,-1,-1,-1,-1,5214,834,1472,0.4075,19.2662,7.51,0,0,,,
22446650232580,-1,-1,-1,,-1,-1,-1,,-1,-1,-1,-1,-1,-1,-1,-1,-1,5214,834,1472,0.4075,19.2587,7.85,0,0,,,
22446655240798,-1,-1,-1,,-1,-1,-1,,-1,-1,-1,-1,-1,-1,-1,-1,-1,5214,834,1472,0.39875,19.265,7.68,0,0,,,
22446660239768,-1,-1,-1,,-1,-1,-1,,-1,-1,-1,-1,-1,-1,-1,-1,-1,5214,834,1472,0.37125,19.2688,7.1,0,0,,,
22446665236562,-1,-1,-1,,-1,-1,-1,,-1,-1,-1,-1,-1,-1,-1,-1,-1,5214,834,1472,0.40625,19.2688,7.83,0,0,,,
22446670232652,-1,-1,-1,,-1,-1,-1,,-1,-1,-1,-1,-1,-1,-1,-1,-1,5214,834,1472,0.42,19.2712,8.09,0,0,,,
22446675239078,-1,-1,-1,,-1,-1,-1,,-1,-1,-1,-1,-1,-1,-1,-1,-1,5214,834,1472,0.3825,19.2763,7.37,0,0,,,
22446680233919,-1,-1,-1,,-1,-1,-1,,-1,-1,-1,-1,-1,-1,-1,-1,-1,5214,834,1472,0.4075,19.2638,7.71,0,0,,,
22446685237785,-1,-1,-1,,-1,-1,-1,,-1,-1,-1,-1,-1,-1,-1,-1,-1,5214,834,1472,0.42375,19.2575,8.17,0,0,,,
22446690235475,-1,-1,-1,,-1,-1,-1,,-1,-1,-1,-1,-1,-1,-1,-1,-1,5214,834,1472,0.4,19.2662,7.71,0,0,,,
22446695238413,-1,-1,-1,,-1,-1,-1,,-1,-1,-1,-1,-1,-1,-1,-1,-1,5214,834,1472,0.3725,19.2737,7.18,0,0,,,
22446700234663,-1,-1,-1,,-1,-1,-1,,-1,-1,-1,-1,-1,-1,-1,-1,-1,5214,834,1472,0.41375,19.2662,7.51,0,0,,,
22446705236065,-1,-1,-1,,-1,-1,-1,,-1,-1,-1,-1,-1,-1,-1,-1,-1,5214,834,1472,0.4125,19.2725,7.95,0,0,,,
22446710236955,-1,-1,-1,,-1,-1,-1,,-1,-1,-1,-1,-1,-1,-1,-1,-1,5214,834,1472,0.38,19.2688,7.32,0,0,,,
22446715239924,-1,-1,-1,,-1,-1,-1,,-1,-1,-1,-1,-1,-1,-1,-1,-1,5214,834,1472,0.4125,19.2613,7.95,0,0,,,
22446720237454,-1,-1,-1,,-1,-1,-1,,-1,-1,-1,-1,-1,-1,-1,-1,-1,5214,834,1472,0.40625,19.265,7.82,0,0,,,
22446725245256,-1,-1,-1,,-1,-1,-1,,-1,-1,-1,-1,-1,-1,-1,-1,-1,5214,834,1472,0.38125,19.27,7.35,0,0,,,
22446730240674,-1,-1,-1,,-1,-1,-1,,-1,-1,-1,-1,-1,-1,-1,-1,-1,5214,834,1472,0.40125,19.2675,7.73,0,0,,,
22446735238940,-1,-1,-1,,-1,-1,-1,,-1,-1,-1,-1,-1,-1,-1,-1,-1,5214,834,1472,0.395,19.27,8.05,0,0,,,
22446740248342,-1,-1,-1,,-1,-1,-1,,-1,-1,-1,-1,-1,-1,-1,-1,-1,5214,834,1472,0.38375,19.27,7.92,0,0,,,
22446745237039,-1,-1,-1,,-1,-1,-1,,-1,-1,-1,-1,-1,-1,-1,-1,-1,5214,834,1472,0.405,19.2737,7.81,0,0,,,
22446750232329,-1,-1,-1,,-1,-1,-1,,-1,-1,-1,-1,-1,-1,-1,-1,-1,5214,834,1472,0.38,19.2638,7.32,0,0,,,
22446755229955,-1,-1,-1,,-1,-1,-1,,-1,-1,-1,-1,-1,-1,-1,-1,-1,5214,834,1472,0.41,19.2662,7.32,0,0,,,
22446760234781,-1,-1,-1,,-1,-1,-1,,-1,-1,-1,-1,-1,-1,-1,-1,-1,5214,834,1472,0.3725,19.2725,7.18,0,0,,,
22446765235127,-1,-1,-1,,-1,-1,-1,,-1,-1,-1,-1,-1,-1,-1,-1,-1,5214,834,1472,0.405,19.2688,7.81,0,0,,,
22446770236561,-1,-1,-1,,-1,-1,-1,,-1,-1,-1,-1,-1,-1,-1,-1,-1,5214,834,1472,0.40875,19.2613,7.87,0,0,,,
22446775239435,-1,-1,-1,,-1,-1,-1,,-1,-1,-1,-1,-1,-1,-1,-1,-1,5175,834,1472,0.42875,19.2425,8.13,0,0,,,
22446780247941,-1,-1,-1,,-1,-1,-1,,-1,-1,-1,-1,-1,-1,-1,-1,-1,5175,834,1472,0.37375,19.2638,7.19,0,0,,,
22446785236734,-1,-1,-1,,-1,-1,-1,,-1,-1,-1,-1,-1,-1,-1,-1,-1,5175,834,1472,0.41125,19.2675,7.92,0,0,,,
22446790238232,-1,-1,-1,,-1,-1,-1,,-1,-1,-1,-1,-1,-1,-1,-1,-1,5175,834,1472,0.4225,19.26,8.14,0,0,,,
22446795248626,-1,-1,-1,,-1,-1,-1,,-1,-1,-1,-1,-1,-1,-1,-1,-1,5175,834,1472,0.37375,19.2712,7.51,0,0,,,
22446800235276,-1,-1,-1,,-1,-1,-1,,-1,-1,-1,-1,-1,-1,-1,-1,-1,5175,834,1472,0.4,19.265,7.71,0,0,,,
22446805235718,-1,-1,-1,,-1,-1,-1,,-1,-1,-1,-1,-1,-1,-1,-1,-1,5175,834,1472,0.39875,19.2638,7.68,0,0,,,
22446810238848,-1,-1,-1,,-1,-1,-1,,-1,-1,-1,-1,-1,-1,-1,-1,-1,5175,834,1472,0.37375,19.2737,7.64,0,0,,,
22446815231929,-1,-1,-1,,-1,-1,-1,,-1,-1,-1,-1,-1,-1,-1,-1,-1,5175,834,1472,0.3875,19.2638,7.44,0,0,,,
22446820230867,-1,-1,-1,,-1,-1,-1,,-1,-1,-1,-1,-1,-1,-1,-1,-1,5175,834,1472,0.40125,19.2638,7.73,0,0,,,
22446825236429,-1,-1,-1,,-1,-1,-1,,-1,-1,-1,-1,-1,-1,-1,-1,-1,5175,834,1472,0.3825,19.27,7.37,0,0,,,
22446830237031,-1,-1,-1,,-1,-1,-1,,-1,-1,-1,-1,-1,-1,-1,-1,-1,5175,834,1472,0.39,19.2675,7.59,0,0,,,
22446835236321,-1,-1,-1,,-1,-1,-1,,-1,-1,-1,-1,-1,-1,-1,-1,-1,5175,834,1472,0.38375,19.2613,7.4,0,0,,,
22446840231098,-1,-1,-1,,-1,-1,-1,,-1,-1,-1,-1,-1,-1,-1,-1,-1,5175,834,1472,0.39625,19.265,7.63,0,0,,,
22446845237684,-1,-1,-1,,-1,-1,-1,,-1,-1,-1,-1,-1,-1,-1,-1,-1,5175,834,1472,0.37875,19.2688,7.3,0,0,,,
22446850236430,-1,-1,-1,,-1,-1,-1,,-1,-1,-1,-1,-1,-1,-1,-1,-1,5175,834,1472,0.38125,19.2625,7.9,0,0,,,
22446855235656,-1,-1,-1,,-1,-1,-1,,-1,-1,-1,-1,-1,-1,-1,-1,-1,5175,834,1472,0.37875,19.2625,7.3,0,0,,,
22446860237474,-1,-1,-1,,-1,-1,-1,,-1,-1,-1,-1,-1,-1,-1,-1,-1,5175,834,1472,0.385,19.2688,7.42,0,0,,,
22446865235324,-1,-1,-1,,-1,-1,-1,,-1,-1,-1,-1,-1,-1,-1,-1,-1,5175,834,1472,0.4025,19.2613,7.76,0,0,,,
22446870234358,-1,-1,-1,,-1,-1,-1,,-1,-1,-1,-1,-1,-1,-1,-1,-1,5175,834,1472,0.40375,19.2712,7.4,0,0,,,
22446875234927,-1,-1,-1,,-1,-1,-1,,-1,-1,-1,-1,-1,-1,-1,-1,-1,5175,834,1472,0.415,19.2712,8,0,0,,,
22446880238761,-1,-1,-1,,-1,-1,-1,,-1,-1,-1,-1,-1,-1,-1,-1,-1,5175,834,1472,0.42375,19.2688,8.17,0,0,,,
22446885235459,-1,-1,-1,,-1,-1,-1,,-1,-1,-1,-1,-1,-1,-1,-1,-1,5175,834,1472,0.385,19.27,7.42,0,0,,,
22446890236829,-1,-1,-1,,-1,-1,-1,,-1,-1,-1,-1,-1,-1,-1,-1,-1,5175,834,1472,0.37875,19.2688,8.04,0,0,,,
22446895238263,-1,-1,-1,,-1,-1,-1,,-1,-1,-1,-1,-1,-1,-1,-1,-1,5175,834,1472,0.38875,19.2725,7.49,0,0,,,
22446900235313,-1,-1,-1,,-1,-1,-1,,-1,-1,-1,-1,-1,-1,-1,-1,-1,5175,834,1472,0.38875,19.2625,7.49,0,0,,,
22446905230986,-1,-1,-1,,-1,-1,-1,,-1,-1,-1,-1,-1,-1,-1,-1,-1,5175,834,1472,0.405,19.265,7.27,0,0,,,
22446910237028,-1,-1,-1,,-1,-1,-1,,-1,-1,-1,-1,-1,-1,-1,-1,-1,5175,834,1472,0.39625,19.2587,7.82,0,0,,,
22446915233406,-1,-1,-1,,-1,-1,-1,,-1,-1,-1,-1,-1,-1,-1,-1,-1,5175,834,1472,0.39375,19.2675,7.59,0,0,,,
22446920233304,-1,-1,-1,,-1,-1,-1,,-1,-1,-1,-1,-1,-1,-1,-1,-1,5175,834,1472,0.38125,19.2737,7.35,0,0,,,
22446925231506,-1,-1,-1,,-1,-1,-1,,-1,-1,-1,-1,-1,-1,-1,-1,-1,5175,834,1472,0.3875,19.27,7.71,0,0,,,
22446930237260,-1,-1,-1,,-1,-1,-1,,-1,-1,-1,-1,-1,-1,-1,-1,-1,5175,834,1472,0.37875,19.2725,7.3,0,0,,,
22446935232006,-1,-1,-1,,-1,-1,-1,,-1,-1,-1,-1,-1,-1,-1,-1,-1,5175,834,1472,0.4,19.2662,7.71,0,0,,,
22446940230783,-1,-1,-1,,-1,-1,-1,,-1,-1,-1,-1,-1,-1,-1,-1,-1,5175,834,1472,0.39,19.2675,7.51,0,0,,,
22446945236953,-1,-1,-1,,-1,-1,-1,,-1,-1,-1,-1,-1,-1,-1,-1,-1,5175,834,1472,0.38125,19.265,7.9,0,0,,,
22446950237235,-1,-1,-1,,-1,-1,-1,,-1,-1,-1,-1,-1,-1,-1,-1,-1,5175,834,1472,0.38,19.2712,7.32,0,0,,,
22446955234701,-1,-1,-1,,-1,-1,-1,,-1,-1,-1,-1,-1,-1,-1,-1,-1,5175,834,1472,0.39875,19.265,7.68,0,0,,,
22446960235847,-1,-1,-1,,-1,-1,-1,,-1,-1,-1,-1,-1,-1,-1,-1,-1,5175,834,1472,0.39,19.27,7.51,0,0,,,
22446965237569,-1,-1,-1,,-1,-1,-1,,-1,-1,-1,-1,-1,-1,-1,-1,-1,5175,834,1472,0.38,19.2737,7.64,0,0,,,
22446970260059,-1,-1,-1,,-1,-1,-1,,-1,-1,-1,-1,-1,-1,-1,-1,-1,5175,834,1472,0.4275,19.2725,8.24,0,0,,,
22446975235028,-1,-1,-1,,-1,-1,-1,,-1,-1,-1,-1,-1,-1,-1,-1,-1,5175,834,1472,0.37875,19.265,7.3,0,0,,,
22446980258191,-1,-1,-1,,-1,-1,-1,,-1,-1,-1,-1,-1,-1,-1,-1,-1,5175,834,1472,0.39125,19.2725,7.56,0,0,,,
22446985240488,-1,-1,-1,,-1,-1,-1,,-1,-1,-1,-1,-1,-1,-1,-1,-1,5175,834,1472,0.40625,19.2538,7.82,0,0,,,
22446990238754,-1,-1,-1,,-1,-1,-1,,-1,-1,-1,-1,-1,-1,-1,-1,-1,5175,834,1472,0.45,19.2462,8.67,0,0,,,
22446995234556,-1,-1,-1,,-1,-1,-1,,-1,-1,-1,-1,-1,-1,-1,-1,-1,5175,834,1472,0.43625,19.2587,8.4,0,0,,,
22447000236438,-1,-1,-1,,-1,-1,-1,,-1,-1,-1,-1,-1,-1,-1,-1,-1,5175,834,1472,0.3875,19.2688,7.62,0,0,,,
22447005235087,-1,-1,-1,,-1,-1,-1,,-1,-1,-1,-1,-1,-1,-1,-1,-1,5175,834,1472,0.3975,19.2638,7.65,0,0,,,
22447010237065,-1,-1,-1,,-1,-1,-1,,-1,-1,-1,-1,-1,-1,-1,-1,-1,5175,834,1472,0.415,19.2587,7.99,0,0,,,
22447015236195,-1,-1,-1,,-1,-1,-1,,-1,-1,-1,-1,-1,-1,-1,-1,-1,5175,834,1472,0.40125,19.2575,7.73,0,0,,,
22447020241629,-1,-1,-1,,-1,-1,-1,,-1,-1,-1,-1,-1,-1,-1,-1,-1,5175,834,1472,0.385,19.2737,7.42,0,0,,,
22447025237239,-1,-1,-1,,-1,-1,-1,,-1,-1,-1,-1,-1,-1,-1,-1,-1,5175,834,1472,0.405,19.2675,7.81,0,0,,,
22447030237489,-1,-1,-1,,-1,-1,-1,,-1,-1,-1,-1,-1,-1,-1,-1,-1,5175,834,1472,0.41625,19.2662,8.03,0,0,,,
22447035240203,-1,-1,-1,,-1,-1,-1,,-1,-1,-1,-1,-1,-1,-1,-1,-1,5175,794,1472,0.38875,19.27,7.49,0,0,,,
22447040236548,-1,-1,-1,,-1,-1,-1,,-1,-1,-1,-1,-1,-1,-1,-1,-1,5175,794,1472,0.40875,19.2587,7.71,0,0,,,
22447045231166,-1,-1,-1,,-1,-1,-1,,-1,-1,-1,-1,-1,-1,-1,-1,-1,5175,794,1472,0.40375,19.2675,7.78,0,0,,,
22447050240120,-1,-1,-1,,-1,-1,-1,,-1,-1,-1,-1,-1,-1,-1,-1,-1,5175,794,1472,0.3875,19.2775,7.48,0,0,,,
22447055232754,-1,-1,-1,,-1,-1,-1,,-1,-1,-1,-1,-1,-1,-1,-1,-1,5175,794,1472,0.41125,19.2613,7.92,0,0,,,
22447060247500,-1,-1,-1,,-1,-1,-1,,-1,-1,-1,-1,-1,-1,-1,-1,-1,5175,794,1472,0.42125,19.265,7.51,0,0,,,
22447065239334,-1,-1,-1,,-1,-1,-1,,-1,-1,-1,-1,-1,-1,-1,-1,-1,5175,794,1472,0.42125,19.2675,8.12,0,0,,,
22447070237952,-1,-1,-1,,-1,-1,-1,,-1,-1,-1,-1,-1,-1,-1,-1,-1,5175,794,1472,0.3825,19.2688,7.37,0,0,,,
22447075234809,-1,-1,-1,,-1,-1,-1,,-1,-1,-1,-1,-1,-1,-1,-1,-1,5175,794,1472,0.42625,19.2625,7.95,0,0,,,
22447080235859,-1,-1,-1,,-1,-1,-1,,-1,-1,-1,-1,-1,-1,-1,-1,-1,5175,794,1472,0.405,19.2638,7.8,0,0,,,
22447085240461,-1,-1,-1,,-1,-1,-1,,-1,-1,-1,-1,-1,-1,-1,-1,-1,5175,794,1472,0.3925,19.2662,7.56,0,0,,,
22447090238663,-1,-1,-1,,-1,-1,-1,,-1,-1,-1,-1,-1,-1,-1,-1,-1,5175,794,1472,0.43625,19.2675,8.41,0,0,,,
22447095236129,-1,-1,-1,,-1,-1,-1,,-1,-1,-1,-1,-1,-1,-1,-1,-1,5175,794,1472,0.39375,19.2675,7.87,0,0,,,
22447100236315,-1,-1,-1,,-1,-1,-1,,-1,-1,-1,-1,-1,-1,-1,-1,-1,5175,794,1472,0.38375,19.2638,7.4,0,0,,,
22447105232948,-1,-1,-1,,-1,-1,-1,,-1,-1,-1,-1,-1,-1,-1,-1,-1,5175,794,1472,0.3875,19.2675,7.46,0,0,,,
22447110230926,-1,-1,-1,,-1,-1,-1,,-1,-1,-1,-1,-1,-1,-1,-1,-1,5175,794,1472,0.38375,19.2662,7.4,0,0,,,
22447115230344,-1,-1,-1,,-1,-1,-1,,-1,-1,-1,-1,-1,-1,-1,-1,-1,5175,794,1472,0.40125,19.27,7.56,0,0,,,
22447120236962,-1,-1,-1,,-1,-1,-1,,-1,-1,-1,-1,-1,-1,-1,-1,-1,5175,794,1472,0.385,19.2638,7.41,0,0,,,
22447125234492,-1,-1,-1,,-1,-1,-1,,-1,-1,-1,-1,-1,-1,-1,-1,-1,5175,794,1472,0.40125,19.2662,7.73,0,0,,,
22447130236662,-1,-1,-1,,-1,-1,-1,,-1,-1,-1,-1,-1,-1,-1,-1,-1,5175,794,1472,0.415,19.2613,7.99,0,0,,,
22447135235919,-1,-1,-1,,-1,-1,-1,,-1,-1,-1,-1,-1,-1,-1,-1,-1,5175,794,1472,0.415,19.2662,7.81,0,0,,,
22447140237929,-1,-1,-1,,-1,-1,-1,,-1,-1,-1,-1,-1,-1,-1,-1,-1,5175,794,1472,0.37625,19.2737,7.26,0,0,,,
22447145234627,-1,-1,-1,,-1,-1,-1,,-1,-1,-1,-1,-1,-1,-1,-1,-1,5175,794,1472,0.40125,19.265,7.73,0,0,,,
22447150235421,-1,-1,-1,,-1,-1,-1,,-1,-1,-1,-1,-1,-1,-1,-1,-1,5175,794,1472,0.37375,19.2675,7.78,0,0,,,
22447155238103,-1,-1,-1,,-1,-1,-1,,-1,-1,-1,-1,-1,-1,-1,-1,-1,5175,794,1472,0.37,19.2737,7.32,0,0,,,
22447160234417,-1,-1,-1,,-1,-1,-1,,-1,-1,-1,-1,-1,-1,-1,-1,-1,5175,794,1472,0.3925,19.2625,7.56,0,0,,,
22447165235691,-1,-1,-1,,-1,-1,-1,,-1,-1,-1,-1,-1,-1,-1,-1,-1,5175,794,1472,0.39375,19.2638,7.59,0,0,,,
22447170238052,-1,-1,-1,,-1,-1,-1,,-1,-1,-1,-1,-1,-1,-1,-1,-1,5175,794,1472,0.37875,19.2775,7.42,0,0,,,
22447175232318,-1,-1,-1,,-1,-1,-1,,-1,-1,-1,-1,-1,-1,-1,-1,-1,5175,794,1472,0.40375,19.2675,7.78,0,0,,,
22447180231384,-1,-1,-1,,-1,-1,-1,,-1,-1,-1,-1,-1,-1,-1,-1,-1,5175,794,1472,0.38875,19.26,7.49,0,0,,,
22447185235634,-1,-1,-1,,-1,-1,-1,,-1,-1,-1,-1,-1,-1,-1,-1,-1,5175,794,1472,0.3875,19.275,7.48,0,0,,,
22447190240428,-1,-1,-1,,-1,-1,-1,,-1,-1,-1,-1,-1,-1,-1,-1,-1,5175,794,1472,0.45125,19.2625,7.6,0,0,,,
22447195237606,-1,-1,-1,,-1,-1,-1,,-1,-1,-1,-1,-1,-1,-1,-1,-1,5175,794,1472,0.3825,19.27,7.37,0,0,,,
22447200229791,-1,-1,-1,,-1,-1,-1,,-1,-1,-1,-1,-1,-1,-1,-1,-1,5175,794,1472,0.385,19.2675,7.42,0,0,,,
22447205238009,-1,-1,-1,,-1,-1,-1,,-1,-1,-1,-1,-1,-1,-1,-1,-1,5175,794,1472,0.3825,19.2737,7.37,0,0,,,
22447210254260,-1,-1,-1,,-1,-1,-1,,-1,-1,-1,-1,-1,-1,-1,-1,-1,5175,794,1472,0.40125,19.26,7.76,0,0,,,
22447215248525,-1,-1,-1,,-1,-1,-1,,-1,-1,-1,-1,-1,-1,-1,-1,-1,5175,794,1472,0.39375,19.2688,7.59,0,0,,,
22447220240039,-1,-1,-1,,-1,-1,-1,,-1,-1,-1,-1,-1,-1,-1,-1,-1,5175,794,1472,0.4125,19.2675,7.95,0,0,,,
22447225236225,-1,-1,-1,,-1,-1,-1,,-1,-1,-1,-1,-1,-1,-1,-1,-1,5175,794,1472,0.3875,19.2625,7.56,0,0,,,
22447230230682,-1,-1,-1,,-1,-1,-1,,-1,-1,-1,-1,-1,-1,-1,-1,-1,5175,794,1472,0.4025,19.2712,7.3,0,0,,,
22447235230420,-1,-1,-1,,-1,-1,-1,,-1,-1,-1,-1,-1,-1,-1,-1,-1,5175,794,1472,0.38875,19.2625,7.49,0,0,,,
22447240237646,-1,-1,-1,,-1,-1,-1,,-1,-1,-1,-1,-1,-1,-1,-1,-1,5175,794,1472,0.37125,19.275,7.16,0,0,,,
22447245234376,-1,-1,-1,,-1,-1,-1,,-1,-1,-1,-1,-1,-1,-1,-1,-1,5175,794,1472,0.3725,19.2575,7.76,0,0,,,
22447250236674,-1,-1,-1,,-1,-1,-1,,-1,-1,-1,-1,-1,-1,-1,-1,-1,5175,794,1472,0.4125,19.2638,7.95,0,0,,,
22447255236796,-1,-1,-1,,-1,-1,-1,,-1,-1,-1,-1,-1,-1,-1,-1,-1,5175,794,1472,0.4325,19.2712,8.33,0,0,,,
22447260236918,-1,-1,-1,,-1,-1,-1,,-1,-1,-1,-1,-1,-1,-1,-1,-1,5175,794,1472,0.38,19.2712,7.32,0,0,,,
22447265235216,-1,-1,-1,,-1,-1,-1,,-1,-1,-1,-1,-1,-1,-1,-1,-1,5175,794,1472,0.39125,19.2662,7.71,0,0,,,
22447270237641,-1,-1,-1,,-1,-1,-1,,-1,-1,-1,-1,-1,-1,-1,-1,-1,5175,794,1472,0.41875,19.27,8.06,0,0,,,
22447275238659,-1,-1,-1,,-1,-1,-1,,-1,-1,-1,-1,-1,-1,-1,-1,-1,5175,794,1472,0.38,19.2725,7.32,0,0,,,
22447280235293,-1,-1,-1,,-1,-1,-1,,-1,-1,-1,-1,-1,-1,-1,-1,-1,5175,794,1472,0.4025,19.2688,7.76,0,0,,,
22447285231703,-1,-1,-1,,-1,-1,-1,,-1,-1,-1,-1,-1,-1,-1,-1,-1,5175,794,1472,0.405,19.2625,7.39,0,0,,,
22447290238257,-1,-1,-1,,-1,-1,-1,,-1,-1,-1,-1,-1,-1,-1,-1,-1,5175,794,1472,0.3775,19.265,7.27,0,0,,,
22447295234251,-1,-1,-1,,-1,-1,-1,,-1,-1,-1,-1,-1,-1,-1,-1,-1,5175,794,1472,0.40875,19.2525,7.87,0,0,,,
22447300230980,-1,-1,-1,,-1,-1,-1,,-1,-1,-1,-1,-1,-1,-1,-1,-1,5175,794,1472,0.385,19.265,7.41,0,0,,,
22447305237918,-1,-1,-1,,-1,-1,-1,,-1,-1,-1,-1,-1,-1,-1,-1,-1,5175,794,1472,0.375,19.2688,7.37,0,0,,,
22447310238328,-1,-1,-1,,-1,-1,-1,,-1,-1,-1,-1,-1,-1,-1,-1,-1,5175,794,1472,0.3825,19.2712,7.37,0,0,,,
22447315232114,-1,-1,-1,,-1,-1,-1,,-1,-1,-1,-1,-1,-1,-1,-1,-1,5175,794,1472,0.39625,19.2712,7.64,0,0,,,
22447320235404,-1,-1,-1,,-1,-1,-1,,-1,-1,-1,-1,-1,-1,-1,-1,-1,5175,794,1472,0.39125,19.2662,7.59,0,0,,,
22447325237958,-1,-1,-1,,-1,-1,-1,,-1,-1,-1,-1,-1,-1,-1,-1,-1,5175,794,1472,0.4025,19.2675,7.76,0,0,,,
22447330231295,-1,-1,-1,,-1,-1,-1,,-1,-1,-1,-1,-1,-1,-1,-1,-1,5175,794,1472,0.3975,19.2638,7.65,0,0,,,
22447335234457,-1,-1,-1,,-1,-1,-1,,-1,-1,-1,-1,-1,-1,-1,-1,-1,5175,794,1472,0.3925,19.2625,7.56,0,0,,,
22447340237043,-1,-1,-1,,-1,-1,-1,,-1,-1,-1,-1,-1,-1,-1,-1,-1,5135,794,1472,0.37,19.2675,7.18,0,0,,,
22447345234765,-1,-1,-1,,-1,-1,-1,,-1,-1,-1,-1,-1,-1,-1,-1,-1,5135,794,1472,0.38875,19.2587,7.49,0,0,,,
22447350236295,-1,-1,-1,,-1,-1,-1,,-1,-1,-1,-1,-1,-1,-1,-1,-1,5135,794,1472,0.41625,19.2662,8.03,0,0,,,
22447355238433,-1,-1,-1,,-1,-1,-1,,-1,-1,-1,-1,-1,-1,-1,-1,-1,5135,794,1472,0.38,19.2725,7.32,0,0,,,
22447360235387,-1,-1,-1,,-1,-1,-1,,-1,-1,-1,-1,-1,-1,-1,-1,-1,5135,794,1472,0.4,19.2638,7.54,0,0,,,
22447365231412,-1,-1,-1,,-1,-1,-1,,-1,-1,-1,-1,-1,-1,-1,-1,-1,5135,794,1472,0.38375,19.2613,7.39,0,0,,,
22447370272207,-1,-1,-1,,-1,-1,-1,,-1,-1,-1,-1,-1,-1,-1,-1,-1,5135,794,1472,0.38625,19.2563,7.44,0,0,,,
22447375243528,-1,-1,-1,,-1,-1,-1,,-1,-1,-1,-1,-1,-1,-1,-1,-1,5135,794,1472,0.4725,19.2462,9.09,0,0,,,
22447380254914,-1,-1,-1,,-1,-1,-1,,-1,-1,-1,-1,-1,-1,-1,-1,-1,5135,794,1472,0.43625,19.2563,7.49,0,0,,,
22447385241660,-1,-1,-1,,-1,-1,-1,,-1,-1,-1,-1,-1,-1,-1,-1,-1,5135,794,1472,0.43375,19.255,8.35,0,0,,,
22447390242358,-1,-1,-1,,-1,-1,-1,,-1,-1,-1,-1,-1,-1,-1,-1,-1,5175,794,1472,0.395,19.265,7.62,0,0,,,
22447395230191,-1,-1,-1,,-1,-1,-1,,-1,-1,-1,-1,-1,-1,-1,-1,-1,5175,794,1472,0.40125,19.2688,7.95,0,0,,,
22447400237737,-1,-1,-1,,-1,-1,-1,,-1,-1,-1,-1,-1,-1,-1,-1,-1,5175,794,1472,0.40375,19.2512,7.94,0,0,,,
22447405240259,-1,-1,-1,,-1,-1,-1,,-1,-1,-1,-1,-1,-1,-1,-1,-1,5175,794,1472,0.37875,19.2775,7.3,0,0,,,
22447410245309,-1,-1,-1,,-1,-1,-1,,-1,-1,-1,-1,-1,-1,-1,-1,-1,5175,794,1472,0.4,19.2712,7.71,0,0,,,
22447415238583,-1,-1,-1,,-1,-1,-1,,-1,-1,-1,-1,-1,-1,-1,-1,-1,5175,794,1472,0.395,19.2587,7.68,0,0,,,
22447420248017,-1,-1,-1,,-1,-1,-1,,-1,-1,-1,-1,-1,-1,-1,-1,-1,5175,794,1472,0.41125,19.2675,7.92,0,0,,,
22447425242059,-1,-1,-1,,-1,-1,-1,,-1,-1,-1,-1,-1,-1,-1,-1,-1,5175,794,1472,0.37875,19.2688,7.3,0,0,,,
22447430237092,-1,-1,-1,,-1,-1,-1,,-1,-1,-1,-1,-1,-1,-1,-1,-1,5175,794,1472,0.405,19.2662,7.81,0,0,,,
22447435250111,-1,-1,-1,,-1,-1,-1,,-1,-1,-1,-1,-1,-1,-1,-1,-1,5175,794,1472,0.39625,19.2688,8.38,0,0,,,
22447440238968,-1,-1,-1,,-1,-1,-1,,-1,-1,-1,-1,-1,-1,-1,-1,-1,5175,794,1472,0.385,19.2575,7.41,0,0,,,
22447445234706,-1,-1,-1,,-1,-1,-1,,-1,-1,-1,-1,-1,-1,-1,-1,-1,5175,794,1472,0.37875,19.2725,7.3,0,0,,,
22447450233740,-1,-1,-1,,-1,-1,-1,,-1,-1,-1,-1,-1,-1,-1,-1,-1,5175,794,1472,0.41125,19.2737,7.92,0,0,,,
22447455266950,-1,-1,-1,,-1,-1,-1,,-1,-1,-1,-1,-1,-1,-1,-1,-1,5175,794,1472,0.39875,19.2712,8.09,0,0,,,
22447460242240,-1,-1,-1,,-1,-1,-1,,-1,-1,-1,-1,-1,-1,-1,-1,-1,5175,794,1472,0.41125,19.255,7.92,0,0,,,
22447465242426,-1,-1,-1,,-1,-1,-1,,-1,-1,-1,-1,-1,-1,-1,-1,-1,5175,794,1472,0.43375,19.2613,8.36,0,0,,,
22447470240403,-1,-1,-1,,-1,-1,-1,,-1,-1,-1,-1,-1,-1,-1,-1,-1,5175,834,1472,0.38875,19.2675,7.62,0,0,,,
22447475241517,-1,-1,-1,,-1,-1,-1,,-1,-1,-1,-1,-1,-1,-1,-1,-1,5175,834,1472,0.38625,19.2725,7.35,0,0,,,
22447480236039,-1,-1,-1,,-1,-1,-1,,-1,-1,-1,-1,-1,-1,-1,-1,-1,5175,834,1472,0.4025,19.2662,7.76,0,0,,,
22447485256161,-1,-1,-1,,-1,-1,-1,,-1,-1,-1,-1,-1,-1,-1,-1,-1,5175,834,1472,0.4025,19.2638,7.76,0,0,,,
22447490239675,-1,-1,-1,,-1,-1,-1,,-1,-1,-1,-1,-1,-1,-1,-1,-1,5175,834,1472,0.37625,19.2688,7.85,0,0,,,
22447495231636,-1,-1,-1,,-1,-1,-1,,-1,-1,-1,-1,-1,-1,-1,-1,-1,5175,834,1472,0.38875,19.2625,7.49,0,0,,,
22447500349873,-1,-1,-1,,-1,-1,-1,,-1,-1,-1,-1,-1,-1,-1,-1,-1,5175,834,1472,0.385,19.27,7.42,0,0,,,
22447505239528,-1,-1,-1,,-1,-1,-1,,-1,-1,-1,-1,-1,-1,-1,-1,-1,5175,834,1472,0.42,19.2675,8.09,0,0,,,
22447510238530,-1,-1,-1,,-1,-1,-1,,-1,-1,-1,-1,-1,-1,-1,-1,-1,5175,834,1472,0.38125,19.2662,7.22,0,0,,,
22447515241724,-1,-1,-1,,-1,-1,-1,,-1,-1,-1,-1,-1,-1,-1,-1,-1,5175,834,1472,0.40875,19.2638,7.87,0,0,,,
22447520248182,-1,-1,-1,,-1,-1,-1,,-1,-1,-1,-1,-1,-1,-1,-1,-1,5175,834,1472,0.3925,19.2662,7.56,0,0,,,
22447525238640,-1,-1,-1,,-1,-1,-1,,-1,-1,-1,-1,-1,-1,-1,-1,-1,5175,834,1472,0.3975,19.2613,7.65,0,0,,,
22447530231785,-1,-1,-1,,-1,-1,-1,,-1,-1,-1,-1,-1,-1,-1,-1,-1,5175,834,1472,0.40125,19.2662,7.3,0,0,,,
22447535230243,-1,-1,-1,,-1,-1,-1,,-1,-1,-1,-1,-1,-1,-1,-1,-1,5175,834,1472,0.39875,19.265,7.68,0,0,,,
22447540239165,-1,-1,-1,,-1,-1,-1,,-1,-1,-1,-1,-1,-1,-1,-1,-1,5175,834,1472,0.37875,19.2775,7.3,0,0,,,
22447545236535,-1,-1,-1,,-1,-1,-1,,-1,-1,-1,-1,-1,-1,-1,-1,-1,5175,834,1472,0.405,19.2625,7.8,0,0,,,
22447550237009,-1,-1,-1,,-1,-1,-1,,-1,-1,-1,-1,-1,-1,-1,-1,-1,5175,834,1472,0.40125,19.265,7.46,0,0,,,
22447555239499,-1,-1,-1,,-1,-1,-1,,-1,-1,-1,-1,-1,-1,-1,-1,-1,5175,834,1472,0.375,19.2725,7.23,0,0,,,
22447560236292,-1,-1,-1,,-1,-1,-1,,-1,-1,-1,-1,-1,-1,-1,-1,-1,5175,834,1472,0.40125,19.2625,7.73,0,0,,,
22447565232158,-1,-1,-1,,-1,-1,-1,,-1,-1,-1,-1,-1,-1,-1,-1,-1,5175,834,1472,0.3975,19.2725,7.56,0,0,,,
22447570238328,-1,-1,-1,,-1,-1,-1,,-1,-1,-1,-1,-1,-1,-1,-1,-1,5175,834,1472,0.3725,19.2662,7.4,0,0,,,
22447575233554,-1,-1,-1,,-1,-1,-1,,-1,-1,-1,-1,-1,-1,-1,-1,-1,5175,834,1472,0.395,19.2662,7.62,0,0,,,
22447580237164,-1,-1,-1,,-1,-1,-1,,-1,-1,-1,-1,-1,-1,-1,-1,-1,5175,834,1472,0.405,19.2625,7.8,0,0,,,
22447585237030,-1,-1,-1,,-1,-1,-1,,-1,-1,-1,-1,-1,-1,-1,-1,-1,5175,834,1472,0.41375,19.2662,7.71,0,0,,,
22447590239776,-1,-1,-1,,-1,-1,-1,,-1,-1,-1,-1,-1,-1,-1,-1,-1,5175,834,1472,0.37875,19.2737,7.3,0,0,,,
22447595237593,-1,-1,-1,,-1,-1,-1,,-1,-1,-1,-1,-1,-1,-1,-1,-1,5175,834,1472,0.3925,19.2712,7.56,0,0,,,
22447600233779,-1,-1,-1,,-1,-1,-1,,-1,-1,-1,-1,-1,-1,-1,-1,-1,5175,834,1472,0.41875,19.2675,8.06,0,0,,,
22447605243565,-1,-1,-1,,-1,-1,-1,,-1,-1,-1,-1,-1,-1,-1,-1,-1,5175,794,1472,0.39875,19.2725,7.71,0,0,,,
22447610239175,-1,-1,-1,,-1,-1,-1,,-1,-1,-1,-1,-1,-1,-1,-1,-1,5175,794,1472,0.37125,19.2688,7.16,0,0,,,
22447615237441,-1,-1,-1,,-1,-1,-1,,-1,-1,-1,-1,-1,-1,-1,-1,-1,5175,794,1472,0.4175,19.2725,8.05,0,0,,,
22447620231258,-1,-1,-1,,-1,-1,-1,,-1,-1,-1,-1,-1,-1,-1,-1,-1,5175,794,1472,0.38125,19.26,7.35,0,0,,,
22447625240597,-1,-1,-1,,-1,-1,-1,,-1,-1,-1,-1,-1,-1,-1,-1,-1,5175,794,1472,0.37875,19.2737,7.37,0,0,,,
22447630239918,-1,-1,-1,,-1,-1,-1,,-1,-1,-1,-1,-1,-1,-1,-1,-1,5175,794,1472,0.38125,19.2763,7.35,0,0,,,
22447635237128,-1,-1,-1,,-1,-1,-1,,-1,-1,-1,-1,-1,-1,-1,-1,-1,5175,794,1472,0.40625,19.2725,7.83,0,0,,,
22447640235042,-1,-1,-1,,-1,-1,-1,,-1,-1,-1,-1,-1,-1,-1,-1,-1,5175,794,1472,0.4125,19.2638,7.78,0,0,,,
22447645239388,-1,-1,-1,,-1,-1,-1,,-1,-1,-1,-1,-1,-1,-1,-1,-1,5175,794,1472,0.3775,19.2725,7.26,0,0,,,
22447650236918,-1,-1,-1,,-1,-1,-1,,-1,-1,-1,-1,-1,-1,-1,-1,-1,5175,794,1472,0.4,19.27,7.71,0,0,,,
22447655230831,-1,-1,-1,,-1,-1,-1,,-1,-1,-1,-1,-1,-1,-1,-1,-1,5175,794,1472,0.3875,19.2675,7.46,0,0,,,
22447660237641,-1,-1,-1,,-1,-1,-1,,-1,-1,-1,-1,-1,-1,-1,-1,-1,5175,794,1472,0.38125,19.27,7.51,0,0,,,
22447665236739,-1,-1,-1,,-1,-1,-1,,-1,-1,-1,-1,-1,-1,-1,-1,-1,5175,794,1472,0.4,19.2662,7.71,0,0,,,
22447670237981,-1,-1,-1,,-1,-1,-1,,-1,-1,-1,-1,-1,-1,-1,-1,-1,5175,794,1472,0.415,19.2613,7.99,0,0,,,
22447675234967,-1,-1,-1,,-1,-1,-1,,-1,-1,-1,-1,-1,-1,-1,-1,-1,5175,794,1472,0.4125,19.26,7.95,0,0,,,
22447680239793,-1,-1,-1,,-1,-1,-1,,-1,-1,-1,-1,-1,-1,-1,-1,-1,5175,794,1472,0.38,19.2712,7.3,0,0,,,
22447685237099,-1,-1,-1,,-1,-1,-1,,-1,-1,-1,-1,-1,-1,-1,-1,-1,5175,794,1472,0.40875,19.2675,7.87,0,0,,,
22447690238021,-1,-1,-1,,-1,-1,-1,,-1,-1,-1,-1,-1,-1,-1,-1,-1,5175,794,1472,0.405,19.2675,7.81,0,0,,,
22447695239038,-1,-1,-1,,-1,-1,-1,,-1,-1,-1,-1,-1,-1,-1,-1,-1,5175,794,1472,0.36875,19.2763,7.1,0,0,,,
22447700236312,-1,-1,-1,,-1,-1,-1,,-1,-1,-1,-1,-1,-1,-1,-1,-1,5175,794,1472,0.40875,19.265,7.82,0,0,,,
22447705237010,-1,-1,-1,,-1,-1,-1,,-1,-1,-1,-1,-1,-1,-1,-1,-1,5175,794,1472,0.4125,19.2613,7.95,0,0,,,
22447710242060,-1,-1,-1,,-1,-1,-1,,-1,-1,-1,-1,-1,-1,-1,-1,-1,5175,794,1472,0.3775,19.2538,7.27,0,0,,,
22447715232998,-1,-1,-1,,-1,-1,-1,,-1,-1,-1,-1,-1,-1,-1,-1,-1,5175,794,1472,0.4025,19.2638,7.73,0,0,,,
22447720236704,-1,-1,-1,,-1,-1,-1,,-1,-1,-1,-1,-1,-1,-1,-1,-1,5175,794,1472,0.38875,19.2662,7.4,0,0,,,
22447725240121,-1,-1,-1,,-1,-1,-1,,-1,-1,-1,-1,-1,-1,-1,-1,-1,5175,794,1472,0.395,19.2725,7.62,0,0,,,
22447730251156,-1,-1,-1,,-1,-1,-1,,-1,-1,-1,-1,-1,-1,-1,-1,-1,5175,794,1472,0.38625,19.2712,7.45,0,0,,,
22447735239341,-1,-1,-1,,-1,-1,-1,,-1,-1,-1,-1,-1,-1,-1,-1,-1,5175,794,1472,0.38375,19.27,7.81,0,0,,,
22447740240679,-1,-1,-1,,-1,-1,-1,,-1,-1,-1,-1,-1,-1,-1,-1,-1,5175,794,1472,0.38,19.2638,7.32,0,0,,,
22447745239041,-1,-1,-1,,-1,-1,-1,,-1,-1,-1,-1,-1,-1,-1,-1,-1,5175,794,1472,0.3925,19.27,7.56,0,0,,,
22447750231963,-1,-1,-1,,-1,-1,-1,,-1,-1,-1,-1,-1,-1,-1,-1,-1,5175,794,1472,0.37875,19.2737,7.3,0,0,,,
22447755232660,-1,-1,-1,,-1,-1,-1,,-1,-1,-1,-1,-1,-1,-1,-1,-1,5175,794,1472,0.38125,19.27,7.81,0,0,,,
22447760236462,-1,-1,-1,,-1,-1,-1,,-1,-1,-1,-1,-1,-1,-1,-1,-1,5175,794,1472,0.38625,19.2613,7.44,0,0,,,
22447765239272,-1,-1,-1,,-1,-1,-1,,-1,-1,-1,-1,-1,-1,-1,-1,-1,5175,794,1472,0.3825,19.2712,7.37,0,0,,,
22447770257027,-1,-1,-1,,-1,-1,-1,,-1,-1,-1,-1,-1,-1,-1,-1,-1,5175,794,1472,0.41125,19.2613,7.92,0,0,,,
22447775260572,-1,-1,-1,,-1,-1,-1,,-1,-1,-1,-1,-1,-1,-1,-1,-1,5175,794,1472,0.42875,19.2638,8.28,0,0,,,
22447780258454,-1,-1,-1,,-1,-1,-1,,-1,-1,-1,-1,-1,-1,-1,-1,-1,5175,794,1472,0.45,19.2475,8.67,0,0,,,
22447785241136,-1,-1,-1,,-1,-1,-1,,-1,-1,-1,-1,-1,-1,-1,-1,-1,5175,794,1472,0.39625,19.2625,7.63,0,0,,,
22447790254250,-1,-1,-1,,-1,-1,-1,,-1,-1,-1,-1,-1,-1,-1,-1,-1,5175,794,1472,0.40125,19.2613,8.28,0,0,,,
22447795242211,-1,-1,-1,,-1,-1,-1,,-1,-1,-1,-1,-1,-1,-1,-1,-1,5214,834,1472,0.38,19.2763,7.35,0,0,,,
22447800238781,-1,-1,-1,,-1,-1,-1,,-1,-1,-1,-1,-1,-1,-1,-1,-1,5214,834,1472,0.405,19.2638,7.81,0,0,,,
22447805232183,-1,-1,-1,,-1,-1,-1,,-1,-1,-1,-1,-1,-1,-1,-1,-1,5214,834,1472,0.3825,19.2662,7.37,0,0,,,
22447810238353,-1,-1,-1,,-1,-1,-1,,-1,-1,-1,-1,-1,-1,-1,-1,-1,5175,834,1472,0.37,19.2737,7.4,0,0,,,
22447815232299,-1,-1,-1,,-1,-1,-1,,-1,-1,-1,-1,-1,-1,-1,-1,-1,5175,834,1472,0.40625,19.27,7.85,0,0,,,
22447820236996,-1,-1,-1,,-1,-1,-1,,-1,-1,-1,-1,-1,-1,-1,-1,-1,5175,834,1472,0.40375,19.2613,7.78,0,0,,,
22447825233598,-1,-1,-1,,-1,-1,-1,,-1,-1,-1,-1,-1,-1,-1,-1,-1,5175,834,1472,0.4475,19.27,8.63,0,0,,,
22447830238328,-1,-1,-1,,-1,-1,-1,,-1,-1,-1,-1,-1,-1,-1,-1,-1,5175,834,1472,0.375,19.2712,7.24,0,0,,,
22447835235442,-1,-1,-1,,-1,-1,-1,,-1,-1,-1,-1,-1,-1,-1,-1,-1,5175,834,1472,0.40875,19.2662,7.87,0,0,,,
22447840232364,-1,-1,-1,,-1,-1,-1,,-1,-1,-1,-1,-1,-1,-1,-1,-1,5175,834,1472,0.38875,19.2613,7.49,0,0,,,
22447845256486,-1,-1,-1,,-1,-1,-1,,-1,-1,-1,-1,-1,-1,-1,-1,-1,5214,834,1472,0.3875,19.2725,7.46,0,0,,,
22447850239744,-1,-1,-1,,-1,-1,-1,,-1,-1,-1,-1,-1,-1,-1,-1,-1,5214,834,1472,0.38875,19.2662,7.65,0,0,,,
22447855232729,-1,-1,-1,,-1,-1,-1,,-1,-1,-1,-1,-1,-1,-1,-1,-1,5214,834,1472,0.38875,19.27,7.49,0,0,,,
22447860235507,-1,-1,-1,,-1,-1,-1,,-1,-1,-1,-1,-1,-1,-1,-1,-1,5175,834,1472,0.39125,19.27,7.54,0,0,,,
22447865235501,-1,-1,-1,,-1,-1,-1,,-1,-1,-1,-1,-1,-1,-1,-1,-1,5175,834,1472,0.39,19.2638,7.51,0,0,,,
22447870231271,-1,-1,-1,,-1,-1,-1,,-1,-1,-1,-1,-1,-1,-1,-1,-1,5175,834,1472,0.40125,19.26,7.27,0,0,,,
22447875236033,-1,-1,-1,,-1,-1,-1,,-1,-1,-1,-1,-1,-1,-1,-1,-1,5175,834,1472,0.38125,19.2725,7.35,0,0,,,
22447880234843,-1,-1,-1,,-1,-1,-1,,-1,-1,-1,-1,-1,-1,-1,-1,-1,5175,834,1472,0.39625,19.265,7.63,0,0,,,
22447885237845,-1,-1,-1,,-1,-1,-1,,-1,-1,-1,-1,-1,-1,-1,-1,-1,5175,834,1472,0.4125,19.275,7.37,0,0,,,
22447890236942,-1,-1,-1,,-1,-1,-1,,-1,-1,-1,-1,-1,-1,-1,-1,-1,5175,834,1472,0.3925,19.2675,7.85,0,0,,,
22447895243688,-1,-1,-1,,-1,-1,-1,,-1,-1,-1,-1,-1,-1,-1,-1,-1,5175,834,1472,0.38125,19.2725,7.35,0,0,,,
22447900238722,-1,-1,-1,,-1,-1,-1,,-1,-1,-1,-1,-1,-1,-1,-1,-1,5175,834,1472,0.40125,19.2625,7.73,0,0,,,
22447905232700,-1,-1,-1,,-1,-1,-1,,-1,-1,-1,-1,-1,-1,-1,-1,-1,5175,834,1472,0.4175,19.2662,7.4,0,0,,,
22447910238070,-1,-1,-1,,-1,-1,-1,,-1,-1,-1,-1,-1,-1,-1,-1,-1,5175,834,1472,0.38,19.2675,7.32,0,0,,,
22447915235152,-1,-1,-1,,-1,-1,-1,,-1,-1,-1,-1,-1,-1,-1,-1,-1,5175,834,1472,0.41375,19.27,7.97,0,0,,,
22447920251370,-1,-1,-1,,-1,-1,-1,,-1,-1,-1,-1,-1,-1,-1,-1,-1,5175,834,1472,0.425,19.2688,8.19,0,0,,,
22447925240579,-1,-1,-1,,-1,-1,-1,,-1,-1,-1,-1,-1,-1,-1,-1,-1,5175,834,1472,0.3875,19.275,7.97,0,0,,,
22447930238429,-1,-1,-1,,-1,-1,-1,,-1,-1,-1,-1,-1,-1,-1,-1,-1,5214,834,1472,0.3675,19.2675,7.08,0,0,,,
22447935235063,-1,-1,-1,,-1,-1,-1,,-1,-1,-1,-1,-1,-1,-1,-1,-1,5214,834,1472,0.395,19.2638,7.6,0,0,,,
22447940237841,-1,-1,-1,,-1,-1,-1,,-1,-1,-1,-1,-1,-1,-1,-1,-1,5214,834,1472,0.39625,19.265,7.63,0,0,,,
22447945237707,-1,-1,-1,,-1,-1,-1,,-1,-1,-1,-1,-1,-1,-1,-1,-1,5175,834,1472,0.37375,19.2725,7.32,0,0,,,
22447950236004,-1,-1,-1,,-1,-1,-1,,-1,-1,-1,-1,-1,-1,-1,-1,-1,5175,834,1472,0.39875,19.2675,7.68,0,0,,,
22447955236126,-1,-1,-1,,-1,-1,-1,,-1,-1,-1,-1,-1,-1,-1,-1,-1,5175,834,1472,0.41625,19.2737,8.03,0,0,,,
22447960236440,-1,-1,-1,,-1,-1,-1,,-1,-1,-1,-1,-1,-1,-1,-1,-1,5175,834,1472,0.40125,19.2587,7.56,0,0,,,
22447965246866,-1,-1,-1,,-1,-1,-1,,-1,-1,-1,-1,-1,-1,-1,-1,-1,5175,834,1472,0.39375,19.2725,7.18,0,0,,,
22447970240396,-1,-1,-1,,-1,-1,-1,,-1,-1,-1,-1,-1,-1,-1,-1,-1,5175,834,1472,0.3775,19.2688,7.27,0,0,,,
22447975230918,-1,-1,-1,,-1,-1,-1,,-1,-1,-1,-1,-1,-1,-1,-1,-1,5175,834,1472,0.39375,19.2737,7.59,0,0,,,
22447980234912,-1,-1,-1,,-1,-1,-1,,-1,-1,-1,-1,-1,-1,-1,-1,-1,5175,834,1472,0.4,19.2712,7.95,0,0,,,
22447985237305,-1,-1,-1,,-1,-1,-1,,-1,-1,-1,-1,-1,-1,-1,-1,-1,5175,834,1472,0.3775,19.2725,7.27,0,0,,,
22447990230995,-1,-1,-1,,-1,-1,-1,,-1,-1,-1,-1,-1,-1,-1,-1,-1,5175,834,1472,0.4075,19.2625,7.85,0,0,,,
22447995237677,-1,-1,-1,,-1,-1,-1,,-1,-1,-1,-1,-1,-1,-1,-1,-1,5175,834,1472,0.3875,19.27,7.46,0,0,,,
22448000234951,-1,-1,-1,,-1,-1,-1,,-1,-1,-1,-1,-1,-1,-1,-1,-1,5175,834,1472,0.4125,19.265,7.65,0,0,,,
22448005230529,-1,-1,-1,,-1,-1,-1,,-1,-1,-1,-1,-1,-1,-1,-1,-1,5175,834,1472,0.40625,19.2688,7.82,0,0,,,
22448010236091,-1,-1,-1,,-1,-1,-1,,-1,-1,-1,-1,-1,-1,-1,-1,-1,5175,834,1472,0.43375,19.2737,8.36,0,0,,,
22448015236980,-1,-1,-1,,-1,-1,-1,,-1,-1,-1,-1,-1,-1,-1,-1,-1,5175,834,1472,0.3775,19.2725,7.27,0,0,,,
22448020233966,-1,-1,-1,,-1,-1,-1,,-1,-1,-1,-1,-1,-1,-1,-1,-1,5175,834,1472,0.39625,19.265,7.85,0,0,,,
22448025230888,-1,-1,-1,,-1,-1,-1,,-1,-1,-1,-1,-1,-1,-1,-1,-1,5175,834,1472,0.385,19.26,7.41,0,0,,,
22448030237282,-1,-1,-1,,-1,-1,-1,,-1,-1,-1,-1,-1,-1,-1,-1,-1,5175,834,1472,0.3825,19.27,7.37,0,0,,,
22448035232220,-1,-1,-1,,-1,-1,-1,,-1,-1,-1,-1,-1,-1,-1,-1,-1,5175,834,1472,0.38375,19.2638,7.4,0,0,,,
22448040236694,-1,-1,-1,,-1,-1,-1,,-1,-1,-1,-1,-1,-1,-1,-1,-1,5175,834,1472,0.40625,19.265,7.27,0,0,,,
22448045237456,-1,-1,-1,,-1,-1,-1,,-1,-1,-1,-1,-1,-1,-1,-1,-1,5175,834,1472,0.4,19.2587,7.71,0,0,,,
22448050240041,-1,-1,-1,,-1,-1,-1,,-1,-1,-1,-1,-1,-1,-1,-1,-1,5175,834,1472,0.39125,19.2725,7.54,0,0,,,
22448055234051,-1,-1,-1,,-1,-1,-1,,-1,-1,-1,-1,-1,-1,-1,-1,-1,5175,834,1472,0.385,19.265,7.73,0,0,,,
22448060232509,-1,-1,-1,,-1,-1,-1,,-1,-1,-1,-1,-1,-1,-1,-1,-1,5175,834,1472,0.3975,19.2675,7.44,0,0,,,
22448065238423,-1,-1,-1,,-1,-1,-1,,-1,-1,-1,-1,-1,-1,-1,-1,-1,5175,834,1472,0.37625,19.275,7.26,0,0,,,
22448070236849,-1,-1,-1,,-1,-1,-1,,-1,-1,-1,-1,-1,-1,-1,-1,-1,5175,834,1472,0.39375,19.275,7.59,0,0,,,
22448075236555,-1,-1,-1,,-1,-1,-1,,-1,-1,-1,-1,-1,-1,-1,-1,-1,5175,834,1472,0.385,19.2662,7.78,0,0,,,
22448080236804,-1,-1,-1,,-1,-1,-1,,-1,-1,-1,-1,-1,-1,-1,-1,-1,5175,834,1472,0.41375,19.2725,7.96,0,0,,,
22448085253695,-1,-1,-1,,-1,-1,-1,,-1,-1,-1,-1,-1,-1,-1,-1,-1,5175,794,1472,0.375,19.2688,7.23,0,0,,,
22448090240120,-1,-1,-1,,-1,-1,-1,,-1,-1,-1,-1,-1,-1,-1,-1,-1,5175,794,1472,0.405,19.2688,7.81,0,0,,,
22448095238514,-1,-1,-1,,-1,-1,-1,,-1,-1,-1,-1,-1,-1,-1,-1,-1,5175,794,1472,0.375,19.2675,7.95,0,0,,,
22448100239404,-1,-1,-1,,-1,-1,-1,,-1,-1,-1,-1,-1,-1,-1,-1,-1,5175,794,1472,0.385,19.2662,7.41,0,0,,,
22448105234918,-1,-1,-1,,-1,-1,-1,,-1,-1,-1,-1,-1,-1,-1,-1,-1,5175,794,1472,0.39625,19.265,7.63,0,0,,,
22448110234016,-1,-1,-1,,-1,-1,-1,,-1,-1,-1,-1,-1,-1,-1,-1,-1,5175,794,1472,0.38875,19.2613,7.49,0,0,,,
22448115234329,-1,-1,-1,,-1,-1,-1,,-1,-1,-1,-1,-1,-1,-1,-1,-1,5175,794,1472,0.40125,19.2638,7.27,0,0,,,
22448120238195,-1,-1,-1,,-1,-1,-1,,-1,-1,-1,-1,-1,-1,-1,-1,-1,5175,794,1472,0.37125,19.27,7.16,0,0,,,
22448125345584,-1,-1,-1,,-1,-1,-1,,-1,-1,-1,-1,-1,-1,-1,-1,-1,5175,794,1472,0.4025,19.265,7.76,0,0,,,
22448130244743,-1,-1,-1,,-1,-1,-1,,-1,-1,-1,-1,-1,-1,-1,-1,-1,5175,794,1472,0.41875,19.2575,9.79,0,0,,,
22448135245601,-1,-1,-1,,-1,-1,-1,,-1,-1,-1,-1,-1,-1,-1,-1,-1,5175,794,1472,0.43375,19.2425,8.35,0,0,,,
22448140241851,-1,-1,-1,,-1,-1,-1,,-1,-1,-1,-1,-1,-1,-1,-1,-1,5175,834,1472,0.4075,19.2638,7.85,0,0,,,
22448145261397,-1,-1,-1,,-1,-1,-1,,-1,-1,-1,-1,-1,-1,-1,-1,-1,5175,834,1472,0.4375,19.27,8.03,0,0,,,
22448150260687,-1,-1,-1,,-1,-1,-1,,-1,-1,-1,-1,-1,-1,-1,-1,-1,5175,834,1472,0.4125,19.2538,8.45,0,0,,,
22448155254665,-1,-1,-1,,-1,-1,-1,,-1,-1,-1,-1,-1,-1,-1,-1,-1,5175,834,1472,0.43,19.2488,8.28,0,0,,,
22448160257027,-1,-1,-1,,-1,-1,-1,,-1,-1,-1,-1,-1,-1,-1,-1,-1,5254,874,1472,0.41375,19.2675,7.97,0,0,,,
22448165240028,-1,-1,-1,,-1,-1,-1,,-1,-1,-1,-1,-1,-1,-1,-1,-1,5254,874,1472,0.3625,19.2712,6.99,0,0,,,
22448170255414,-1,-1,-1,,-1,-1,-1,,-1,-1,-1,-1,-1,-1,-1,-1,-1,5254,874,1472,0.42125,19.2475,9.43,0,0,,,
22448175255760,-1,-1,-1,,-1,-1,-1,,-1,-1,-1,-1,-1,-1,-1,-1,-1,5294,914,1472,0.4075,19.2613,7.85,0,0,,,
22448180243946,-1,-1,-1,,-1,-1,-1,,-1,-1,-1,-1,-1,-1,-1,-1,-1,5294,914,1472,0.44,19.2638,8.47,0,0,,,
22448185240067,-1,-1,-1,,-1,-1,-1,,-1,-1,-1,-1,-1,-1,-1,-1,-1,5294,914,1472,0.36375,19.275,7.01,0,0,,,
22448190242269,-1,-1,-1,,-1,-1,-1,,-1,-1,-1,-1,-1,-1,-1,-1,-1,5294,914,1472,0.38375,19.2725,7.18,0,0,,,
22448195242839,-1,-1,-1,,-1,-1,-1,,-1,-1,-1,-1,-1,-1,-1,-1,-1,5334,953,1472,0.35,19.275,6.75,0,0,,,
22448200235857,-1,-1,-1,,-1,-1,-1,,-1,-1,-1,-1,-1,-1,-1,-1,-1,5334,953,1472,0.35875,19.27,6.91,0,0,,,
22448205238731,-1,-1,-1,,-1,-1,-1,,-1,-1,-1,-1,-1,-1,-1,-1,-1,5334,953,1472,0.3725,19.27,7.35,0,0,,,
22448210252229,-1,-1,-1,,-1,-1,-1,,-1,-1,-1,-1,-1,-1,-1,-1,-1,5334,914,1472,0.34375,19.28,6.96,0,0,,,
22448215242142,-1,-1,-1,,-1,-1,-1,,-1,-1,-1,-1,-1,-1,-1,-1,-1,5334,914,1472,0.37375,19.2712,7.21,0,0,,,
22448220233464,-1,-1,-1,,-1,-1,-1,,-1,-1,-1,-1,-1,-1,-1,-1,-1,5334,914,1472,0.36,19.2725,6.94,0,0,,,
22448225240978,-1,-1,-1,,-1,-1,-1,,-1,-1,-1,-1,-1,-1,-1,-1,-1,5334,914,1472,0.34,19.2775,6.96,0,0,,,
22448230233996,-1,-1,-1,,-1,-1,-1,,-1,-1,-1,-1,-1,-1,-1,-1,-1,5334,914,1472,0.38,19.2737,7.32,0,0,,,
22448235231366,-1,-1,-1,,-1,-1,-1,,-1,-1,-1,-1,-1,-1,-1,-1,-1,5334,914,1472,0.3525,19.275,6.8,0,0,,,
22448240239104,-1,-1,-1,,-1,-1,-1,,-1,-1,-1,-1,-1,-1,-1,-1,-1,5334,914,1472,0.3475,19.2763,6.69,0,0,,,
22448245236921,-1,-1,-1,,-1,-1,-1,,-1,-1,-1,-1,-1,-1,-1,-1,-1,5334,914,1472,0.365,19.275,6.99,0,0,,,
22448250234547,-1,-1,-1,,-1,-1,-1,,-1,-1,-1,-1,-1,-1,-1,-1,-1,5334,914,1472,0.37625,19.275,7.24,0,0,,,
22448255249549,-1,-1,-1,,-1,-1,-1,,-1,-1,-1,-1,-1,-1,-1,-1,-1,5334,914,1472,0.38,19.265,7.32,0,0,,,
22448260244039,-1,-1,-1,,-1,-1,-1,,-1,-1,-1,-1,-1,-1,-1,-1,-1,5294,914,1472,0.345,19.2825,6.66,0,0,,,
22448265236289,-1,-1,-1,,-1,-1,-1,,-1,-1,-1,-1,-1,-1,-1,-1,-1,5294,914,1472,0.36125,19.2763,7.21,0,0,,,
22448270238587,-1,-1,-1,,-1,-1,-1,,-1,-1,-1,-1,-1,-1,-1,-1,-1,5294,914,1472,0.3725,19.2712,7.18,0,0,,,
22448275240469,-1,-1,-1,,-1,-1,-1,,-1,-1,-1,-1,-1,-1,-1,-1,-1,5294,914,1472,0.34,19.2812,6.55,0,0,,,
22448280244335,-1,-1,-1,,-1,-1,-1,,-1,-1,-1,-1,-1,-1,-1,-1,-1,5294,914,1472,0.3725,19.2737,7.18,0,0,,,
22448285239624,-1,-1,-1,,-1,-1,-1,,-1,-1,-1,-1,-1,-1,-1,-1,-1,5294,914,1472,0.3875,19.2787,6.72,0,0,,,
22448290244738,-1,-1,-1,,-1,-1,-1,,-1,-1,-1,-1,-1,-1,-1,-1,-1,5294,914,1472,0.35,19.275,6.75,0,0,,,
22448295234428,-1,-1,-1,,-1,-1,-1,,-1,-1,-1,-1,-1,-1,-1,-1,-1,5294,914,1472,0.37625,19.2725,7.26,0,0,,,
22448300236086,-1,-1,-1,,-1,-1,-1,,-1,-1,-1,-1,-1,-1,-1,-1,-1,5294,914,1472,0.38375,19.2763,6.86,0,0,,,
22448305242416,-1,-1,-1,,-1,-1,-1,,-1,-1,-1,-1,-1,-1,-1,-1,-1,5294,914,1472,0.39625,19.27,7.63,0,0,,,
22448310242314,-1,-1,-1,,-1,-1,-1,,-1,-1,-1,-1,-1,-1,-1,-1,-1,5294,914,1472,0.3375,19.2812,6.5,0,0,,,
22448315236099,-1,-1,-1,,-1,-1,-1,,-1,-1,-1,-1,-1,-1,-1,-1,-1,5294,914,1472,0.38375,19.2725,7.4,0,0,,,
22448320297599,-1,-1,-1,,-1,-1,-1,,-1,-1,-1,-1,-1,-1,-1,-1,-1,5294,914,1472,0.36625,19.2725,7.56,0,0,,,
22448325243831,-1,-1,-1,,-1,-1,-1,,-1,-1,-1,-1,-1,-1,-1,-1,-1,5294,914,1472,0.35125,19.2712,6.77,0,0,,,
22448330241009,-1,-1,-1,,-1,-1,-1,,-1,-1,-1,-1,-1,-1,-1,-1,-1,5294,914,1472,0.36625,19.2812,7.07,0,0,,,
22448335236683,-1,-1,-1,,-1,-1,-1,,-1,-1,-1,-1,-1,-1,-1,-1,-1,5294,914,1472,0.36375,19.2688,7.01,0,0,,,
22448340237157,-1,-1,-1,,-1,-1,-1,,-1,-1,-1,-1,-1,-1,-1,-1,-1,5294,914,1472,0.3775,19.2712,7.23,0,0,,,
22448345237246,-1,-1,-1,,-1,-1,-1,,-1,-1,-1,-1,-1,-1,-1,-1,-1,5294,874,1472,0.3475,19.2763,6.69,0,0,,,
22448350237048,-1,-1,-1,,-1,-1,-1,,-1,-1,-1,-1,-1,-1,-1,-1,-1,5294,874,1472,0.3675,19.2825,7.09,0,0,,,
22448355235122,-1,-1,-1,,-1,-1,-1,,-1,-1,-1,-1,-1,-1,-1,-1,-1,5294,874,1472,0.3925,19.28,7.56,0,0,,,
22448360238316,-1,-1,-1,,-1,-1,-1,,-1,-1,-1,-1,-1,-1,-1,-1,-1,5294,874,1472,0.35375,19.2725,7.3,0,0,,,
22448365234854,-1,-1,-1,,-1,-1,-1,,-1,-1,-1,-1,-1,-1,-1,-1,-1,5294,874,1472,0.3675,19.2688,7.08,0,0,,,
22448370232383,-1,-1,-1,,-1,-1,-1,,-1,-1,-1,-1,-1,-1,-1,-1,-1,5294,874,1472,0.36375,19.2737,7.01,0,0,,,
22448375231961,-1,-1,-1,,-1,-1,-1,,-1,-1,-1,-1,-1,-1,-1,-1,-1,5294,874,1472,0.385,19.275,6.63,0,0,,,
22448380237459,-1,-1,-1,,-1,-1,-1,,-1,-1,-1,-1,-1,-1,-1,-1,-1,5254,874,1472,0.35,19.2838,6.96,0,0,,,
22448385233229,-1,-1,-1,,-1,-1,-1,,-1,-1,-1,-1,-1,-1,-1,-1,-1,5254,874,1472,0.3775,19.2712,7.27,0,0,,,
22448390231719,-1,-1,-1,,-1,-1,-1,,-1,-1,-1,-1,-1,-1,-1,-1,-1,5254,874,1472,0.355,19.2662,6.84,0,0,,,
22448395246561,-1,-1,-1,,-1,-1,-1,,-1,-1,-1,-1,-1,-1,-1,-1,-1,5254,874,1472,0.35,19.2787,7.04,0,0,,,
22448400237883,-1,-1,-1,,-1,-1,-1,,-1,-1,-1,-1,-1,-1,-1,-1,-1,5254,874,1472,0.37125,19.2763,7.16,0,0,,,
22448405239093,-1,-1,-1,,-1,-1,-1,,-1,-1,-1,-1,-1,-1,-1,-1,-1,5254,874,1472,0.37875,19.27,7.3,0,0,,,
22448410238702,-1,-1,-1,,-1,-1,-1,,-1,-1,-1,-1,-1,-1,-1,-1,-1,5254,874,1472,0.395,19.2712,7.62,0,0,,,
22448415242440,-1,-1,-1,,-1,-1,-1,,-1,-1,-1,-1,-1,-1,-1,-1,-1,5254,874,1472,0.3425,19.2787,6.77,0,0,,,
22448420237410,-1,-1,-1,,-1,-1,-1,,-1,-1,-1,-1,-1,-1,-1,-1,-1,5254,874,1472,0.36125,19.2712,6.96,0,0,,,
22448425238876,-1,-1,-1,,-1,-1,-1,,-1,-1,-1,-1,-1,-1,-1,-1,-1,5254,874,1472,0.37875,19.275,7.3,0,0,,,
22448430240566,-1,-1,-1,,-1,-1,-1,,-1,-1,-1,-1,-1,-1,-1,-1,-1,5254,874,1472,0.345,19.28,6.66,0,0,,,
22448435233199,-1,-1,-1,,-1,-1,-1,,-1,-1,-1,-1,-1,-1,-1,-1,-1,5254,874,1472,0.3675,19.275,7.35,0,0,,,
22448440231817,-1,-1,-1,,-1,-1,-1,,-1,-1,-1,-1,-1,-1,-1,-1,-1,5254,874,1472,0.37125,19.27,7.16,0,0,,,
22448445239491,-1,-1,-1,,-1,-1,-1,,-1,-1,-1,-1,-1,-1,-1,-1,-1,5254,874,1472,0.35625,19.28,6.87,0,0,,,
22448450238269,-1,-1,-1,,-1,-1,-1,,-1,-1,-1,-1,-1,-1,-1,-1,-1,5254,874,1472,0.3775,19.28,7.28,0,0,,,
22448455249911,-1,-1,-1,,-1,-1,-1,,-1,-1,-1,-1,-1,-1,-1,-1,-1,5254,874,1472,0.36,19.2763,7.04,0,0,,,
22448460240049,-1,-1,-1,,-1,-1,-1,,-1,-1,-1,-1,-1,-1,-1,-1,-1,5254,874,1472,0.3475,19.275,6.69,0,0,,,
22448465260683,-1,-1,-1,,-1,-1,-1,,-1,-1,-1,-1,-1,-1,-1,-1,-1,5254,874,1472,0.36875,19.2763,7.1,0,0,,,
22448470249253,-1,-1,-1,,-1,-1,-1,,-1,-1,-1,-1,-1,-1,-1,-1,-1,5254,874,1472,0.395,19.2613,8.33,0,0,,,
22448475256991,-1,-1,-1,,-1,-1,-1,,-1,-1,-1,-1,-1,-1,-1,-1,-1,5254,874,1472,0.395,19.26,7.6,0,0,,,
22448480238584,-1,-1,-1,,-1,-1,-1,,-1,-1,-1,-1,-1,-1,-1,-1,-1,5254,874,1472,0.345,19.2737,6.64,0,0,,,
22448485235634,-1,-1,-1,,-1,-1,-1,,-1,-1,-1,-1,-1,-1,-1,-1,-1,5254,874,1472,0.36,19.2787,6.94,0,0,,,
22448490233388,-1,-1,-1,,-1,-1,-1,,-1,-1,-1,-1,-1,-1,-1,-1,-1,5254,874,1472,0.35375,19.2675,7.32,0,0,,,
22448495236966,-1,-1,-1,,-1,-1,-1,,-1,-1,-1,-1,-1,-1,-1,-1,-1,5254,874,1472,0.3675,19.2638,7.08,0,0,,,
22448500231807,-1,-1,-1,,-1,-1,-1,,-1,-1,-1,-1,-1,-1,-1,-1,-1,5254,874,1472,0.35375,19.275,6.82,0,0,,,
22448505230969,-1,-1,-1,,-1,-1,-1,,-1,-1,-1,-1,-1,-1,-1,-1,-1,5254,874,1472,0.34375,19.27,6.63,0,0,,,
22448510229587,-1,-1,-1,,-1,-1,-1,,-1,-1,-1,-1,-1,-1,-1,-1,-1,5254,874,1472,0.375,19.2825,6.94,0,0,,,
22448515252013,-1,-1,-1,,-1,-1,-1,,-1,-1,-1,-1,-1,-1,-1,-1,-1,5254,874,1472,0.37,19.265,7.13,0,0,,,
22448520238791,-1,-1,-1,,-1,-1,-1,,-1,-1,-1,-1,-1,-1,-1,-1,-1,5254,874,1472,0.3725,19.275,7.18,0,0,,,
22448525232641,-1,-1,-1,,-1,-1,-1,,-1,-1,-1,-1,-1,-1,-1,-1,-1,5254,874,1472,0.36375,19.2737,7.01,0,0,,,
22448530243131,-1,-1,-1,,-1,-1,-1,,-1,-1,-1,-1,-1,-1,-1,-1,-1,5254,874,1472,0.3475,19.2737,6.85,0,0,,,
22448535234836,-1,-1,-1,,-1,-1,-1,,-1,-1,-1,-1,-1,-1,-1,-1,-1,5254,874,1472,0.3775,19.27,7.27,0,0,,,
22448540238094,-1,-1,-1,,-1,-1,-1,,-1,-1,-1,-1,-1,-1,-1,-1,-1,5254,874,1472,0.3825,19.2675,7.37,0,0,,,
22448545240072,-1,-1,-1,,-1,-1,-1,,-1,-1,-1,-1,-1,-1,-1,-1,-1,5254,874,1472,0.35,19.265,7.3,0,0,,,
22448550250306,-1,-1,-1,,-1,-1,-1,,-1,-1,-1,-1,-1,-1,-1,-1,-1,5254,874,1472,0.35125,19.2763,6.69,0,0,,,
22448555239580,-1,-1,-1,,-1,-1,-1,,-1,-1,-1,-1,-1,-1,-1,-1,-1,5254,874,1472,0.3725,19.275,7.18,0,0,,,
22448560250134,-1,-1,-1,,-1,-1,-1,,-1,-1,-1,-1,-1,-1,-1,-1,-1,5254,874,1472,0.37375,19.2662,7.21,0,0,,,
22448565242608,-1,-1,-1,,-1,-1,-1,,-1,-1,-1,-1,-1,-1,-1,-1,-1,5254,874,1472,0.3475,19.2825,6.58,0,0,,,
22448570256138,-1,-1,-1,,-1,-1,-1,,-1,-1,-1,-1,-1,-1,-1,-1,-1,5254,874,1472,0.39375,19.2737,7.59,0,0,,,
22448575239043,-1,-1,-1,,-1,-1,-1,,-1,-1,-1,-1,-1,-1,-1,-1,-1,5254,874,1472,0.39,19.2825,7.53,0,0,,,
22448580240989,-1,-1,-1,,-1,-1,-1,,-1,-1,-1,-1,-1,-1,-1,-1,-1,5254,874,1472,0.375,19.2787,7.23,0,0,,,
22448585237367,-1,-1,-1,,-1,-1,-1,,-1,-1,-1,-1,-1,-1,-1,-1,-1,5254,874,1472,0.36,19.2787,7.13,0,0,,,
22448590237489,-1,-1,-1,,-1,-1,-1,,-1,-1,-1,-1,-1,-1,-1,-1,-1,5254,874,1472,0.36625,19.27,7.05,0,0,,,
22448595231595,-1,-1,-1,,-1,-1,-1,,-1,-1,-1,-1,-1,-1,-1,-1,-1,5254,874,1472,0.3725,19.2737,7.18,0,0,,,
22448600242821,-1,-1,-1,,-1,-1,-1,,-1,-1,-1,-1,-1,-1,-1,-1,-1,5254,874,1472,0.34625,19.2812,6.68,0,0,,,
22448605235806,-1,-1,-1,,-1,-1,-1,,-1,-1,-1,-1,-1,-1,-1,-1,-1,5254,874,1472,0.36875,19.2725,7.16,0,0,,,
22448610239320,-1,-1,-1,,-1,-1,-1,,-1,-1,-1,-1,-1,-1,-1,-1,-1,5254,874,1472,0.365,19.2775,7.04,0,0,,,
22448615239090,-1,-1,-1,,-1,-1,-1,,-1,-1,-1,-1,-1,-1,-1,-1,-1,5214,874,1472,0.36625,19.2787,7.07,0,0,,,
22448620237708,-1,-1,-1,,-1,-1,-1,,-1,-1,-1,-1,-1,-1,-1,-1,-1,5214,874,1472,0.38875,19.28,6.87,0,0,,,
22448625231846,-1,-1,-1,,-1,-1,-1,,-1,-1,-1,-1,-1,-1,-1,-1,-1,5214,874,1472,0.36125,19.2775,6.77,0,0,,,
22448630236992,-1,-1,-1,,-1,-1,-1,,-1,-1,-1,-1,-1,-1,-1,-1,-1,5214,874,1472,0.3925,19.2675,7.56,0,0,,,
22448635241242,-1,-1,-1,,-1,-1,-1,,-1,-1,-1,-1,-1,-1,-1,-1,-1,5214,874,1472,0.3525,19.2812,6.8,0,0,,,
22448640236755,-1,-1,-1,,-1,-1,-1,,-1,-1,-1,-1,-1,-1,-1,-1,-1,5214,874,1472,0.37375,19.2675,7.21,0,0,,,
22448645232365,-1,-1,-1,,-1,-1,-1,,-1,-1,-1,-1,-1,-1,-1,-1,-1,5214,874,1472,0.36625,19.2737,6.82,0,0,,,
22448650239079,-1,-1,-1,,-1,-1,-1,,-1,-1,-1,-1,-1,-1,-1,-1,-1,5214,834,1472,0.36,19.2812,6.94,0,0,,,
22448655233345,-1,-1,-1,,-1,-1,-1,,-1,-1,-1,-1,-1,-1,-1,-1,-1,5214,834,1472,0.3525,19.2737,6.8,0,0,,,
22448660237979,-1,-1,-1,,-1,-1,-1,,-1,-1,-1,-1,-1,-1,-1,-1,-1,5214,834,1472,0.385,19.27,7.21,0,0,,,
22448665238613,-1,-1,-1,,-1,-1,-1,,-1,-1,-1,-1,-1,-1,-1,-1,-1,5214,834,1472,0.395,19.2838,7.62,0,0,,,
22448670240686,-1,-1,-1,,-1,-1,-1,,-1,-1,-1,-1,-1,-1,-1,-1,-1,5214,834,1472,0.35375,19.28,6.82,0,0,,,
22448675237192,-1,-1,-1,,-1,-1,-1,,-1,-1,-1,-1,-1,-1,-1,-1,-1,5214,834,1472,0.3725,19.27,7.18,0,0,,,
22448680253122,-1,-1,-1,,-1,-1,-1,,-1,-1,-1,-1,-1,-1,-1,-1,-1,5214,834,1472,0.38,19.2688,7.01,0,0,,,
22448685241596,-1,-1,-1,,-1,-1,-1,,-1,-1,-1,-1,-1,-1,-1,-1,-1,5214,834,1472,0.34625,19.2775,6.67,0,0,,,
22448690238966,-1,-1,-1,,-1,-1,-1,,-1,-1,-1,-1,-1,-1,-1,-1,-1,5214,834,1472,0.37,19.2775,7.13,0,0,,,
22448695236976,-1,-1,-1,,-1,-1,-1,,-1,-1,-1,-1,-1,-1,-1,-1,-1,5214,834,1472,0.37375,19.27,7.21,0,0,,,
22448700255402,-1,-1,-1,,-1,-1,-1,,-1,-1,-1,-1,-1,-1,-1,-1,-1,5214,834,1472,0.38,19.2737,7.27,0,0,,,
22448705244355,-1,-1,-1,,-1,-1,-1,,-1,-1,-1,-1,-1,-1,-1,-1,-1,5214,834,1472,0.34625,19.2763,6.67,0,0,,,
22448710239869,-1,-1,-1,,-1,-1,-1,,-1,-1,-1,-1,-1,-1,-1,-1,-1,5214,834,1472,0.35625,19.2712,6.86,0,0,,,
22448715236503,-1,-1,-1,,-1,-1,-1,,-1,-1,-1,-1,-1,-1,-1,-1,-1,5214,834,1472,0.3725,19.2763,7.3,0,0,,,
22448720249649,-1,-1,-1,,-1,-1,-1,,-1,-1,-1,-1,-1,-1,-1,-1,-1,5214,834,1472,0.35125,19.2737,6.77,0,0,,,
22448725239915,-1,-1,-1,,-1,-1,-1,,-1,-1,-1,-1,-1,-1,-1,-1,-1,5214,834,1472,0.37875,19.2812,7.31,0,0,,,
22448730246309,-1,-1,-1,,-1,-1,-1,,-1,-1,-1,-1,-1,-1,-1,-1,-1,5214,834,1472,0.38375,19.2737,7.4,0,0,,,
22448735234878,-1,-1,-1,,-1,-1,-1,,-1,-1,-1,-1,-1,-1,-1,-1,-1,5214,834,1472,0.38125,19.2712,7.18,0,0,,,
22448740239960,-1,-1,-1,,-1,-1,-1,,-1,-1,-1,-1,-1,-1,-1,-1,-1,5214,834,1472,0.34625,19.2787,6.67,0,0,,,
22448745236498,-1,-1,-1,,-1,-1,-1,,-1,-1,-1,-1,-1,-1,-1,-1,-1,5214,834,1472,0.36875,19.2763,7.1,0,0,,,
22448750237580,-1,-1,-1,,-1,-1,-1,,-1,-1,-1,-1,-1,-1,-1,-1,-1,5214,834,1472,0.3575,19.275,6.89,0,0,,,
22448755245414,-1,-1,-1,,-1,-1,-1,,-1,-1,-1,-1,-1,-1,-1,-1,-1,5214,834,1472,0.375,19.28,7.35,0,0,,,
22448760236128,-1,-1,-1,,-1,-1,-1,,-1,-1,-1,-1,-1,-1,-1,-1,-1,5214,834,1472,0.34875,19.2775,6.72,0,0,,,
22448765239513,-1,-1,-1,,-1,-1,-1,,-1,-1,-1,-1,-1,-1,-1,-1,-1,5214,834,1472,0.365,19.2787,7.04,0,0,,,
22448770238579,-1,-1,-1,,-1,-1,-1,,-1,-1,-1,-1,-1,-1,-1,-1,-1,5214,834,1472,0.3875,19.2763,7.48,0,0,,,
22448775232685,-1,-1,-1,,-1,-1,-1,,-1,-1,-1,-1,-1,-1,-1,-1,-1,5214,834,1472,0.36625,19.275,7.04,0,0,,,
22448780232263,-1,-1,-1,,-1,-1,-1,,-1,-1,-1,-1,-1,-1,-1,-1,-1,5214,834,1472,0.37125,19.27,7.16,0,0,,,
22448785229889,-1,-1,-1,,-1,-1,-1,,-1,-1,-1,-1,-1,-1,-1,-1,-1,5214,834,1472,0.355,19.2737,6.85,0,0,,,
22448790237787,-1,-1,-1,,-1,-1,-1,,-1,-1,-1,-1,-1,-1,-1,-1,-1,5214,834,1472,0.34625,19.28,6.85,0,0,,,
22448795232276,-1,-1,-1,,-1,-1,-1,,-1,-1,-1,-1,-1,-1,-1,-1,-1,5214,834,1472,0.3675,19.2763,7.08,0,0,,,
22448800231310,-1,-1,-1,,-1,-1,-1,,-1,-1,-1,-1,-1,-1,-1,-1,-1,5214,834,1472,0.3675,19.2725,7.08,0,0,,,
22448805240040,-1,-1,-1,,-1,-1,-1,,-1,-1,-1,-1,-1,-1,-1,-1,-1,5214,834,1472,0.35875,19.28,6.91,0,0,,,
22448810237506,-1,-1,-1,,-1,-1,-1,,-1,-1,-1,-1,-1,-1,-1,-1,-1,5214,834,1472,0.35625,19.2725,6.94,0,0,,,
22448815232348,-1,-1,-1,,-1,-1,-1,,-1,-1,-1,-1,-1,-1,-1,-1,-1,5214,834,1472,0.35375,19.2763,6.82,0,0,,,
22448820237750,-1,-1,-1,,-1,-1,-1,,-1,-1,-1,-1,-1,-1,-1,-1,-1,5214,834,1472,0.35625,19.2812,6.87,0,0,,,
22448825236304,-1,-1,-1,,-1,-1,-1,,-1,-1,-1,-1,-1,-1,-1,-1,-1,5214,834,1472,0.365,19.2712,7.04,0,0,,,
22448830231209,-1,-1,-1,,-1,-1,-1,,-1,-1,-1,-1,-1,-1,-1,-1,-1,5214,834,1472,0.375,19.2763,6.67,0,0,,,
22448835236643,-1,-1,-1,,-1,-1,-1,,-1,-1,-1,-1,-1,-1,-1,-1,-1,5214,834,1472,0.36375,19.2825,7.01,0,0,,,
22448840234973,-1,-1,-1,,-1,-1,-1,,-1,-1,-1,-1,-1,-1,-1,-1,-1,5214,834,1472,0.36875,19.2688,7.1,0,0,,,
22448845240343,-1,-1,-1,,-1,-1,-1,,-1,-1,-1,-1,-1,-1,-1,-1,-1,5214,834,1472,0.3525,19.275,6.8,0,0,,,
22448850247825,-1,-1,-1,,-1,-1,-1,,-1,-1,-1,-1,-1,-1,-1,-1,-1,5214,834,1472,0.345,19.275,7.54,0,0,,,
22448855242315,-1,-1,-1,,-1,-1,-1,,-1,-1,-1,-1,-1,-1,-1,-1,-1,5214,834,1472,0.35875,19.2737,6.91,0,0,,,
22448860237508,-1,-1,-1,,-1,-1,-1,,-1,-1,-1,-1,-1,-1,-1,-1,-1,5214,834,1472,0.3575,19.2737,6.89,0,0,,,
22448865231710,-1,-1,-1,,-1,-1,-1,,-1,-1,-1,-1,-1,-1,-1,-1,-1,5214,834,1472,0.35875,19.2775,6.91,0,0,,,
22448870231544,-1,-1,-1,,-1,-1,-1,,-1,-1,-1,-1,-1,-1,-1,-1,-1,5214,834,1472,0.3725,19.2825,6.85,0,0,,,
22448875240850,-1,-1,-1,,-1,-1,-1,,-1,-1,-1,-1,-1,-1,-1,-1,-1,5214,834,1472,0.34875,19.28,6.72,0,0,,,
22448880236716,-1,-1,-1,,-1,-1,-1,,-1,-1,-1,-1,-1,-1,-1,-1,-1,5214,834,1472,0.375,19.2763,7.23,0,0,,,
22448885238182,-1,-1,-1,,-1,-1,-1,,-1,-1,-1,-1,-1,-1,-1,-1,-1,5214,834,1472,0.37875,19.2688,7.1,0,0,,,
22448890240224,-1,-1,-1,,-1,-1,-1,,-1,-1,-1,-1,-1,-1,-1,-1,-1,5175,834,1472,0.34375,19.2812,6.63,0,0,,,
22448895235641,-1,-1,-1,,-1,-1,-1,,-1,-1,-1,-1,-1,-1,-1,-1,-1,5175,834,1472,0.3725,19.2725,7.18,0,0,,,
22448900237395,-1,-1,-1,,-1,-1,-1,,-1,-1,-1,-1,-1,-1,-1,-1,-1,5175,834,1472,0.37,19.275,7.13,0,0,,,
22448905237453,-1,-1,-1,,-1,-1,-1,,-1,-1,-1,-1,-1,-1,-1,-1,-1,5175,834,1472,0.36625,19.2775,7.28,0,0,,,
22448910239143,-1,-1,-1,,-1,-1,-1,,-1,-1,-1,-1,-1,-1,-1,-1,-1,5175,834,1472,0.34375,19.265,6.63,0,0,,,
22448915236993,-1,-1,-1,,-1,-1,-1,,-1,-1,-1,-1,-1,-1,-1,-1,-1,5175,834,1472,0.37375,19.2787,7.21,0,0,,,
22448920237915,-1,-1,-1,,-1,-1,-1,,-1,-1,-1,-1,-1,-1,-1,-1,-1,5175,834,1472,0.38625,19.2825,7.45,0,0,,,
22448925240469,-1,-1,-1,,-1,-1,-1,,-1,-1,-1,-1,-1,-1,-1,-1,-1,5175,834,1472,0.34375,19.2812,6.69,0,0,,,
22448930237646,-1,-1,-1,,-1,-1,-1,,-1,-1,-1,-1,-1,-1,-1,-1,-1,5175,834,1472,0.3525,19.2737,6.8,0,0,,,
22448935236936,-1,-1,-1,,-1,-1,-1,,-1,-1,-1,-1,-1,-1,-1,-1,-1,5175,834,1472,0.3675,19.2787,7.09,0,0,,,
22448940238850,-1,-1,-1,,-1,-1,-1,,-1,-1,-1,-1,-1,-1,-1,-1,-1,5175,834,1472,0.37,19.2737,7.13,0,0,,,
22448945252988,-1,-1,-1,,-1,-1,-1,,-1,-1,-1,-1,-1,-1,-1,-1,-1,5175,834,1472,0.3475,19.28,6.46,0,0,,,
22448950242230,-1,-1,-1,,-1,-1,-1,,-1,-1,-1,-1,-1,-1,-1,-1,-1,5175,834,1472,0.345,19.2763,6.66,0,0,,,
22448955233807,-1,-1,-1,,-1,-1,-1,,-1,-1,-1,-1,-1,-1,-1,-1,-1,5175,834,1472,0.36375,19.2775,7.01,0,0,,,
22448960237385,-1,-1,-1,,-1,-1,-1,,-1,-1,-1,-1,-1,-1,-1,-1,-1,5175,834,1472,0.37625,19.2712,6.89,0,0,,,
22448965239011,-1,-1,-1,,-1,-1,-1,,-1,-1,-1,-1,-1,-1,-1,-1,-1,5175,834,1472,0.34625,19.2775,6.63,0,0,,,
22448970250301,-1,-1,-1,,-1,-1,-1,,-1,-1,-1,-1,-1,-1,-1,-1,-1,5175,834,1472,0.35875,19.2812,6.91,0,0,,,
22448975236567,-1,-1,-1,,-1,-1,-1,,-1,-1,-1,-1,-1,-1,-1,-1,-1,5175,834,1472,0.37875,19.275,7.3,0,0,,,
22448980241329,-1,-1,-1,,-1,-1,-1,,-1,-1,-1,-1,-1,-1,-1,-1,-1,5175,834,1472,0.35,19.275,6.66,0,0,,,
22448985241707,-1,-1,-1,,-1,-1,-1,,-1,-1,-1,-1,-1,-1,-1,-1,-1,5175,834,1472,0.36375,19.2688,7.01,0,0,,,
22448990254981,-1,-1,-1,,-1,-1,-1,,-1,-1,-1,-1,-1,-1,-1,-1,-1,5175,834,1472,0.3525,19.2712,6.8,0,0,,,
22448995236734,-1,-1,-1,,-1,-1,-1,,-1,-1,-1,-1,-1,-1,-1,-1,-1,5175,834,1472,0.3625,19.275,6.99,0,0,,,
22449000232984,-1,-1,-1,,-1,-1,-1,,-1,-1,-1,-1,-1,-1,-1,-1,-1,5175,834,1472,0.38,19.2812,6.66,0,0,,,
22449005230962,-1,-1,-1,,-1,-1,-1,,-1,-1,-1,-1,-1,-1,-1,-1,-1,5175,834,1472,0.3675,19.2725,7.08,0,0,,,
22449010239308,-1,-1,-1,,-1,-1,-1,,-1,-1,-1,-1,-1,-1,-1,-1,-1,5175,834,1472,0.345,19.2787,6.66,0,0,,,
22449015233670,-1,-1,-1,,-1,-1,-1,,-1,-1,-1,-1,-1,-1,-1,-1,-1,5175,834,1472,0.375,19.275,7.23,0,0,,,
22449020231487,-1,-1,-1,,-1,-1,-1,,-1,-1,-1,-1,-1,-1,-1,-1,-1,5175,834,1472,0.36875,19.2775,6.91,0,0,,,
22449025239097,-1,-1,-1,,-1,-1,-1,,-1,-1,-1,-1,-1,-1,-1,-1,-1,5175,834,1472,0.35875,19.2763,6.91,0,0,,,
22449030232947,-1,-1,-1,,-1,-1,-1,,-1,-1,-1,-1,-1,-1,-1,-1,-1,5175,834,1472,0.42875,19.255,8.26,0,0,,,
22449035230989,-1,-1,-1,,-1,-1,-1,,-1,-1,-1,-1,-1,-1,-1,-1,-1,5175,834,1472,0.40125,19.2725,7.05,0,0,,,
22449040251143,-1,-1,-1,,-1,-1,-1,,-1,-1,-1,-1,-1,-1,-1,-1,-1,5175,834,1472,0.38375,19.265,7.4,0,0,,,
22449045245729,-1,-1,-1,,-1,-1,-1,,-1,-1,-1,-1,-1,-1,-1,-1,-1,5175,834,1472,0.35875,19.2737,6.91,0,0,,,
22449050239963,-1,-1,-1,,-1,-1,-1,,-1,-1,-1,-1,-1,-1,-1,-1,-1,5175,834,1472,0.3825,19.2712,7.37,0,0,,,
22449055237172,-1,-1,-1,,-1,-1,-1,,-1,-1,-1,-1,-1,-1,-1,-1,-1,5175,834,1472,0.3675,19.2638,7.51,0,0,,,
22449060239054,-1,-1,-1,,-1,-1,-1,,-1,-1,-1,-1,-1,-1,-1,-1,-1,5175,834,1472,0.37375,19.265,7.21,0,0,,,
22449065233864,-1,-1,-1,,-1,-1,-1,,-1,-1,-1,-1,-1,-1,-1,-1,-1,5175,834,1472,0.3875,19.2675,7.46,0,0,,,
22449070232130,-1,-1,-1,,-1,-1,-1,,-1,-1,-1,-1,-1,-1,-1,-1,-1,5175,834,1472,0.37375,19.2675,7.21,0,0,,,
22449075477858,-1,-1,-1,,-1,-1,-1,,-1,-1,-1,-1,-1,-1,-1,-1,-1,5175,834,1472,0.36625,19.2688,7.87,0,0,,,
22449080243670,-1,-1,-1,,-1,-1,-1,,-1,-1,-1,-1,-1,-1,-1,-1,-1,5175,834,1472,0.37,19.2688,7.13,0,0,,,
22449085236880,-1,-1,-1,,-1,-1,-1,,-1,-1,-1,-1,-1,-1,-1,-1,-1,5175,834,1472,0.38625,19.2688,7.44,0,0,,,
22449090231273,-1,-1,-1,,-1,-1,-1,,-1,-1,-1,-1,-1,-1,-1,-1,-1,5175,834,1472,0.37375,19.2662,7.21,0,0,,,
22449095232515,-1,-1,-1,,-1,-1,-1,,-1,-1,-1,-1,-1,-1,-1,-1,-1,5175,834,1472,0.3975,19.27,7.03,0,0,,,
22449100237213,-1,-1,-1,,-1,-1,-1,,-1,-1,-1,-1,-1,-1,-1,-1,-1,5175,834,1472,0.3675,19.27,7.08,0,0,,,
22449105238935,-1,-1,-1,,-1,-1,-1,,-1,-1,-1,-1,-1,-1,-1,-1,-1,5175,834,1472,0.3825,19.27,7.37,0,0,,,
22449110233073,-1,-1,-1,,-1,-1,-1,,-1,-1,-1,-1,-1,-1,-1,-1,-1,5175,834,1472,0.39375,19.2613,7.59,0,0,,,
22449115244843,-1,-1,-1,,-1,-1,-1,,-1,-1,-1,-1,-1,-1,-1,-1,-1,5175,834,1472,0.37,19.2737,7.64,0,0,,,
22449120239365,-1,-1,-1,,-1,-1,-1,,-1,-1,-1,-1,-1,-1,-1,-1,-1,5175,834,1472,0.40375,19.2688,7.78,0,0,,,
22449125232382,-1,-1,-1,,-1,-1,-1,,-1,-1,-1,-1,-1,-1,-1,-1,-1,5175,834,1472,0.38625,19.265,7.44,0,0,,,
22449130238136,-1,-1,-1,,-1,-1,-1,,-1,-1,-1,-1,-1,-1,-1,-1,-1,5175,834,1472,0.38,19.2725,7.54,0,0,,,
22449135234002,-1,-1,-1,,-1,-1,-1,,-1,-1,-1,-1,-1,-1,-1,-1,-1,5175,834,1472,0.38375,19.2737,7.4,0,0,,,
22449140232332,-1,-1,-1,,-1,-1,-1,,-1,-1,-1,-1,-1,-1,-1,-1,-1,5175,834,1472,0.375,19.2638,7.22,0,0,,,
22449145229029,-1,-1,-1,,-1,-1,-1,,-1,-1,-1,-1,-1,-1,-1,-1,-1,5175,834,1472,0.36625,19.27,7.05,0,0,,,
22449150236224,-1,-1,-1,,-1,-1,-1,,-1,-1,-1,-1,-1,-1,-1,-1,-1,5175,834,1472,0.3625,19.2725,7.4,0,0,,,
22449155235737,-1,-1,-1,,-1,-1,-1,,-1,-1,-1,-1,-1,-1,-1,-1,-1,5175,834,1472,0.36875,19.2675,7.1,0,0,,,
22449160238547,-1,-1,-1,,-1,-1,-1,,-1,-1,-1,-1,-1,-1,-1,-1,-1,5175,834,1472,0.38125,19.2662,7.35,0,0,,,
22449165241037,-1,-1,-1,,-1,-1,-1,,-1,-1,-1,-1,-1,-1,-1,-1,-1,5175,834,1472,0.3725,19.27,7.18,0,0,,,
22449170238247,-1,-1,-1,,-1,-1,-1,,-1,-1,-1,-1,-1,-1,-1,-1,-1,5175,834,1472,0.36375,19.27,7.44,0,0,,,
22449175235809,-1,-1,-1,,-1,-1,-1,,-1,-1,-1,-1,-1,-1,-1,-1,-1,5175,834,1472,0.3825,19.2688,7.37,0,0,,,
22449180248251,-1,-1,-1,,-1,-1,-1,,-1,-1,-1,-1,-1,-1,-1,-1,-1,5175,834,1472,0.39375,19.2688,7.59,0,0,,,
22449185237492,-1,-1,-1,,-1,-1,-1,,-1,-1,-1,-1,-1,-1,-1,-1,-1,5175,834,1472,0.3925,19.2688,7.56,0,0,,,
22449190232974,-1,-1,-1,,-1,-1,-1,,-1,-1,-1,-1,-1,-1,-1,-1,-1,5175,834,1472,0.375,19.27,7.27,0,0,,,
22449195231496,-1,-1,-1,,-1,-1,-1,,-1,-1,-1,-1,-1,-1,-1,-1,-1,5175,834,1472,0.37125,19.27,7.16,0,0,,,
22449200233890,-1,-1,-1,,-1,-1,-1,,-1,-1,-1,-1,-1,-1,-1,-1,-1,5175,794,1472,0.365,19.2787,7.04,0,0,,,
22449205235036,-1,-1,-1,,-1,-1,-1,,-1,-1,-1,-1,-1,-1,-1,-1,-1,5175,794,1472,0.3625,19.2675,7.42,0,0,,,
22449210231190,-1,-1,-1,,-1,-1,-1,,-1,-1,-1,-1,-1,-1,-1,-1,-1,5175,794,1472,0.38,19.2675,7.65,0,0,,,
22449215248976,-1,-1,-1,,-1,-1,-1,,-1,-1,-1,-1,-1,-1,-1,-1,-1,5175,794,1472,0.37375,19.2725,7.21,0,0,,,
22449220235689,-1,-1,-1,,-1,-1,-1,,-1,-1,-1,-1,-1,-1,-1,-1,-1,5175,794,1472,0.37875,19.27,7.3,0,0,,,
22449225230851,-1,-1,-1,,-1,-1,-1,,-1,-1,-1,-1,-1,-1,-1,-1,-1,5175,794,1472,0.38625,19.27,7.05,0,0,,,
22449230231421,-1,-1,-1,,-1,-1,-1,,-1,-1,-1,-1,-1,-1,-1,-1,-1,5175,794,1472,0.38625,19.2725,7.44,0,0,,,
22449235240471,-1,-1,-1,,-1,-1,-1,,-1,-1,-1,-1,-1,-1,-1,-1,-1,5175,794,1472,0.36375,19.2712,7.01,0,0,,,
22449240237329,-1,-1,-1,,-1,-1,-1,,-1,-1,-1,-1,-1,-1,-1,-1,-1,5175,794,1472,0.38125,19.27,7.35,0,0,,,
22449245237899,-1,-1,-1,,-1,-1,-1,,-1,-1,-1,-1,-1,-1,-1,-1,-1,5175,794,1472,0.38625,19.2712,7.73,0,0,,,
22449250239621,-1,-1,-1,,-1,-1,-1,,-1,-1,-1,-1,-1,-1,-1,-1,-1,5175,794,1472,0.365,19.27,7.03,0,0,,,
22449255239102,-1,-1,-1,,-1,-1,-1,,-1,-1,-1,-1,-1,-1,-1,-1,-1,5175,794,1472,0.405,19.2712,7.81,0,0,,,
22449260235288,-1,-1,-1,,-1,-1,-1,,-1,-1,-1,-1,-1,-1,-1,-1,-1,5175,794,1472,0.405,19.275,7.81,0,0,,,
22449265236690,-1,-1,-1,,-1,-1,-1,,-1,-1,-1,-1,-1,-1,-1,-1,-1,5175,794,1472,0.37375,19.2737,7.67,0,0,,,
22449270239244,-1,-1,-1,,-1,-1,-1,,-1,-1,-1,-1,-1,-1,-1,-1,-1,5175,794,1472,0.365,19.27,7.03,0,0,,,
22449275233478,-1,-1,-1,,-1,-1,-1,,-1,-1,-1,-1,-1,-1,-1,-1,-1,5175,794,1472,0.3825,19.2712,7.37,0,0,,,
22449280235007,-1,-1,-1,,-1,-1,-1,,-1,-1,-1,-1,-1,-1,-1,-1,-1,5175,794,1472,0.38875,19.2712,7.4,0,0,,,
22449285237945,-1,-1,-1,,-1,-1,-1,,-1,-1,-1,-1,-1,-1,-1,-1,-1,5175,794,1472,0.36625,19.2763,7.32,0,0,,,
22449290238515,-1,-1,-1,,-1,-1,-1,,-1,-1,-1,-1,-1,-1,-1,-1,-1,5175,794,1472,0.38125,19.27,7.35,0,0,,,
22449295232077,-1,-1,-1,,-1,-1,-1,,-1,-1,-1,-1,-1,-1,-1,-1,-1,5175,794,1472,0.3975,19.2725,7.67,0,0,,,
22449300237415,-1,-1,-1,,-1,-1,-1,,-1,-1,-1,-1,-1,-1,-1,-1,-1,5175,794,1472,0.37625,19.2675,7.24,0,0,,,
22449305235905,-1,-1,-1,,-1,-1,-1,,-1,-1,-1,-1,-1,-1,-1,-1,-1,5175,794,1472,0.38,19.2662,7.32,0,0,,,
22449310230906,-1,-1,-1,,-1,-1,-1,,-1,-1,-1,-1,-1,-1,-1,-1,-1,5175,794,1472,0.3975,19.2638,7.65,0,0,,,
22449315238516,-1,-1,-1,,-1,-1,-1,,-1,-1,-1,-1,-1,-1,-1,-1,-1,5175,794,1472,0.38875,19.2763,7.49,0,0,,,
22449320234894,-1,-1,-1,,-1,-1,-1,,-1,-1,-1,-1,-1,-1,-1,-1,-1,5175,794,1472,0.38125,19.2725,7.49,0,0,,,
22449325231400,-1,-1,-1,,-1,-1,-1,,-1,-1,-1,-1,-1,-1,-1,-1,-1,5175,794,1472,0.37625,19.2737,7.24,0,0,,,
22449330229730,-1,-1,-1,,-1,-1,-1,,-1,-1,-1,-1,-1,-1,-1,-1,-1,5175,794,1472,0.38,19.2638,7.32,0,0,,,
22449335239548,-1,-1,-1,,-1,-1,-1,,-1,-1,-1,-1,-1,-1,-1,-1,-1,5175,794,1472,0.36125,19.2725,6.96,0,0,,,
22449340234518,-1,-1,-1,,-1,-1,-1,,-1,-1,-1,-1,-1,-1,-1,-1,-1,5175,794,1472,0.4,19.2662,7.46,0,0,,,
22449345236175,-1,-1,-1,,-1,-1,-1,,-1,-1,-1,-1,-1,-1,-1,-1,-1,5175,794,1472,0.40625,19.2638,7.82,0,0,,,
22449350238345,-1,-1,-1,,-1,-1,-1,,-1,-1,-1,-1,-1,-1,-1,-1,-1,5175,794,1472,0.36375,19.275,7.01,0,0,,,
22449355235491,-1,-1,-1,,-1,-1,-1,,-1,-1,-1,-1,-1,-1,-1,-1,-1,5175,794,1472,0.3875,19.2737,7.46,0,0,,,
22449360232061,-1,-1,-1,,-1,-1,-1,,-1,-1,-1,-1,-1,-1,-1,-1,-1,5175,794,1472,0.3725,19.2737,7.83,0,0,,,
22449365255223,-1,-1,-1,,-1,-1,-1,,-1,-1,-1,-1,-1,-1,-1,-1,-1,5175,794,1472,0.38125,19.27,7.35,0,0,,,
22449370240273,-1,-1,-1,,-1,-1,-1,,-1,-1,-1,-1,-1,-1,-1,-1,-1,5175,794,1472,0.37625,19.2675,7.24,0,0,,,
22449375231274,-1,-1,-1,,-1,-1,-1,,-1,-1,-1,-1,-1,-1,-1,-1,-1,5175,794,1472,0.3925,19.2712,7.35,0,0,,,
22449380230724,-1,-1,-1,,-1,-1,-1,,-1,-1,-1,-1,-1,-1,-1,-1,-1,5175,794,1472,0.37125,19.2737,7.67,0,0,,,
22449385238878,-1,-1,-1,,-1,-1,-1,,-1,-1,-1,-1,-1,-1,-1,-1,-1,5175,794,1472,0.36375,19.275,7.01,0,0,,,
22449390238168,-1,-1,-1,,-1,-1,-1,,-1,-1,-1,-1,-1,-1,-1,-1,-1,5175,794,1472,0.38125,19.2725,7.35,0,0,,,
22449395237778,-1,-1,-1,,-1,-1,-1,,-1,-1,-1,-1,-1,-1,-1,-1,-1,5175,794,1472,0.37875,19.2675,7.81,0,0,,,
22449400237356,-1,-1,-1,,-1,-1,-1,,-1,-1,-1,-1,-1,-1,-1,-1,-1,5175,794,1472,0.38,19.265,7.32,0,0,,,
22449405236134,-1,-1,-1,,-1,-1,-1,,-1,-1,-1,-1,-1,-1,-1,-1,-1,5175,794,1472,0.38125,19.2712,7.35,0,0,,,
22449410244896,-1,-1,-1,,-1,-1,-1,,-1,-1,-1,-1,-1,-1,-1,-1,-1,5175,794,1472,0.38875,19.2688,7.49,0,0,,,
22449415334652,-1,-1,-1,,-1,-1,-1,,-1,-1,-1,-1,-1,-1,-1,-1,-1,5175,794,1472,0.38625,19.2712,7.62,0,0,,,
22449420239667,-1,-1,-1,,-1,-1,-1,,-1,-1,-1,-1,-1,-1,-1,-1,-1,5175,794,1472,0.3675,19.27,7.08,0,0,,,
22449425234893,-1,-1,-1,,-1,-1,-1,,-1,-1,-1,-1,-1,-1,-1,-1,-1,5175,794,1472,0.40125,19.2688,7.73,0,0,,,
22449430236615,-1,-1,-1,,-1,-1,-1,,-1,-1,-1,-1,-1,-1,-1,-1,-1,5175,794,1472,0.3975,19.2662,7.65,0,0,,,
22449435238273,-1,-1,-1,,-1,-1,-1,,-1,-1,-1,-1,-1,-1,-1,-1,-1,5175,794,1472,0.36375,19.28,7.23,0,0,,,
22449440235419,-1,-1,-1,,-1,-1,-1,,-1,-1,-1,-1,-1,-1,-1,-1,-1,5175,794,1472,0.375,19.2712,7.23,0,0,,,
22449445235316,-1,-1,-1,,-1,-1,-1,,-1,-1,-1,-1,-1,-1,-1,-1,-1,5175,794,1472,0.3925,19.2675,7.56,0,0,,,
22449450234830,-1,-1,-1,,-1,-1,-1,,-1,-1,-1,-1,-1,-1,-1,-1,-1,5175,794,1472,0.37625,19.2737,8.08,0,0,,,
22449455235240,-1,-1,-1,,-1,-1,-1,,-1,-1,-1,-1,-1,-1,-1,-1,-1,5175,794,1472,0.3875,19.2675,7.59,0,0,,,
22449460230786,-1,-1,-1,,-1,-1,-1,,-1,-1,-1,-1,-1,-1,-1,-1,-1,5175,794,1472,0.38125,19.2675,7.35,0,0,,,
22449465230428,-1,-1,-1,,-1,-1,-1,,-1,-1,-1,-1,-1,-1,-1,-1,-1,5175,794,1472,0.3775,19.26,7.27,0,0,,,
22449470238902,-1,-1,-1,,-1,-1,-1,,-1,-1,-1,-1,-1,-1,-1,-1,-1,5175,794,1472,0.36875,19.2787,6.91,0,0,,,
22449475238832,-1,-1,-1,,-1,-1,-1,,-1,-1,-1,-1,-1,-1,-1,-1,-1,5175,794,1472,0.36375,19.2638,7.01,0,0,,,
22449480244650,-1,-1,-1,,-1,-1,-1,,-1,-1,-1,-1,-1,-1,-1,-1,-1,5175,794,1472,0.42625,19.2512,8.2,0,0,,,
22449485258084,-1,-1,-1,,-1,-1,-1,,-1,-1,-1,-1,-1,-1,-1,-1,-1,5175,794,1472,0.41,19.26,7.9,0,0,,,
22449490250045,-1,-1,-1,,-1,-1,-1,,-1,-1,-1,-1,-1,-1,-1,-1,-1,5175,794,1472,0.38875,19.2675,7.65,0,0,,,
22449495237175,-1,-1,-1,,-1,-1,-1,,-1,-1,-1,-1,-1,-1,-1,-1,-1,5175,794,1472,0.40125,19.265,7.73,0,0,,,
22449500240401,-1,-1,-1,,-1,-1,-1,,-1,-1,-1,-1,-1,-1,-1,-1,-1,5175,794,1472,0.40125,19.2725,7.73,0,0,,,
22449505236939,-1,-1,-1,,-1,-1,-1,,-1,-1,-1,-1,-1,-1,-1,-1,-1,5175,794,1472,0.36625,19.27,7.05,0,0,,,
22449510240036,-1,-1,-1,,-1,-1,-1,,-1,-1,-1,-1,-1,-1,-1,-1,-1,5175,794,1472,0.38125,19.2613,8.23,0,0,,,
22449515246142,-1,-1,-1,,-1,-1,-1,,-1,-1,-1,-1,-1,-1,-1,-1,-1,5175,794,1472,0.37,19.265,7.13,0,0,,,
22449520239096,-1,-1,-1,,-1,-1,-1,,-1,-1,-1,-1,-1,-1,-1,-1,-1,5175,794,1472,0.38125,19.275,7.35,0,0,,,
22449525242130,-1,-1,-1,,-1,-1,-1,,-1,-1,-1,-1,-1,-1,-1,-1,-1,5175,794,1472,0.39125,19.2662,7.54,0,0,,,
22449530242796,-1,-1,-1,,-1,-1,-1,,-1,-1,-1,-1,-1,-1,-1,-1,-1,5175,794,1472,0.37875,19.2688,7.3,0,0,,,
22449535244198,-1,-1,-1,,-1,-1,-1,,-1,-1,-1,-1,-1,-1,-1,-1,-1,5175,794,1472,0.42125,19.255,8.12,0,0,,,
22449540238239,-1,-1,-1,,-1,-1,-1,,-1,-1,-1,-1,-1,-1,-1,-1,-1,5175,834,1472,0.36,19.275,6.94,0,0,,,
22449545237209,-1,-1,-1,,-1,-1,-1,,-1,-1,-1,-1,-1,-1,-1,-1,-1,5175,834,1472,0.36375,19.2712,7.54,0,0,,,
22449550229779,-1,-1,-1,,-1,-1,-1,,-1,-1,-1,-1,-1,-1,-1,-1,-1,5175,834,1472,0.38875,19.2662,7.65,0,0,,,
22449555240621,-1,-1,-1,,-1,-1,-1,,-1,-1,-1,-1,-1,-1,-1,-1,-1,5175,834,1472,0.38,19.2737,7.32,0,0,,,
22449560237095,-1,-1,-1,,-1,-1,-1,,-1,-1,-1,-1,-1,-1,-1,-1,-1,5175,834,1472,0.40625,19.265,7.82,0,0,,,
22449565233857,-1,-1,-1,,-1,-1,-1,,-1,-1,-1,-1,-1,-1,-1,-1,-1,5175,834,1472,0.39625,19.2725,7.87,0,0,,,
22449570233466,-1,-1,-1,,-1,-1,-1,,-1,-1,-1,-1,-1,-1,-1,-1,-1,5175,834,1472,0.395,19.265,7.6,0,0,,,
22449575232916,-1,-1,-1,,-1,-1,-1,,-1,-1,-1,-1,-1,-1,-1,-1,-1,5175,834,1472,0.375,19.2737,7.23,0,0,,,
22449580236654,-1,-1,-1,,-1,-1,-1,,-1,-1,-1,-1,-1,-1,-1,-1,-1,5175,834,1472,0.39875,19.2763,7.69,0,0,,,
22449585229608,-1,-1,-1,,-1,-1,-1,,-1,-1,-1,-1,-1,-1,-1,-1,-1,5175,834,1472,0.3775,19.275,8,0,0,,,
22449590241954,-1,-1,-1,,-1,-1,-1,,-1,-1,-1,-1,-1,-1,-1,-1,-1,5175,834,1472,0.36125,19.2662,6.96,0,0,,,
22449595239516,-1,-1,-1,,-1,-1,-1,,-1,-1,-1,-1,-1,-1,-1,-1,-1,5175,834,1472,0.38,19.275,7.32,0,0,,,
22449600230165,-1,-1,-1,,-1,-1,-1,,-1,-1,-1,-1,-1,-1,-1,-1,-1,5175,834,1472,0.40125,19.2675,7.73,0,0,,,
22449605239728,-1,-1,-1,,-1,-1,-1,,-1,-1,-1,-1,-1,-1,-1,-1,-1,5175,834,1472,0.36,19.2737,7.08,0,0,,,
22449610237577,-1,-1,-1,,-1,-1,-1,,-1,-1,-1,-1,-1,-1,-1,-1,-1,5175,834,1472,0.375,19.2688,7.23,0,0,,,
22449615238147,-1,-1,-1,,-1,-1,-1,,-1,-1,-1,-1,-1,-1,-1,-1,-1,5175,834,1472,0.38625,19.2613,7.44,0,0,,,
22449620236157,-1,-1,-1,,-1,-1,-1,,-1,-1,-1,-1,-1,-1,-1,-1,-1,5175,834,1472,0.3825,19.2638,7.63,0,0,,,
22449625238231,-1,-1,-1,,-1,-1,-1,,-1,-1,-1,-1,-1,-1,-1,-1,-1,5175,794,1472,0.38125,19.2675,7.35,0,0,,,
22449630232209,-1,-1,-1,,-1,-1,-1,,-1,-1,-1,-1,-1,-1,-1,-1,-1,5175,794,1472,0.37625,19.265,7.24,0,0,,,
22449635235595,-1,-1,-1,,-1,-1,-1,,-1,-1,-1,-1,-1,-1,-1,-1,-1,5175,794,1472,0.38875,19.2675,7.49,0,0,,,
22449640240100,-1,-1,-1,,-1,-1,-1,,-1,-1,-1,-1,-1,-1,-1,-1,-1,5175,794,1472,0.365,19.2725,7.05,0,0,,,
22449645238142,-1,-1,-1,,-1,-1,-1,,-1,-1,-1,-1,-1,-1,-1,-1,-1,5175,794,1472,0.36875,19.2613,7.1,0,0,,,
22449650232568,-1,-1,-1,,-1,-1,-1,,-1,-1,-1,-1,-1,-1,-1,-1,-1,5175,794,1472,0.3925,19.2725,7.56,0,0,,,
22449655237170,-1,-1,-1,,-1,-1,-1,,-1,-1,-1,-1,-1,-1,-1,-1,-1,5175,794,1472,0.3675,19.2675,7.08,0,0,,,
22449660235660,-1,-1,-1,,-1,-1,-1,,-1,-1,-1,-1,-1,-1,-1,-1,-1,5175,794,1472,0.37875,19.2688,7.3,0,0,,,
22449665231813,-1,-1,-1,,-1,-1,-1,,-1,-1,-1,-1,-1,-1,-1,-1,-1,5175,794,1472,0.39625,19.2662,7.63,0,0,,,
22449670231455,-1,-1,-1,,-1,-1,-1,,-1,-1,-1,-1,-1,-1,-1,-1,-1,5175,794,1472,0.37875,19.2675,7.3,0,0,,,
22449675239961,-1,-1,-1,,-1,-1,-1,,-1,-1,-1,-1,-1,-1,-1,-1,-1,5175,794,1472,0.36375,19.275,7.01,0,0,,,
22449680235955,-1,-1,-1,,-1,-1,-1,,-1,-1,-1,-1,-1,-1,-1,-1,-1,5175,794,1472,0.38125,19.2662,7.49,0,0,,,
22449685231853,-1,-1,-1,,-1,-1,-1,,-1,-1,-1,-1,-1,-1,-1,-1,-1,5175,794,1472,0.39625,19.2725,7.64,0,0,,,
22449690238759,-1,-1,-1,,-1,-1,-1,,-1,-1,-1,-1,-1,-1,-1,-1,-1,5175,794,1472,0.38125,19.2775,7.35,0,0,,,
22449695237153,-1,-1,-1,,-1,-1,-1,,-1,-1,-1,-1,-1,-1,-1,-1,-1,5175,794,1472,0.3675,19.2662,7.54,0,0,,,
22449700237435,-1,-1,-1,,-1,-1,-1,,-1,-1,-1,-1,-1,-1,-1,-1,-1,5175,794,1472,0.38125,19.2613,7.8,0,0,,,
22449705237396,-1,-1,-1,,-1,-1,-1,,-1,-1,-1,-1,-1,-1,-1,-1,-1,5175,794,1472,0.4125,19.2737,7.95,0,0,,,
22449710238766,-1,-1,-1,,-1,-1,-1,,-1,-1,-1,-1,-1,-1,-1,-1,-1,5175,794,1472,0.39125,19.2712,7.54,0,0,,,
22449715232872,-1,-1,-1,,-1,-1,-1,,-1,-1,-1,-1,-1,-1,-1,-1,-1,5175,794,1472,0.39125,19.2712,7.46,0,0,,,
22449720238306,-1,-1,-1,,-1,-1,-1,,-1,-1,-1,-1,-1,-1,-1,-1,-1,5175,794,1472,0.38125,19.2712,7.35,0,0,,,
22449725235932,-1,-1,-1,,-1,-1,-1,,-1,-1,-1,-1,-1,-1,-1,-1,-1,5175,794,1472,0.38,19.2662,7.32,0,0,,,
22449730234422,-1,-1,-1,,-1,-1,-1,,-1,-1,-1,-1,-1,-1,-1,-1,-1,5175,794,1472,0.37625,19.2725,7.26,0,0,,,
22449735231951,-1,-1,-1,,-1,-1,-1,,-1,-1,-1,-1,-1,-1,-1,-1,-1,5175,794,1472,0.385,19.27,7.37,0,0,,,
22449740239689,-1,-1,-1,,-1,-1,-1,,-1,-1,-1,-1,-1,-1,-1,-1,-1,5175,794,1472,0.365,19.27,7.03,0,0,,,
22449745238243,-1,-1,-1,,-1,-1,-1,,-1,-1,-1,-1,-1,-1,-1,-1,-1,5175,794,1472,0.38375,19.275,7.4,0,0,,,
22449750235709,-1,-1,-1,,-1,-1,-1,,-1,-1,-1,-1,-1,-1,-1,-1,-1,5175,794,1472,0.42125,19.275,8.12,0,0,,,
22449755237911,-1,-1,-1,,-1,-1,-1,,-1,-1,-1,-1,-1,-1,-1,-1,-1,5175,794,1472,0.3625,19.2638,7.78,0,0,,,
22449760236209,-1,-1,-1,,-1,-1,-1,,-1,-1,-1,-1,-1,-1,-1,-1,-1,5175,794,1472,0.395,19.2662,7.62,0,0,,,
22449765257451,-1,-1,-1,,-1,-1,-1,,-1,-1,-1,-1,-1,-1,-1,-1,-1,5175,794,1472,0.41875,19.2662,8.06,0,0,,,
22449770234404,-1,-1,-1,,-1,-1,-1,,-1,-1,-1,-1,-1,-1,-1,-1,-1,5175,794,1472,0.3975,19.2712,7.51,0,0,,,
22449775241342,-1,-1,-1,,-1,-1,-1,,-1,-1,-1,-1,-1,-1,-1,-1,-1,5175,794,1472,0.365,19.275,7.68,0,0,,,
22449780238392,-1,-1,-1,,-1,-1,-1,,-1,-1,-1,-1,-1,-1,-1,-1,-1,5175,794,1472,0.37875,19.27,7.3,0,0,,,
22449785243378,-1,-1,-1,,-1,-1,-1,,-1,-1,-1,-1,-1,-1,-1,-1,-1,5175,794,1472,0.3725,19.2725,7.18,0,0,,,
22449790236332,-1,-1,-1,,-1,-1,-1,,-1,-1,-1,-1,-1,-1,-1,-1,-1,5175,794,1472,0.39,19.2563,7.6,0,0,,,
22449795236902,-1,-1,-1,,-1,-1,-1,,-1,-1,-1,-1,-1,-1,-1,-1,-1,5175,794,1472,0.36875,19.2737,7.1,0,0,,,
22449800238623,-1,-1,-1,,-1,-1,-1,,-1,-1,-1,-1,-1,-1,-1,-1,-1,5175,794,1472,0.4,19.275,7.71,0,0,,,
22449805236729,-1,-1,-1,,-1,-1,-1,,-1,-1,-1,-1,-1,-1,-1,-1,-1,5175,794,1472,0.40125,19.2725,7.73,0,0,,,
22449810238611,-1,-1,-1,,-1,-1,-1,,-1,-1,-1,-1,-1,-1,-1,-1,-1,5175,794,1472,0.37625,19.2662,7.82,0,0,,,
22449815236589,-1,-1,-1,,-1,-1,-1,,-1,-1,-1,-1,-1,-1,-1,-1,-1,5175,794,1472,0.39125,19.2662,7.54,0,0,,,
22449820230887,-1,-1,-1,,-1,-1,-1,,-1,-1,-1,-1,-1,-1,-1,-1,-1,5175,794,1472,0.3825,19.2662,7.37,0,0,,,
22449825238817,-1,-1,-1,,-1,-1,-1,,-1,-1,-1,-1,-1,-1,-1,-1,-1,5175,794,1472,0.385,19.2725,7.42,0,0,,,
22449830235962,-1,-1,-1,,-1,-1,-1,,-1,-1,-1,-1,-1,-1,-1,-1,-1,5175,794,1472,0.36125,19.27,7.49,0,0,,,
22449835249461,-1,-1,-1,,-1,-1,-1,,-1,-1,-1,-1,-1,-1,-1,-1,-1,5175,794,1472,0.39625,19.2737,7.64,0,0,,,
22449840242574,-1,-1,-1,,-1,-1,-1,,-1,-1,-1,-1,-1,-1,-1,-1,-1,5175,794,1472,0.40625,19.275,7.83,0,0,,,
22449845240712,-1,-1,-1,,-1,-1,-1,,-1,-1,-1,-1,-1,-1,-1,-1,-1,5175,794,1472,0.36625,19.275,7.07,0,0,,,
22449850246594,-1,-1,-1,,-1,-1,-1,,-1,-1,-1,-1,-1,-1,-1,-1,-1,5175,794,1472,0.3625,19.2675,7.62,0,0,,,
22449855244924,-1,-1,-1,,-1,-1,-1,,-1,-1,-1,-1,-1,-1,-1,-1,-1,5175,794,1472,0.385,19.275,7.42,0,0,,,
22449860338168,-1,-1,-1,,-1,-1,-1,,-1,-1,-1,-1,-1,-1,-1,-1,-1,5175,794,1472,0.3825,19.2662,7.37,0,0,,,
22449865237903,-1,-1,-1,,-1,-1,-1,,-1,-1,-1,-1,-1,-1,-1,-1,-1,5175,794,1472,0.365,19.2638,7.49,0,0,,,
22449870235017,-1,-1,-1,,-1,-1,-1,,-1,-1,-1,-1,-1,-1,-1,-1,-1,5175,794,1472,0.4,19.2737,7.04,0,0,,,
22449875236227,-1,-1,-1,,-1,-1,-1,,-1,-1,-1,-1,-1,-1,-1,-1,-1,5175,794,1472,0.38375,19.2662,7.4,0,0,,,
22449880241373,-1,-1,-1,,-1,-1,-1,,-1,-1,-1,-1,-1,-1,-1,-1,-1,5175,794,1472,0.365,19.2737,7.04,0,0,,,
22449885236887,-1,-1,-1,,-1,-1,-1,,-1,-1,-1,-1,-1,-1,-1,-1,-1,5175,794,1472,0.385,19.2675,7.56,0,0,,,
22449890236145,-1,-1,-1,,-1,-1,-1,,-1,-1,-1,-1,-1,-1,-1,-1,-1,5175,794,1472,0.3975,19.2613,7.65,0,0,,,
22449895236938,-1,-1,-1,,-1,-1,-1,,-1,-1,-1,-1,-1,-1,-1,-1,-1,5175,794,1472,0.3625,19.2737,6.99,0,0,,,
22449900234212,-1,-1,-1,,-1,-1,-1,,-1,-1,-1,-1,-1,-1,-1,-1,-1,5175,794,1472,0.39625,19.2775,7.64,0,0,,,
22449905250559,-1,-1,-1,,-1,-1,-1,,-1,-1,-1,-1,-1,-1,-1,-1,-1,5175,794,1472,0.37875,19.2688,7.62,0,0,,,
22449910257977,-1,-1,-1,,-1,-1,-1,,-1,-1,-1,-1,-1,-1,-1,-1,-1,5175,794,1472,0.38125,19.265,7.35,0,0,,,
22449915246610,-1,-1,-1,,-1,-1,-1,,-1,-1,-1,-1,-1,-1,-1,-1,-1,5175,794,1472,0.3925,19.2675,7.56,0,0,,,
22449920237868,-1,-1,-1,,-1,-1,-1,,-1,-1,-1,-1,-1,-1,-1,-1,-1,5175,794,1472,0.3675,19.2688,7.08,0,0,,,
22449925248678,-1,-1,-1,,-1,-1,-1,,-1,-1,-1,-1,-1,-1,-1,-1,-1,5175,794,1472,0.38375,19.2638,7.85,0,0,,,
22449930242176,-1,-1,-1,,-1,-1,-1,,-1,-1,-1,-1,-1,-1,-1,-1,-1,5175,794,1472,0.3775,19.28,7.28,0,0,,,
22449935236249,-1,-1,-1,,-1,-1,-1,,-1,-1,-1,-1,-1,-1,-1,-1,-1,5175,794,1472,0.38375,19.2638,7.4,0,0,,,
22449940230579,-1,-1,-1,,-1,-1,-1,,-1,-1,-1,-1,-1,-1,-1,-1,-1,5175,794,1472,0.3925,19.2675,7.18,0,0,,,
22449945236941,-1,-1,-1,,-1,-1,-1,,-1,-1,-1,-1,-1,-1,-1,-1,-1,5175,794,1472,0.405,19.27,7.27,0,0,,,
22449950238791,-1,-1,-1,,-1,-1,-1,,-1,-1,-1,-1,-1,-1,-1,-1,-1,5175,794,1472,0.3625,19.2737,6.99,0,0,,,
22449955237889,-1,-1,-1,,-1,-1,-1,,-1,-1,-1,-1,-1,-1,-1,-1,-1,5175,794,1472,0.39,19.2712,7.51,0,0,,,
22449960249467,-1,-1,-1,,-1,-1,-1,,-1,-1,-1,-1,-1,-1,-1,-1,-1,5175,794,1472,0.38,19.2675,7.65,0,0,,,
22449965237492,-1,-1,-1,,-1,-1,-1,,-1,-1,-1,-1,-1,-1,-1,-1,-1,5175,794,1472,0.3775,19.2613,7.27,0,0,,,
22449970237390,-1,-1,-1,,-1,-1,-1,,-1,-1,-1,-1,-1,-1,-1,-1,-1,5175,794,1472,0.3825,19.27,7.37,0,0,,,
22449975235144,-1,-1,-1,,-1,-1,-1,,-1,-1,-1,-1,-1,-1,-1,-1,-1,5175,794,1472,0.39125,19.27,7.54,0,0,,,
22449980241762,-1,-1,-1,,-1,-1,-1,,-1,-1,-1,-1,-1,-1,-1,-1,-1,5175,794,1472,0.3875,19.2675,7.51,0,0,,,
22449985240348,-1,-1,-1,,-1,-1,-1,,-1,-1,-1,-1,-1,-1,-1,-1,-1,5175,794,1472,0.3725,19.2725,7.18,0,0,,,
22449990240758,-1,-1,-1,,-1,-1,-1,,-1,-1,-1,-1,-1,-1,-1,-1,-1,5175,794,1472,0.3925,19.2737,7.56,0,0,,,
22449995236495,-1,-1,-1,,-1,-1,-1,,-1,-1,-1,-1,-1,-1,-1,-1,-1,5175,794,1472,0.405,19.2725,7.81,0,0,,,
22450000236873,-1,-1,-1,,-1,-1,-1,,-1,-1,-1,-1,-1,-1,-1,-1,-1,5175,794,1472,0.36375,19.275,7.64,0,0,,,
22450005236771,-1,-1,-1,,-1,-1,-1,,-1,-1,-1,-1,-1,-1,-1,-1,-1,5175,794,1472,0.37625,19.27,7.24,0,0,,,
22450010234877,-1,-1,-1,,-1,-1,-1,,-1,-1,-1,-1,-1,-1,-1,-1,-1,5175,794,1472,0.4175,19.27,8.05,0,0,,,
22450015238551,-1,-1,-1,,-1,-1,-1,,-1,-1,-1,-1,-1,-1,-1,-1,-1,5175,794,1472,0.37125,19.27,7.54,0,0,,,
22450020237777,-1,-1,-1,,-1,-1,-1,,-1,-1,-1,-1,-1,-1,-1,-1,-1,5175,794,1472,0.37375,19.265,7.51,0,0,,,
22450025238763,-1,-1,-1,,-1,-1,-1,,-1,-1,-1,-1,-1,-1,-1,-1,-1,5175,794,1472,0.37125,19.2662,7.16,0,0,,,
22450030237732,-1,-1,-1,,-1,-1,-1,,-1,-1,-1,-1,-1,-1,-1,-1,-1,5175,794,1472,0.4,19.2662,7.71,0,0,,,
22450035234846,-1,-1,-1,,-1,-1,-1,,-1,-1,-1,-1,-1,-1,-1,-1,-1,5175,794,1472,0.3825,19.2737,7.64,0,0,,,
22450040234072,-1,-1,-1,,-1,-1,-1,,-1,-1,-1,-1,-1,-1,-1,-1,-1,5175,794,1472,0.36875,19.2763,7.27,0,0,,,
22450045236850,-1,-1,-1,,-1,-1,-1,,-1,-1,-1,-1,-1,-1,-1,-1,-1,5175,794,1472,0.37,19.265,7.13,0,0,,,
22450050243340,-1,-1,-1,,-1,-1,-1,,-1,-1,-1,-1,-1,-1,-1,-1,-1,5175,794,1472,0.38375,19.2725,7.4,0,0,,,
22450055239526,-1,-1,-1,,-1,-1,-1,,-1,-1,-1,-1,-1,-1,-1,-1,-1,5175,794,1472,0.375,19.265,7.59,0,0,,,
22450060236287,-1,-1,-1,,-1,-1,-1,,-1,-1,-1,-1,-1,-1,-1,-1,-1,5175,794,1472,0.375,19.27,7.22,0,0,,,
22450065239801,-1,-1,-1,,-1,-1,-1,,-1,-1,-1,-1,-1,-1,-1,-1,-1,5175,794,1472,0.36375,19.2675,7.01,0,0,,,
22450070238803,-1,-1,-1,,-1,-1,-1,,-1,-1,-1,-1,-1,-1,-1,-1,-1,5175,794,1472,0.395,19.2725,7.62,0,0,,,
22450075238029,-1,-1,-1,,-1,-1,-1,,-1,-1,-1,-1,-1,-1,-1,-1,-1,5175,794,1472,0.36375,19.26,7.63,0,0,,,
22450080233639,-1,-1,-1,,-1,-1,-1,,-1,-1,-1,-1,-1,-1,-1,-1,-1,5175,794,1472,0.365,19.2712,7.04,0,0,,,
22450085238721,-1,-1,-1,,-1,-1,-1,,-1,-1,-1,-1,-1,-1,-1,-1,-1,5175,794,1472,0.365,19.2787,7.04,0,0,,,
22450090238650,-1,-1,-1,,-1,-1,-1,,-1,-1,-1,-1,-1,-1,-1,-1,-1,5175,794,1472,0.405,19.2737,7.81,0,0,,,
22450095233172,-1,-1,-1,,-1,-1,-1,,-1,-1,-1,-1,-1,-1,-1,-1,-1,5175,794,1472,0.37375,19.275,7.68,0,0,,,
22450100238670,-1,-1,-1,,-1,-1,-1,,-1,-1,-1,-1,-1,-1,-1,-1,-1,5175,794,1472,0.38375,19.2737,7.4,0,0,,,
22450105236744,-1,-1,-1,,-1,-1,-1,,-1,-1,-1,-1,-1,-1,-1,-1,-1,5175,794,1472,0.3875,19.2712,7.46,0,0,,,
22450110235234,-1,-1,-1,,-1,-1,-1,,-1,-1,-1,-1,-1,-1,-1,-1,-1,5175,794,1472,0.40875,19.265,7.16,0,0,,,
22450115238556,-1,-1,-1,,-1,-1,-1,,-1,-1,-1,-1,-1,-1,-1,-1,-1,5175,794,1472,0.39875,19.2662,7.68,0,0,,,
22450120239766,-1,-1,-1,,-1,-1,-1,,-1,-1,-1,-1,-1,-1,-1,-1,-1,5175,794,1472,0.365,19.27,7.03,0,0,,,
22450125236815,-1,-1,-1,,-1,-1,-1,,-1,-1,-1,-1,-1,-1,-1,-1,-1,5175,794,1472,0.39375,19.2688,7.59,0,0,,,
22450130240137,-1,-1,-1,,-1,-1,-1,,-1,-1,-1,-1,-1,-1,-1,-1,-1,5175,794,1472,0.37875,19.2688,7.4,0,0,,,
22450135243843,-1,-1,-1,,-1,-1,-1,,-1,-1,-1,-1,-1,-1,-1,-1,-1,5175,794,1472,0.3625,19.27,6.99,0,0,,,
22450140237949,-1,-1,-1,,-1,-1,-1,,-1,-1,-1,-1,-1,-1,-1,-1,-1,5175,794,1472,0.39375,19.2662,7.59,0,0,,,
22450145238871,-1,-1,-1,,-1,-1,-1,,-1,-1,-1,-1,-1,-1,-1,-1,-1,5175,794,1472,0.38375,19.2737,7.4,0,0,,,
22450150237009,-1,-1,-1,,-1,-1,-1,,-1,-1,-1,-1,-1,-1,-1,-1,-1,5175,794,1472,0.3975,19.2712,7.46,0,0,,,
22450155242763,-1,-1,-1,,-1,-1,-1,,-1,-1,-1,-1,-1,-1,-1,-1,-1,5175,794,1472,0.365,19.265,7.03,0,0,,,
22450160237220,-1,-1,-1,,-1,-1,-1,,-1,-1,-1,-1,-1,-1,-1,-1,-1,5175,794,1472,0.3925,19.2688,7.56,0,0,,,
22450165260415,-1,-1,-1,,-1,-1,-1,,-1,-1,-1,-1,-1,-1,-1,-1,-1,5175,794,1472,0.40125,19.2662,7.73,0,0,,,
22450170246616,-1,-1,-1,,-1,-1,-1,,-1,-1,-1,-1,-1,-1,-1,-1,-1,5175,794,1472,0.365,19.2725,7.46,0,0,,,
22450175240370,-1,-1,-1,,-1,-1,-1,,-1,-1,-1,-1,-1,-1,-1,-1,-1,5175,794,1472,0.37125,19.2688,7.16,0,0,,,
22450180238956,-1,-1,-1,,-1,-1,-1,,-1,-1,-1,-1,-1,-1,-1,-1,-1,5175,794,1472,0.3975,19.2725,7.67,0,0,,,
22450185242086,-1,-1,-1,,-1,-1,-1,,-1,-1,-1,-1,-1,-1,-1,-1,-1,5175,794,1472,0.37875,19.2712,7.59,0,0,,,
22450190236575,-1,-1,-1,,-1,-1,-1,,-1,-1,-1,-1,-1,-1,-1,-1,-1,5175,794,1472,0.36375,19.2662,7.46,0,0,,,
22450195237849,-1,-1,-1,,-1,-1,-1,,-1,-1,-1,-1,-1,-1,-1,-1,-1,5175,794,1472,0.3975,19.2737,7.67,0,0,,,
22450200252627,-1,-1,-1,,-1,-1,-1,,-1,-1,-1,-1,-1,-1,-1,-1,-1,5175,794,1472,0.38875,19.2613,7.49,0,0,,,
22450205241581,-1,-1,-1,,-1,-1,-1,,-1,-1,-1,-1,-1,-1,-1,-1,-1,5175,794,1472,0.3625,19.275,7.01,0,0,,,
22450210236679,-1,-1,-1,,-1,-1,-1,,-1,-1,-1,-1,-1,-1,-1,-1,-1,5175,794,1472,0.3725,19.2675,7.18,0,0,,,
22450215241473,-1,-1,-1,,-1,-1,-1,,-1,-1,-1,-1,-1,-1,-1,-1,-1,5175,794,1472,0.37375,19.2688,7.21,0,0,,,
22450220255099,-1,-1,-1,,-1,-1,-1,,-1,-1,-1,-1,-1,-1,-1,-1,-1,5175,794,1472,0.3875,19.2725,7.46,0,0,,,
22450225239156,-1,-1,-1,,-1,-1,-1,,-1,-1,-1,-1,-1,-1,-1,-1,-1,5175,794,1472,0.38625,19.2688,7.49,0,0,,,
22450230236238,-1,-1,-1,,-1,-1,-1,,-1,-1,-1,-1,-1,-1,-1,-1,-1,5175,794,1472,0.37875,19.2613,7.3,0,0,,,
22450235241608,-1,-1,-1,,-1,-1,-1,,-1,-1,-1,-1,-1,-1,-1,-1,-1,5175,794,1472,0.3925,19.265,7.56,0,0,,,
22450240260866,-1,-1,-1,,-1,-1,-1,,-1,-1,-1,-1,-1,-1,-1,-1,-1,5175,794,1472,0.36125,19.2737,6.96,0,0,,,
22450245238620,-1,-1,-1,,-1,-1,-1,,-1,-1,-1,-1,-1,-1,-1,-1,-1,5175,794,1472,0.38375,19.2737,7.67,0,0,,,
22450250238870,-1,-1,-1,,-1,-1,-1,,-1,-1,-1,-1,-1,-1,-1,-1,-1,5175,794,1472,0.38375,19.2688,7.4,0,0,,,
22450255240367,-1,-1,-1,,-1,-1,-1,,-1,-1,-1,-1,-1,-1,-1,-1,-1,5135,794,1472,0.36125,19.275,6.96,0,0,,,
22450260236329,-1,-1,-1,,-1,-1,-1,,-1,-1,-1,-1,-1,-1,-1,-1,-1,5135,794,1472,0.37375,19.275,7.32,0,0,,,
22450265236771,-1,-1,-1,,-1,-1,-1,,-1,-1,-1,-1,-1,-1,-1,-1,-1,5135,794,1472,0.38125,19.265,7.62,0,0,,,
22450270240445,-1,-1,-1,,-1,-1,-1,,-1,-1,-1,-1,-1,-1,-1,-1,-1,5135,794,1472,0.375,19.2737,7.23,0,0,,,
22450275236951,-1,-1,-1,,-1,-1,-1,,-1,-1,-1,-1,-1,-1,-1,-1,-1,5135,794,1472,0.3925,19.2688,7.56,0,0,,,
22450280231792,-1,-1,-1,,-1,-1,-1,,-1,-1,-1,-1,-1,-1,-1,-1,-1,5135,794,1472,0.39875,19.2712,7.08,0,0,,,
22450285236490,-1,-1,-1,,-1,-1,-1,,-1,-1,-1,-1,-1,-1,-1,-1,-1,5135,794,1472,0.39375,19.2688,7.59,0,0,,,
22450290239140,-1,-1,-1,,-1,-1,-1,,-1,-1,-1,-1,-1,-1,-1,-1,-1,5175,794,1472,0.38,19.2725,7.32,0,0,,,
22450295237086,-1,-1,-1,,-1,-1,-1,,-1,-1,-1,-1,-1,-1,-1,-1,-1,5175,794,1472,0.385,19.2712,7.42,0,0,,,
22450300238872,-1,-1,-1,,-1,-1,-1,,-1,-1,-1,-1,-1,-1,-1,-1,-1,5175,794,1472,0.39875,19.2688,7.51,0,0,,,
22450305239410,-1,-1,-1,,-1,-1,-1,,-1,-1,-1,-1,-1,-1,-1,-1,-1,5175,794,1472,0.36875,19.2725,7.1,0,0,,,
22450310257292,-1,-1,-1,,-1,-1,-1,,-1,-1,-1,-1,-1,-1,-1,-1,-1,5175,794,1472,0.38,19.2725,7.32,0,0,,,
22450315248198,-1,-1,-1,,-1,-1,-1,,-1,-1,-1,-1,-1,-1,-1,-1,-1,5175,794,1472,0.41625,19.2688,8.03,0,0,,,
22450320243359,-1,-1,-1,,-1,-1,-1,,-1,-1,-1,-1,-1,-1,-1,-1,-1,5175,794,1472,0.365,19.2688,7.76,0,0,,,
22450325238809,-1,-1,-1,,-1,-1,-1,,-1,-1,-1,-1,-1,-1,-1,-1,-1,5175,794,1472,0.39,19.27,7.51,0,0,,,
22450330239379,-1,-1,-1,,-1,-1,-1,,-1,-1,-1,-1,-1,-1,-1,-1,-1,5175,794,1472,0.38375,19.27,7.4,0,0,,,
22450335237997,-1,-1,-1,,-1,-1,-1,,-1,-1,-1,-1,-1,-1,-1,-1,-1,5175,794,1472,0.39625,19.2737,7.64,0,0,,,
22450340237063,-1,-1,-1,,-1,-1,-1,,-1,-1,-1,-1,-1,-1,-1,-1,-1,5175,794,1472,0.38125,19.2662,7.44,0,0,,,
22450345231360,-1,-1,-1,,-1,-1,-1,,-1,-1,-1,-1,-1,-1,-1,-1,-1,5175,794,1472,0.37875,19.2638,7.3,0,0,,,
22450350236730,-1,-1,-1,,-1,-1,-1,,-1,-1,-1,-1,-1,-1,-1,-1,-1,5175,794,1472,0.38125,19.2688,7.35,0,0,,,
22450355234644,-1,-1,-1,,-1,-1,-1,,-1,-1,-1,-1,-1,-1,-1,-1,-1,5175,794,1472,0.39,19.2625,7.59,0,0,,,
22450360234126,-1,-1,-1,,-1,-1,-1,,-1,-1,-1,-1,-1,-1,-1,-1,-1,5175,794,1472,0.38125,19.27,7.16,0,0,,,
22450365230792,-1,-1,-1,,-1,-1,-1,,-1,-1,-1,-1,-1,-1,-1,-1,-1,5175,794,1472,0.37625,19.2638,7.24,0,0,,,
22450370237922,-1,-1,-1,,-1,-1,-1,,-1,-1,-1,-1,-1,-1,-1,-1,-1,5175,794,1472,0.36875,19.275,7.1,0,0,,,
22450375236828,-1,-1,-1,,-1,-1,-1,,-1,-1,-1,-1,-1,-1,-1,-1,-1,5175,794,1472,0.38625,19.2712,7.68,0,0,,,
22450380238486,-1,-1,-1,,-1,-1,-1,,-1,-1,-1,-1,-1,-1,-1,-1,-1,5175,794,1472,0.39,19.2662,7.51,0,0,,,
22450385240111,-1,-1,-1,,-1,-1,-1,,-1,-1,-1,-1,-1,-1,-1,-1,-1,5175,794,1472,0.35625,19.2737,6.86,0,0,,,
22450390238537,-1,-1,-1,,-1,-1,-1,,-1,-1,-1,-1,-1,-1,-1,-1,-1,5175,794,1472,0.405,19.2712,7.81,0,0,,,
22450395236419,-1,-1,-1,,-1,-1,-1,,-1,-1,-1,-1,-1,-1,-1,-1,-1,5175,794,1472,0.375,19.2662,7.65,0,0,,,
22450400249469,-1,-1,-1,,-1,-1,-1,,-1,-1,-1,-1,-1,-1,-1,-1,-1,5175,794,1472,0.4425,19.2587,8.52,0,0,,,
22450405240759,-1,-1,-1,,-1,-1,-1,,-1,-1,-1,-1,-1,-1,-1,-1,-1,5175,794,1472,0.42625,19.26,8.2,0,0,,,
22450410240017,-1,-1,-1,,-1,-1,-1,,-1,-1,-1,-1,-1,-1,-1,-1,-1,5175,794,1472,0.43875,19.2675,8.45,0,0,,,
22450415236298,-1,-1,-1,,-1,-1,-1,,-1,-1,-1,-1,-1,-1,-1,-1,-1,5175,794,1472,0.4075,19.2587,8.58,0,0,,,
22450420240420,-1,-1,-1,,-1,-1,-1,,-1,-1,-1,-1,-1,-1,-1,-1,-1,5175,794,1472,0.4,19.2638,7.71,0,0,,,
22450425236286,-1,-1,-1,,-1,-1,-1,,-1,-1,-1,-1,-1,-1,-1,-1,-1,5175,794,1472,0.43125,19.2525,8.31,0,0,,,
22450430239000,-1,-1,-1,,-1,-1,-1,,-1,-1,-1,-1,-1,-1,-1,-1,-1,5175,794,1472,0.40875,19.2538,8.23,0,0,,,
22450435239986,-1,-1,-1,,-1,-1,-1,,-1,-1,-1,-1,-1,-1,-1,-1,-1,5175,794,1472,0.4175,19.2587,8.45,0,0,,,
22450440236556,-1,-1,-1,,-1,-1,-1,,-1,-1,-1,-1,-1,-1,-1,-1,-1,5175,794,1472,0.375,19.2737,7.23,0,0,,,
22450445238533,-1,-1,-1,,-1,-1,-1,,-1,-1,-1,-1,-1,-1,-1,-1,-1,5175,794,1472,0.37375,19.2725,7.21,0,0,,,
22450450239679,-1,-1,-1,,-1,-1,-1,,-1,-1,-1,-1,-1,-1,-1,-1,-1,5175,794,1472,0.355,19.28,6.77,0,0,,,
22450455238169,-1,-1,-1,,-1,-1,-1,,-1,-1,-1,-1,-1,-1,-1,-1,-1,5175,794,1472,0.36125,19.2775,6.96,0,0,,,
22450460232211,-1,-1,-1,,-1,-1,-1,,-1,-1,-1,-1,-1,-1,-1,-1,-1,5175,794,1472,0.365,19.2725,7.04,0,0,,,
22450465239277,-1,-1,-1,,-1,-1,-1,,-1,-1,-1,-1,-1,-1,-1,-1,-1,5175,794,1472,0.355,19.2725,6.85,0,0,,,
22450470238599,-1,-1,-1,,-1,-1,-1,,-1,-1,-1,-1,-1,-1,-1,-1,-1,5175,794,1472,0.35625,19.2737,7.16,0,0,,,
22450475239265,-1,-1,-1,,-1,-1,-1,,-1,-1,-1,-1,-1,-1,-1,-1,-1,5175,794,1472,0.35375,19.2688,6.82,0,0,,,
22450480231834,-1,-1,-1,,-1,-1,-1,,-1,-1,-1,-1,-1,-1,-1,-1,-1,5175,794,1472,0.3575,19.2712,6.89,0,0,,,
22450485238580,-1,-1,-1,,-1,-1,-1,,-1,-1,-1,-1,-1,-1,-1,-1,-1,5175,794,1472,0.3475,19.2812,6.69,0,0,,,
22450490245198,-1,-1,-1,,-1,-1,-1,,-1,-1,-1,-1,-1,-1,-1,-1,-1,5175,794,1472,0.3975,19.265,7.62,0,0,,,
22450495243368,-1,-1,-1,,-1,-1,-1,,-1,-1,-1,-1,-1,-1,-1,-1,-1,5175,794,1472,0.42125,19.255,8.12,0,0,,,
22450500243970,-1,-1,-1,,-1,-1,-1,,-1,-1,-1,-1,-1,-1,-1,-1,-1,5175,794,1472,0.44375,19.2675,8.55,0,0,,,
22450505236188,-1,-1,-1,,-1,-1,-1,,-1,-1,-1,-1,-1,-1,-1,-1,-1,5175,794,1472,0.36625,19.275,7.07,0,0,,,
22450510239958,-1,-1,-1,,-1,-1,-1,,-1,-1,-1,-1,-1,-1,-1,-1,-1,5175,794,1472,0.37125,19.2725,7.46,0,0,,,
22450515234063,-1,-1,-1,,-1,-1,-1,,-1,-1,-1,-1,-1,-1,-1,-1,-1,5175,794,1472,0.37875,19.265,7.3,0,0,,,
22450520235849,-1,-1,-1,,-1,-1,-1,,-1,-1,-1,-1,-1,-1,-1,-1,-1,5175,794,1472,0.34375,19.2812,6.63,0,0,,,
22450525236963,-1,-1,-1,,-1,-1,-1,,-1,-1,-1,-1,-1,-1,-1,-1,-1,5175,794,1472,0.35875,19.2737,6.85,0,0,,,
22450530236733,-1,-1,-1,,-1,-1,-1,,-1,-1,-1,-1,-1,-1,-1,-1,-1,5175,794,1472,0.36875,19.2712,7.1,0,0,,,
22450535232855,-1,-1,-1,,-1,-1,-1,,-1,-1,-1,-1,-1,-1,-1,-1,-1,5175,794,1472,0.3675,19.275,7.08,0,0,,,
22450540232848,-1,-1,-1,,-1,-1,-1,,-1,-1,-1,-1,-1,-1,-1,-1,-1,5175,794,1472,0.35,19.2787,6.75,0,0,,,
22450545229162,-1,-1,-1,,-1,-1,-1,,-1,-1,-1,-1,-1,-1,-1,-1,-1,5175,794,1472,0.36125,19.2812,7.18,0,0,,,
22450550236036,-1,-1,-1,,-1,-1,-1,,-1,-1,-1,-1,-1,-1,-1,-1,-1,5175,794,1472,0.34625,19.28,6.67,0,0,,,
22450555235870,-1,-1,-1,,-1,-1,-1,,-1,-1,-1,-1,-1,-1,-1,-1,-1,5175,794,1472,0.36625,19.2763,7.07,0,0,,,
22450560248376,-1,-1,-1,,-1,-1,-1,,-1,-1,-1,-1,-1,-1,-1,-1,-1,5175,794,1472,0.4375,19.2688,8.44,0,0,,,
22450565242962,-1,-1,-1,,-1,-1,-1,,-1,-1,-1,-1,-1,-1,-1,-1,-1,5175,794,1472,0.3925,19.2662,8.31,0,0,,,
22450570241036,-1,-1,-1,,-1,-1,-1,,-1,-1,-1,-1,-1,-1,-1,-1,-1,5175,794,1472,0.35125,19.2712,6.77,0,0,,,
22450575236037,-1,-1,-1,,-1,-1,-1,,-1,-1,-1,-1,-1,-1,-1,-1,-1,5175,794,1472,0.375,19.2725,7.23,0,0,,,
22450580248000,-1,-1,-1,,-1,-1,-1,,-1,-1,-1,-1,-1,-1,-1,-1,-1,5175,794,1472,0.37375,19.2725,7.21,0,0,,,
22450585245401,-1,-1,-1,,-1,-1,-1,,-1,-1,-1,-1,-1,-1,-1,-1,-1,5175,794,1472,0.3475,19.2825,6.8,0,0,,,
22450590240883,-1,-1,-1,,-1,-1,-1,,-1,-1,-1,-1,-1,-1,-1,-1,-1,5175,794,1472,0.3475,19.28,6.69,0,0,,,
22450595248653,-1,-1,-1,,-1,-1,-1,,-1,-1,-1,-1,-1,-1,-1,-1,-1,5175,794,1472,0.36,19.275,6.94,0,0,,,
22450600240615,-1,-1,-1,,-1,-1,-1,,-1,-1,-1,-1,-1,-1,-1,-1,-1,5175,794,1472,0.35,19.275,7.13,0,0,,,
22450605236544,-1,-1,-1,,-1,-1,-1,,-1,-1,-1,-1,-1,-1,-1,-1,-1,5175,794,1472,0.3825,19.2787,6.89,0,0,,,
22450610238170,-1,-1,-1,,-1,-1,-1,,-1,-1,-1,-1,-1,-1,-1,-1,-1,5175,794,1472,0.365,19.2662,7.03,0,0,,,
22450615234100,-1,-1,-1,,-1,-1,-1,,-1,-1,-1,-1,-1,-1,-1,-1,-1,5175,794,1472,0.37125,19.275,7.16,0,0,,,
22450620236654,-1,-1,-1,,-1,-1,-1,,-1,-1,-1,-1,-1,-1,-1,-1,-1,5175,794,1472,0.345,19.28,6.77,0,0,,,
22450625237992,-1,-1,-1,,-1,-1,-1,,-1,-1,-1,-1,-1,-1,-1,-1,-1,5175,794,1472,0.37125,19.2712,7.16,0,0,,,
22450630239362,-1,-1,-1,,-1,-1,-1,,-1,-1,-1,-1,-1,-1,-1,-1,-1,5175,794,1472,0.3825,19.2688,7.37,0,0,,,
22450635257404,-1,-1,-1,,-1,-1,-1,,-1,-1,-1,-1,-1,-1,-1,-1,-1,5175,794,1472,0.345,19.2825,6.66,0,0,,,
22450640243350,-1,-1,-1,,-1,-1,-1,,-1,-1,-1,-1,-1,-1,-1,-1,-1,5175,794,1472,0.355,19.2763,7.07,0,0,,,
22450645237071,-1,-1,-1,,-1,-1,-1,,-1,-1,-1,-1,-1,-1,-1,-1,-1,5175,794,1472,0.36875,19.2825,7.12,0,0,,,
22450650240137,-1,-1,-1,,-1,-1,-1,,-1,-1,-1,-1,-1,-1,-1,-1,-1,5175,794,1472,0.3725,19.2775,7.18,0,0,,,
22450655236611,-1,-1,-1,,-1,-1,-1,,-1,-1,-1,-1,-1,-1,-1,-1,-1,5175,794,1472,0.36625,19.275,7.07,0,0,,,
22450660231261,-1,-1,-1,,-1,-1,-1,,-1,-1,-1,-1,-1,-1,-1,-1,-1,5175,794,1472,0.36125,19.2737,6.77,0,0,,,
22450665231831,-1,-1,-1,,-1,-1,-1,,-1,-1,-1,-1,-1,-1,-1,-1,-1,5175,794,1472,0.37375,19.2737,7.21,0,0,,,
22450670239921,-1,-1,-1,,-1,-1,-1,,-1,-1,-1,-1,-1,-1,-1,-1,-1,5175,794,1472,0.34375,19.28,6.63,0,0,,,
22450675236650,-1,-1,-1,,-1,-1,-1,,-1,-1,-1,-1,-1,-1,-1,-1,-1,5175,794,1472,0.345,19.2725,7.13,0,0,,,
22450680236068,-1,-1,-1,,-1,-1,-1,,-1,-1,-1,-1,-1,-1,-1,-1,-1,5175,794,1472,0.34625,19.2725,7.42,0,0,,,
22450685239070,-1,-1,-1,,-1,-1,-1,,-1,-1,-1,-1,-1,-1,-1,-1,-1,5175,794,1472,0.34625,19.2838,6.68,0,0,,,
22450690238456,-1,-1,-1,,-1,-1,-1,,-1,-1,-1,-1,-1,-1,-1,-1,-1,5175,794,1472,0.3525,19.2775,6.8,0,0,,,
22450695237362,-1,-1,-1,,-1,-1,-1,,-1,-1,-1,-1,-1,-1,-1,-1,-1,5175,794,1472,0.365,19.2775,7.18,0,0,,,
22450700238348,-1,-1,-1,,-1,-1,-1,,-1,-1,-1,-1,-1,-1,-1,-1,-1,5175,794,1472,0.36125,19.2825,6.96,0,0,,,
22450705235781,-1,-1,-1,,-1,-1,-1,,-1,-1,-1,-1,-1,-1,-1,-1,-1,5175,794,1472,0.36375,19.2787,7.01,0,0,,,
22450710239167,-1,-1,-1,,-1,-1,-1,,-1,-1,-1,-1,-1,-1,-1,-1,-1,5175,794,1472,0.3675,19.2725,7.08,0,0,,,
22450715235417,-1,-1,-1,,-1,-1,-1,,-1,-1,-1,-1,-1,-1,-1,-1,-1,5175,794,1472,0.3775,19.2688,7.03,0,0,,,
22450720242163,-1,-1,-1,,-1,-1,-1,,-1,-1,-1,-1,-1,-1,-1,-1,-1,5175,794,1472,0.34,19.2737,6.55,0,0,,,
22450725238701,-1,-1,-1,,-1,-1,-1,,-1,-1,-1,-1,-1,-1,-1,-1,-1,5175,794,1472,0.36125,19.2825,6.96,0,0,,,
22450730237767,-1,-1,-1,,-1,-1,-1,,-1,-1,-1,-1,-1,-1,-1,-1,-1,5175,794,1472,0.385,19.2787,7.42,0,0,,,
22450735238016,-1,-1,-1,,-1,-1,-1,,-1,-1,-1,-1,-1,-1,-1,-1,-1,5175,794,1472,0.35625,19.2712,7.3,0,0,,,
22450740236858,-1,-1,-1,,-1,-1,-1,,-1,-1,-1,-1,-1,-1,-1,-1,-1,5175,794,1472,0.36875,19.2688,7.1,0,0,,,
22450745231380,-1,-1,-1,,-1,-1,-1,,-1,-1,-1,-1,-1,-1,-1,-1,-1,5175,794,1472,0.3575,19.2712,6.89,0,0,,,
22450750230094,-1,-1,-1,,-1,-1,-1,,-1,-1,-1,-1,-1,-1,-1,-1,-1,5175,794,1472,0.35,19.2712,6.75,0,0,,,
22450755241864,-1,-1,-1,,-1,-1,-1,,-1,-1,-1,-1,-1,-1,-1,-1,-1,5175,794,1472,0.3425,19.2812,6.66,0,0,,,
22450760237986,-1,-1,-1,,-1,-1,-1,,-1,-1,-1,-1,-1,-1,-1,-1,-1,5175,794,1472,0.3725,19.27,7.18,0,0,,,
22450765239292,-1,-1,-1,,-1,-1,-1,,-1,-1,-1,-1,-1,-1,-1,-1,-1,5175,794,1472,0.37,19.2675,7.13,0,0,,,
22450770239989,-1,-1,-1,,-1,-1,-1,,-1,-1,-1,-1,-1,-1,-1,-1,-1,5175,794,1472,0.34625,19.285,6.82,0,0,,,
22450775238607,-1,-1,-1,,-1,-1,-1,,-1,-1,-1,-1,-1,-1,-1,-1,-1,5175,794,1472,0.35375,19.275,7.21,0,0,,,
22450780233673,-1,-1,-1,,-1,-1,-1,,-1,-1,-1,-1,-1,-1,-1,-1,-1,5175,794,1472,0.36875,19.2737,7.1,0,0,,,
22450785238659,-1,-1,-1,,-1,-1,-1,,-1,-1,-1,-1,-1,-1,-1,-1,-1,5175,794,1472,0.37,19.2775,7.13,0,0,,,
22450790238781,-1,-1,-1,,-1,-1,-1,,-1,-1,-1,-1,-1,-1,-1,-1,-1,5175,794,1472,0.35625,19.275,7.16,0,0,,,
22450795238679,-1,-1,-1,,-1,-1,-1,,-1,-1,-1,-1,-1,-1,-1,-1,-1,5175,794,1472,0.3675,19.2737,7.08,0,0,,,
22450800236240,-1,-1,-1,,-1,-1,-1,,-1,-1,-1,-1,-1,-1,-1,-1,-1,5175,794,1472,0.3525,19.2787,6.8,0,0,,,
22450805237354,-1,-1,-1,,-1,-1,-1,,-1,-1,-1,-1,-1,-1,-1,-1,-1,5175,794,1472,0.37,19.27,7.13,0,0,,,
22450810232356,-1,-1,-1,,-1,-1,-1,,-1,-1,-1,-1,-1,-1,-1,-1,-1,5175,794,1472,0.375,19.2763,6.63,0,0,,,
22450815237534,-1,-1,-1,,-1,-1,-1,,-1,-1,-1,-1,-1,-1,-1,-1,-1,5175,794,1472,0.38125,19.2775,7.35,0,0,,,
22450820237848,-1,-1,-1,,-1,-1,-1,,-1,-1,-1,-1,-1,-1,-1,-1,-1,5175,794,1472,0.36625,19.2775,7.07,0,0,,,
22450825234546,-1,-1,-1,,-1,-1,-1,,-1,-1,-1,-1,-1,-1,-1,-1,-1,5175,794,1472,0.35375,19.2787,6.82,0,0,,,
22450830237036,-1,-1,-1,,-1,-1,-1,,-1,-1,-1,-1,-1,-1,-1,-1,-1,5175,794,1472,0.37875,19.2712,7.45,0,0,,,
22450835239653,-1,-1,-1,,-1,-1,-1,,-1,-1,-1,-1,-1,-1,-1,-1,-1,5175,794,1472,0.35125,19.2825,6.77,0,0,,,
22450840237791,-1,-1,-1,,-1,-1,-1,,-1,-1,-1,-1,-1,-1,-1,-1,-1,5175,794,1472,0.37125,19.2775,7.16,0,0,,,
22450845249913,-1,-1,-1,,-1,-1,-1,,-1,-1,-1,-1,-1,-1,-1,-1,-1,5175,794,1472,0.34875,19.2737,7.54,0,0,,,
22450850253619,-1,-1,-1,,-1,-1,-1,,-1,-1,-1,-1,-1,-1,-1,-1,-1,5175,794,1472,0.36625,19.2763,7.07,0,0,,,
22450855238957,-1,-1,-1,,-1,-1,-1,,-1,-1,-1,-1,-1,-1,-1,-1,-1,5175,794,1472,0.36875,19.2737,7.1,0,0,,,
22450860232294,-1,-1,-1,,-1,-1,-1,,-1,-1,-1,-1,-1,-1,-1,-1,-1,5175,794,1472,0.35,19.2763,6.75,0,0,,,
22450865231616,-1,-1,-1,,-1,-1,-1,,-1,-1,-1,-1,-1,-1,-1,-1,-1,5175,794,1472,0.36,19.2775,7.28,0,0,,,
22450870239898,-1,-1,-1,,-1,-1,-1,,-1,-1,-1,-1,-1,-1,-1,-1,-1,5175,794,1472,0.3425,19.2763,6.6,0,0,,,
22450875240308,-1,-1,-1,,-1,-1,-1,,-1,-1,-1,-1,-1,-1,-1,-1,-1,5175,794,1472,0.3625,19.2787,6.99,0,0,,,
22450880239182,-1,-1,-1,,-1,-1,-1,,-1,-1,-1,-1,-1,-1,-1,-1,-1,5175,794,1472,0.37875,19.2787,7.3,0,0,,,
22450885236872,-1,-1,-1,,-1,-1,-1,,-1,-1,-1,-1,-1,-1,-1,-1,-1,5175,794,1472,0.355,19.28,7.13,0,0,,,
22450890239010,-1,-1,-1,,-1,-1,-1,,-1,-1,-1,-1,-1,-1,-1,-1,-1,5175,794,1472,0.3525,19.2763,6.8,0,0,,,
22450895237852,-1,-1,-1,,-1,-1,-1,,-1,-1,-1,-1,-1,-1,-1,-1,-1,5175,794,1472,0.38,19.2712,7.32,0,0,,,
22450900236725,-1,-1,-1,,-1,-1,-1,,-1,-1,-1,-1,-1,-1,-1,-1,-1,5175,794,1472,0.375,19.275,7.23,0,0,,,
22450905240655,-1,-1,-1,,-1,-1,-1,,-1,-1,-1,-1,-1,-1,-1,-1,-1,5175,794,1472,0.34625,19.2812,6.75,0,0,,,
22450910237769,-1,-1,-1,,-1,-1,-1,,-1,-1,-1,-1,-1,-1,-1,-1,-1,5175,794,1472,0.38375,19.2662,7.4,0,0,,,
