ts_ns,dt_ns,inst_rate_hz,avg_rate_hz,cpu_khz,cpu_min_khz,cpu_max_khz,cpu_governor,gpu_hz,gpu_min_hz,gpu_max_hz,gpu_governor,fan_cur_state,fan_max_state,fan_pwm,temp_cpu_mC,temp_gpu_mC,temp_soc0_mC,temp_soc1_mC,temp_soc2_mC,temp_tj_mC,vdd_in_mW,vdd_cpu_gpu_cv_mW,vdd_soc_mW,ina260_current_A,ina260_voltage_V,ina260_power_W
3881795730635,0,,,729600,729600,1728000,schedutil,306000000,306000000,1020000000,nvhost_podgov,0,3,,46812,48000,47906,47312,47125,47937,,,,0.390,19.275,7.080
3881805809585,10078950,99.217,99.217,729600,729600,1728000,schedutil,306000000,306000000,1020000000,nvhost_podgov,0,3,,46906,48312,47968,47500,47250,48312,,,,0.381,19.275,7.350
3881815800694,9991109,100.089,99.651,729600,729600,1728000,schedutil,306000000,306000000,1020000000,nvhost_podgov,0,3,,47156,47937,47937,47343,47250,47937,,,,0.393,19.282,7.260
3881825789403,9988709,100.113,99.804,729600,729600,1728000,schedutil,306000000,306000000,1020000000,nvhost_podgov,0,3,,47062,47937,47843,47312,47250,47937,,,,0.383,19.281,7.370
3881835788609,9999206,100.008,99.855,729600,729600,1728000,schedutil,306000000,306000000,1020000000,nvhost_podgov,0,3,,46843,48250,47781,47437,47187,48250,,,,0.367,19.288,7.090
3881845789542,10000933,99.991,99.882,729600,729600,1728000,schedutil,306000000,306000000,1020000000,nvhost_podgov,0,3,,46968,48187,48000,47343,47312,48187,,,,0.366,19.281,7.070
3881855805931,10016389,99.836,99.875,729600,729600,1728000,schedutil,306000000,306000000,1020000000,nvhost_podgov,0,3,,46937,48000,47906,47312,47281,48000,4816,556,1433,0.356,19.289,6.870
3881865794672,9988741,100.113,99.909,729600,729600,1728000,schedutil,306000000,306000000,1020000000,nvhost_podgov,0,3,,46843,47968,47812,47500,47250,47968,4816,556,1433,0.359,19.281,6.910
3881875813174,10018502,99.815,99.897,729600,729600,1728000,schedutil,306000000,306000000,1020000000,nvhost_podgov,0,3,,46781,48031,47968,47437,47343,48031,4816,556,1433,0.362,19.288,6.990
3881885800123,9986949,100.131,99.923,729600,729600,1728000,schedutil,306000000,306000000,1020000000,nvhost_podgov,0,3,,46906,48000,47937,47343,47281,48000,4816,556,1433,0.350,19.282,6.750
3881895793728,9993605,100.064,99.937,729600,729600,1728000,schedutil,306000000,306000000,1020000000,nvhost_podgov,0,3,,46875,48218,47875,47281,47281,48218,4816,556,1433,0.400,19.286,7.720
3881905819366,10025638,99.744,99.919,729600,729600,1728000,schedutil,306000000,306000000,1020000000,nvhost_podgov,0,3,,46781,48250,48000,47468,47156,48031,4816,556,1433,0.383,19.279,7.420
3881915803179,9983813,100.162,99.940,729600,729600,1728000,schedutil,306000000,306000000,1020000000,nvhost_podgov,0,3,,46843,47875,47875,47437,47281,47875,4816,556,1433,0.440,19.277,8.490
3881925799184,9996005,100.040,99.947,729600,729600,1728000,schedutil,306000000,306000000,1020000000,nvhost_podgov,0,3,,46875,48031,47843,47343,47250,48093,4856,596,1433,0.356,19.290,6.630
3881935793589,9994405,100.056,99.955,729600,729600,1728000,schedutil,306000000,306000000,1020000000,nvhost_podgov,0,3,,46843,48187,48062,47437,47218,48187,4856,596,1433,0.366,19.288,7.070
3881945795098,10001509,99.985,99.957,729600,729600,1728000,schedutil,306000000,306000000,1020000000,nvhost_podgov,0,3,,47062,47968,47906,47468,47312,47968,4856,596,1433,0.357,19.290,6.580
3881955794143,9999045,100.010,99.960,729600,729600,1728000,schedutil,306000000,306000000,1020000000,nvhost_podgov,0,3,,46937,48375,47843,47406,47250,48375,4856,596,1433,0.351,19.276,6.770
3881965806181,10012038,99.880,99.956,729600,729600,1728000,schedutil,306000000,306000000,1020000000,nvhost_podgov,0,3,,46843,48093,47906,47468,47250,48093,4856,596,1433,0.364,19.285,7.160
3881975798186,9992005,100.080,99.962,729600,729600,1728000,schedutil,306000000,306000000,1020000000,nvhost_podgov,0,3,,47062,48062,48000,47343,47281,48062,4856,596,1433,0.347,19.284,6.710
3881985792719,9994533,100.055,99.967,729600,729600,1728000,schedutil,306000000,306000000,1020000000,nvhost_podgov,0,3,,46968,48218,47968,47312,47218,48218,4856,596,1433,0.375,19.284,7.180
3881995796244,10003525,99.965,99.967,729600,729600,1728000,schedutil,306000000,306000000,1020000000,nvhost_podgov,0,3,,46906,48250,47812,47531,47250,48250,4896,596,1433,0.345,19.288,6.660
3882005792697,9996453,100.035,99.970,729600,729600,1728000,schedutil,306000000,306000000,1020000000,nvhost_podgov,0,3,,46906,48031,48000,47437,47250,48031,4896,596,1433,0.352,19.282,7.210
3882015806143,10013446,99.866,99.966,729600,729600,1728000,schedutil,306000000,306000000,1020000000,nvhost_podgov,0,3,,46906,48000,47843,47343,47281,48000,4896,596,1433,0.341,19.288,6.580
3882025858373,10052230,99.480,99.944,729600,729600,1728000,schedutil,306000000,306000000,1020000000,nvhost_podgov,0,3,,47000,48031,47875,47312,47250,48031,4896,596,1433,0.445,19.277,8.580
3882035912587,10054214,99.461,99.924,729600,729600,1728000,schedutil,306000000,306000000,1020000000,nvhost_podgov,0,3,,46906,48062,47906,47500,47312,48375,4936,635,1433,0.340,19.281,6.550
3882045795278,9882691,101.187,99.974,729600,729600,1728000,schedutil,306000000,306000000,1020000000,nvhost_podgov,0,3,,46937,48281,47968,47500,47312,48281,4936,635,1433,0.350,19.289,6.750
3882055795987,10000709,99.993,99.975,729600,729600,1728000,schedutil,306000000,306000000,1020000000,nvhost_podgov,0,3,,46875,48281,47906,47531,47250,47968,4936,635,1433,0.386,19.284,7.450
3882065795800,9999813,100.002,99.976,729600,729600,1728000,schedutil,306000000,306000000,1020000000,nvhost_podgov,0,3,,46875,48062,47937,47468,47250,48156,4936,635,1433,0.345,19.286,6.850
3882075796222,10000422,99.996,99.977,729600,729600,1728000,schedutil,306000000,306000000,1020000000,nvhost_podgov,0,3,,47031,48156,47843,47406,47250,48156,4936,635,1433,0.367,19.282,6.940
3882085795715,9999493,100.005,99.978,729600,729600,1728000,schedutil,306000000,306000000,1020000000,nvhost_podgov,0,3,,46937,48125,47843,47250,47281,48125,4936,635,1433,0.347,19.285,6.710
3882095787112,9991397,100.086,99.981,729600,729600,1728000,schedutil,306000000,306000000,1020000000,nvhost_podgov,0,3,,46843,47968,48000,47468,47156,47968,4936,635,1433,0.390,19.282,6.940
3882105803053,10015941,99.841,99.977,729600,729600,1728000,schedutil,306000000,306000000,1020000000,nvhost_podgov,0,3,,47093,48062,47968,47375,47250,48062,4936,635,1433,0.341,19.284,6.580
3882115803667,10000614,99.994,99.977,729600,729600,1728000,schedutil,306000000,306000000,1020000000,nvhost_podgov,0,3,,47031,48000,47875,47375,47312,48000,4936,635,1433,0.361,19.281,7.280
3882125805112,10001445,99.986,99.977,729600,729600,1728000,schedutil,306000000,306000000,1020000000,nvhost_podgov,0,3,,46812,48000,48031,47437,47312,48000,4936,635,1433,0.340,19.288,6.550
3882135791613,9986501,100.135,99.982,729600,729600,1728000,schedutil,306000000,306000000,1020000000,nvhost_podgov,0,3,,46968,48218,47875,47406,47343,48218,4936,635,1433,0.379,19.284,6.630
3882145800610,10008997,99.910,99.980,729600,729600,1728000,schedutil,306000000,306000000,1020000000,nvhost_podgov,0,3,,46968,48218,47843,47281,47312,48218,4976,675,1433,0.344,19.286,6.630
3882155807080,10006470,99.935,99.979,729600,729600,1728000,schedutil,306000000,306000000,1020000000,nvhost_podgov,0,3,,46875,48031,47875,47531,47312,48031,4976,675,1433,0.361,19.288,6.710
3882165798509,9991429,100.086,99.982,729600,729600,1728000,schedutil,306000000,306000000,1020000000,nvhost_podgov,0,3,,46812,48000,47906,47406,47281,48000,4976,675,1433,0.354,19.288,6.820
3882175807506,10008997,99.910,99.980,729600,729600,1728000,schedutil,306000000,306000000,1020000000,nvhost_podgov,0,3,,46968,48093,47906,47281,47250,48093,4976,675,1433,0.355,19.289,6.800
3882185796407,9988901,100.111,99.983,729600,729600,1728000,schedutil,306000000,306000000,1020000000,nvhost_podgov,0,3,,46968,48437,47875,47500,47281,48437,4976,675,1433,0.374,19.279,7.210
3882195806780,10010373,99.896,99.981,729600,729600,1728000,schedutil,306000000,306000000,1020000000,nvhost_podgov,0,3,,46781,48312,47968,47468,47281,48312,4976,675,1433,0.351,19.290,6.770
3882205796417,9989637,100.104,99.984,729600,729600,1728000,schedutil,306000000,306000000,1020000000,nvhost_podgov,0,3,,47062,48312,47937,47343,47312,48062,4976,675,1433,0.369,19.281,7.100
3882215798407,10001990,99.980,99.984,729600,729600,1728000,schedutil,306000000,306000000,1020000000,nvhost_podgov,0,3,,46843,48000,47875,47343,47312,48000,4976,675,1433,0.352,19.285,6.800
3882225791660,9993253,100.068,99.986,729600,729600,1728000,schedutil,306000000,306000000,1020000000,nvhost_podgov,0,3,,46843,48187,47937,47468,47343,48187,4976,675,1433,0.364,19.281,7.010
3882235811633,10019973,99.801,99.982,729600,729600,1728000,schedutil,306000000,306000000,1020000000,nvhost_podgov,0,3,,47062,48156,47875,47375,47250,48156,4976,675,1433,0.346,19.286,6.680
3882245808054,9996421,100.036,99.983,729600,729600,1728000,schedutil,306000000,306000000,1020000000,nvhost_podgov,0,3,,46968,48000,47968,47312,47312,48000,4976,675,1433,0.352,19.285,6.720
3882255804988,9996934,100.031,99.984,729600,729600,1728000,schedutil,306000000,306000000,1020000000,nvhost_podgov,0,3,,46812,47968,48062,47437,47187,48062,4976,676,1433,0.352,19.284,6.800
3882265806465,10001477,99.985,99.984,729600,729600,1728000,schedutil,306000000,306000000,1020000000,nvhost_podgov,0,3,,47062,48062,47937,47406,47250,48062,4976,676,1433,0.354,19.282,6.600
3882275800710,9994245,100.058,99.985,729600,729600,1728000,schedutil,306000000,306000000,1020000000,nvhost_podgov,0,3,,47031,48125,47875,47375,47312,48125,4976,676,1433,0.380,19.286,7.330
3882285806859,10006149,99.939,99.984,729600,729600,1728000,schedutil,306000000,306000000,1020000000,nvhost_podgov,0,3,,46812,48312,47812,47468,47281,48312,4976,676,1433,0.356,19.291,6.660
3882295792528,9985669,100.144,99.988,729600,729600,1728000,schedutil,306000000,306000000,1020000000,nvhost_podgov,0,3,,46812,48281,47968,47406,47375,47937,4976,676,1433,0.374,19.277,7.210
3882305811446,10018918,99.811,99.984,729600,729600,1728000,schedutil,306000000,306000000,1020000000,nvhost_podgov,0,3,,46875,48000,47906,47343,47312,48000,4976,675,1433,0.355,19.286,6.550
3882315805499,9994053,100.060,99.986,729600,729600,1728000,schedutil,306000000,306000000,1020000000,nvhost_podgov,0,3,,46875,48031,47812,47562,47250,48156,4976,675,1433,0.379,19.286,7.310
3882325810400,10004901,99.951,99.985,729600,729600,1728000,schedutil,306000000,306000000,1020000000,nvhost_podgov,0,3,,46781,48093,47843,47312,47281,48093,4976,676,1433,0.345,19.288,6.550
3882335806053,9995653,100.043,99.986,729600,729600,1728000,schedutil,306000000,306000000,1020000000,nvhost_podgov,0,3,,47093,47937,47875,47312,47125,47937,4976,676,1433,0.364,19.285,6.600
3882345808202,10002149,99.979,99.986,729600,729600,1728000,schedutil,306000000,306000000,1020000000,nvhost_podgov,0,3,,46812,48406,47937,47312,47187,48406,4976,675,1433,0.344,19.289,6.730
3882355808752,10000550,99.995,99.986,729600,729600,1728000,schedutil,306000000,306000000,1020000000,nvhost_podgov,0,3,,46968,48125,48031,47375,47218,48125,4976,675,1433,0.343,19.284,6.600
3882365804853,9996101,100.039,99.987,729600,729600,1728000,schedutil,306000000,306000000,1020000000,nvhost_podgov,0,3,,47093,48062,47875,47375,47250,48062,4976,675,1433,0.349,19.285,6.720
3882375808058,10003205,99.968,99.987,729600,729600,1728000,schedutil,306000000,306000000,1020000000,nvhost_podgov,0,3,,46875,48281,47875,47343,47250,48281,4976,675,1433,0.360,19.280,6.550
3882385804639,9996581,100.034,99.987,729600,729600,1728000,schedutil,306000000,306000000,1020000000,nvhost_podgov,0,3,,46906,48187,48093,47406,47250,48187,4976,675,1433,0.350,19.277,6.750
3882395818277,10013638,99.864,99.985,729600,729600,1728000,schedutil,306000000,306000000,1020000000,nvhost_podgov,0,3,,47031,48031,47937,47343,47312,48031,5015,675,1433,0.357,19.288,6.630
3882405798185,9979908,100.201,99.989,729600,729600,1728000,schedutil,306000000,306000000,1020000000,nvhost_podgov,0,3,,46968,48031,47843,47406,47250,48093,5015,675,1433,0.426,19.280,8.220
3882415811663,10013478,99.865,99.987,729600,729600,1728000,schedutil,306000000,306000000,1020000000,nvhost_podgov,0,3,,46843,48156,47875,47406,47218,48156,5015,715,1433,0.354,19.284,6.910
3882425797204,9985541,100.145,99.989,729600,729600,1728000,schedutil,306000000,306000000,1020000000,nvhost_podgov,0,3,,47031,48125,47906,47406,47343,48312,5015,715,1433,0.344,19.281,6.630
3882435794969,9997765,100.022,99.990,729600,729600,1728000,schedutil,306000000,306000000,1020000000,nvhost_podgov,0,3,,47000,48281,47875,47343,47281,48281,5015,716,1433,0.352,19.289,6.900
3882445794686,9999717,100.003,99.990,729600,729600,1728000,schedutil,306000000,306000000,1020000000,nvhost_podgov,0,3,,46875,48093,47906,47500,47218,48093,5015,716,1433,0.350,19.285,6.750
3882455791555,9996869,100.031,99.991,729600,729600,1728000,schedutil,306000000,306000000,1020000000,nvhost_podgov,0,3,,46781,48093,47906,47437,47281,48093,5015,716,1433,0.386,19.280,7.450
3882465808841,10017286,99.827,99.988,729600,729600,1728000,schedutil,306000000,306000000,1020000000,nvhost_podgov,0,3,,46906,48156,47875,47406,47281,48156,5015,716,1433,0.371,19.281,7.160
3882475794030,9985189,100.148,99.991,729600,729600,1728000,schedutil,306000000,306000000,1020000000,nvhost_podgov,0,3,,46875,48125,47875,47531,47218,48125,5015,716,1433,0.393,19.281,7.090
3882485810803,10016773,99.833,99.988,729600,729600,1728000,schedutil,306000000,306000000,1020000000,nvhost_podgov,0,3,,47062,48031,48000,47375,47250,48031,5015,716,1433,0.340,19.284,6.550
3882495804312,9993509,100.065,99.989,729600,729600,1728000,schedutil,306000000,306000000,1020000000,nvhost_podgov,0,3,,46968,48000,47937,47375,47281,48000,5015,716,1433,0.370,19.279,7.280
3882505809598,10005286,99.947,99.989,729600,729600,1728000,schedutil,306000000,306000000,1020000000,nvhost_podgov,0,3,,46843,48093,47843,47593,47281,48093,5015,716,1433,0.340,19.288,6.550
3882515796867,9987269,100.127,99.991,729600,729600,1728000,schedutil,306000000,306000000,1020000000,nvhost_podgov,0,3,,46843,48000,48000,47437,47250,48250,5015,716,1433,0.375,19.277,7.230
3882525807560,10010693,99.893,99.989,729600,729600,1728000,schedutil,306000000,306000000,1020000000,nvhost_podgov,0,3,,47093,48218,47875,47375,47343,48218,5015,716,1433,0.343,19.288,6.600
3882535807053,9999493,100.005,99.990,729600,729600,1728000,schedutil,306000000,306000000,1020000000,nvhost_podgov,0,3,,47000,48218,47812,47312,47218,48218,5015,716,1433,0.351,19.286,6.770
3882545803634,9996581,100.034,99.990,729600,729600,1728000,schedutil,306000000,306000000,1020000000,nvhost_podgov,0,3,,46812,48000,48031,47468,47250,48031,5015,715,1433,0.372,19.282,7.180
3882555807448,10003814,99.962,99.990,729600,729600,1728000,schedutil,306000000,306000000,1020000000,nvhost_podgov,0,3,,47000,48031,47968,47406,47281,48156,5015,715,1433,0.352,19.286,6.800
3882565804285,9996837,100.032,99.990,729600,729600,1728000,schedutil,306000000,306000000,1020000000,nvhost_podgov,0,3,,46906,48093,47937,47312,47343,48093,5015,715,1433,0.366,19.288,7.770
3882575804738,10000453,99.995,99.991,729600,729600,1728000,schedutil,306000000,306000000,1020000000,nvhost_podgov,0,3,,46812,48125,47937,47406,47250,48375,5015,715,1433,0.345,19.285,6.660
3882585817703,10012965,99.871,99.989,729600,729600,1728000,schedutil,306000000,306000000,1020000000,nvhost_podgov,0,3,,46843,48343,48000,47406,47281,48343,5015,715,1433,0.359,19.284,7.400
3882595799084,9981381,100.187,99.991,729600,729600,1728000,schedutil,306000000,306000000,1020000000,nvhost_podgov,0,3,,46937,48250,47843,47281,47343,48031,5015,716,1433,0.346,19.285,6.680
3882605789457,9990373,100.096,99.993,729600,729600,1728000,schedutil,306000000,306000000,1020000000,nvhost_podgov,0,3,,46906,48031,47843,47500,47218,48031,5015,716,1433,0.374,19.285,6.900
3882615812919,10023462,99.766,99.990,729600,729600,1728000,schedutil,306000000,306000000,1020000000,nvhost_podgov,0,3,,47062,48218,47937,47375,47375,48218,5015,716,1433,0.343,19.286,6.600
3882625804796,9991877,100.081,99.991,729600,729600,1728000,schedutil,306000000,306000000,1020000000,nvhost_podgov,0,3,,47031,48125,47937,47343,47187,48125,5015,716,1433,0.352,19.290,6.820
3882635808449,10003653,99.963,99.991,729600,729600,1728000,schedutil,306000000,306000000,1020000000,nvhost_podgov,0,3,,46875,47937,47875,47531,47250,47937,5015,716,1433,0.360,19.285,6.940
3882645808454,10000005,100.000,99.991,729600,729600,1728000,schedutil,306000000,306000000,1020000000,nvhost_podgov,0,3,,47062,48000,48000,47437,47250,48000,5015,716,1433,0.350,19.290,6.520
3882655791083,9982629,100.174,99.993,729600,729600,1728000,schedutil,306000000,306000000,1020000000,nvhost_podgov,0,3,,47031,48125,47843,47406,47250,48125,5015,716,1433,0.372,19.281,7.180
3882665810801,10019718,99.803,99.991,729600,729600,1728000,schedutil,306000000,306000000,1020000000,nvhost_podgov,0,3,,46968,48031,47812,47437,47218,48031,5015,715,1433,0.344,19.289,6.630
3882675827030,10016229,99.838,99.989,729600,729600,1728000,schedutil,306000000,306000000,1020000000,nvhost_podgov,0,3,,46812,48312,48062,47406,47187,48312,5015,715,1433,0.390,19.279,7.510
3882685812539,9985509,100.145,99.991,729600,729600,1728000,schedutil,306000000,306000000,1020000000,nvhost_podgov,0,3,,47031,48281,47875,47343,47250,48281,5015,716,1433,0.354,19.282,6.820
3882695797344,9984805,100.152,99.993,729600,729600,1728000,schedutil,306000000,306000000,1020000000,nvhost_podgov,0,3,,47000,48031,47875,47375,47218,48031,5015,716,1433,0.376,19.279,7.260
3882705811206,10013862,99.862,99.991,729600,729600,1728000,schedutil,306000000,306000000,1020000000,nvhost_podgov,0,3,,46937,48062,48062,47406,47187,48125,5015,716,1433,0.350,19.285,6.750
3882715808651,9997445,100.026,99.992,729600,729600,1728000,schedutil,306000000,306000000,1020000000,nvhost_podgov,0,3,,46812,48125,47937,47375,47343,48125,5015,716,1433,0.350,19.282,6.750
3882725805616,9996965,100.030,99.992,729600,729600,1728000,schedutil,306000000,306000000,1020000000,nvhost_podgov,0,3,,46937,48093,47906,47406,47250,48000,5015,716,1433,0.344,19.286,6.630
3882735808917,10003301,99.967,99.992,729600,729600,1728000,schedutil,306000000,306000000,1020000000,nvhost_podgov,0,3,,46937,48312,47875,47468,47250,48312,5015,716,1433,0.355,19.284,6.500
3882745803674,9994757,100.052,99.992,729600,729600,1728000,schedutil,306000000,306000000,1020000000,nvhost_podgov,0,3,,47062,48093,47968,47406,47312,48093,5015,716,1433,0.360,19.284,6.940
3882755807903,10004229,99.958,99.992,729600,729600,1728000,schedutil,306000000,306000000,1020000000,nvhost_podgov,0,3,,47000,48031,47875,47375,47312,48031,5015,716,1433,0.359,19.290,6.440
3882765791844,9983941,100.161,99.994,729600,729600,1728000,schedutil,306000000,306000000,1020000000,nvhost_podgov,0,3,,46812,48218,47843,47437,47250,48218,5015,716,1433,0.374,19.275,7.210
3882775808874,10017030,99.830,99.992,729600,729600,1728000,schedutil,306000000,306000000,1020000000,nvhost_podgov,0,3,,47062,48187,47906,47375,47343,48187,5015,716,1433,0.354,19.290,6.660
3882785805135,9996261,100.037,99.992,729600,729600,1728000,schedutil,306000000,306000000,1020000000,nvhost_podgov,0,3,,47062,47968,47968,47312,47281,47968,5015,716,1433,0.375,19.279,7.230
3882795795764,9990629,100.094,99.993,729600,729600,1728000,schedutil,306000000,306000000,1020000000,nvhost_podgov,0,3,,46875,47968,47843,47562,47250,47968,5015,715,1433,0.404,19.282,7.320
3882805796537,10000773,99.992,99.993,729600,729600,1728000,schedutil,306000000,306000000,1020000000,nvhost_podgov,0,3,,47000,48093,48000,47437,47250,48093,5015,715,1433,0.381,19.273,7.350
3882815796350,9999813,100.002,99.994,729600,729600,1728000,schedutil,306000000,306000000,1020000000,nvhost_podgov,0,3,,47093,48093,47906,47312,47250,48281,5055,756,1472,0.394,19.279,7.590
3882825799396,10003046,99.970,99.993,729600,729600,1728000,schedutil,306000000,306000000,1020000000,nvhost_podgov,0,3,,47062,48343,47875,47375,47312,48343,5055,756,1472,0.426,19.276,7.370
3882835804969,10005573,99.944,99.993,729600,729600,1728000,schedutil,306000000,306000000,1020000000,nvhost_podgov,0,3,,47000,48250,47968,47437,47281,48250,5095,755,1472,0.389,19.280,7.510
3882845801646,9996677,100.033,99.993,729600,729600,1728000,schedutil,306000000,306000000,1020000000,nvhost_podgov,0,3,,46968,48062,48000,47406,47281,48062,5095,755,1472,0.344,19.289,6.870
3882855791635,9989989,100.100,99.994,729600,729600,1728000,schedutil,306000000,306000000,1020000000,nvhost_podgov,0,3,,47031,48250,47843,47375,47250,48250,5095,755,1472,0.393,19.288,7.560
3882865799736,10008101,99.919,99.994,729600,729600,1728000,schedutil,306000000,306000000,1020000000,nvhost_podgov,0,3,,46875,48156,48000,47500,47250,48156,5095,755,1472,0.352,19.286,6.800
3882875787613,9987877,100.121,99.995,729600,729600,1728000,schedutil,306000000,306000000,1020000000,nvhost_podgov,0,3,,46843,48156,47968,47406,47312,48062,5095,755,1472,0.385,19.285,7.420
3882885815587,10027974,99.721,99.992,729600,729600,1728000,schedutil,306000000,306000000,1020000000,nvhost_podgov,0,3,,46937,48406,47937,47375,47375,48406,5095,755,1472,0.369,19.289,7.120
3882895819240,10003653,99.963,99.992,729600,729600,1728000,schedutil,306000000,306000000,1020000000,nvhost_podgov,0,3,,46906,48062,48031,47500,47250,48062,5095,755,1472,0.391,19.284,7.540
3882905799661,9980421,100.196,99.994,729600,729600,1728000,schedutil,306000000,306000000,1020000000,nvhost_podgov,0,3,,47031,48062,47937,47468,47312,48062,5095,755,1472,0.361,19.286,6.660
3882915789394,9989733,100.103,99.995,729600,729600,1728000,schedutil,306000000,306000000,1020000000,nvhost_podgov,0,3,,47031,48312,47906,47406,47281,48312,5095,755,1472,0.371,19.277,7.160
3882925797815,10008421,99.916,99.994,729600,729600,1728000,schedutil,306000000,306000000,1020000000,nvhost_podgov,0,3,,46968,48125,47812,47562,47312,48125,5095,755,1472,0.376,19.284,7.560
3882935807869,10010054,99.900,99.993,729600,729600,1728000,schedutil,306000000,306000000,1020000000,nvhost_podgov,0,3,,47125,48000,47937,47500,47406,48000,5095,755,1472,0.349,19.284,6.720
3882945803458,9995589,100.044,99.994,729600,729600,1728000,schedutil,306000000,306000000,1020000000,nvhost_podgov,0,3,,47062,47968,47906,47406,47343,47968,5135,756,1472,0.369,19.282,7.160
3882955797415,9993957,100.060,99.994,729600,729600,1728000,schedutil,306000000,306000000,1020000000,nvhost_podgov,0,3,,46906,48187,47812,47562,47281,48187,5135,756,1472,0.341,19.282,6.580
3882965788748,9991333,100.087,99.995,729600,729600,1728000,schedutil,306000000,306000000,1020000000,nvhost_podgov,0,3,,46875,48062,47937,47312,47281,48343,5135,756,1472,0.393,19.280,7.040
3882975794897,10006149,99.939,99.995,729600,729600,1728000,schedutil,306000000,306000000,1020000000,nvhost_podgov,0,3,,46968,48250,47906,47375,47312,48250,5135,756,1472,0.339,19.285,6.530
3882985792567,9997670,100.023,99.995,729600,729600,1728000,schedutil,306000000,306000000,1020000000,nvhost_podgov,0,3,,47000,48312,47875,47312,47281,48125,5135,756,1472,0.349,19.275,7.230
3882995795260,10002693,99.973,99.995,729600,729600,1728000,schedutil,306000000,306000000,1020000000,nvhost_podgov,0,3,,46843,48156,48031,47500,47312,48156,5095,756,1472,0.346,19.285,6.680
3883005786305,9991045,100.090,99.995,729600,729600,1728000,schedutil,306000000,306000000,1020000000,nvhost_podgov,0,3,,46812,47968,47875,47437,47312,48187,5095,756,1472,0.391,19.286,7.550
3883015795814,10009509,99.905,99.995,729600,729600,1728000,schedutil,306000000,306000000,1020000000,nvhost_podgov,0,3,,46875,48156,47937,47312,47250,48156,5095,756,1472,0.335,19.285,6.460
3883025794603,9998789,100.012,99.995,729600,729600,1728000,schedutil,306000000,306000000,1020000000,nvhost_podgov,0,3,,46812,47937,48062,47468,47250,48062,5095,756,1472,0.347,19.289,6.710
3883035803729,10009126,99.909,99.994,729600,729600,1728000,schedutil,306000000,306000000,1020000000,nvhost_podgov,0,3,,47156,47968,47843,47343,47281,47968,5095,756,1472,0.400,19.277,7.710
3883045800598,9996869,100.031,99.994,729600,729600,1728000,schedutil,306000000,306000000,1020000000,nvhost_podgov,0,3,,47000,48093,47937,47343,47281,48093,5095,756,1472,0.366,19.286,7.070
3883055795419,9994821,100.052,99.995,729600,729600,1728000,schedutil,306000000,306000000,1020000000,nvhost_podgov,0,3,,46875,48062,47968,47468,47281,48250,5135,756,1472,0.372,19.279,7.180
3883065807584,10012165,99.878,99.994,729600,729600,1728000,schedutil,306000000,306000000,1020000000,nvhost_podgov,0,3,,47062,48312,47937,47437,47343,48312,5135,756,1472,0.349,19.286,6.720
3883075791941,9984357,100.157,99.995,729600,729600,1728000,schedutil,306000000,306000000,1020000000,nvhost_podgov,0,3,,47062,48250,47906,47343,47312,48250,5135,756,1472,0.367,19.282,7.130
3883085809771,10017830,99.822,99.994,729600,729600,1728000,schedutil,306000000,306000000,1020000000,nvhost_podgov,0,3,,46906,48093,47875,47437,47250,48093,5095,755,1472,0.339,19.281,6.530
3883095806928,9997157,100.028,99.994,729600,729600,1728000,schedutil,306000000,306000000,1020000000,nvhost_podgov,0,3,,46875,48000,48062,47343,47281,48156,5095,755,1472,0.356,19.282,7.160
3883105805045,9998117,100.019,99.994,729600,729600,1728000,schedutil,306000000,306000000,1020000000,nvhost_podgov,0,3,,46968,48281,47937,47281,47343,48281,5095,755,1472,0.362,19.286,6.990
3883115795770,9990725,100.093,99.995,729600,729600,1728000,schedutil,306000000,306000000,1020000000,nvhost_podgov,0,3,,46968,48156,47875,47343,47343,48312,5095,755,1472,0.378,19.284,6.710
3883125808768,10012998,99.870,99.994,729600,729600,1728000,schedutil,306000000,306000000,1020000000,nvhost_podgov,0,3,,46781,48375,48000,47500,47281,48375,5095,755,1472,0.333,19.288,6.410
3883135805253,9996485,100.035,99.994,729600,729600,1728000,schedutil,306000000,306000000,1020000000,nvhost_podgov,0,3,,46937,48156,47968,47343,47250,48156,5095,755,1472,0.349,19.288,6.730
3883145807690,10002437,99.976,99.994,729600,729600,1728000,schedutil,306000000,306000000,1020000000,nvhost_podgov,0,3,,47000,48093,47906,47343,47281,48093,5095,756,1472,0.343,19.281,6.600
3883155803887,9996197,100.038,99.995,729600,729600,1728000,schedutil,306000000,306000000,1020000000,nvhost_podgov,0,3,,46875,48281,47906,47500,47250,48281,5095,756,1472,0.351,19.285,6.770
3883165796660,9992773,100.072,99.995,729600,729600,1728000,schedutil,306000000,306000000,1020000000,nvhost_podgov,0,3,,47031,48218,47937,47375,47343,48218,5095,756,1472,0.357,19.279,6.890
3883175810586,10013926,99.861,99.994,729600,729600,1728000,schedutil,306000000,306000000,1020000000,nvhost_podgov,0,3,,46875,48062,47906,47375,47250,48062,5095,756,1472,0.350,19.291,6.750
3883185804479,9993893,100.061,99.995,729600,729600,1728000,schedutil,306000000,306000000,1020000000,nvhost_podgov,0,3,,46906,47937,47937,47500,47281,47937,5095,756,1472,0.365,19.285,7.040
3883195804708,10000229,99.998,99.995,729600,729600,1728000,schedutil,306000000,306000000,1020000000,nvhost_podgov,0,3,,47062,48125,48000,47468,47281,48125,5095,756,1433,0.357,19.282,6.900
3883205806953,10002245,99.978,99.995,729600,729600,1728000,schedutil,306000000,306000000,1020000000,nvhost_podgov,0,3,,47062,48312,47843,47375,47312,48312,5095,756,1433,0.376,19.276,7.260
3883215806734,9999781,100.002,99.995,729600,729600,1728000,schedutil,306000000,306000000,1020000000,nvhost_podgov,0,3,,46843,48312,47875,47500,47187,48312,5095,756,1433,0.345,19.281,6.660
3883225806803,10000069,99.999,99.995,729600,729600,1728000,schedutil,306000000,306000000,1020000000,nvhost_podgov,0,3,,47062,48250,48031,47468,47250,48250,5095,756,1433,0.370,19.282,6.850
3883235805529,9998726,100.013,99.995,729600,729600,1728000,schedutil,306000000,306000000,1020000000,nvhost_podgov,0,3,,46968,48000,47968,47375,47250,48000,5095,756,1433,0.350,19.281,6.750
3883245806654,10001125,99.989,99.995,729600,729600,1728000,schedutil,306000000,306000000,1020000000,nvhost_podgov,0,3,,46781,48031,47843,47531,47250,48156,5095,756,1433,0.350,19.290,6.630
3883255796131,9989477,100.105,99.996,729600,729600,1728000,schedutil,306000000,306000000,1020000000,nvhost_podgov,0,3,,46843,48125,48000,47406,47343,48125,5095,756,1433,0.366,19.282,7.070
3883265806376,10010245,99.898,99.995,729600,729600,1728000,schedutil,306000000,306000000,1020000000,nvhost_podgov,0,3,,46968,48187,47968,47406,47343,47968,5095,756,1433,0.350,19.288,6.600
3883275791629,9985253,100.148,99.996,729600,729600,1728000,schedutil,306000000,306000000,1020000000,nvhost_podgov,0,3,,46968,48312,47875,47531,47250,48312,5095,756,1433,0.366,19.280,7.070
3883285809011,10017382,99.826,99.995,729600,729600,1728000,schedutil,306000000,306000000,1020000000,nvhost_podgov,0,3,,46750,48062,47968,47437,47343,48062,5095,756,1433,0.357,19.288,6.680
3883295805112,9996101,100.039,99.995,729600,729600,1728000,schedutil,306000000,306000000,1020000000,nvhost_podgov,0,3,,47031,48031,47906,47343,47281,48031,5095,756,1433,0.381,19.288,7.350
3883305805181,10000069,99.999,99.995,729600,729600,1728000,schedutil,306000000,306000000,1020000000,nvhost_podgov,0,3,,46843,48250,47937,47375,47343,48250,5095,756,1433,0.345,19.288,6.580
3883315797570,9992389,100.076,99.996,729600,729600,1728000,schedutil,306000000,306000000,1020000000,nvhost_podgov,0,3,,46875,48125,47968,47406,47312,48125,5095,756,1433,0.347,19.284,6.710
3883325805639,10008069,99.919,99.995,729600,729600,1728000,schedutil,306000000,306000000,1020000000,nvhost_podgov,0,3,,47062,48062,47937,47437,47375,48062,5095,756,1433,0.347,19.290,6.710
3883335805357,9999718,100.003,99.995,729600,729600,1728000,schedutil,306000000,306000000,1020000000,nvhost_podgov,0,3,,47031,48062,47843,47312,47281,48125,5095,756,1433,0.354,19.280,6.820
3883345808466,10003109,99.969,99.995,729600,729600,1728000,schedutil,306000000,306000000,1020000000,nvhost_podgov,0,3,,46812,48093,48062,47562,47250,48093,5095,756,1433,0.351,19.285,6.770
3883355807223,9998757,100.012,99.995,729600,729600,1728000,schedutil,306000000,306000000,1020000000,nvhost_podgov,0,3,,47062,48093,47843,47437,47250,48312,5095,756,1433,0.351,19.280,6.770
3883365804956,9997733,100.023,99.995,729600,729600,1728000,schedutil,306000000,306000000,1020000000,nvhost_podgov,0,3,,46906,48312,48000,47375,47312,48312,5095,756,1433,0.360,19.285,6.940
3883375806145,10001189,99.988,99.995,729600,729600,1728000,schedutil,306000000,306000000,1020000000,nvhost_podgov,0,3,,46875,48281,47937,47500,47312,48031,5095,756,1433,0.347,19.286,6.710
3883385792486,9986341,100.137,99.996,729600,729600,1728000,schedutil,306000000,306000000,1020000000,nvhost_podgov,0,3,,46843,48062,47968,47437,47343,48062,5095,756,1433,0.376,19.276,7.260
3883395807468,10014982,99.850,99.995,729600,729600,1728000,schedutil,306000000,306000000,1020000000,nvhost_podgov,0,3,,46906,48031,47968,47343,47250,48093,5095,756,1433,0.364,19.286,6.820
3883405804977,9997509,100.025,99.995,729600,729600,1728000,schedutil,306000000,306000000,1020000000,nvhost_podgov,0,3,,46968,48156,47812,47562,47187,48156,5095,756,1433,0.386,19.282,7.450
3883415809814,10004837,99.952,99.995,729600,729600,1728000,schedutil,306000000,306000000,1020000000,nvhost_podgov,0,3,,46812,47968,48031,47437,47375,48031,5095,756,1433,0.362,19.286,6.550
3883425797787,9987973,100.120,99.996,729600,729600,1728000,schedutil,306000000,306000000,1020000000,nvhost_podgov,0,3,,47062,48093,48000,47375,47406,48093,5095,756,1433,0.355,19.279,6.850
3883435808288,10010501,99.895,99.995,729600,729600,1728000,schedutil,306000000,306000000,1020000000,nvhost_podgov,0,3,,46875,48062,47937,47343,47218,48062,5095,756,1433,0.357,19.290,6.820
3883445807110,9998822,100.012,99.995,729600,729600,1728000,schedutil,306000000,306000000,1020000000,nvhost_podgov,0,3,,47062,48062,48031,47406,47343,48062,5095,756,1433,0.350,19.289,6.750
3883455804459,9997349,100.027,99.996,729600,729600,1728000,schedutil,306000000,306000000,1020000000,nvhost_podgov,0,3,,47062,48281,47937,47375,47281,48281,5055,756,1433,0.347,19.284,6.870
3883465804976,10000517,99.995,99.996,729600,729600,1728000,schedutil,306000000,306000000,1020000000,nvhost_podgov,0,3,,46937,48250,47968,47375,47250,48250,5055,756,1433,0.345,19.286,6.660
3883475806037,10001061,99.989,99.996,729600,729600,1728000,schedutil,306000000,306000000,1020000000,nvhost_podgov,0,3,,46843,48062,47968,47468,47187,48062,5055,756,1433,0.361,19.285,6.960
3883485798586,9992549,100.075,99.996,729600,729600,1728000,schedutil,306000000,306000000,1020000000,nvhost_podgov,0,3,,47031,48062,47937,47437,47312,48062,5055,756,1433,0.338,19.284,6.500
3883495790207,9991621,100.084,99.996,729600,729600,1728000,schedutil,306000000,306000000,1020000000,nvhost_podgov,0,3,,46968,48156,47812,47406,47250,48156,5055,756,1433,0.367,19.289,7.090
3883505795556,10005349,99.947,99.996,729600,729600,1728000,schedutil,306000000,306000000,1020000000,nvhost_podgov,0,3,,46875,48187,47937,47406,47312,48187,5055,756,1433,0.341,19.284,6.580
3883515791914,9996358,100.036,99.996,729600,729600,1728000,schedutil,306000000,306000000,1020000000,nvhost_podgov,0,3,,46968,48250,47937,47437,47312,48250,5055,756,1433,0.396,19.282,7.640
3883525809231,10017317,99.827,99.995,729600,729600,1728000,schedutil,306000000,306000000,1020000000,nvhost_podgov,0,3,,46968,48281,47937,47375,47281,48093,5055,756,1433,0.340,19.286,6.550
3883535796340,9987109,100.129,99.996,729600,729600,1728000,schedutil,306000000,306000000,1020000000,nvhost_podgov,0,3,,46906,48093,47875,47468,47218,48093,5055,756,1433,0.354,19.282,6.820
3883545809625,10013285,99.867,99.995,729600,729600,1728000,schedutil,306000000,306000000,1020000000,nvhost_podgov,0,3,,46843,48156,47906,47375,47375,48156,5055,756,1433,0.364,19.286,7.010
3883555807295,9997670,100.023,99.996,729600,729600,1728000,schedutil,306000000,306000000,1020000000,nvhost_podgov,0,3,,47062,48187,47937,47375,47312,48187,5055,756,1433,0.355,19.286,6.850
3883565792612,9985317,100.147,99.996,729600,729600,1728000,schedutil,306000000,306000000,1020000000,nvhost_podgov,0,3,,46906,48062,47906,47500,47281,48062,5055,756,1433,0.365,19.276,7.040
3883575807369,10014757,99.853,99.996,729600,729600,1728000,schedutil,306000000,306000000,1020000000,nvhost_podgov,0,3,,47062,48000,48000,47437,47406,48000,5055,756,1433,0.345,19.288,6.660
3883585797230,9989861,100.101,99.996,729600,729600,1728000,schedutil,306000000,306000000,1020000000,nvhost_podgov,0,3,,47062,48031,47968,47468,47343,48031,5055,756,1433,0.386,19.280,7.180
3883595810547,10013317,99.867,99.996,729600,729600,1728000,schedutil,306000000,306000000,1020000000,nvhost_podgov,0,3,,46812,48156,47843,47593,47218,48156,5055,756,1433,0.344,19.288,6.630
3883605804280,9993733,100.063,99.996,729600,729600,1728000,schedutil,306000000,306000000,1020000000,nvhost_podgov,0,3,,46968,48250,48000,47468,47250,48250,5055,756,1433,0.362,19.288,7.500
3883615814046,10009766,99.902,99.995,729600,729600,1728000,schedutil,306000000,306000000,1020000000,nvhost_podgov,0,3,,47031,48218,47937,47343,47343,48218,5055,756,1433,0.341,19.284,6.580
3883625792643,9978597,100.214,99.997,729600,729600,1728000,schedutil,306000000,306000000,1020000000,nvhost_podgov,0,3,,46906,48062,47843,47593,47312,48062,5055,756,1433,0.384,19.284,6.710
3883635809704,10017061,99.830,99.996,729600,729600,1728000,schedutil,306000000,306000000,1020000000,nvhost_podgov,0,3,,46812,48031,47937,47406,47250,48031,5055,756,1433,0.340,19.285,6.550
3883645808365,9998661,100.013,99.996,729600,729600,1728000,schedutil,306000000,306000000,1020000000,nvhost_podgov,0,3,,47031,48156,47968,47437,47281,48156,5055,756,1433,0.350,19.288,6.710
3883655809138,10000773,99.992,99.996,729600,729600,1728000,schedutil,306000000,306000000,1020000000,nvhost_podgov,0,3,,47031,48125,47875,47312,47281,48031,5055,756,1433,0.351,19.288,6.770
3883665804664,9995526,100.045,99.996,729600,729600,1728000,schedutil,306000000,306000000,1020000000,nvhost_podgov,0,3,,46781,48312,48031,47500,47312,48312,5055,756,1433,0.351,19.289,6.770
3883675807741,10003077,99.969,99.996,729600,729600,1728000,schedutil,306000000,306000000,1020000000,nvhost_podgov,0,3,,46812,48187,47937,47343,47375,48187,5055,756,1433,0.352,19.284,6.990
3883685796770,9989029,100.110,99.997,729600,729600,1728000,schedutil,306000000,306000000,1020000000,nvhost_podgov,0,3,,46937,48093,47937,47343,47250,48093,5055,756,1433,0.347,19.284,6.710
3883695796231,9999461,100.005,99.997,729600,729600,1728000,schedutil,306000000,306000000,1020000000,nvhost_podgov,0,3,,46906,48218,47812,47531,47218,48218,5055,756,1433,0.367,19.279,7.160
3883705801740,10005509,99.945,99.996,729600,729600,1728000,schedutil,306000000,306000000,1020000000,nvhost_podgov,0,3,,47062,48125,48000,47468,47312,48125,5055,756,1433,0.349,19.286,6.720
3883715806033,10004293,99.957,99.996,729600,729600,1728000,schedutil,306000000,306000000,1020000000,nvhost_podgov,0,3,,47031,48031,47937,47406,47343,48031,5055,756,1433,0.375,19.280,7.230
3883725806167,10000134,99.999,99.996,729600,729600,1728000,schedutil,306000000,306000000,1020000000,nvhost_podgov,0,3,,46906,48031,47843,47531,47312,48031,5055,716,1433,0.343,19.288,6.600
3883735797020,9990853,100.092,99.997,729600,729600,1728000,schedutil,306000000,306000000,1020000000,nvhost_podgov,0,3,,47062,48093,48000,47437,47312,48093,5055,716,1433,0.371,19.279,7.160
3883745806561,10009541,99.905,99.996,729600,729600,1728000,schedutil,306000000,306000000,1020000000,nvhost_podgov,0,3,,47031,48156,48000,47281,47312,48156,5055,756,1433,0.340,19.286,6.550
3883755807910,10001349,99.987,99.996,729600,729600,1728000,schedutil,306000000,306000000,1020000000,nvhost_podgov,0,3,,46906,48281,47843,47343,47250,48281,5055,756,1433,0.354,19.285,6.530
3883765805451,9997541,100.025,99.996,729600,729600,1728000,schedutil,306000000,306000000,1020000000,nvhost_podgov,0,3,,46937,48281,47968,47437,47312,48062,5055,756,1433,0.345,19.281,6.660
3883775797040,9991589,100.084,99.997,729600,729600,1728000,schedutil,306000000,306000000,1020000000,nvhost_podgov,0,3,,47000,48000,47937,47406,47281,48000,5055,756,1433,0.356,19.290,6.550
3883785792501,9995461,100.045,99.997,729600,729600,1728000,schedutil,306000000,306000000,1020000000,nvhost_podgov,0,3,,46937,48125,47968,47343,47312,48218,5055,756,1433,0.380,19.276,7.320
3883795808955,10016454,99.836,99.996,729600,729600,1728000,schedutil,306000000,306000000,1020000000,nvhost_podgov,0,3,,46812,48156,48062,47343,47250,48156,5055,756,1433,0.352,19.290,6.580
3883805802432,9993477,100.065,99.996,729600,729600,1728000,schedutil,306000000,306000000,1020000000,nvhost_podgov,0,3,,46843,48125,48000,47343,47312,48031,5055,756,1433,0.380,19.284,7.320
3883815797253,9994821,100.052,99.997,729600,729600,1728000,schedutil,306000000,306000000,1020000000,nvhost_podgov,0,3,,46875,48000,47875,47343,47312,48000,5055,716,1433,0.356,19.289,6.440
3883825789002,9991749,100.083,99.997,729600,729600,1728000,schedutil,306000000,306000000,1020000000,nvhost_podgov,0,3,,46875,48093,47906,47437,47343,48093,5055,716,1433,0.367,19.282,6.550
3883835796175,10007173,99.928,99.997,729600,729600,1728000,schedutil,306000000,306000000,1020000000,nvhost_podgov,0,3,,47031,48156,47968,47375,47343,48156,5055,716,1433,0.347,19.289,6.710
3883845800917,10004742,99.953,99.997,729600,729600,1728000,schedutil,306000000,306000000,1020000000,nvhost_podgov,0,3,,47062,48312,47937,47343,47218,48312,5055,716,1433,0.375,19.280,7.230
3883855807354,10006437,99.936,99.996,729600,729600,1728000,schedutil,306000000,306000000,1020000000,nvhost_podgov,0,3,,47000,48218,47937,47468,47250,48218,5055,756,1433,0.463,19.274,8.910
3883865812831,10005477,99.945,99.996,729600,729600,1728000,schedutil,306000000,306000000,1020000000,nvhost_podgov,0,3,,47156,48062,47968,47406,47406,48062,5055,756,1433,0.378,19.281,7.280
3883875791524,9978693,100.214,99.997,729600,729600,1728000,schedutil,306000000,306000000,1020000000,nvhost_podgov,0,3,,47187,48031,47937,47375,47312,48031,5055,756,1433,0.407,19.284,7.860
3883885794793,10003269,99.967,99.997,729600,729600,1728000,schedutil,306000000,306000000,1020000000,nvhost_podgov,0,3,,46843,48156,47843,47468,47312,48156,5095,756,1433,0.366,19.281,7.070
3883895811087,10016294,99.837,99.996,729600,729600,1728000,schedutil,306000000,306000000,1020000000,nvhost_podgov,0,3,,46906,48156,47968,47468,47281,48156,5095,756,1433,0.412,19.277,7.950
3883905800500,9989413,100.106,99.997,729600,729600,1728000,schedutil,306000000,306000000,1020000000,nvhost_podgov,0,3,,47062,48312,47937,47375,47312,48312,5095,756,1433,0.384,19.281,7.100
3883915795417,9994917,100.051,99.997,729600,729600,1728000,schedutil,306000000,306000000,1020000000,nvhost_podgov,0,3,,46968,48250,47875,47375,47281,48093,5095,756,1433,0.380,19.276,7.320
3883925809246,10013829,99.862,99.996,729600,729600,1728000,schedutil,306000000,306000000,1020000000,nvhost_podgov,0,3,,46843,48062,47968,47468,47250,48062,5095,756,1433,0.367,19.281,7.130
3883935808548,9999302,100.007,99.996,729600,729600,1728000,schedutil,306000000,306000000,1020000000,nvhost_podgov,0,3,,46968,48062,47906,47312,47281,48187,5095,756,1433,0.367,19.279,7.090
3883945804425,9995877,100.041,99.997,729600,729600,1728000,schedutil,306000000,306000000,1020000000,nvhost_podgov,0,3,,46843,48156,47812,47312,47250,48156,5095,756,1433,0.375,19.276,7.230
3883955807726,10003301,99.967,99.996,729600,729600,1728000,schedutil,306000000,306000000,1020000000,nvhost_podgov,0,3,,46843,48031,48000,47437,47250,48031,5055,756,1433,0.360,19.280,6.940
3883965792115,9984389,100.156,99.997,729600,729600,1728000,schedutil,306000000,306000000,1020000000,nvhost_podgov,0,3,,47156,48000,47937,47375,47375,48000,5055,756,1433,0.404,19.280,7.780
3883975809944,10017829,99.822,99.996,729600,729600,1728000,schedutil,306000000,306000000,1020000000,nvhost_podgov,0,3,,46937,48062,47875,47406,47343,48062,5055,756,1433,0.359,19.282,6.910
3883985812990,10003046,99.970,99.996,729600,729600,1728000,schedutil,306000000,306000000,1020000000,nvhost_podgov,0,3,,46875,48093,48062,47406,47250,48093,5055,756,1433,0.371,19.274,7.780
3883995810563,9997573,100.024,99.996,729600,729600,1728000,schedutil,306000000,306000000,1020000000,nvhost_podgov,0,3,,47093,48250,48000,47406,47312,48250,5055,756,1433,0.398,19.282,7.070
3884005791623,9981060,100.190,99.997,729600,729600,1728000,schedutil,306000000,306000000,1020000000,nvhost_podgov,0,3,,47062,48187,47875,47312,47406,48187,5055,756,1433,0.412,19.271,7.160
3884015810445,10018822,99.812,99.996,729600,729600,1728000,schedutil,306000000,306000000,1020000000,nvhost_podgov,0,3,,46968,47968,47906,47562,47343,47968,5055,756,1433,0.360,19.280,6.940
3884025806066,9995621,100.044,99.997,729600,729600,1728000,schedutil,306000000,306000000,1020000000,nvhost_podgov,0,3,,47062,48062,48000,47406,47312,48062,5055,756,1433,0.372,19.280,7.180
3884035806743,10000677,99.993,99.997,729600,729600,1728000,schedutil,306000000,306000000,1020000000,nvhost_podgov,0,3,,47000,48250,47906,47437,47312,48250,5055,756,1433,0.384,19.284,7.740
3884045806812,10000069,99.999,99.997,729600,729600,1728000,schedutil,306000000,306000000,1020000000,nvhost_podgov,0,3,,46875,48125,47812,47531,47281,48031,5055,756,1433,0.416,19.271,8.030
3884055797569,9990757,100.093,99.997,729600,729600,1728000,schedutil,306000000,306000000,1020000000,nvhost_podgov,0,3,,46843,48312,48000,47406,47375,48312,5055,756,1433,0.388,19.273,7.460
3884065795143,9997574,100.024,99.997,729600,729600,1728000,schedutil,306000000,306000000,1020000000,nvhost_podgov,0,3,,47000,48312,47968,47437,47343,48125,5095,756,1472,0.366,19.276,7.070
3884075794156,9999013,100.010,99.997,729600,729600,1728000,schedutil,306000000,306000000,1020000000,nvhost_podgov,0,3,,46843,48000,47875,47375,47250,48000,5095,756,1472,0.393,19.276,7.210
3884085796625,10002469,99.975,99.997,729600,729600,1728000,schedutil,306000000,306000000,1020000000,nvhost_podgov,0,3,,46843,48062,47937,47500,47250,48250,5095,756,1433,0.361,19.279,6.960
3884095786582,9989957,100.101,99.998,729600,729600,1728000,schedutil,306000000,306000000,1020000000,nvhost_podgov,0,3,,46781,48250,47906,47375,47281,48000,5095,756,1433,0.403,19.271,7.760
3884105795643,10009061,99.909,99.997,729600,729600,1728000,schedutil,306000000,306000000,1020000000,nvhost_podgov,0,3,,46875,48000,47843,47312,47312,48000,5095,756,1433,0.365,19.281,7.040
3884115793088,9997445,100.026,99.997,729600,729600,1728000,schedutil,306000000,306000000,1020000000,nvhost_podgov,0,3,,46843,48031,48000,47562,47281,48031,5095,756,1433,0.385,19.280,7.420
3884125797606,10004518,99.955,99.997,729600,729600,1728000,schedutil,306000000,306000000,1020000000,nvhost_podgov,0,3,,47062,48187,48031,47437,47312,48187,5095,756,1433,0.376,19.284,7.260
3884135794155,9996549,100.035,99.997,729600,729600,1728000,schedutil,306000000,306000000,1020000000,nvhost_podgov,0,3,,46968,48281,48031,47343,47343,48281,5095,756,1433,0.379,19.281,7.310
3884145791536,9997381,100.026,99.997,729600,729600,1728000,schedutil,306000000,306000000,1020000000,nvhost_podgov,0,3,,46843,48312,47875,47562,47312,48312,5095,756,1433,0.394,19.282,7.590
3884155795413,10003877,99.961,99.997,729600,729600,1728000,schedutil,306000000,306000000,1020000000,nvhost_podgov,0,3,,47125,48312,47968,47406,47406,48312,5095,756,1433,0.375,19.284,6.940
3884165790938,9995525,100.045,99.997,729600,729600,1728000,schedutil,306000000,306000000,1020000000,nvhost_podgov,0,3,,47000,48062,47906,47343,47250,48062,5095,756,1433,0.390,19.277,7.510
3884175795040,10004102,99.959,99.997,729600,729600,1728000,schedutil,306000000,306000000,1020000000,nvhost_podgov,0,3,,46875,48062,47906,47468,47281,48062,5095,756,1433,0.372,19.281,7.180
3884185792869,9997829,100.022,99.997,729600,729600,1728000,schedutil,306000000,306000000,1020000000,nvhost_podgov,0,3,,46906,48187,47875,47375,47343,48187,5095,756,1433,0.399,19.276,7.690
3884195796010,10003141,99.969,99.997,729600,729600,1728000,schedutil,306000000,306000000,1020000000,nvhost_podgov,0,3,,47000,48187,47968,47343,47281,47968,5095,756,1433,0.367,19.281,7.090
3884205786959,9990949,100.091,99.998,729600,729600,1728000,schedutil,306000000,306000000,1020000000,nvhost_podgov,0,3,,46875,48375,47906,47500,47281,48375,5095,756,1433,0.391,19.275,7.400
3884215807861,10020902,99.791,99.997,729600,729600,1728000,schedutil,306000000,306000000,1020000000,nvhost_podgov,0,3,,46843,48093,48062,47468,47187,48093,5055,756,1433,0.366,19.279,7.070
3884225807418,9999557,100.004,99.997,729600,729600,1728000,schedutil,306000000,306000000,1020000000,nvhost_podgov,0,3,,46906,48125,48031,47375,47281,48125,5055,756,1433,0.384,19.284,7.130
3884235807359,9999941,100.001,99.997,729600,729600,1728000,schedutil,306000000,306000000,1020000000,nvhost_podgov,0,3,,46875,48250,47843,47375,47343,48250,5055,756,1433,0.359,19.281,6.910
3884245803972,9996613,100.034,99.997,729600,729600,1728000,schedutil,306000000,306000000,1020000000,nvhost_podgov,0,3,,46875,48281,48031,47406,47281,48093,5055,756,1433,0.380,19.285,7.330
3884255804361,10000389,99.996,99.997,729600,729600,1728000,schedutil,306000000,306000000,1020000000,nvhost_podgov,0,3,,47062,48031,47968,47406,47312,48031,5055,756,1433,0.385,19.281,7.420
3884265806798,10002437,99.976,99.997,729600,729600,1728000,schedutil,306000000,306000000,1020000000,nvhost_podgov,0,3,,46937,48031,47906,47343,47281,48031,5055,756,1433,0.372,19.281,6.940
3884275798387,9991589,100.084,99.997,729600,729600,1728000,schedutil,306000000,306000000,1020000000,nvhost_podgov,0,3,,46906,48125,47937,47468,47281,48125,5055,756,1433,0.386,19.274,7.450
3884285801177,10002790,99.972,99.997,729600,729600,1728000,schedutil,306000000,306000000,1020000000,nvhost_podgov,0,3,,47062,48125,47968,47375,47343,48125,5055,756,1433,0.370,19.281,7.090
3884295790622,9989445,100.106,99.998,729600,729600,1728000,schedutil,306000000,306000000,1020000000,nvhost_podgov,0,3,,47031,48281,47906,47312,47250,48281,5055,756,1433,0.390,19.269,7.510
3884305805219,10014597,99.854,99.997,729600,729600,1728000,schedutil,306000000,306000000,1020000000,nvhost_podgov,0,3,,46875,48312,47906,47500,47281,48312,5055,756,1433,0.369,19.284,6.990
3884315803976,9998757,100.012,99.997,729600,729600,1728000,schedutil,306000000,306000000,1020000000,nvhost_podgov,0,3,,47062,48031,47937,47375,47281,48031,5055,756,1433,0.385,19.274,7.420
3884325807182,10003206,99.968,99.997,729600,729600,1728000,schedutil,306000000,306000000,1020000000,nvhost_podgov,0,3,,47000,48062,47937,47343,47312,48156,5055,756,1433,0.362,19.282,6.990
3884335798227,9991045,100.090,99.997,729600,729600,1728000,schedutil,306000000,306000000,1020000000,nvhost_podgov,0,3,,46812,48218,47937,47437,47312,48218,5055,756,1433,0.370,19.275,7.130
3884345807032,10008805,99.912,99.997,729600,729600,1728000,schedutil,306000000,306000000,1020000000,nvhost_podgov,0,3,,46875,48156,48000,47343,47343,48000,5055,756,1433,0.361,19.288,6.960
3884355807133,10000101,99.999,99.997,729600,729600,1728000,schedutil,306000000,306000000,1020000000,nvhost_podgov,0,3,,46968,48062,47875,47437,47281,48062,5055,756,1433,0.366,19.279,7.070
3884365805346,9998213,100.018,99.997,729600,729600,1728000,schedutil,306000000,306000000,1020000000,nvhost_podgov,0,3,,46968,48093,47875,47531,47250,48093,5055,756,1433,0.385,19.276,7.420
3884375809064,10003718,99.963,99.997,729600,729600,1728000,schedutil,306000000,306000000,1020000000,nvhost_podgov,0,3,,47093,48187,48062,47437,47250,48187,5055,756,1433,0.378,19.282,6.990
3884385791372,9982308,100.177,99.998,729600,729600,1728000,schedutil,306000000,306000000,1020000000,nvhost_podgov,0,3,,47125,48312,47906,47468,47343,48312,5055,756,1433,0.393,19.285,7.560
3884395808242,10016870,99.832,99.997,729600,729600,1728000,schedutil,306000000,306000000,1020000000,nvhost_podgov,0,3,,46906,48218,47937,47531,47281,48218,5055,756,1433,0.378,19.281,7.070
3884405805847,9997605,100.024,99.997,729600,729600,1728000,schedutil,306000000,306000000,1020000000,nvhost_podgov,0,3,,46875,47968,48000,47500,47250,48000,5055,756,1433,0.403,19.281,7.760
3884415808604,10002757,99.972,99.997,729600,729600,1728000,schedutil,306000000,306000000,1020000000,nvhost_podgov,0,3,,47031,47937,47968,47375,47250,47968,5055,756,1433,0.385,19.282,6.990
3884425787905,9979301,100.207,99.998,729600,729600,1728000,schedutil,306000000,306000000,1020000000,nvhost_podgov,0,3,,46968,48187,47968,47343,47281,48187,5055,756,1433,0.376,19.273,7.260
3884435809639,10021734,99.783,99.997,729600,729600,1728000,schedutil,306000000,306000000,1020000000,nvhost_podgov,0,3,,46875,48125,48062,47437,47250,48125,5055,756,1433,0.370,19.281,7.370
3884445806764,9997125,100.029,99.997,729600,729600,1728000,schedutil,306000000,306000000,1020000000,nvhost_podgov,0,3,,47000,48312,47937,47437,47375,48312,5055,756,1433,0.370,19.280,7.130
3884455799825,9993061,100.069,99.997,729600,729600,1728000,schedutil,306000000,306000000,1020000000,nvhost_podgov,0,3,,47000,48312,47906,47312,47312,48062,5055,756,1433,0.365,19.270,7.490
3884465807062,10007237,99.928,99.997,729600,729600,1728000,schedutil,306000000,306000000,1020000000,nvhost_podgov,0,3,,46906,48125,47906,47468,47281,48125,5055,756,1433,0.364,19.277,7.010
3884475805691,9998629,100.014,99.997,729600,729600,1728000,schedutil,306000000,306000000,1020000000,nvhost_podgov,0,3,,46968,48093,48031,47375,47312,48312,5055,756,1433,0.378,19.282,7.280
3884485798144,9992453,100.076,99.997,729600,729600,1728000,schedutil,306000000,306000000,1020000000,nvhost_podgov,0,3,,46968,48250,47968,47343,47218,48250,5055,756,1433,0.361,19.282,6.960
3884495794501,9996357,100.036,99.998,729600,729600,1728000,schedutil,306000000,306000000,1020000000,nvhost_podgov,0,3,,46937,48062,47843,47531,47312,48062,5055,756,1433,0.391,19.279,7.540
3884505799179,10004678,99.953,99.997,729600,729600,1728000,schedutil,306000000,306000000,1020000000,nvhost_podgov,0,3,,46843,48062,48031,47406,47343,48062,5055,756,1433,0.360,19.280,6.940
3884515792752,9993573,100.064,99.998,729600,729600,1728000,schedutil,306000000,306000000,1020000000,nvhost_podgov,0,3,,47062,48125,47906,47406,47250,48125,5055,756,1433,0.386,19.273,7.450
3884525794229,10001477,99.985,99.998,729600,729600,1728000,schedutil,306000000,306000000,1020000000,nvhost_podgov,0,3,,46875,48187,47906,47312,47281,48187,5055,756,1433,0.357,19.285,6.900
3884535786458,9992229,100.078,99.998,729600,729600,1728000,schedutil,306000000,306000000,1020000000,nvhost_podgov,0,3,,47031,48312,48031,47437,47375,48312,5055,756,1433,0.401,19.277,6.940
3884545794655,10008197,99.918,99.998,729600,729600,1728000,schedutil,306000000,306000000,1020000000,nvhost_podgov,0,3,,47093,48281,47968,47343,47312,48281,5055,756,1433,0.365,19.284,7.040
3884555792772,9998117,100.019,99.998,729600,729600,1728000,schedutil,306000000,306000000,1020000000,nvhost_podgov,0,3,,46968,48093,47937,47343,47343,48093,5055,756,1433,0.371,19.279,7.160
3884565793545,10000773,99.992,99.998,729600,729600,1728000,schedutil,306000000,306000000,1020000000,nvhost_podgov,0,3,,46843,48062,48062,47375,47250,48062,5055,756,1433,0.385,19.280,7.640
3884575794607,10001062,99.989,99.998,729600,729600,1728000,schedutil,306000000,306000000,1020000000,nvhost_podgov,0,3,,47062,48125,48031,47312,47312,48125,5055,756,1433,0.355,19.280,6.850
3884585805908,10011301,99.887,99.997,729600,729600,1728000,schedutil,306000000,306000000,1020000000,nvhost_podgov,0,3,,47031,48062,47875,47281,47250,48031,5055,756,1433,0.374,19.274,7.710
3884595790489,9984581,100.154,99.998,729600,729600,1728000,schedutil,306000000,306000000,1020000000,nvhost_podgov,0,3,,46906,48406,47906,47437,47250,48406,5055,756,1433,0.374,19.280,7.210
3884605795934,10005445,99.946,99.998,729600,729600,1728000,schedutil,306000000,306000000,1020000000,nvhost_podgov,0,3,,46906,48406,48000,47437,47281,48031,5055,756,1433,0.378,19.285,7.450
3884615793763,9997829,100.022,99.998,729600,729600,1728000,schedutil,306000000,306000000,1020000000,nvhost_podgov,0,3,,46906,48187,47937,47250,47312,48187,5055,756,1433,0.361,19.277,6.960
3884625792104,9998341,100.017,99.998,729600,729600,1728000,schedutil,306000000,306000000,1020000000,nvhost_podgov,0,3,,46843,48218,47875,47500,47312,48218,5055,756,1433,0.396,19.276,7.640
3884635796142,10004038,99.960,99.998,729600,729600,1728000,schedutil,306000000,306000000,1020000000,nvhost_podgov,0,3,,46875,48281,48062,47468,47343,48281,5055,756,1433,0.361,19.282,6.960
3884645793587,9997445,100.026,99.998,729600,729600,1728000,schedutil,306000000,306000000,1020000000,nvhost_podgov,0,3,,47062,48093,47906,47437,47343,48093,5055,756,1433,0.383,19.274,7.370
3884655795576,10001989,99.980,99.998,729600,729600,1728000,schedutil,306000000,306000000,1020000000,nvhost_podgov,0,3,,46875,48125,47812,47500,47281,48125,5055,756,1433,0.357,19.280,6.890
3884665794621,9999045,100.010,99.998,729600,729600,1728000,schedutil,306000000,306000000,1020000000,nvhost_podgov,0,3,,47062,48062,47968,47531,47281,48062,5055,756,1433,0.378,19.281,7.270
3884675797922,10003301,99.967,99.998,729600,729600,1728000,schedutil,306000000,306000000,1020000000,nvhost_podgov,0,3,,47156,48062,47906,47375,47343,48062,5055,755,1433,0.415,19.284,8.000
3884685793927,9996005,100.040,99.998,729600,729600,1728000,schedutil,306000000,306000000,1020000000,nvhost_podgov,0,3,,46843,48312,47906,47437,47250,48312,5055,755,1433,0.371,19.280,7.160
3884695788813,9994886,100.051,99.998,729600,729600,1728000,schedutil,306000000,306000000,1020000000,nvhost_podgov,0,3,,47000,48312,48031,47531,47250,48156,5055,755,1433,0.374,19.274,7.560
3884705795154,10006341,99.937,99.998,729600,729600,1728000,schedutil,306000000,306000000,1020000000,nvhost_podgov,0,3,,47062,48093,47906,47406,47281,48093,5055,755,1433,0.367,19.281,7.090
3884715793847,9998693,100.013,99.998,729600,729600,1728000,schedutil,306000000,306000000,1020000000,nvhost_podgov,0,3,,46937,48156,47875,47562,47218,48187,5055,755,1433,0.384,19.280,7.780
3884725793404,9999557,100.004,99.998,729600,729600,1728000,schedutil,306000000,306000000,1020000000,nvhost_podgov,0,3,,46843,48125,47968,47468,47281,48125,5055,756,1433,0.362,19.277,6.990
3884735793793,10000389,99.996,99.998,729600,729600,1728000,schedutil,306000000,306000000,1020000000,nvhost_podgov,0,3,,47000,48093,47968,47406,47312,47968,5055,756,1433,0.380,19.280,7.500
3884745792742,9998949,100.011,99.998,729600,729600,1728000,schedutil,306000000,306000000,1020000000,nvhost_podgov,0,3,,46937,48000,47875,47343,47250,48000,5055,715,1433,0.360,19.280,6.940
3884755794636,10001894,99.981,99.998,729600,729600,1728000,schedutil,306000000,306000000,1020000000,nvhost_podgov,0,3,,46906,48062,48000,47562,47343,48062,5055,715,1433,0.384,19.275,7.490
3884765797329,10002693,99.973,99.998,729600,729600,1728000,schedutil,306000000,306000000,1020000000,nvhost_podgov,0,3,,46812,48125,48031,47437,47406,48125,5055,716,1433,0.367,19.280,7.090
3884775788374,9991045,100.090,99.998,729600,729600,1728000,schedutil,306000000,306000000,1020000000,nvhost_podgov,0,3,,46906,48281,47937,47406,47375,48281,5055,716,1433,0.396,19.281,6.910
3884785795995,10007621,99.924,99.998,729600,729600,1728000,schedutil,306000000,306000000,1020000000,nvhost_podgov,0,3,,46843,48187,47906,47562,47343,48187,5055,756,1433,0.362,19.281,6.990
3884795793792,9997797,100.022,99.998,729600,729600,1728000,schedutil,306000000,306000000,1020000000,nvhost_podgov,0,3,,47062,48031,47937,47468,47343,48031,5055,756,1433,0.374,19.282,6.990
3884805793062,9999270,100.007,99.998,729600,729600,1728000,schedutil,306000000,306000000,1020000000,nvhost_podgov,0,3,,47062,47937,47906,47343,47281,47937,5055,756,1433,0.366,19.277,7.070
3884815794507,10001445,99.986,99.998,729600,729600,1728000,schedutil,306000000,306000000,1020000000,nvhost_podgov,0,3,,46937,48125,47906,47625,47343,48125,5055,755,1433,0.372,19.281,7.180
3884825788496,9993989,100.060,99.998,729600,729600,1728000,schedutil,306000000,306000000,1020000000,nvhost_podgov,0,3,,47125,48187,47968,47406,47281,48187,5055,755,1433,0.388,19.276,7.480
3884835848054,10059558,99.408,99.996,729600,729600,1728000,schedutil,306000000,306000000,1020000000,nvhost_podgov,0,3,,47031,48312,47843,47468,47375,48312,5055,755,1433,0.378,19.279,7.280
3884845794970,9946916,100.534,99.998,729600,729600,1728000,schedutil,306000000,306000000,1020000000,nvhost_podgov,0,3,,46843,48312,47875,47281,47375,48312,5055,755,1433,0.399,19.277,7.690
3884855796223,10001253,99.987,99.998,729600,729600,1728000,schedutil,306000000,306000000,1020000000,nvhost_podgov,0,3,,46812,48062,48000,47437,47281,48062,5055,716,1433,0.378,19.285,7.280
3884865786468,9990245,100.098,99.998,729600,729600,1728000,schedutil,306000000,306000000,1020000000,nvhost_podgov,0,3,,47000,48093,47937,47437,47312,48093,5055,716,1433,0.372,19.273,7.180
3884875797642,10011174,99.888,99.998,729600,729600,1728000,schedutil,306000000,306000000,1020000000,nvhost_podgov,0,3,,46968,48250,47906,47343,47312,48250,5055,715,1433,0.370,19.279,7.130
3884885795407,9997765,100.022,99.998,729600,729600,1728000,schedutil,306000000,306000000,1020000000,nvhost_podgov,0,3,,46875,48187,48062,47531,47250,48062,5055,715,1433,0.381,19.280,7.260
3884895794580,9999173,100.008,99.998,729600,729600,1728000,schedutil,306000000,306000000,1020000000,nvhost_podgov,0,3,,46843,48000,47968,47375,47343,48000,5055,715,1433,0.376,19.279,7.260
3884905815738,10021158,99.789,99.997,729600,729600,1728000,schedutil,306000000,306000000,1020000000,nvhost_podgov,0,3,,46906,48093,48000,47437,47250,48093,5055,715,1433,0.405,19.274,7.810
3884915811039,9995301,100.047,99.997,729600,729600,1728000,schedutil,306000000,306000000,1020000000,nvhost_podgov,0,3,,46937,48093,47937,47500,47343,48093,5055,715,1433,0.435,19.273,8.380
3884925797892,9986853,100.132,99.998,729600,729600,1728000,schedutil,306000000,306000000,1020000000,nvhost_podgov,0,3,,47062,48250,47937,47406,47375,48250,5055,756,1433,0.396,19.282,7.480
3884935812393,10014501,99.855,99.997,729600,729600,1728000,schedutil,306000000,306000000,1020000000,nvhost_podgov,0,3,,47031,48218,47937,47312,47218,48218,5055,756,1433,0.399,19.274,7.680
3884945795342,9982949,100.171,99.998,729600,729600,1728000,schedutil,306000000,306000000,1020000000,nvhost_podgov,0,3,,47000,48093,47875,47531,47312,48093,5095,756,1433,0.395,19.277,7.670
3884955789939,9994597,100.054,99.998,729600,729600,1728000,schedutil,306000000,306000000,1020000000,nvhost_podgov,0,3,,47156,48093,47906,47437,47312,48093,5095,756,1433,0.446,19.261,8.600
3884965792824,10002885,99.971,99.998,729600,729600,1728000,schedutil,306000000,306000000,1020000000,nvhost_podgov,0,3,,47187,48125,47968,47375,47250,48125,5135,796,1472,0.414,19.273,7.860
3884975789117,9996293,100.037,99.998,729600,729600,1728000,schedutil,306000000,306000000,1020000000,nvhost_podgov,0,3,,47062,48125,47906,47375,47375,48062,5135,796,1472,0.406,19.266,7.820
3884985790467,10001350,99.987,99.998,729600,729600,1728000,schedutil,306000000,306000000,1020000000,nvhost_podgov,0,3,,47156,48406,48031,47468,47343,48406,5175,835,1472,0.435,19.265,8.790
3884995789832,9999365,100.006,99.998,729600,729600,1728000,schedutil,306000000,306000000,1020000000,nvhost_podgov,0,3,,47218,48312,48000,47343,47343,48187,5175,835,1472,0.444,19.264,8.550
3885005799693,10009861,99.901,99.998,729600,729600,1728000,schedutil,306000000,306000000,1020000000,nvhost_podgov,0,3,,47281,48187,47906,47593,47281,48187,5214,875,1472,0.465,19.261,8.960
3885015797682,9997989,100.020,99.998,729600,729600,1728000,schedutil,306000000,306000000,1020000000,nvhost_podgov,0,3,,47125,48281,48062,47531,47375,48281,5214,875,1472,0.395,19.273,7.620
3885025788183,9990501,100.095,99.998,729600,729600,1728000,schedutil,306000000,306000000,1020000000,nvhost_podgov,0,3,,47125,48218,47937,47406,47343,48218,5214,875,1472,0.417,19.273,8.050
3885035799581,10011398,99.886,99.998,729600,729600,1728000,schedutil,306000000,306000000,1020000000,nvhost_podgov,0,3,,47000,48031,47843,47281,47312,48031,5254,875,1472,0.399,19.274,7.510
3885045798498,9998917,100.011,99.998,729600,729600,1728000,schedutil,306000000,306000000,1020000000,nvhost_podgov,0,3,,46906,48031,47906,47468,47406,48031,5254,875,1472,0.417,19.276,8.050
3885055815943,10017445,99.826,99.997,729600,729600,1728000,schedutil,306000000,306000000,1020000000,nvhost_podgov,0,3,,47156,48187,47968,47437,47343,48187,5254,875,1472,0.427,19.267,8.240
3885065810860,9994917,100.051,99.998,1267200,729600,1728000,schedutil,306000000,306000000,1020000000,nvhost_podgov,0,3,,47125,48062,47937,47343,47406,48062,5254,875,1472,0.424,19.266,8.170
3885075794577,9983717,100.163,99.998,1190400,729600,1728000,schedutil,306000000,306000000,1020000000,nvhost_podgov,0,3,,47093,48343,47937,47593,47312,48343,5294,875,1472,0.425,19.275,8.490
3885085796086,10001509,99.985,99.998,1344000,729600,1728000,schedutil,306000000,306000000,1020000000,nvhost_podgov,0,3,,47218,48312,48031,47437,47406,48312,5294,875,1472,0.395,19.262,7.600
3885095807196,10011110,99.889,99.998,1344000,729600,1728000,schedutil,306000000,306000000,1020000000,nvhost_podgov,0,3,,47156,48062,47843,47468,47312,48062,5294,875,1472,0.453,19.271,7.860
3885105809377,10002181,99.978,99.998,1420800,729600,1728000,schedutil,306000000,306000000,1020000000,nvhost_podgov,0,3,,47125,48093,47937,47656,47281,48093,5334,915,1472,0.412,19.267,7.950
3885115797382,9988005,100.120,99.998,1267200,729600,1728000,schedutil,306000000,306000000,1020000000,nvhost_podgov,0,3,,47187,48187,48031,47468,47375,48187,5334,915,1472,0.446,19.264,8.600
3885125811723,10014341,99.857,99.998,1113600,729600,1728000,schedutil,306000000,306000000,1020000000,nvhost_podgov,0,3,,47187,48218,47968,47437,47343,48062,5334,915,1472,0.393,19.275,7.560
3885135802256,9990533,100.095,99.998,1036800,729600,1728000,schedutil,306000000,306000000,1020000000,nvhost_podgov,0,3,,47062,48406,48000,47406,47343,48093,5334,915,1472,0.396,19.276,7.620
3885145793781,9991525,100.085,99.998,883200,729600,1728000,schedutil,306000000,306000000,1020000000,nvhost_podgov,0,3,,47000,48312,48031,47437,47375,48062,5334,915,1472,0.407,19.260,8.420
3885155805435,10011654,99.884,99.998,806400,729600,1728000,schedutil,306000000,306000000,1020000000,nvhost_podgov,0,3,,47125,48156,47937,47437,47343,48156,5374,955,1472,0.404,19.275,7.780
3885165797312,9991877,100.081,99.998,729600,729600,1728000,schedutil,306000000,306000000,1020000000,nvhost_podgov,0,3,,47031,48281,47875,47562,47343,48281,5374,955,1472,0.395,19.256,7.770
3885175803973,10006661,99.933,99.998,806400,729600,1728000,schedutil,306000000,306000000,1020000000,nvhost_podgov,0,3,,46968,48343,48031,47437,47312,48343,5374,955,1472,0.391,19.276,7.540
3885185798602,9994629,100.054,99.998,729600,729600,1728000,schedutil,306000000,306000000,1020000000,nvhost_podgov,0,3,,47125,48062,47937,47437,47375,48062,5374,955,1472,0.391,19.275,7.540
3885195804687,10006085,99.939,99.998,729600,729600,1728000,schedutil,306000000,306000000,1020000000,nvhost_podgov,0,3,,47062,48062,48000,47375,47281,48093,5374,955,1472,0.390,19.269,7.510
3885205798260,9993573,100.064,99.998,729600,729600,1728000,schedutil,306000000,306000000,1020000000,nvhost_podgov,0,3,,47000,48125,48062,47437,47343,48125,5374,955,1472,0.378,19.281,6.960
3885215786809,9988549,100.115,99.998,729600,729600,1728000,schedutil,306000000,306000000,1020000000,nvhost_podgov,0,3,,47156,48125,47906,47343,47312,48125,5374,955,1472,0.391,19.271,7.540
3885225795231,10008422,99.916,99.998,729600,729600,1728000,schedutil,306000000,306000000,1020000000,nvhost_podgov,0,3,,47062,48343,47937,47375,47312,48343,5374,955,1472,0.371,19.284,6.990
3885235789924,9994693,100.053,99.998,729600,729600,1728000,schedutil,306000000,306000000,1020000000,nvhost_podgov,0,3,,46906,48281,47843,47562,47343,48187,5374,955,1472,0.376,19.273,7.260
3885245797417,10007493,99.925,99.998,729600,729600,1728000,schedutil,306000000,306000000,1020000000,nvhost_podgov,0,3,,47156,48093,48000,47406,47375,48093,5334,953,1472,0.372,19.285,6.940
3885255786158,9988741,100.113,99.998,729600,729600,1728000,schedutil,306000000,306000000,1020000000,nvhost_podgov,0,3,,47062,48125,47843,47343,47406,48218,5334,953,1472,0.393,19.270,7.540
3885265808756,10022598,99.775,99.998,729600,729600,1728000,schedutil,306000000,306000000,1020000000,nvhost_podgov,0,3,,46937,48218,47875,47593,47312,48218,5334,915,1472,0.372,19.282,7.040
3885275797945,9989189,100.108,99.998,729600,729600,1728000,schedutil,306000000,306000000,1020000000,nvhost_podgov,0,3,,46937,48187,48031,47437,47312,48062,5334,915,1472,0.364,19.280,7.010
3885285796094,9998149,100.019,99.998,729600,729600,1728000,schedutil,306000000,306000000,1020000000,nvhost_podgov,0,3,,46968,48031,47875,47406,47375,48031,5334,915,1472,0.371,19.277,7.510
3885295793923,9997829,100.022,99.998,729600,729600,1728000,schedutil,306000000,306000000,1020000000,nvhost_podgov,0,3,,47000,48156,47875,47406,47312,48156,5334,915,1472,0.369,19.280,7.100
3885305787464,9993541,100.065,99.998,729600,729600,1728000,schedutil,306000000,306000000,1020000000,nvhost_podgov,0,3,,46937,48187,47968,47500,47250,48187,5334,915,1472,0.399,19.280,7.690
3885315793325,10005861,99.941,99.998,729600,729600,1728000,schedutil,306000000,306000000,1020000000,nvhost_podgov,0,3,,46968,48281,47968,47343,47343,48281,5294,915,1472,0.365,19.279,7.040
3885325786258,9992933,100.071,99.998,729600,729600,1728000,schedutil,306000000,306000000,1020000000,nvhost_podgov,0,3,,46906,48312,47906,47343,47343,48312,5294,915,1472,0.393,19.276,7.300
3885335795576,10009318,99.907,99.998,729600,729600,1728000,schedutil,306000000,306000000,1020000000,nvhost_podgov,0,3,,46875,48062,48031,47406,47343,48062,5294,914,1472,0.360,19.280,6.940
3885345805661,10010085,99.899,99.998,729600,729600,1728000,schedutil,306000000,306000000,1020000000,nvhost_podgov,0,3,,47031,48031,47937,47375,47406,48031,5294,914,1472,0.384,19.274,7.400
3885355812610,10006949,99.931,99.998,729600,729600,1728000,schedutil,306000000,306000000,1020000000,nvhost_podgov,0,3,,47062,48218,47875,47437,47343,48218,5294,875,1472,0.391,19.275,7.620
3885365813447,10000837,99.992,99.998,729600,729600,1728000,schedutil,306000000,306000000,1020000000,nvhost_podgov,0,3,,46968,48187,47937,47531,47312,48187,5294,875,1472,0.393,19.276,7.560
3885375807948,9994501,100.055,99.998,729600,729600,1728000,schedutil,306000000,306000000,1020000000,nvhost_podgov,0,3,,47250,48343,47937,47406,47437,48343,5294,915,1472,0.396,19.265,8.420
3885385804306,9996358,100.036,99.998,729600,729600,1728000,schedutil,306000000,306000000,1020000000,nvhost_podgov,0,3,,47281,48375,48000,47343,47375,48062,5294,915,1472,0.393,19.274,7.560
3885395796887,9992581,100.074,99.998,729600,729600,1728000,schedutil,306000000,306000000,1020000000,nvhost_podgov,0,3,,47093,48093,47875,47531,47312,48093,5294,915,1472,0.451,19.267,8.700
3885405809820,10012933,99.871,99.998,729600,729600,1728000,schedutil,306000000,306000000,1020000000,nvhost_podgov,0,3,,47093,48031,48000,47343,47375,48250,5294,915,1472,0.405,19.275,7.810
3885415803937,9994117,100.059,99.998,729600,729600,1728000,schedutil,306000000,306000000,1020000000,nvhost_podgov,0,3,,47218,48250,47937,47343,47312,48250,5294,915,1472,0.463,19.266,7.820
3885425811750,10007813,99.922,99.998,729600,729600,1728000,schedutil,306000000,306000000,1020000000,nvhost_podgov,0,3,,47156,48093,47843,47562,47375,48093,5334,915,1472,0.399,19.274,7.680
3885435798923,9987173,100.128,99.998,729600,729600,1728000,schedutil,306000000,306000000,1020000000,nvhost_podgov,0,3,,47031,48093,48000,47343,47406,48093,5334,915,1472,0.468,19.271,9.010
3885445818289,10019366,99.807,99.998,729600,729600,1728000,schedutil,306000000,306000000,1020000000,nvhost_podgov,0,3,,47218,48125,47937,47375,47312,48125,5334,915,1472,0.403,19.273,7.760
3885455810870,9992581,100.074,99.998,729600,729600,1728000,schedutil,306000000,306000000,1020000000,nvhost_podgov,0,3,,47062,48062,47937,47406,47312,48343,5334,915,1472,0.415,19.270,8.000
3885465801339,9990469,100.095,99.998,729600,729600,1728000,schedutil,306000000,306000000,1020000000,nvhost_podgov,0,3,,47125,48312,48000,47500,47406,48312,5334,915,1472,0.421,19.258,8.120
3885475805760,10004421,99.956,99.998,729600,729600,1728000,schedutil,306000000,306000000,1020000000,nvhost_podgov,0,3,,47343,48312,47968,47375,47406,48312,5374,915,1472,0.436,19.271,8.050
3885485802693,9996933,100.031,99.998,729600,729600,1728000,schedutil,306000000,306000000,1020000000,nvhost_podgov,0,3,,47250,48093,47968,47531,47343,48093,5374,915,1472,0.451,19.262,8.690
3885495803434,10000741,99.993,99.998,729600,729600,1728000,schedutil,306000000,306000000,1020000000,nvhost_podgov,0,3,,47187,48062,48031,47562,47406,48250,5374,955,1472,0.438,19.269,8.440
3885505808976,10005542,99.945,99.998,729600,729600,1728000,schedutil,306000000,306000000,1020000000,nvhost_podgov,0,3,,47562,48187,47968,47406,47375,48187,5374,955,1472,0.455,19.259,8.770
3885515802837,9993861,100.061,99.998,729600,729600,1728000,schedutil,306000000,306000000,1020000000,nvhost_podgov,0,3,,47437,48218,47968,47437,47343,48218,5413,995,1472,0.459,19.260,8.830
3885525800314,9997477,100.025,99.998,729600,729600,1728000,schedutil,306000000,306000000,1020000000,nvhost_podgov,0,3,,47500,48468,48062,47468,47406,48468,5413,995,1472,0.456,19.262,8.790
3885535805183,10004869,99.951,99.998,729600,729600,1728000,schedutil,306000000,306000000,1020000000,nvhost_podgov,0,3,,47468,48375,47937,47375,47500,48156,5453,995,1472,0.458,19.255,8.810
3885545807300,10002117,99.979,99.998,729600,729600,1728000,schedutil,306000000,306000000,1020000000,nvhost_podgov,0,3,,47562,48093,47968,47343,47375,48093,5453,995,1472,0.461,19.258,8.880
3885555801865,9994565,100.054,99.998,729600,729600,1728000,schedutil,306000000,306000000,1020000000,nvhost_podgov,0,3,,47468,48250,47906,47468,47406,48250,5453,995,1472,0.440,19.256,8.470
3885565804622,10002757,99.972,99.998,729600,729600,1728000,schedutil,306000000,306000000,1020000000,nvhost_podgov,0,3,,47218,48312,48031,47437,47437,48312,5493,1035,1472,0.449,19.265,8.520
3885575802804,9998182,100.018,99.998,729600,729600,1728000,schedutil,306000000,306000000,1020000000,nvhost_podgov,0,3,,47218,48156,47906,47468,47437,48156,5493,1035,1472,0.434,19.270,8.360
3885585803481,10000677,99.993,99.998,729600,729600,1728000,schedutil,306000000,306000000,1020000000,nvhost_podgov,0,3,,47125,48031,47906,47531,47343,48031,5533,1074,1472,0.407,19.274,7.900
3885595800350,9996869,100.031,99.998,729600,729600,1728000,schedutil,306000000,306000000,1020000000,nvhost_podgov,0,3,,47062,48156,48000,47437,47437,48156,5533,1074,1472,0.427,19.261,8.230
3885605800643,10000293,99.997,99.998,729600,729600,1728000,schedutil,306000000,306000000,1020000000,nvhost_podgov,0,3,,47125,48156,47937,47312,47343,48156,5542,1074,1472,0.432,19.271,8.220
3885615798984,9998341,100.017,99.998,729600,729600,1728000,schedutil,306000000,306000000,1020000000,nvhost_podgov,0,3,,47187,48312,47906,47312,47312,48312,5542,1074,1472,0.432,19.261,8.330
3885625798061,9999077,100.009,99.998,729600,729600,1728000,schedutil,306000000,306000000,1020000000,nvhost_podgov,0,3,,47156,48312,48031,47437,47468,48312,5582,1074,1472,0.455,19.264,8.690
3885635797266,9999205,100.008,99.998,729600,729600,1728000,schedutil,306000000,306000000,1020000000,nvhost_podgov,0,3,,47375,48218,47937,47375,47343,48218,5582,1074,1472,0.446,19.265,8.600
3885645800280,10003014,99.970,99.998,729600,729600,1728000,schedutil,306000000,306000000,1020000000,nvhost_podgov,0,3,,47250,48093,47875,47437,47375,48312,5621,1114,1472,0.453,19.261,8.720
3885655806141,10005861,99.941,99.998,729600,729600,1728000,schedutil,306000000,306000000,1020000000,nvhost_podgov,0,3,,47375,48218,48062,47468,47437,48218,5621,1114,1472,0.470,19.259,9.050
3885665803586,9997445,100.026,99.998,729600,729600,1728000,schedutil,306000000,306000000,1020000000,nvhost_podgov,0,3,,47531,48250,47937,47406,47375,48062,5621,1114,1472,0.425,19.260,8.190
3885675807367,10003781,99.962,99.998,729600,729600,1728000,schedutil,306000000,306000000,1020000000,nvhost_podgov,0,3,,47312,48093,47937,47406,47406,48093,5661,1114,1512,0.395,19.271,8.000
3885691384378,15577011,64.197,99.855,729600,729600,1728000,schedutil,306000000,306000000,1020000000,nvhost_podgov,0,3,,47125,48437,47875,47406,47437,48437,5621,1114,1472,0.454,19.267,8.740
3885695798129,4413751,226.565,99.998,729600,729600,1728000,schedutil,306000000,306000000,1020000000,nvhost_podgov,0,3,,47062,48156,47937,47437,47343,48156,5621,1114,1472,0.475,19.254,9.140
3885705814071,10015942,99.841,99.998,729600,729600,1728000,schedutil,306000000,306000000,1020000000,nvhost_podgov,0,3,,47093,48312,48000,47406,47343,48312,5621,1114,1472,0.480,19.256,8.360
3885715806364,9992293,100.077,99.998,729600,729600,1728000,schedutil,306000000,306000000,1020000000,nvhost_podgov,0,3,,47125,48250,47968,47468,47375,48250,5621,1114,1512,0.440,19.265,8.470
3885725806881,10000517,99.995,99.998,729600,729600,1728000,schedutil,306000000,306000000,1020000000,nvhost_podgov,0,3,,47062,48031,48062,47375,47406,48062,5621,1114,1512,0.417,19.277,8.050
3885735804166,9997285,100.027,99.998,729600,729600,1728000,schedutil,306000000,306000000,1020000000,nvhost_podgov,0,3,,47250,48125,47906,47406,47343,48125,5621,1114,1512,0.463,19.273,7.420
3885745803947,9999781,100.002,99.998,729600,729600,1728000,schedutil,306000000,306000000,1020000000,nvhost_podgov,0,3,,47156,48250,47937,47468,47343,48250,5621,1114,1512,0.386,19.275,7.450
3885755806928,10002981,99.970,99.998,729600,729600,1728000,schedutil,306000000,306000000,1020000000,nvhost_podgov,0,3,,47312,48093,48031,47500,47312,48468,5621,1114,1512,0.427,19.271,8.240
3885765802774,9995846,100.042,99.998,729600,729600,1728000,schedutil,306000000,306000000,1020000000,nvhost_podgov,0,3,,47625,48343,47937,47406,47500,48343,5661,1114,1512,0.407,19.267,7.850
3885775794843,9992069,100.079,99.998,729600,729600,1728000,schedutil,306000000,306000000,1020000000,nvhost_podgov,0,3,,47375,48375,47875,47375,47468,48218,5661,1114,1512,0.406,19.275,7.830
3885785790912,9996069,100.039,99.998,729600,729600,1728000,schedutil,306000000,306000000,1020000000,nvhost_podgov,0,3,,47187,48062,48000,47500,47375,48062,5661,1114,1512,0.389,19.274,7.490
3885795791109,10000197,99.998,99.998,729600,729600,1728000,schedutil,306000000,306000000,1020000000,nvhost_podgov,0,3,,47281,48312,48000,47343,47437,48312,5661,1114,1512,0.399,19.275,7.680
3885805791946,10000837,99.992,99.998,729600,729600,1728000,schedutil,306000000,306000000,1020000000,nvhost_podgov,0,3,,47125,48312,47968,47625,47500,48312,5661,1114,1512,0.416,19.273,8.030
3885815794319,10002373,99.976,99.998,729600,729600,1728000,schedutil,306000000,306000000,1020000000,nvhost_podgov,0,3,,47031,48187,47906,47531,47343,48187,5661,1114,1512,0.414,19.275,7.970
3885825799188,10004869,99.951,99.998,806400,729600,1728000,schedutil,306000000,306000000,1020000000,nvhost_podgov,0,3,,47125,48031,47937,47375,47406,48031,5661,1114,1512,0.389,19.273,7.490
3885835808250,10009062,99.909,99.998,729600,729600,1728000,schedutil,306000000,306000000,1020000000,nvhost_podgov,0,3,,47125,48093,47875,47312,47375,48093,5661,1114,1512,0.376,19.281,7.260
3885845807391,9999141,100.009,99.998,729600,729600,1728000,schedutil,306000000,306000000,1020000000,nvhost_podgov,0,3,,47031,48218,48093,47562,47343,48218,5661,1114,1512,0.434,19.260,8.040
3885855816996,10009605,99.904,99.998,729600,729600,1728000,schedutil,306000000,306000000,1020000000,nvhost_podgov,0,3,,47062,48375,47968,47406,47437,48375,5701,1114,1512,0.381,19.274,7.350
3885865818121,10001125,99.989,99.998,729600,729600,1728000,schedutil,306000000,306000000,1020000000,nvhost_podgov,0,3,,47125,48281,47937,47406,47375,48281,5701,1114,1512,0.393,19.279,7.320
3885875809966,9991845,100.082,99.998,729600,729600,1728000,schedutil,306000000,306000000,1020000000,nvhost_podgov,0,3,,47156,48093,47937,47531,47375,48093,5701,1114,1512,0.434,19.275,8.360
3885885813108,10003142,99.969,99.998,729600,729600,1728000,schedutil,306000000,306000000,1020000000,nvhost_podgov,0,3,,47343,48093,48000,47468,47406,48093,5701,1114,1512,0.395,19.280,7.280
3885895806873,9993765,100.062,99.998,729600,729600,1728000,schedutil,306000000,306000000,1020000000,nvhost_podgov,0,3,,47375,48156,47937,47406,47437,48156,5701,1114,1512,0.416,19.262,8.010
3885905798238,9991365,100.086,99.998,729600,729600,1728000,schedutil,306000000,306000000,1020000000,nvhost_podgov,0,3,,47125,48187,47875,47593,47437,48187,5701,1114,1512,0.384,19.281,7.320
3885915810275,10012037,99.880,99.998,729600,729600,1728000,schedutil,306000000,306000000,1020000000,nvhost_podgov,0,3,,47375,48437,48000,47437,47375,48437,5701,1114,1512,0.394,19.269,7.590
3885925793832,9983557,100.165,99.998,729600,729600,1728000,schedutil,306000000,306000000,1020000000,nvhost_podgov,0,3,,47343,48375,48031,47406,47375,48375,5701,1114,1512,0.406,19.275,7.810
3885935813069,10019237,99.808,99.998,729600,729600,1728000,schedutil,306000000,306000000,1020000000,nvhost_podgov,0,3,,47218,48093,47875,47625,47375,48093,5701,1114,1512,0.404,19.269,7.780
3885945795378,9982309,100.177,99.998,729600,729600,1728000,schedutil,306000000,306000000,1020000000,nvhost_podgov,0,3,,47406,48156,48031,47468,47343,48281,5701,1154,1512,0.404,19.275,8.030
3885955796375,10000997,99.990,99.998,729600,729600,1728000,schedutil,306000000,306000000,1020000000,nvhost_podgov,0,3,,47406,48218,48000,47406,47406,48218,5701,1154,1512,0.385,19.276,7.400
3885965792989,9996614,100.034,99.999,729600,729600,1728000,schedutil,306000000,306000000,1020000000,nvhost_podgov,0,3,,47281,48093,47968,47375,47406,48093,5701,1154,1512,0.427,19.265,8.240
3885975800866,10007877,99.921,99.998,729600,729600,1728000,schedutil,306000000,306000000,1020000000,nvhost_podgov,0,3,,47343,48093,48062,47500,47312,48093,5701,1114,1512,0.425,19.270,8.190
3885985811719,10010853,99.892,99.998,729600,729600,1728000,schedutil,306000000,306000000,1020000000,nvhost_podgov,0,3,,47062,48187,48000,47406,47343,48187,5701,1114,1512,0.380,19.276,7.320
3885995828269,10016550,99.835,99.998,729600,729600,1728000,schedutil,306000000,306000000,1020000000,nvhost_podgov,0,3,,47218,48156,47937,47343,47375,48156,5701,1114,1512,0.372,19.280,7.180
3886005807281,9979012,100.210,99.998,729600,729600,1728000,schedutil,306000000,306000000,1020000000,nvhost_podgov,0,3,,47187,48343,47875,47562,47406,48343,5701,1114,1512,0.380,19.271,7.320
3886015797014,9989733,100.103,99.998,729600,729600,1728000,schedutil,306000000,306000000,1020000000,nvhost_podgov,0,3,,47281,48312,47937,47500,47468,48312,5701,1114,1512,0.375,19.277,7.230
3886025794492,9997478,100.025,99.998,729600,729600,1728000,schedutil,306000000,306000000,1020000000,nvhost_podgov,0,3,,47468,48156,47968,47343,47406,48156,5701,1114,1512,0.389,19.277,7.490
3886035792129,9997637,100.024,99.999,729600,729600,1728000,schedutil,306000000,306000000,1020000000,nvhost_podgov,0,3,,47406,48125,47937,47531,47312,48125,5701,1114,1512,0.419,19.269,8.060
3886045957577,10165448,98.372,99.995,729600,729600,1728000,schedutil,306000000,306000000,1020000000,nvhost_podgov,0,3,,47656,48250,47968,47468,47343,48250,5701,1114,1512,0.417,19.265,8.040
3886055807531,9849954,101.523,99.998,729600,729600,1728000,schedutil,306000000,306000000,1020000000,nvhost_podgov,0,3,,47625,48187,47968,47437,47437,48062,5701,1114,1512,0.429,19.276,7.690
3886065805584,9998053,100.019,99.998,729600,729600,1728000,schedutil,306000000,306000000,1020000000,nvhost_podgov,0,3,,47437,48093,47968,47312,47343,48093,5741,1154,1512,0.420,19.265,8.090
3886075815126,10009542,99.905,99.998,1190400,729600,1728000,schedutil,306000000,306000000,1020000000,nvhost_podgov,0,3,,47437,48312,48062,47468,47406,48312,5741,1154,1512,0.432,19.274,8.330
3886085809851,9994725,100.053,99.998,729600,729600,1728000,schedutil,306000000,306000000,1020000000,nvhost_podgov,0,3,,47531,48156,48000,47406,47375,48156,5741,1154,1512,0.434,19.270,8.360
3886095803360,9993509,100.065,99.998,729600,729600,1728000,schedutil,306000000,306000000,1020000000,nvhost_podgov,0,3,,47343,48250,47968,47406,47375,48375,5781,1154,1512,0.410,19.275,7.450
3886105803461,10000101,99.999,99.998,729600,729600,1728000,schedutil,306000000,306000000,1020000000,nvhost_podgov,0,3,,47156,48312,48062,47437,47343,48312,5781,1154,1512,0.378,19.275,7.270
3886115798442,9994981,100.050,99.998,729600,729600,1728000,schedutil,306000000,306000000,1020000000,nvhost_podgov,0,3,,47187,48156,48031,47406,47406,48156,5781,1194,1512,0.409,19.279,7.880
3886125794255,9995813,100.042,99.999,729600,729600,1728000,schedutil,306000000,306000000,1020000000,nvhost_podgov,0,3,,47156,48156,47843,47406,47343,48156,5781,1194,1512,0.412,19.275,7.950
3886135813973,10019718,99.803,99.998,729600,729600,1728000,schedutil,306000000,306000000,1020000000,nvhost_podgov,0,3,,47031,48250,47906,47437,47437,48250,5781,1154,1512,0.394,19.280,7.590
3886145803802,9989829,100.102,99.998,729600,729600,1728000,schedutil,306000000,306000000,1020000000,nvhost_podgov,0,3,,47281,48281,47937,47375,47437,48281,5781,1154,1512,0.362,19.281,6.990
3886155803519,9999717,100.003,99.998,729600,729600,1728000,schedutil,306000000,306000000,1020000000,nvhost_podgov,0,3,,47062,48437,47843,47375,47406,48437,5781,1154,1512,0.380,19.280,7.320
3886165800036,9996517,100.035,99.998,729600,729600,1728000,schedutil,306000000,306000000,1020000000,nvhost_podgov,0,3,,47093,48343,47937,47593,47375,48343,5781,1154,1512,0.365,19.279,7.040
3886175812329,10012293,99.877,99.998,729600,729600,1728000,schedutil,306000000,306000000,1020000000,nvhost_podgov,0,3,,47312,48125,48031,47468,47468,48125,5781,1154,1512,0.451,19.260,8.690
3886185813582,10001253,99.987,99.998,729600,729600,1728000,schedutil,306000000,306000000,1020000000,nvhost_podgov,0,3,,47406,48187,47875,47437,47406,48187,5741,1154,1512,0.375,19.279,7.320
3886195801139,9987557,100.125,99.998,729600,729600,1728000,schedutil,306000000,306000000,1020000000,nvhost_podgov,0,3,,47250,48250,47906,47593,47437,48250,5741,1154,1512,0.434,19.273,8.360
3886205818553,10017414,99.826,99.998,729600,729600,1728000,schedutil,306000000,306000000,1020000000,nvhost_podgov,0,3,,47250,48281,48062,47562,47500,48156,5741,1154,1512,0.394,19.279,7.420
3886215825726,10007173,99.928,99.998,729600,729600,1728000,schedutil,306000000,306000000,1020000000,nvhost_podgov,0,3,,47375,48062,47937,47500,47468,48062,5741,1154,1512,0.399,19.271,7.240
3886225803299,9977573,100.225,99.998,729600,729600,1728000,schedutil,306000000,306000000,1020000000,nvhost_podgov,0,3,,47093,48406,47968,47562,47343,48187,5741,1154,1512,0.460,19.261,7.320
3886235803752,10000453,99.995,99.998,729600,729600,1728000,schedutil,306000000,306000000,1020000000,nvhost_podgov,0,3,,47156,48062,48062,47500,47343,48062,5741,1154,1512,0.398,19.274,7.350
3886245801453,9997701,100.023,99.998,729600,729600,1728000,schedutil,306000000,306000000,1020000000,nvhost_podgov,0,3,,47375,48375,47968,47375,47343,48375,5741,1154,1512,0.424,19.264,8.010
3886255805266,10003813,99.962,99.998,729600,729600,1728000,schedutil,306000000,306000000,1020000000,nvhost_podgov,0,3,,47312,48312,47968,47687,47468,48312,5741,1154,1512,0.393,19.273,7.560
3886265804984,9999718,100.003,99.998,729600,729600,1728000,schedutil,306000000,306000000,1020000000,nvhost_podgov,0,3,,47125,48125,48000,47500,47375,48125,5741,1154,1512,0.425,19.276,8.190
3886275828061,10023077,99.770,99.998,729600,729600,1728000,schedutil,306000000,306000000,1020000000,nvhost_podgov,0,3,,47250,48156,48000,47406,47375,48156,5741,1154,1512,0.388,19.279,7.320
3886285805378,9977317,100.227,99.998,729600,729600,1728000,schedutil,306000000,306000000,1020000000,nvhost_podgov,0,3,,47281,48218,47937,47437,47375,48218,5741,1154,1512,0.417,19.274,8.050
3886295811239,10005861,99.941,99.998,729600,729600,1728000,schedutil,306000000,306000000,1020000000,nvhost_podgov,0,3,,47343,48218,48093,47593,47406,48218,5741,1154,1512,0.395,19.270,7.620
3886305805996,9994757,100.052,99.998,729600,729600,1728000,schedutil,306000000,306000000,1020000000,nvhost_podgov,0,3,,47500,48500,47968,47375,47375,48500,5741,1154,1512,0.415,19.276,7.710
3886315815346,10009350,99.907,99.998,729600,729600,1728000,schedutil,306000000,306000000,1020000000,nvhost_podgov,0,3,,47312,48406,47875,47312,47437,48218,5741,1154,1512,0.386,19.269,7.440
3886325805270,9989924,100.101,99.998,729600,729600,1728000,schedutil,306000000,306000000,1020000000,nvhost_podgov,0,3,,47343,48218,47875,47562,47375,48218,5741,1154,1512,0.393,19.276,7.560
3886335799772,9994502,100.055,99.998,729600,729600,1728000,schedutil,306000000,306000000,1020000000,nvhost_podgov,0,3,,47625,48187,47937,47437,47531,48187,5741,1154,1512,0.445,19.271,8.580
3886345801729,10001957,99.980,99.998,729600,729600,1728000,schedutil,306000000,306000000,1020000000,nvhost_podgov,0,3,,47531,48343,47906,47500,47406,48343,5781,1154,1512,0.419,19.273,8.060
3886355803110,10001381,99.986,99.998,729600,729600,1728000,schedutil,306000000,306000000,1020000000,nvhost_podgov,0,3,,47500,48156,47937,47656,47437,48156,5781,1154,1512,0.409,19.275,7.880
3886365802283,9999173,100.008,99.998,729600,729600,1728000,schedutil,306000000,306000000,1020000000,nvhost_podgov,0,3,,47343,48093,48062,47468,47468,48093,5781,1154,1512,0.403,19.275,7.760
3886375802192,9999909,100.001,99.998,729600,729600,1728000,schedutil,306000000,306000000,1020000000,nvhost_podgov,0,3,,47531,48281,47968,47437,47468,48281,5781,1154,1512,0.422,19.271,8.140
3886385803957,10001765,99.982,99.998,729600,729600,1728000,schedutil,306000000,306000000,1020000000,nvhost_podgov,0,3,,47281,48250,47968,47406,47437,48250,5781,1154,1512,0.407,19.276,7.860
3886395794746,9990789,100.092,99.999,729600,729600,1728000,schedutil,306000000,306000000,1020000000,nvhost_podgov,0,3,,47156,48343,48031,47531,47500,48343,5781,1194,1512,0.390,19.281,7.210
3886405794240,9999494,100.005,99.999,729600,729600,1728000,schedutil,306000000,306000000,1020000000,nvhost_podgov,0,3,,47062,48343,47968,47468,47468,48343,5781,1194,1512,0.427,19.271,8.240
3886415809989,10015749,99.843,99.998,729600,729600,1728000,schedutil,306000000,306000000,1020000000,nvhost_podgov,0,3,,47218,48125,48000,47343,47468,48125,5781,1154,1512,0.399,19.277,7.880
3886425825546,10015557,99.845,99.998,729600,729600,1728000,schedutil,306000000,306000000,1020000000,nvhost_podgov,0,3,,47031,48125,48062,47468,47437,48125,5781,1154,1512,0.393,19.280,7.560
3886435798991,9973445,100.266,99.999,729600,729600,1728000,schedutil,306000000,306000000,1020000000,nvhost_podgov,0,3,,47281,48250,48062,47468,47437,48250,5781,1154,1512,0.366,19.284,6.680
3886445797396,9998405,100.016,99.999,729600,729600,1728000,schedutil,306000000,306000000,1020000000,nvhost_podgov,0,3,,47156,48281,47906,47375,47375,48281,5781,1154,1512,0.341,19.282,6.580
3886455808346,10010950,99.891,99.998,729600,729600,1728000,schedutil,306000000,306000000,1020000000,nvhost_podgov,0,3,,47062,48500,47937,47562,47375,48500,5781,1154,1512,0.378,19.282,7.280
3886465810879,10002533,99.975,99.998,729600,729600,1728000,schedutil,306000000,306000000,1020000000,nvhost_podgov,0,3,,47218,48406,48000,47437,47437,48093,5741,1114,1512,0.338,19.284,6.500
3886475804708,9993829,100.062,99.998,729600,729600,1728000,schedutil,306000000,306000000,1020000000,nvhost_podgov,0,3,,47187,48156,47937,47375,47375,48156,5741,1114,1512,0.378,19.276,7.280
3886485808649,10003941,99.961,99.998,729600,729600,1728000,schedutil,306000000,306000000,1020000000,nvhost_podgov,0,3,,47000,48187,47906,47562,47406,48312,5701,1114,1512,0.340,19.284,6.550
3886495797294,9988645,100.114,99.999,729600,729600,1728000,schedutil,306000000,306000000,1020000000,nvhost_podgov,0,3,,47062,48312,48031,47531,47406,48312,5701,1114,1512,0.372,19.288,6.710
3886505804211,10006917,99.931,99.998,729600,729600,1728000,schedutil,306000000,306000000,1020000000,nvhost_podgov,0,3,,47125,48125,47968,47437,47343,48125,5661,1074,1512,0.355,19.286,6.850
3886515808056,10003845,99.962,99.998,729600,729600,1728000,schedutil,306000000,306000000,1020000000,nvhost_podgov,0,3,,47031,48187,47875,47562,47406,48187,5661,1074,1512,0.354,19.288,6.820
3886525796605,9988549,100.115,99.999,729600,729600,1728000,schedutil,306000000,306000000,1020000000,nvhost_podgov,0,3,,47031,48187,47937,47468,47437,48187,5661,1074,1512,0.351,19.280,7.300
3886535808259,10011654,99.884,99.998,729600,729600,1728000,schedutil,306000000,306000000,1020000000,nvhost_podgov,0,3,,47125,48250,48062,47406,47406,48250,5661,1074,1512,0.350,19.285,6.750
3886545805000,9996741,100.033,99.998,729600,729600,1728000,schedutil,306000000,306000000,1020000000,nvhost_podgov,0,3,,47062,48343,47968,47406,47312,48343,5661,1074,1512,0.354,19.286,6.820
3886555808013,10003013,99.970,99.998,729600,729600,1728000,schedutil,306000000,306000000,1020000000,nvhost_podgov,0,3,,47218,48343,48031,47437,47437,48343,5612,1074,1512,0.339,19.280,6.530
3886565812850,10004837,99.952,99.998,729600,729600,1728000,schedutil,306000000,306000000,1020000000,nvhost_podgov,0,3,,47156,48093,47968,47375,47437,48093,5612,1074,1512,0.354,19.281,7.350
3886575809975,9997125,100.029,99.998,729600,729600,1728000,schedutil,306000000,306000000,1020000000,nvhost_podgov,0,3,,47000,48125,47875,47593,47406,48125,5582,1035,1512,0.340,19.288,6.550
3886585793180,9983205,100.168,99.999,729600,729600,1728000,schedutil,306000000,306000000,1020000000,nvhost_podgov,0,3,,47000,48281,47875,47500,47343,48281,5582,1035,1512,0.390,19.288,7.530
3886595808642,10015462,99.846,99.998,729600,729600,1728000,schedutil,306000000,306000000,1020000000,nvhost_podgov,0,3,,47281,48218,48000,47437,47468,48218,5573,1035,1512,0.340,19.285,6.550
3886605805959,9997317,100.027,99.998,729600,729600,1728000,schedutil,306000000,306000000,1020000000,nvhost_podgov,0,3,,47062,48000,48000,47406,47437,48000,5573,1035,1512,0.352,19.286,6.800
3886615808428,10002469,99.975,99.998,729600,729600,1728000,schedutil,306000000,306000000,1020000000,nvhost_podgov,0,3,,46968,48406,48125,47531,47375,48125,5533,995,1512,0.351,19.284,6.770
3886625807313,9998885,100.011,99.998,729600,729600,1728000,schedutil,306000000,306000000,1020000000,nvhost_podgov,0,3,,47156,48156,47968,47406,47437,48156,5533,995,1512,0.364,19.289,7.010
3886635804662,9997349,100.027,99.998,729600,729600,1728000,schedutil,306000000,306000000,1020000000,nvhost_podgov,0,3,,47062,48312,47937,47437,47312,48312,5533,995,1512,0.361,19.286,6.960
3886645805723,10001061,99.989,99.998,729600,729600,1728000,schedutil,306000000,306000000,1020000000,nvhost_podgov,0,3,,47031,48312,48062,47562,47312,48312,5493,995,1472,0.355,19.289,6.850
3886655792320,9986597,100.134,99.999,729600,729600,1728000,schedutil,306000000,306000000,1020000000,nvhost_podgov,0,3,,46937,48125,48000,47343,47406,48125,5493,995,1472,0.359,19.276,7.230
3886665806790,10014470,99.856,99.998,729600,729600,1728000,schedutil,306000000,306000000,1020000000,nvhost_podgov,0,3,,47000,48093,47843,47437,47375,48093,5493,995,1472,0.357,19.276,6.890
3886675809483,10002693,99.973,99.998,729600,729600,1728000,schedutil,306000000,306000000,1020000000,nvhost_podgov,0,3,,47062,48218,47937,47531,47375,48218,5493,995,1472,0.374,19.282,7.620
3886685799568,9990085,100.099,99.999,729600,729600,1728000,schedutil,306000000,306000000,1020000000,nvhost_podgov,0,3,,47125,48218,48093,47468,47375,48218,5453,995,1472,0.351,19.284,6.770
3886695789877,9990309,100.097,99.999,729600,729600,1728000,schedutil,306000000,306000000,1020000000,nvhost_podgov,0,3,,47125,48406,48062,47468,47531,48406,5453,995,1472,0.372,19.281,7.180
3886705795578,10005701,99.943,99.999,729600,729600,1728000,schedutil,306000000,306000000,1020000000,nvhost_podgov,0,3,,47031,48406,47875,47531,47375,48406,5453,955,1472,0.346,19.284,6.680
3886715795903,10000325,99.997,99.999,729600,729600,1728000,schedutil,306000000,306000000,1020000000,nvhost_podgov,0,3,,47218,48156,48031,47531,47343,48156,5453,955,1472,0.359,19.286,6.870
3886725797028,10001125,99.989,99.999,729600,729600,1728000,schedutil,306000000,306000000,1020000000,nvhost_podgov,0,3,,47187,48125,48000,47500,47375,48125,5413,955,1472,0.352,19.285,6.800
3886735793577,9996549,100.035,99.999,729600,729600,1728000,schedutil,306000000,306000000,1020000000,nvhost_podgov,0,3,,47062,48250,48000,47375,47312,48250,5413,955,1472,0.356,19.288,6.870
3886745792558,9998981,100.010,99.999,729600,729600,1728000,schedutil,306000000,306000000,1020000000,nvhost_podgov,0,3,,46937,48250,48125,47531,47375,48125,5413,955,1472,0.380,19.285,7.330
3886755797012,10004454,99.955,99.999,729600,729600,1728000,schedutil,306000000,306000000,1020000000,nvhost_podgov,0,3,,47062,48125,47906,47500,47375,48125,5413,955,1472,0.350,19.289,6.530
3886765794649,9997637,100.024,99.999,729600,729600,1728000,schedutil,306000000,306000000,1020000000,nvhost_podgov,0,3,,47093,48125,47937,47437,47375,48156,5413,955,1472,0.350,19.285,6.750
3886775794174,9999525,100.005,99.999,729600,729600,1728000,schedutil,306000000,306000000,1020000000,nvhost_podgov,0,3,,46968,48156,47906,47562,47343,48156,5374,955,1472,0.349,19.291,6.460
3886785785891,9991717,100.083,99.999,729600,729600,1728000,schedutil,306000000,306000000,1020000000,nvhost_podgov,0,3,,46968,48312,48031,47468,47375,48312,5374,955,1472,0.384,19.277,7.400
3886795796776,10010885,99.891,99.999,729600,729600,1728000,schedutil,306000000,306000000,1020000000,nvhost_podgov,0,3,,47031,48312,47968,47437,47343,48312,5374,915,1472,0.352,19.290,6.630
3886805792109,9995333,100.047,99.999,729600,729600,1728000,schedutil,306000000,306000000,1020000000,nvhost_podgov,0,3,,46937,48156,48031,47500,47375,48156,5374,915,1472,0.344,19.279,6.630
3886815798547,10006438,99.936,99.999,729600,729600,1728000,schedutil,306000000,306000000,1020000000,nvhost_podgov,0,3,,46937,48218,47968,47468,47406,48218,5374,915,1472,0.370,19.274,7.130
3886825810392,10011845,99.882,99.998,729600,729600,1728000,schedutil,306000000,306000000,1020000000,nvhost_podgov,0,3,,47093,48281,47937,47468,47343,48281,5374,915,1472,0.360,19.286,6.850
3886835817981,10007589,99.924,99.998,729600,729600,1728000,schedutil,306000000,306000000,1020000000,nvhost_podgov,0,3,,47062,48187,47968,47437,47375,48187,5334,915,1472,0.359,19.288,6.920
3886845794274,9976293,100.238,99.999,729600,729600,1728000,schedutil,306000000,306000000,1020000000,nvhost_podgov,0,3,,47156,48437,48000,47437,47406,48437,5334,915,1472,0.341,19.285,6.580
3886855790663,9996389,100.036,99.999,729600,729600,1728000,schedutil,306000000,306000000,1020000000,nvhost_podgov,0,3,,47093,48343,48031,47406,47437,48187,5334,915,1472,0.376,19.286,7.260
3886865807949,10017286,99.827,99.998,729600,729600,1728000,schedutil,306000000,306000000,1020000000,nvhost_podgov,0,3,,46968,48156,47906,47406,47375,48156,5334,915,1472,0.351,19.289,6.600
3886875793521,9985572,100.144,99.999,729600,729600,1728000,schedutil,306000000,306000000,1020000000,nvhost_podgov,0,3,,46937,48062,47968,47437,47343,48281,5334,915,1472,0.349,19.284,6.720
3886885796119,10002598,99.974,99.999,729600,729600,1728000,schedutil,306000000,306000000,1020000000,nvhost_podgov,0,3,,47156,48312,47968,47562,47343,48312,5334,875,1472,0.346,19.288,6.600
3886895791964,9995845,100.042,99.999,729600,729600,1728000,schedutil,306000000,306000000,1020000000,nvhost_podgov,0,3,,47062,48250,47875,47375,47343,48156,5334,875,1472,0.370,19.277,7.130
3886905809729,10017765,99.823,99.998,729600,729600,1728000,schedutil,306000000,306000000,1020000000,nvhost_podgov,0,3,,46906,48093,48000,47531,47437,48093,5294,875,1472,0.347,19.288,6.580
3886915794822,9985093,100.149,99.999,729600,729600,1728000,schedutil,306000000,306000000,1020000000,nvhost_podgov,0,3,,47031,48281,48031,47468,47437,48281,5294,875,1472,0.347,19.282,6.690
3886925795019,10000197,99.998,99.999,729600,729600,1728000,schedutil,306000000,306000000,1020000000,nvhost_podgov,0,3,,47031,48156,47968,47406,47375,48156,5294,875,1472,0.354,19.290,6.850
3886935814641,10019622,99.804,99.998,729600,729600,1728000,schedutil,306000000,306000000,1020000000,nvhost_podgov,0,3,,46906,48312,47937,47500,47312,48312,5294,875,1472,0.356,19.281,6.860
3886945792309,9977668,100.224,99.999,729600,729600,1728000,schedutil,306000000,306000000,1020000000,nvhost_podgov,0,3,,47000,48343,47968,47531,47437,48343,5294,875,1472,0.365,19.280,7.040
3886955797339,10005030,99.950,99.999,729600,729600,1728000,schedutil,306000000,306000000,1020000000,nvhost_podgov,0,3,,46937,48156,47875,47406,47343,48156,5294,875,1472,0.343,19.282,6.600
3886965792544,9995205,100.048,99.999,729600,729600,1728000,schedutil,306000000,306000000,1020000000,nvhost_podgov,0,3,,46937,48156,47937,47625,47375,48312,5294,875,1472,0.352,19.282,6.800
3886975796069,10003525,99.965,99.999,729600,729600,1728000,schedutil,306000000,306000000,1020000000,nvhost_podgov,0,3,,47062,48250,48031,47468,47406,48250,5254,875,1472,0.344,19.284,6.630
3886985786666,9990597,100.094,99.999,729600,729600,1728000,schedutil,306000000,306000000,1020000000,nvhost_podgov,0,3,,47156,48250,48000,47375,47343,48250,5254,875,1472,0.379,19.288,7.310
3886995794767,10008101,99.919,99.999,729600,729600,1728000,schedutil,306000000,306000000,1020000000,nvhost_podgov,0,3,,46906,48156,48000,47562,47375,48156,5254,875,1472,0.340,19.288,6.550
3887005793492,9998725,100.013,99.999,729600,729600,1728000,schedutil,306000000,306000000,1020000000,nvhost_podgov,0,3,,47031,48406,48062,47562,47406,48156,5254,875,1472,0.367,19.276,7.080
3887015812346,10018854,99.812,99.998,729600,729600,1728000,schedutil,306000000,306000000,1020000000,nvhost_podgov,0,3,,47156,48125,47937,47468,47375,48125,5254,835,1472,0.372,19.282,6.990
3887025799295,9986949,100.131,99.999,729600,729600,1728000,schedutil,306000000,306000000,1020000000,nvhost_podgov,0,3,,47062,48156,47875,47625,47375,48218,5254,835,1472,0.376,19.267,7.240
3887035812260,10012965,99.871,99.998,729600,729600,1728000,schedutil,306000000,306000000,1020000000,nvhost_podgov,0,3,,47125,48312,48031,47468,47375,48312,5254,875,1472,0.374,19.284,6.870
3887045802729,9990469,100.095,99.999,729600,729600,1728000,schedutil,306000000,306000000,1020000000,nvhost_podgov,0,3,,47343,48093,47968,47406,47343,48093,5254,875,1472,0.359,19.276,6.910
3887055801550,9998821,100.012,99.999,729600,729600,1728000,schedutil,306000000,306000000,1020000000,nvhost_podgov,0,3,,47156,48062,47937,47406,47375,48062,5254,875,1472,0.376,19.286,7.010
3887065800403,9998853,100.011,99.999,729600,729600,1728000,schedutil,306000000,306000000,1020000000,nvhost_podgov,0,3,,47093,48312,48031,47500,47343,48312,5254,875,1472,0.371,19.270,7.160
3887075798232,9997829,100.022,99.999,729600,729600,1728000,schedutil,306000000,306000000,1020000000,nvhost_podgov,0,3,,47343,48156,48000,47437,47375,48156,5294,875,1472,0.409,19.279,7.500
3887085812414,10014182,99.858,99.998,729600,729600,1728000,schedutil,306000000,306000000,1020000000,nvhost_podgov,0,3,,47343,48406,47937,47406,47375,48406,5294,875,1472,0.352,19.281,6.800
3887095794691,9982277,100.178,99.999,729600,729600,1728000,schedutil,306000000,306000000,1020000000,nvhost_podgov,0,3,,47125,48343,48187,47468,47406,48343,5294,875,1472,0.395,19.284,6.750
3887105801832,10007141,99.929,99.999,729600,729600,1728000,schedutil,306000000,306000000,1020000000,nvhost_podgov,0,3,,47218,48093,48031,47406,47406,48093,5334,915,1472,0.344,19.284,6.630
3887115791277,9989445,100.106,99.999,729600,729600,1728000,schedutil,306000000,306000000,1020000000,nvhost_podgov,0,3,,47187,48156,47968,47375,47375,48156,5334,915,1472,0.390,19.288,7.530
3887125808178,10016901,99.831,99.999,729600,729600,1728000,schedutil,306000000,306000000,1020000000,nvhost_podgov,0,3,,47000,48312,47968,47687,47406,48312,5294,915,1472,0.343,19.288,6.600
3887135806968,9998790,100.012,99.999,729600,729600,1728000,schedutil,306000000,306000000,1020000000,nvhost_podgov,0,3,,47156,48218,48062,47468,47437,48125,5294,915,1472,0.362,19.276,6.990
3887145807549,10000581,99.994,99.999,729600,729600,1728000,schedutil,306000000,306000000,1020000000,nvhost_podgov,0,3,,47093,48156,47875,47437,47406,48156,5294,875,1472,0.345,19.285,6.660
3887155792258,9984709,100.153,99.999,729600,729600,1728000,schedutil,306000000,306000000,1020000000,nvhost_podgov,0,3,,47031,48093,47937,47625,47375,48093,5294,875,1472,0.388,19.281,7.480
3887165812519,10020261,99.798,99.998,729600,729600,1728000,schedutil,306000000,306000000,1020000000,nvhost_podgov,0,3,,46906,48187,47968,47468,47406,48187,5294,875,1472,0.356,19.286,6.870
3887175807212,9994693,100.053,99.999,729600,729600,1728000,schedutil,306000000,306000000,1020000000,nvhost_podgov,0,3,,47093,48406,48062,47500,47343,48406,5294,875,1472,0.350,19.285,6.750
3887185804753,9997541,100.025,99.999,729600,729600,1728000,schedutil,306000000,306000000,1020000000,nvhost_podgov,0,3,,47031,48375,47968,47437,47312,48375,5294,875,1472,0.356,19.285,7.130
3887195806998,10002245,99.978,99.999,729600,729600,1728000,schedutil,306000000,306000000,1020000000,nvhost_podgov,0,3,,46937,48156,48062,47500,47406,48156,5254,875,1472,0.344,19.277,6.630
3887205793627,9986629,100.134,99.999,729600,729600,1728000,schedutil,306000000,306000000,1020000000,nvhost_podgov,0,3,,47031,48125,47937,47406,47406,48125,5254,875,1472,0.383,19.277,7.370
3887215808449,10014822,99.852,99.999,729600,729600,1728000,schedutil,306000000,306000000,1020000000,nvhost_podgov,0,3,,47062,48218,47937,47375,47343,48218,5254,875,1472,0.340,19.284,6.550
3887225804486,9996037,100.040,99.999,729600,729600,1728000,schedutil,306000000,306000000,1020000000,nvhost_podgov,0,3,,46906,48218,48062,47531,47343,48218,5254,875,1472,0.378,19.279,6.720
3887235809355,10004869,99.951,99.999,729600,729600,1728000,schedutil,306000000,306000000,1020000000,nvhost_podgov,0,3,,47125,48468,48031,47468,47406,48468,5254,875,1472,0.341,19.285,6.580
3887245791792,9982437,100.176,99.999,729600,729600,1728000,schedutil,306000000,306000000,1020000000,nvhost_podgov,0,3,,46968,48375,47906,47375,47343,48375,5254,875,1472,0.393,19.280,6.800
3887255813077,10021285,99.788,99.998,729600,729600,1728000,schedutil,306000000,306000000,1020000000,nvhost_podgov,0,3,,47031,48250,47906,47593,47375,48250,5254,875,1472,0.339,19.288,6.530
3887265808826,9995749,100.043,99.999,729600,729600,1728000,schedutil,306000000,306000000,1020000000,nvhost_podgov,0,3,,47281,48156,48000,47406,47375,48156,5254,875,1472,0.349,19.288,6.850
3887275805248,9996422,100.036,99.999,729600,729600,1728000,schedutil,306000000,306000000,1020000000,nvhost_podgov,0,3,,47125,48312,47906,47406,47312,48312,5254,875,1472,0.359,19.289,6.920
3887285808453,10003205,99.968,99.999,729600,729600,1728000,schedutil,306000000,306000000,1020000000,nvhost_podgov,0,3,,46875,48281,47906,47500,47343,48093,5254,875,1472,0.347,19.288,6.690
3887295807690,9999237,100.008,99.999,729600,729600,1728000,schedutil,306000000,306000000,1020000000,nvhost_podgov,0,3,,47000,48125,48031,47468,47406,48125,5254,875,1472,0.370,19.284,7.130
3887305808911,10001221,99.988,99.999,729600,729600,1728000,schedutil,306000000,306000000,1020000000,nvhost_podgov,0,3,,47062,48218,48000,47406,47406,48218,5214,835,1472,0.355,19.288,6.850
3887315794356,9985445,100.146,99.999,729600,729600,1728000,schedutil,306000000,306000000,1020000000,nvhost_podgov,0,3,,47000,48187,47937,47625,47375,48187,5214,835,1472,0.356,19.271,6.990
3887325805977,10011621,99.884,99.999,729600,729600,1728000,schedutil,306000000,306000000,1020000000,nvhost_podgov,0,3,,47000,48437,48062,47500,47343,48437,5214,835,1472,0.347,19.281,6.690
3887335807070,10001093,99.989,99.999,729600,729600,1728000,schedutil,306000000,306000000,1020000000,nvhost_podgov,0,3,,47062,48312,47937,47406,47343,48312,5214,835,1472,0.386,19.282,7.450
3887345807332,10000262,99.997,99.999,729600,729600,1728000,schedutil,306000000,306000000,1020000000,nvhost_podgov,0,3,,47031,48093,47968,47562,47312,48093,5214,835,1472,0.349,19.286,6.720
3887355795048,9987716,100.123,99.999,729600,729600,1728000,schedutil,306000000,306000000,1020000000,nvhost_podgov,0,3,,46906,48156,48062,47500,47375,48156,5214,835,1472,0.383,19.279,6.580
3887365810734,10015686,99.843,99.999,729600,729600,1728000,schedutil,306000000,306000000,1020000000,nvhost_podgov,0,3,,47062,48281,47968,47468,47406,48281,5214,835,1472,0.344,19.284,6.630
3887375808883,9998149,100.019,99.999,729600,729600,1728000,schedutil,306000000,306000000,1020000000,nvhost_podgov,0,3,,46937,48218,48000,47406,47312,48218,5214,835,1472,0.355,19.288,6.550
3887385803000,9994117,100.059,99.999,729600,729600,1728000,schedutil,306000000,306000000,1020000000,nvhost_podgov,0,3,,46968,48468,48125,47625,47312,48468,5214,835,1472,0.344,19.281,6.630
3887395808477,10005477,99.945,99.999,729600,729600,1728000,schedutil,306000000,306000000,1020000000,nvhost_podgov,0,3,,47218,48437,47968,47468,47375,48437,5214,835,1472,0.357,19.289,6.630
3887405790402,9981925,100.181,99.999,729600,729600,1728000,schedutil,306000000,306000000,1020000000,nvhost_podgov,0,3,,47093,48218,48000,47406,47312,48218,5214,835,1472,0.369,19.284,7.120
3887415806760,10016358,99.837,99.999,729600,729600,1728000,schedutil,306000000,306000000,1020000000,nvhost_podgov,0,3,,46968,48218,48062,47656,47406,48312,5175,835,1472,0.349,19.288,6.580
3887425805229,9998469,100.015,99.999,729600,729600,1728000,schedutil,306000000,306000000,1020000000,nvhost_podgov,0,3,,47187,48281,48031,47406,47406,48281,5175,835,1472,0.371,19.285,7.160
3887435821234,10016005,99.840,99.998,729600,729600,1728000,schedutil,306000000,306000000,1020000000,nvhost_podgov,0,3,,47031,48156,47906,47500,47343,48156,5175,835,1472,0.374,19.288,7.210
3887445803351,9982117,100.179,99.999,729600,729600,1728000,schedutil,306000000,306000000,1020000000,nvhost_podgov,0,3,,47000,48093,47875,47687,47343,48093,5175,835,1472,0.354,19.274,6.820
3887455809212,10005861,99.941,99.999,729600,729600,1728000,schedutil,306000000,306000000,1020000000,nvhost_podgov,0,3,,46843,48187,48062,47468,47468,48187,5175,835,1472,0.356,19.289,6.870
3887465796673,9987461,100.126,99.999,729600,729600,1728000,schedutil,306000000,306000000,1020000000,nvhost_podgov,0,3,,46968,48187,47968,47406,47312,48187,5175,835,1472,0.354,19.282,6.820
3887475809190,10012517,99.875,99.999,729600,729600,1728000,schedutil,306000000,306000000,1020000000,nvhost_podgov,0,3,,47000,48406,47937,47593,47375,48406,5175,835,1472,0.350,19.286,6.750
3887485804651,9995461,100.045,99.999,729600,729600,1728000,schedutil,306000000,306000000,1020000000,nvhost_podgov,0,3,,46875,48406,47968,47468,47312,48406,5175,835,1472,0.355,19.286,6.750
3887495808913,10004262,99.957,99.999,729600,729600,1728000,schedutil,306000000,306000000,1020000000,nvhost_podgov,0,3,,47125,48093,48000,47468,47375,48093,5175,796,1472,0.356,19.284,6.870
3887505805878,9996965,100.030,99.999,729600,729600,1728000,schedutil,306000000,306000000,1020000000,nvhost_podgov,0,3,,46937,48062,48000,47437,47312,48062,5175,796,1472,0.365,19.289,6.530
3887515803227,9997349,100.027,99.999,729600,729600,1728000,schedutil,306000000,306000000,1020000000,nvhost_podgov,0,3,,46968,48312,48062,47468,47312,48312,5175,796,1472,0.386,19.285,7.450
3887525805920,10002693,99.973,99.999,729600,729600,1728000,schedutil,306000000,306000000,1020000000,nvhost_podgov,0,3,,47093,48218,47937,47375,47437,48218,5175,796,1472,0.357,19.290,6.820
3887535792005,9986085,100.139,99.999,729600,729600,1728000,schedutil,306000000,306000000,1020000000,nvhost_podgov,0,3,,47000,48062,47875,47468,47312,48062,5175,796,1472,0.362,19.279,6.990
3887545809034,10017029,99.830,99.999,729600,729600,1728000,schedutil,306000000,306000000,1020000000,nvhost_podgov,0,3,,46906,48437,47968,47500,47343,48156,5135,796,1472,0.354,19.289,6.580
3887555805807,9996773,100.032,99.999,729600,729600,1728000,schedutil,306000000,306000000,1020000000,nvhost_podgov,0,3,,47093,48187,47906,47437,47375,48187,5135,796,1472,0.399,19.285,7.690
3887565805813,10000006,100.000,99.999,729600,729600,1728000,schedutil,306000000,306000000,1020000000,nvhost_podgov,0,3,,47031,48156,47968,47375,47281,48312,5135,796,1472,0.352,19.288,6.600
3887575791673,9985860,100.142,99.999,729600,729600,1728000,schedutil,306000000,306000000,1020000000,nvhost_podgov,0,3,,46968,48281,47937,47625,47343,48281,5135,796,1472,0.367,19.281,7.090
3887585807327,10015654,99.844,99.999,729600,729600,1728000,schedutil,306000000,306000000,1020000000,nvhost_podgov,0,3,,46968,48093,48000,47406,47343,48093,5135,796,1472,0.346,19.289,6.750
3887595805124,9997797,100.022,99.999,729600,729600,1728000,schedutil,306000000,306000000,1020000000,nvhost_podgov,0,3,,47031,48156,47968,47500,47312,48156,5135,796,1472,0.354,19.288,6.820
3887605799753,9994629,100.054,99.999,729600,729600,1728000,schedutil,306000000,306000000,1020000000,nvhost_podgov,0,3,,47062,48156,47968,47531,47406,48156,5135,796,1433,0.357,19.281,6.900
3887615808558,10008805,99.912,99.999,729600,729600,1728000,schedutil,306000000,306000000,1020000000,nvhost_podgov,0,3,,46906,48218,48062,47593,47406,48218,5135,796,1433,0.346,19.284,6.680
3887625805971,9997413,100.026,99.999,729600,729600,1728000,schedutil,306000000,306000000,1020000000,nvhost_podgov,0,3,,46968,48437,47968,47468,47343,48437,5135,796,1433,0.359,19.284,6.910
3887635806393,10000422,99.996,99.999,729600,729600,1728000,schedutil,306000000,306000000,1020000000,nvhost_podgov,0,3,,46968,48406,47968,47625,47343,48406,5135,796,1433,0.339,19.284,6.530
3887645804894,9998501,100.015,99.999,729600,729600,1728000,schedutil,306000000,306000000,1020000000,nvhost_podgov,0,3,,46875,48156,47968,47500,47375,48156,5135,796,1433,0.389,19.288,7.500
3887655809923,10005029,99.950,99.999,729600,729600,1728000,schedutil,306000000,306000000,1020000000,nvhost_podgov,0,3,,47062,48156,47968,47468,47343,48156,5135,796,1433,0.340,19.289,6.550
3887665814120,10004197,99.958,99.999,729600,729600,1728000,schedutil,306000000,306000000,1020000000,nvhost_podgov,0,3,,46906,48312,47906,47625,47343,48312,5135,796,1433,0.350,19.284,6.750
3887675809933,9995813,100.042,99.999,729600,729600,1728000,schedutil,306000000,306000000,1020000000,nvhost_podgov,0,3,,46906,48125,47875,47625,47375,48125,5135,796,1433,0.356,19.288,6.550
3887685790610,9980677,100.194,99.999,729600,729600,1728000,schedutil,306000000,306000000,1020000000,nvhost_podgov,0,3,,47062,48062,47968,47500,47437,48062,5135,796,1433,0.374,19.288,7.210
3887695810327,10019717,99.803,99.999,729600,729600,1728000,schedutil,306000000,306000000,1020000000,nvhost_podgov,0,3,,47062,48093,47906,47437,47312,48125,5135,796,1433,0.349,19.288,6.550
3887705806685,9996358,100.036,99.999,729600,729600,1728000,schedutil,306000000,306000000,1020000000,nvhost_podgov,0,3,,46937,48187,48062,47531,47312,48187,5135,796,1433,0.345,19.285,6.660
3887715807938,10001253,99.987,99.999,729600,729600,1728000,schedutil,306000000,306000000,1020000000,nvhost_podgov,0,3,,46968,48312,47937,47468,47406,48312,5095,796,1433,0.352,19.286,6.680
3887725807815,9999877,100.001,99.999,729600,729600,1728000,schedutil,306000000,306000000,1020000000,nvhost_podgov,0,3,,46968,48343,47906,47437,47375,48343,5095,796,1433,0.345,19.289,6.660
3887735803372,9995557,100.044,99.999,729600,729600,1728000,schedutil,306000000,306000000,1020000000,nvhost_podgov,0,3,,46937,48062,47937,47593,47312,48062,5095,796,1433,0.354,19.281,7.130
3887745806961,10003589,99.964,99.999,729600,729600,1728000,schedutil,306000000,306000000,1020000000,nvhost_podgov,0,3,,46843,48125,48000,47437,47343,48125,5095,796,1433,0.344,19.285,6.630
3887755791926,9984965,100.151,99.999,729600,729600,1728000,schedutil,306000000,306000000,1020000000,nvhost_podgov,0,3,,46968,48218,47968,47500,47375,48218,5095,796,1433,0.417,19.266,8.050
3887765808123,10016197,99.838,99.999,729600,729600,1728000,schedutil,306000000,306000000,1020000000,nvhost_podgov,0,3,,46906,48156,47937,47656,47343,48156,5095,796,1433,0.359,19.279,6.910
3887775803360,9995237,100.048,99.999,729600,729600,1728000,schedutil,306000000,306000000,1020000000,nvhost_podgov,0,3,,47093,48406,48062,47375,47375,48406,5095,796,1433,0.383,19.267,7.370
3887785807558,10004198,99.958,99.999,729600,729600,1728000,schedutil,306000000,306000000,1020000000,nvhost_podgov,0,3,,47093,48406,47875,47437,47375,48406,5095,756,1433,0.375,19.274,7.230
3887795804811,9997253,100.027,99.999,729600,729600,1728000,schedutil,306000000,306000000,1020000000,nvhost_podgov,0,3,,47000,48156,47968,47656,47312,48156,5095,756,1433,0.472,19.271,9.100
3887805802384,9997573,100.024,99.999,729600,729600,1728000,schedutil,306000000,306000000,1020000000,nvhost_podgov,0,3,,47156,48125,48062,47500,47343,48125,5095,796,1433,0.398,19.274,7.670
3887815794005,9991621,100.084,99.999,729600,729600,1728000,schedutil,306000000,306000000,1020000000,nvhost_podgov,0,3,,47156,48250,47937,47468,47312,48250,5095,796,1433,0.404,19.274,8.000
3887825789594,9995589,100.044,99.999,729600,729600,1728000,schedutil,306000000,306000000,1020000000,nvhost_podgov,0,3,,47093,48312,47937,47406,47375,48093,5135,796,1472,0.446,19.262,8.600
3887835807487,10017893,99.821,99.999,729600,729600,1728000,schedutil,306000000,306000000,1020000000,nvhost_podgov,0,3,,47031,48031,48093,47406,47281,48093,5135,796,1472,0.407,19.273,7.860
3887845788516,9981029,100.190,99.999,729600,729600,1728000,schedutil,306000000,306000000,1020000000,nvhost_podgov,0,3,,47187,48156,48000,47437,47406,48250,5135,796,1472,0.393,19.276,7.560
3887855792841,10004325,99.957,99.999,729600,729600,1728000,schedutil,306000000,306000000,1020000000,nvhost_podgov,0,3,,47093,48218,47875,47375,47406,48218,5175,835,1472,0.376,19.284,7.260
3887865789998,9997157,100.028,99.999,729600,729600,1728000,schedutil,306000000,306000000,1020000000,nvhost_podgov,0,3,,46937,48437,48031,47468,47312,48437,5175,835,1472,0.399,19.276,7.690
3887875793172,10003174,99.968,99.999,729600,729600,1728000,schedutil,306000000,306000000,1020000000,nvhost_podgov,0,3,,46875,48250,48062,47437,47312,48250,5175,835,1472,0.361,19.281,6.960
3887885788409,9995237,100.048,99.999,729600,729600,1728000,schedutil,306000000,306000000,1020000000,nvhost_podgov,0,3,,46937,48093,47906,47343,47281,48093,5175,835,1472,0.393,19.277,7.560
3887895789790,10001381,99.986,99.999,729600,729600,1728000,schedutil,306000000,306000000,1020000000,nvhost_podgov,0,3,,47031,48156,47875,47593,47375,48156,5175,796,1472,0.372,19.276,7.180
3887905794979,10005189,99.948,99.999,729600,729600,1728000,schedutil,306000000,306000000,1020000000,nvhost_podgov,0,3,,47125,48312,47968,47468,47437,48312,5175,796,1472,0.380,19.286,7.330
3887915790856,9995877,100.041,99.999,729600,729600,1728000,schedutil,306000000,306000000,1020000000,nvhost_podgov,0,3,,47125,48125,47875,47437,47343,48125,5175,796,1472,0.407,19.281,7.860
3887925793453,10002597,99.974,99.999,729600,729600,1728000,schedutil,306000000,306000000,1020000000,nvhost_podgov,0,3,,46937,48125,47968,47562,47312,48125,5175,796,1472,0.375,19.288,7.230
3887935794098,10000645,99.994,99.999,729600,729600,1728000,schedutil,306000000,306000000,1020000000,nvhost_podgov,0,3,,47218,48500,48093,47437,47343,48500,5175,796,1472,0.393,19.274,7.560
3887945799384,10005286,99.947,99.999,729600,729600,1728000,schedutil,306000000,306000000,1020000000,nvhost_podgov,0,3,,47093,48187,48031,47437,47437,48187,5135,796,1472,0.370,19.280,7.130
3887955811325,10011941,99.881,99.999,729600,729600,1728000,schedutil,306000000,306000000,1020000000,nvhost_podgov,0,3,,46937,48156,47812,47343,47312,48312,5135,796,1472,0.401,19.279,7.730
3887965798530,9987205,100.128,99.999,729600,729600,1728000,schedutil,306000000,306000000,1020000000,nvhost_podgov,0,3,,46906,48281,48062,47437,47375,48281,5135,794,1472,0.369,19.286,7.100
3887975787271,9988741,100.113,99.999,729600,729600,1728000,schedutil,306000000,306000000,1020000000,nvhost_podgov,0,3,,47062,48312,47968,47500,47375,48093,5135,794,1472,0.400,19.279,7.320
3887985795308,10008037,99.920,99.999,729600,729600,1728000,schedutil,306000000,306000000,1020000000,nvhost_podgov,0,3,,47062,48093,47968,47468,47375,48093,5135,794,1472,0.369,19.277,7.100
3887995794385,9999077,100.009,99.999,729600,729600,1728000,schedutil,306000000,306000000,1020000000,nvhost_podgov,0,3,,46906,48187,47875,47500,47281,48187,5135,794,1472,0.369,19.281,7.100
3888005790550,9996165,100.038,99.999,729600,729600,1728000,schedutil,306000000,306000000,1020000000,nvhost_podgov,0,3,,47062,48156,48000,47437,47406,48156,5135,796,1472,0.410,19.285,7.910
3888015795163,10004613,99.954,99.999,729600,729600,1728000,schedutil,306000000,306000000,1020000000,nvhost_podgov,0,3,,47000,48375,47906,47312,47281,48375,5135,796,1472,0.383,19.277,7.080
3888025794465,9999302,100.007,99.999,729600,729600,1728000,schedutil,306000000,306000000,1020000000,nvhost_podgov,0,3,,46937,48312,47875,47562,47281,48312,5135,796,1472,0.376,19.281,7.260
3888035807718,10013253,99.868,99.999,729600,729600,1728000,schedutil,306000000,306000000,1020000000,nvhost_podgov,0,3,,46906,48187,48031,47406,47343,48187,5135,796,1472,0.380,19.284,7.010
3888045800011,9992293,100.077,99.999,729600,729600,1728000,schedutil,306000000,306000000,1020000000,nvhost_podgov,0,3,,46968,48125,48000,47343,47375,48125,5135,796,1472,0.401,19.277,7.730
3888055812816,10012805,99.872,99.999,729600,729600,1728000,schedutil,306000000,306000000,1020000000,nvhost_podgov,0,3,,46937,48312,47906,47593,47406,48312,5135,794,1472,0.384,19.282,6.900
3888065787413,9974597,100.255,99.999,729600,729600,1728000,schedutil,306000000,306000000,1020000000,nvhost_podgov,0,3,,47156,48281,48031,47500,47375,48093,5135,794,1472,0.404,19.275,7.450
3888075793210,10005797,99.942,99.999,729600,729600,1728000,schedutil,306000000,306000000,1020000000,nvhost_podgov,0,3,,47187,48093,47968,47500,47312,48093,5135,796,1472,0.380,19.280,7.180
3888085791903,9998693,100.013,99.999,729600,729600,1728000,schedutil,306000000,306000000,1020000000,nvhost_podgov,0,3,,46875,48093,48000,47656,47343,48187,5135,796,1472,0.370,19.277,7.130
3888095804485,10012582,99.874,99.999,729600,729600,1728000,schedutil,306000000,306000000,1020000000,nvhost_podgov,0,3,,47062,48156,48000,47437,47343,48156,5135,796,1472,0.403,19.275,7.620
3888105800138,9995653,100.043,99.999,729600,729600,1728000,schedutil,306000000,306000000,1020000000,nvhost_podgov,0,3,,47093,48062,48000,47406,47406,48312,5135,796,1472,0.375,19.282,6.910
3888115804335,10004197,99.958,99.999,729600,729600,1728000,schedutil,306000000,306000000,1020000000,nvhost_podgov,0,3,,47000,48312,47906,47562,47312,48312,5135,796,1472,0.380,19.280,7.300
3888125805396,10001061,99.989,99.999,729600,729600,1728000,schedutil,306000000,306000000,1020000000,nvhost_podgov,0,3,,46906,48093,48062,47437,47281,48093,5135,794,1472,0.370,19.279,7.130
3888135795513,9990117,100.099,99.999,729600,729600,1728000,schedutil,306000000,306000000,1020000000,nvhost_podgov,0,3,,47062,48093,47937,47437,47375,48093,5135,794,1472,0.401,19.282,7.280
3888145806366,10010853,99.892,99.999,729600,729600,1728000,schedutil,306000000,306000000,1020000000,nvhost_podgov,0,3,,46968,48250,48000,47375,47343,48250,5135,796,1472,0.364,19.282,7.010
3888155791395,9985029,100.150,99.999,729600,729600,1728000,schedutil,306000000,306000000,1020000000,nvhost_podgov,0,3,,47000,48250,48062,47562,47343,48062,5135,796,1472,0.401,19.275,7.730
3888165808777,10017382,99.826,99.999,729600,729600,1728000,schedutil,306000000,306000000,1020000000,nvhost_podgov,0,3,,46875,48343,48031,47468,47375,48343,5135,796,1472,0.380,19.282,7.310
3888175807246,9998469,100.015,99.999,729600,729600,1728000,schedutil,306000000,306000000,1020000000,nvhost_podgov,0,3,,47000,48468,47937,47375,47343,48187,5135,796,1472,0.366,19.275,7.070
3888185806163,9998917,100.011,99.999,729600,729600,1728000,schedutil,306000000,306000000,1020000000,nvhost_podgov,0,3,,46968,48218,48093,47531,47250,48218,5135,794,1472,0.376,19.286,7.350
3888195808152,10001989,99.980,99.999,729600,729600,1728000,schedutil,306000000,306000000,1020000000,nvhost_podgov,0,3,,47187,48125,47968,47468,47437,48343,5135,794,1472,0.369,19.281,7.100
3888205804477,9996325,100.037,99.999,729600,729600,1728000,schedutil,306000000,306000000,1020000000,nvhost_podgov,0,3,,47062,48312,47968,47406,47375,48312,5135,794,1472,0.370,19.279,7.480
3888215806466,10001989,99.980,99.999,729600,729600,1728000,schedutil,306000000,306000000,1020000000,nvhost_podgov,0,3,,46937,48187,47937,47593,47281,48125,5135,796,1433,0.360,19.280,6.940
3888225803976,9997510,100.025,99.999,729600,729600,1728000,schedutil,306000000,306000000,1020000000,nvhost_podgov,0,3,,47156,48031,48031,47500,47312,48031,5135,796,1433,0.390,19.266,8.190
3888235810157,10006181,99.938,99.999,729600,729600,1728000,schedutil,306000000,306000000,1020000000,nvhost_podgov,0,3,,47031,48062,47906,47468,47375,48156,5135,794,1472,0.357,19.282,6.900
3888245796754,9986597,100.134,99.999,729600,729600,1728000,schedutil,306000000,306000000,1020000000,nvhost_podgov,0,3,,47031,48156,47843,47593,47312,48156,5135,794,1472,0.394,19.279,7.010
3888255810487,10013733,99.863,99.999,729600,729600,1728000,schedutil,306000000,306000000,1020000000,nvhost_podgov,0,3,,47000,48312,48062,47437,47437,48312,5135,796,1433,0.367,19.280,7.090
3888265804028,9993541,100.065,99.999,729600,729600,1728000,schedutil,306000000,306000000,1020000000,nvhost_podgov,0,3,,47000,48406,47937,47375,47343,48406,5135,796,1433,0.375,19.280,7.230
3888275794817,9990789,100.092,99.999,729600,729600,1728000,schedutil,306000000,306000000,1020000000,nvhost_podgov,0,3,,46968,48156,47937,47437,47312,48156,5135,796,1433,0.395,19.277,7.620
3888285809606,10014789,99.852,99.999,729600,729600,1728000,schedutil,306000000,306000000,1020000000,nvhost_podgov,0,3,,46875,48156,48031,47562,47375,48250,5135,796,1433,0.369,19.282,7.120
3888295794443,9984837,100.152,99.999,729600,729600,1728000,schedutil,306000000,306000000,1020000000,nvhost_podgov,0,3,,46906,48250,47937,47437,47343,48250,5135,796,1433,0.394,19.273,7.590
3888305807505,10013062,99.870,99.999,729600,729600,1728000,schedutil,306000000,306000000,1020000000,nvhost_podgov,0,3,,46968,48250,47937,47375,47343,48250,5095,796,1433,0.374,19.280,7.210
3888315808566,10001061,99.989,99.999,729600,729600,1728000,schedutil,306000000,306000000,1020000000,nvhost_podgov,0,3,,46906,48093,47968,47468,47312,48093,5095,796,1433,0.369,19.276,7.100
3888325806043,9997477,100.025,99.999,729600,729600,1728000,schedutil,306000000,306000000,1020000000,nvhost_podgov,0,3,,47125,48343,47968,47437,47375,48343,5095,796,1433,0.371,19.281,7.160
3888335804064,9998021,100.020,99.999,729600,729600,1728000,schedutil,306000000,306000000,1020000000,nvhost_podgov,0,3,,47062,48156,47906,47375,47343,48156,5095,796,1433,0.386,19.282,7.690
3888345809605,10005541,99.945,99.999,729600,729600,1728000,schedutil,306000000,306000000,1020000000,nvhost_podgov,0,3,,46937,48093,47906,47468,47343,48312,5095,756,1433,0.367,19.282,7.090
3888355807274,9997669,100.023,99.999,729600,729600,1728000,schedutil,306000000,306000000,1020000000,nvhost_podgov,0,3,,47125,48281,48000,47531,47406,48281,5095,756,1433,0.389,19.280,7.130
3888365808303,10001029,99.990,99.999,729600,729600,1728000,schedutil,306000000,306000000,1020000000,nvhost_podgov,0,3,,47093,48281,48062,47468,47437,48125,5095,756,1433,0.371,19.279,7.160
3888375795892,9987589,100.124,99.999,729600,729600,1728000,schedutil,306000000,306000000,1020000000,nvhost_podgov,0,3,,46937,48031,47968,47468,47375,48031,5095,756,1433,0.405,19.284,7.810
3888385791641,9995749,100.043,99.999,729600,729600,1728000,schedutil,306000000,306000000,1020000000,nvhost_podgov,0,3,,46937,48156,48000,47562,47406,48187,5095,756,1433,0.398,19.273,7.670
3888395809471,10017830,99.822,99.999,729600,729600,1728000,schedutil,306000000,306000000,1020000000,nvhost_podgov,0,3,,47000,48156,47968,47468,47437,48156,5095,756,1433,0.376,19.284,6.900
3888405803844,9994373,100.056,99.999,729600,729600,1728000,schedutil,306000000,306000000,1020000000,nvhost_podgov,0,3,,46906,48437,48000,47593,47250,48437,5095,756,1433,0.393,19.275,7.560
3888415810409,10006565,99.934,99.999,729600,729600,1728000,schedutil,306000000,306000000,1020000000,nvhost_podgov,0,3,,46843,48343,48062,47468,47312,48343,5095,756,1433,0.378,19.282,6.990
3888425798446,9988037,100.120,99.999,729600,729600,1728000,schedutil,306000000,306000000,1020000000,nvhost_podgov,0,3,,46968,48093,48031,47468,47406,48093,5095,756,1433,0.399,19.275,7.300
3888435814420,10015974,99.841,99.999,729600,729600,1728000,schedutil,306000000,306000000,1020000000,nvhost_podgov,0,3,,46937,48187,47875,47562,47375,48187,5095,756,1433,0.374,19.282,7.210
3888445813273,9998853,100.011,99.999,729600,729600,1728000,schedutil,306000000,306000000,1020000000,nvhost_podgov,0,3,,46906,48218,48031,47562,47312,48218,5095,756,1433,0.376,19.280,7.260
3888455810046,9996773,100.032,99.999,729600,729600,1728000,schedutil,306000000,306000000,1020000000,nvhost_podgov,0,3,,47125,48281,48000,47468,47375,48281,5095,756,1433,0.383,19.276,7.370
3888465797667,9987621,100.124,99.999,729600,729600,1728000,schedutil,306000000,306000000,1020000000,nvhost_podgov,0,3,,47031,48062,48031,47375,47375,48062,5095,756,1433,0.357,19.282,6.900
3888475786631,9988964,100.110,99.999,729600,729600,1728000,schedutil,306000000,306000000,1020000000,nvhost_podgov,0,3,,46968,48468,48062,47531,47375,48218,5095,756,1433,0.405,19.279,7.810
3888485812013,10025382,99.747,99.999,729600,729600,1728000,schedutil,306000000,306000000,1020000000,nvhost_podgov,0,3,,47062,48187,47937,47437,47437,48187,5095,756,1433,0.378,19.281,7.040
3888495789586,9977573,100.225,99.999,729600,729600,1728000,schedutil,306000000,306000000,1020000000,nvhost_podgov,0,3,,47093,48093,47906,47406,47312,48281,5095,756,1433,0.386,19.274,7.450
3888505794711,10005125,99.949,99.999,729600,729600,1728000,schedutil,306000000,306000000,1020000000,nvhost_podgov,0,3,,46906,48281,48062,47625,47250,48281,5095,756,1433,0.364,19.279,7.010
3888515785852,9991141,100.089,99.999,729600,729600,1728000,schedutil,306000000,306000000,1020000000,nvhost_podgov,0,3,,47062,48156,48000,47468,47406,48156,5095,756,1433,0.405,19.274,7.560
3888525811842,10025990,99.741,99.999,729600,729600,1728000,schedutil,306000000,306000000,1020000000,nvhost_podgov,0,3,,47000,48062,47968,47406,47343,48062,5095,756,1433,0.381,19.288,7.180
3888535809255,9997413,100.026,99.999,729600,729600,1728000,schedutil,306000000,306000000,1020000000,nvhost_podgov,0,3,,47000,48218,47906,47625,47312,48218,5095,756,1433,0.374,19.281,7.210
3888545806092,9996837,100.032,99.999,729600,729600,1728000,schedutil,306000000,306000000,1020000000,nvhost_podgov,0,3,,46937,48187,48062,47500,47437,48187,5095,756,1433,0.384,19.279,7.420
3888555796785,9990693,100.093,99.999,729600,729600,1728000,schedutil,306000000,306000000,1020000000,nvhost_podgov,0,3,,47062,48468,47937,47437,47343,48468,5095,756,1433,0.364,19.281,7.010
3888565789398,9992613,100.074,99.999,729600,729600,1728000,schedutil,306000000,306000000,1020000000,nvhost_podgov,0,3,,47000,48437,47906,47656,47406,48437,5095,756,1433,0.406,19.277,7.830
3888575795707,10006309,99.937,99.999,729600,729600,1728000,schedutil,306000000,306000000,1020000000,nvhost_podgov,0,3,,46843,48156,48000,47531,47406,48156,5095,755,1433,0.361,19.281,6.960
3888585803040,10007333,99.927,99.999,729600,729600,1728000,schedutil,306000000,306000000,1020000000,nvhost_podgov,0,3,,47156,48125,47937,47437,47343,48125,5095,755,1433,0.396,19.276,7.620
3888595796645,9993605,100.064,99.999,729600,729600,1728000,schedutil,306000000,306000000,1020000000,nvhost_podgov,0,3,,47031,48156,47906,47375,47281,48156,5095,755,1433,0.360,19.281,6.940
3888605786122,9989477,100.105,99.999,729600,729600,1728000,schedutil,306000000,306000000,1020000000,nvhost_podgov,0,3,,46875,48218,48000,47562,47375,48218,5095,755,1433,0.396,19.279,6.960
3888615789743,10003621,99.964,99.999,729600,729600,1728000,schedutil,306000000,306000000,1020000000,nvhost_podgov,0,3,,47125,48093,48000,47500,47343,48093,5095,756,1433,0.374,19.275,7.210
3888625794580,10004837,99.952,99.999,729600,729600,1728000,schedutil,306000000,306000000,1020000000,nvhost_podgov,0,3,,47093,47937,47937,47437,47406,48093,5095,756,1433,0.366,19.281,7.070
3888635790266,9995686,100.043,99.999,729600,729600,1728000,schedutil,306000000,306000000,1020000000,nvhost_podgov,0,3,,46875,48187,48156,47468,47281,48187,5095,756,1433,0.395,19.269,7.620
3888645796447,10006181,99.938,99.999,729600,729600,1728000,schedutil,306000000,306000000,1020000000,nvhost_podgov,0,3,,47062,48125,47968,47468,47375,48250,5095,756,1433,0.371,19.277,7.160
3888655789092,9992645,100.074,99.999,729600,729600,1728000,schedutil,306000000,306000000,1020000000,nvhost_podgov,0,3,,47000,48406,47937,47375,47312,48406,5095,756,1433,0.388,19.273,7.460
3888665795817,10006725,99.933,99.999,729600,729600,1728000,schedutil,306000000,306000000,1020000000,nvhost_podgov,0,3,,46906,48031,47968,47500,47343,48031,5095,756,1433,0.361,19.279,6.960
3888675793294,9997477,100.025,99.999,729600,729600,1728000,schedutil,306000000,306000000,1020000000,nvhost_podgov,0,3,,46937,48093,47937,47468,47343,48093,5095,756,1433,0.374,19.276,7.640
3888685796435,10003141,99.969,99.999,729600,729600,1728000,schedutil,306000000,306000000,1020000000,nvhost_podgov,0,3,,47031,48156,47906,47406,47375,48156,5055,756,1433,0.360,19.277,6.940
3888695805081,10008646,99.914,99.999,729600,729600,1728000,schedutil,306000000,306000000,1020000000,nvhost_podgov,0,3,,46937,48250,47906,47718,47343,48250,5055,756,1433,0.399,19.281,6.990
3888705794461,9989380,100.106,99.999,729600,729600,1728000,schedutil,306000000,306000000,1020000000,nvhost_podgov,0,3,,46875,48437,48000,47500,47375,48437,5055,756,1433,0.379,19.279,7.300
3888715796323,10001862,99.981,99.999,729600,729600,1728000,schedutil,306000000,306000000,1020000000,nvhost_podgov,0,3,,47156,48406,48000,47468,47406,48125,5055,756,1433,0.385,19.281,7.420
3888725793000,9996677,100.033,99.999,729600,729600,1728000,schedutil,306000000,306000000,1020000000,nvhost_podgov,0,3,,46968,48125,47937,47593,47343,48125,5055,756,1433,0.385,19.280,7.420
3888735809005,10016005,99.840,99.999,729600,729600,1728000,schedutil,306000000,306000000,1020000000,nvhost_podgov,0,3,,47000,48187,48031,47500,47250,48187,5055,756,1433,0.376,19.282,7.040
3888745794642,9985637,100.144,99.999,729600,729600,1728000,schedutil,306000000,306000000,1020000000,nvhost_podgov,0,3,,47125,48281,47875,47437,47375,48281,5055,756,1433,0.393,19.277,7.560
3888755800311,10005669,99.943,99.999,729600,729600,1728000,schedutil,306000000,306000000,1020000000,nvhost_podgov,0,3,,46968,48250,47875,47406,47375,48156,5055,756,1433,0.380,19.285,6.940
3888765787516,9987205,100.128,99.999,729600,729600,1728000,schedutil,306000000,306000000,1020000000,nvhost_podgov,0,3,,46843,48125,47937,47500,47343,48125,5055,756,1433,0.371,19.273,7.160
3888775795681,10008165,99.918,99.999,729600,729600,1728000,schedutil,306000000,306000000,1020000000,nvhost_podgov,0,3,,47093,48125,48031,47406,47406,48218,5055,756,1433,0.371,19.286,7.180
3888785806567,10010886,99.891,99.999,729600,729600,1728000,schedutil,306000000,306000000,1020000000,nvhost_podgov,0,3,,46968,48125,47968,47468,47343,48125,5055,756,1433,0.367,19.281,7.090
3888795794540,9987973,100.120,99.999,729600,729600,1728000,schedutil,306000000,306000000,1020000000,nvhost_podgov,0,3,,46875,48343,47875,47593,47375,48343,5055,756,1433,0.384,19.285,7.400
3888805795313,10000773,99.992,99.999,729600,729600,1728000,schedutil,306000000,306000000,1020000000,nvhost_podgov,0,3,,47062,48343,48062,47437,47343,48156,5055,756,1433,0.370,19.282,7.130
3888815789302,9993989,100.060,99.999,729600,729600,1728000,schedutil,306000000,306000000,1020000000,nvhost_podgov,0,3,,47000,48156,47937,47375,47343,48156,5055,756,1433,0.401,19.280,7.730
3888825797435,10008133,99.919,99.999,729600,729600,1728000,schedutil,306000000,306000000,1020000000,nvhost_podgov,0,3,,46968,48093,47875,47531,47281,48093,5055,756,1433,0.364,19.282,7.010
3888835786048,9988613,100.114,99.999,729600,729600,1728000,schedutil,306000000,306000000,1020000000,nvhost_podgov,0,3,,46906,48187,48000,47437,47375,48187,5055,756,1433,0.398,19.277,7.650
3888845815622,10029574,99.705,99.999,729600,729600,1728000,schedutil,306000000,306000000,1020000000,nvhost_podgov,0,3,,46968,48156,47968,47406,47312,48156,5055,756,1433,0.410,19.274,7.860
3888855814187,9998565,100.014,99.999,729600,729600,1728000,schedutil,306000000,306000000,1020000000,nvhost_podgov,0,3,,47062,48031,47937,47687,47343,48031,5055,756,1433,0.411,19.270,7.920
3888865801936,9987749,100.123,99.999,729600,729600,1728000,schedutil,306000000,306000000,1020000000,nvhost_podgov,0,3,,47187,48468,48062,47468,47437,48468,5095,755,1433,0.370,19.280,6.940
3888875790357,9988421,100.116,99.999,729600,729600,1728000,schedutil,306000000,306000000,1020000000,nvhost_podgov,0,3,,47125,48093,48031,47343,47406,48093,5095,755,1433,0.360,19.275,6.940
3888885797178,10006821,99.932,99.999,729600,729600,1728000,schedutil,306000000,306000000,1020000000,nvhost_podgov,0,3,,46937,48156,47937,47593,47375,48156,5095,756,1433,0.366,19.281,7.180
3888895794431,9997253,100.027,99.999,729600,729600,1728000,schedutil,306000000,306000000,1020000000,nvhost_podgov,0,3,,46937,48281,48031,47437,47281,48281,5095,756,1433,0.367,19.279,7.090
3888905791396,9996965,100.030,99.999,729600,729600,1728000,schedutil,306000000,306000000,1020000000,nvhost_podgov,0,3,,47062,48250,48000,47406,47375,48125,5095,756,1433,0.381,19.279,7.640
3888915796329,10004933,99.951,99.999,729600,729600,1728000,schedutil,306000000,306000000,1020000000,nvhost_podgov,0,3,,46968,48000,47937,47468,47312,48000,5095,756,1433,0.359,19.280,6.910
3888925793198,9996869,100.031,99.999,729600,729600,1728000,schedutil,306000000,306000000,1020000000,nvhost_podgov,0,3,,46937,48187,48093,47437,47312,48187,5095,756,1433,0.371,19.274,7.590
3888935795891,10002693,99.973,99.999,729600,729600,1728000,schedutil,306000000,306000000,1020000000,nvhost_podgov,0,3,,47000,48125,48000,47500,47406,48125,5095,756,1433,0.361,19.284,6.960
3888945789368,9993477,100.065,99.999,729600,729600,1728000,schedutil,306000000,306000000,1020000000,nvhost_podgov,0,3,,47000,48437,48000,47437,47375,48437,5095,756,1433,0.398,19.279,7.670
3888955813630,10024262,99.758,99.999,729600,729600,1728000,schedutil,306000000,306000000,1020000000,nvhost_podgov,0,3,,46906,48343,48062,47593,47343,48343,5095,756,1433,0.365,19.277,7.040
3888965797251,9983621,100.164,99.999,729600,729600,1728000,schedutil,306000000,306000000,1020000000,nvhost_podgov,0,3,,46937,48062,48062,47406,47406,48062,5095,756,1433,0.388,19.280,7.480
3888975793320,9996069,100.039,99.999,729600,729600,1728000,schedutil,306000000,306000000,1020000000,nvhost_podgov,0,3,,47000,48062,48031,47437,47281,48062,5095,756,1433,0.379,19.281,7.450
3888985793773,10000453,99.995,99.999,729600,729600,1728000,schedutil,306000000,306000000,1020000000,nvhost_podgov,0,3,,46937,48187,47937,47562,47312,48187,5095,756,1433,0.372,19.279,7.180
3888995786226,9992453,100.076,99.999,729600,729600,1728000,schedutil,306000000,306000000,1020000000,nvhost_podgov,0,3,,47125,48187,48000,47500,47343,48093,5095,756,1433,0.378,19.273,7.400
3889005813592,10027366,99.727,99.999,729600,729600,1728000,schedutil,306000000,306000000,1020000000,nvhost_podgov,0,3,,47093,48125,47968,47437,47343,48125,5095,756,1433,0.364,19.279,7.010
3889015788476,9974884,100.252,99.999,729600,729600,1728000,schedutil,306000000,306000000,1020000000,nvhost_podgov,0,3,,47031,48000,47937,47593,47375,48000,5095,756,1433,0.389,19.282,7.500
3889025796833,10008357,99.916,99.999,729600,729600,1728000,schedutil,306000000,306000000,1020000000,nvhost_podgov,0,3,,47218,48125,48062,47437,47281,48125,5095,755,1433,0.370,19.281,7.130
3889035789574,9992741,100.073,99.999,729600,729600,1728000,schedutil,306000000,306000000,1020000000,nvhost_podgov,0,3,,47093,48187,48000,47406,47312,48343,5095,755,1433,0.391,19.279,7.320
3889045806732,10017158,99.829,99.999,729600,729600,1728000,schedutil,306000000,306000000,1020000000,nvhost_podgov,0,3,,47000,48250,47968,47343,47312,48250,5095,756,1433,0.365,19.281,7.040
3889055796305,9989573,100.104,99.999,729600,729600,1728000,schedutil,306000000,306000000,1020000000,nvhost_podgov,0,3,,46968,48062,48062,47468,47250,48062,5095,756,1433,0.378,19.276,7.270
3889065794390,9998085,100.019,99.999,729600,729600,1728000,schedutil,306000000,306000000,1020000000,nvhost_podgov,0,3,,47062,48093,48062,47437,47375,48093,5095,756,1433,0.369,19.280,7.100
3889075793755,9999365,100.006,99.999,729600,729600,1728000,schedutil,306000000,306000000,1020000000,nvhost_podgov,0,3,,46968,48218,47968,47406,47375,48218,5095,756,1433,0.372,19.276,7.180
3889085789984,9996229,100.038,99.999,729600,729600,1728000,schedutil,306000000,306000000,1020000000,nvhost_podgov,0,3,,46875,48156,47968,47437,47250,48156,5095,756,1433,0.393,19.281,7.560
3889095794821,10004837,99.952,99.999,729600,729600,1728000,schedutil,306000000,306000000,1020000000,nvhost_podgov,0,3,,47062,48437,48000,47468,47375,48437,5095,755,1433,0.376,19.274,7.260
3889105805195,10010374,99.896,99.999,729600,729600,1728000,schedutil,306000000,306000000,1020000000,nvhost_podgov,0,3,,47031,48312,48031,47468,47281,48312,5095,755,1433,0.444,19.273,8.550
3889115793168,9987973,100.120,99.999,729600,729600,1728000,schedutil,306000000,306000000,1020000000,nvhost_podgov,0,3,,47000,48156,47937,47593,47375,48156,5095,756,1433,0.384,19.281,7.400
3889125793589,10000421,99.996,99.999,729600,729600,1728000,schedutil,306000000,306000000,1020000000,nvhost_podgov,0,3,,46906,48031,48031,47531,47375,48218,5095,756,1433,0.378,19.280,7.280
3889135795418,10001829,99.982,99.999,729600,729600,1728000,schedutil,306000000,306000000,1020000000,nvhost_podgov,0,3,,47125,48250,47968,47375,47375,48250,5095,756,1433,0.380,19.284,7.320
3889145797247,10001829,99.982,99.999,729600,729600,1728000,schedutil,306000000,306000000,1020000000,nvhost_podgov,0,3,,46906,48250,47937,47375,47312,48031,5095,756,1433,0.380,19.282,7.320
3889155791556,9994309,100.057,99.999,729600,729600,1728000,schedutil,306000000,306000000,1020000000,nvhost_podgov,0,3,,47093,48125,48000,47500,47437,48125,5095,755,1433,0.393,19.284,7.560
3889165796457,10004901,99.951,99.999,729600,729600,1728000,schedutil,306000000,306000000,1020000000,nvhost_podgov,0,3,,47062,48093,47968,47437,47406,48187,5095,755,1433,0.376,19.279,7.040
3889175792654,9996197,100.038,99.999,729600,729600,1728000,schedutil,306000000,306000000,1020000000,nvhost_podgov,0,3,,46906,48156,47937,47625,47343,48156,5095,755,1433,0.381,19.282,7.350
3889185795955,10003301,99.967,99.999,729600,729600,1728000,schedutil,306000000,306000000,1020000000,nvhost_podgov,0,3,,47062,48156,48062,47437,47406,48437,5095,756,1433,0.371,19.285,6.940
3889195789720,9993765,100.062,99.999,729600,729600,1728000,schedutil,306000000,306000000,1020000000,nvhost_podgov,0,3,,47062,48312,48031,47406,47343,48312,5095,756,1433,0.374,19.277,7.210
3889205794398,10004678,99.953,99.999,729600,729600,1728000,schedutil,306000000,306000000,1020000000,nvhost_podgov,0,3,,47000,48093,47875,47593,47375,48093,5095,756,1433,0.374,19.285,6.990
3889215787011,9992613,100.074,99.999,729600,729600,1728000,schedutil,306000000,306000000,1020000000,nvhost_podgov,0,3,,46906,48125,48062,47437,47406,48125,5095,756,1433,0.398,19.277,7.670
3889225796168,10009157,99.909,99.999,729600,729600,1728000,schedutil,306000000,306000000,1020000000,nvhost_podgov,0,3,,47031,48281,48031,47406,47343,48281,5095,755,1433,0.371,19.282,7.090
3889235793837,9997669,100.023,99.999,729600,729600,1728000,schedutil,306000000,306000000,1020000000,nvhost_podgov,0,3,,46937,48218,47875,47343,47375,48218,5095,755,1433,0.366,19.282,7.070
3889245791346,9997509,100.025,99.999,729600,729600,1728000,schedutil,306000000,306000000,1020000000,nvhost_podgov,0,3,,46875,48062,48062,47562,47312,48062,5095,756,1433,0.416,19.271,8.030
3889255797495,10006149,99.939,99.999,729600,729600,1728000,schedutil,306000000,306000000,1020000000,nvhost_podgov,0,3,,46812,48312,48031,47437,47343,48312,5095,756,1433,0.364,19.279,7.010
3889265792252,9994757,100.052,99.999,729600,729600,1728000,schedutil,306000000,306000000,1020000000,nvhost_podgov,0,3,,46968,48218,47937,47437,47343,48218,5095,756,1433,0.386,19.277,7.450
3889275810306,10018054,99.820,99.999,729600,729600,1728000,schedutil,306000000,306000000,1020000000,nvhost_podgov,0,3,,46937,48125,48125,47562,47343,48125,5095,756,1433,0.359,19.280,6.910
3889285792071,9981765,100.183,99.999,729600,729600,1728000,schedutil,306000000,306000000,1020000000,nvhost_podgov,0,3,,47062,48375,47968,47437,47343,48375,5095,756,1433,0.404,19.274,7.100
3889295807308,10015237,99.848,99.999,729600,729600,1728000,schedutil,306000000,306000000,1020000000,nvhost_podgov,0,3,,47093,48218,47937,47406,47406,48093,5095,756,1433,0.361,19.281,6.960
3889305803569,9996261,100.037,99.999,729600,729600,1728000,schedutil,306000000,306000000,1020000000,nvhost_podgov,0,3,,46906,48093,47937,47562,47343,48093,5095,756,1433,0.394,19.279,7.590
3889315808886,10005317,99.947,99.999,729600,729600,1728000,schedutil,306000000,306000000,1020000000,nvhost_podgov,0,3,,47062,48125,48000,47468,47343,48187,5095,756,1433,0.380,19.282,7.070
3889325798171,9989285,100.107,99.999,729600,729600,1728000,schedutil,306000000,306000000,1020000000,nvhost_podgov,0,3,,47000,48218,48000,47406,47343,48406,5095,756,1433,0.404,19.281,7.780
3889335802784,10004613,99.954,99.999,729600,729600,1728000,schedutil,306000000,306000000,1020000000,nvhost_podgov,0,3,,46906,48406,47906,47656,47281,48406,5095,756,1433,0.367,19.284,7.370
3889345806662,10003878,99.961,99.999,729600,729600,1728000,schedutil,306000000,306000000,1020000000,nvhost_podgov,0,3,,46968,48312,48062,47437,47312,48312,5095,756,1433,0.360,19.277,7.080
3889355805867,9999205,100.008,99.999,729600,729600,1728000,schedutil,306000000,306000000,1020000000,nvhost_podgov,0,3,,47062,48156,47968,47500,47312,48156,5095,756,1433,0.376,19.284,7.620
3889365804368,9998501,100.015,99.999,729600,729600,1728000,schedutil,306000000,306000000,1020000000,nvhost_podgov,0,3,,47031,48218,47968,47468,47343,48218,5095,756,1433,0.371,19.281,7.160
3889375792469,9988101,100.119,99.999,729600,729600,1728000,schedutil,306000000,306000000,1020000000,nvhost_podgov,0,3,,46906,48187,48000,47531,47281,48187,5095,756,1433,0.407,19.275,7.260
3889385802394,10009925,99.901,99.999,729600,729600,1728000,schedutil,306000000,306000000,1020000000,nvhost_podgov,0,3,,46875,48250,47968,47406,47343,48250,5055,756,1433,0.360,19.279,6.940
3889395796415,9994021,100.060,99.999,729600,729600,1728000,schedutil,306000000,306000000,1020000000,nvhost_podgov,0,3,,47000,48031,48000,47437,47312,48031,5055,756,1433,0.400,19.279,7.280
3889405798948,10002533,99.975,99.999,729600,729600,1728000,schedutil,306000000,306000000,1020000000,nvhost_podgov,0,3,,46937,48437,48125,47531,47312,48437,5055,756,1433,0.360,19.281,6.940
3889415797289,9998341,100.017,99.999,729600,729600,1728000,schedutil,306000000,306000000,1020000000,nvhost_podgov,0,3,,47156,48062,48031,47468,47375,48062,5055,756,1433,0.390,19.271,7.510
3889425807311,10010022,99.900,99.999,729600,729600,1728000,schedutil,306000000,306000000,1020000000,nvhost_podgov,0,3,,47031,48093,48031,47406,47250,48343,5055,756,1433,0.359,19.282,6.910
3889435804820,9997509,100.025,99.999,729600,729600,1728000,schedutil,306000000,306000000,1020000000,nvhost_podgov,0,3,,47000,48312,47968,47562,47343,48312,5055,756,1433,0.374,19.280,7.210
3889445803481,9998661,100.013,99.999,729600,729600,1728000,schedutil,306000000,306000000,1020000000,nvhost_podgov,0,3,,47093,48250,48000,47500,47375,48125,5055,756,1433,0.401,19.277,7.730
3889455812766,10009285,99.907,99.999,729600,729600,1728000,schedutil,306000000,306000000,1020000000,nvhost_podgov,0,3,,47062,48093,47968,47375,47312,48093,5055,756,1433,0.386,19.281,7.450
3889465807459,9994693,100.053,99.999,729600,729600,1728000,schedutil,306000000,306000000,1020000000,nvhost_podgov,0,3,,46968,48187,47968,47468,47281,48187,5055,756,1433,0.371,19.271,7.760
3889475800232,9992773,100.072,99.999,729600,729600,1728000,schedutil,306000000,306000000,1020000000,nvhost_podgov,0,3,,47000,48187,47968,47531,47406,48187,5055,756,1433,0.374,19.281,7.210
3889485804237,10004005,99.960,99.999,729600,729600,1728000,schedutil,306000000,306000000,1020000000,nvhost_podgov,0,3,,47031,48437,47968,47437,47312,48437,5055,756,1433,0.376,19.275,7.670
3889495802258,9998021,100.020,99.999,729600,729600,1728000,schedutil,306000000,306000000,1020000000,nvhost_podgov,0,3,,46968,48406,47937,47562,47281,48406,5055,756,1433,0.366,19.282,7.070
3889505795511,9993253,100.068,99.999,729600,729600,1728000,schedutil,306000000,306000000,1020000000,nvhost_podgov,0,3,,46875,48125,48156,47437,47343,48156,5055,756,1433,0.380,19.281,7.040
3889515809277,10013766,99.863,99.999,729600,729600,1728000,schedutil,306000000,306000000,1020000000,nvhost_podgov,0,3,,46906,48125,47906,47437,47281,48125,5055,756,1433,0.360,19.279,6.940
3889525807106,9997829,100.022,99.999,729600,729600,1728000,schedutil,306000000,306000000,1020000000,nvhost_podgov,0,3,,46968,48218,47968,47500,47312,48218,5055,756,1433,0.381,19.282,7.070
3889535803303,9996197,100.038,99.999,729600,729600,1728000,schedutil,306000000,306000000,1020000000,nvhost_podgov,0,3,,46937,48156,48000,47500,47406,48156,5055,756,1433,0.370,19.279,7.130
3889545805260,10001957,99.980,99.999,729600,729600,1728000,schedutil,306000000,306000000,1020000000,nvhost_podgov,0,3,,47187,48031,48031,47406,47281,48062,5055,756,1433,0.374,19.284,7.210
3889555795473,9990213,100.098,99.999,729600,729600,1728000,schedutil,306000000,306000000,1020000000,nvhost_podgov,0,3,,46968,48031,47937,47437,47312,48156,5055,756,1433,0.393,19.277,7.560
3889565804822,10009349,99.907,99.999,729600,729600,1728000,schedutil,306000000,306000000,1020000000,nvhost_podgov,0,3,,46875,48156,48031,47562,47281,48156,5055,756,1433,0.379,19.284,6.800
3889575796411,9991589,100.084,99.999,729600,729600,1728000,schedutil,306000000,306000000,1020000000,nvhost_podgov,0,3,,47250,48218,48062,47437,47375,48343,5055,756,1433,0.370,19.277,7.130
3889585804512,10008101,99.919,99.999,729600,729600,1728000,schedutil,306000000,306000000,1020000000,nvhost_podgov,0,3,,47062,48312,47968,47437,47312,48312,5055,756,1433,0.366,19.285,7.070
3889595792005,9987493,100.125,99.999,729600,729600,1728000,schedutil,306000000,306000000,1020000000,nvhost_podgov,0,3,,46937,48281,48093,47593,47343,48062,5055,756,1433,0.389,19.274,7.490
3889605805899,10013894,99.861,99.999,729600,729600,1728000,schedutil,306000000,306000000,1020000000,nvhost_podgov,0,3,,47031,48000,48031,47437,47343,48031,5055,756,1433,0.362,19.286,6.990
3889615805520,9999621,100.004,99.999,729600,729600,1728000,schedutil,306000000,306000000,1020000000,nvhost_podgov,0,3,,47062,48218,47968,47406,47375,48218,5055,756,1433,0.365,19.281,7.040
3889625804181,9998661,100.013,99.999,729600,729600,1728000,schedutil,306000000,306000000,1020000000,nvhost_podgov,0,3,,46906,48156,48000,47500,47343,48156,5055,756,1433,0.393,19.279,7.560
3889635805914,10001733,99.983,99.999,729600,729600,1728000,schedutil,306000000,306000000,1020000000,nvhost_podgov,0,3,,46937,48437,48062,47437,47468,48437,5055,756,1433,0.364,19.281,7.010
3889645805823,9999909,100.001,99.999,729600,729600,1728000,schedutil,306000000,306000000,1020000000,nvhost_podgov,0,3,,47031,48343,47906,47500,47343,48343,5055,756,1433,0.394,19.280,7.590
3889655804740,9998917,100.011,99.999,729600,729600,1728000,schedutil,306000000,306000000,1020000000,nvhost_podgov,0,3,,47000,48093,48000,47562,47343,48093,5055,756,1433,0.376,19.282,7.070
3889665802409,9997669,100.023,99.999,729600,729600,1728000,schedutil,306000000,306000000,1020000000,nvhost_podgov,0,3,,46906,48062,48062,47500,47343,48062,5055,756,1433,0.410,19.271,7.900
3889675812847,10010438,99.896,99.999,729600,729600,1728000,schedutil,306000000,306000000,1020000000,nvhost_podgov,0,3,,47093,48218,47875,47593,47375,48218,5055,756,1433,0.380,19.286,7.010
3889685792499,9979652,100.204,99.999,729600,729600,1728000,schedutil,306000000,306000000,1020000000,nvhost_podgov,0,3,,46968,48218,47937,47375,47250,48093,5055,756,1433,0.388,19.277,7.480
3889695811705,10019206,99.808,99.999,729600,729600,1728000,schedutil,306000000,306000000,1020000000,nvhost_podgov,0,3,,46937,48062,48031,47468,47343,48062,5055,756,1433,0.372,19.284,7.010
3889705804350,9992645,100.074,99.999,729600,729600,1728000,schedutil,306000000,306000000,1020000000,nvhost_podgov,0,3,,47156,48062,48000,47500,47406,48250,5055,756,1433,0.370,19.282,7.130
3889715794883,9990533,100.095,99.999,729600,729600,1728000,schedutil,306000000,306000000,1020000000,nvhost_podgov,0,3,,47000,48156,48000,47406,47406,48156,5055,756,1433,0.412,19.276,7.590
3889725809256,10014373,99.856,99.999,729600,729600,1728000,schedutil,306000000,306000000,1020000000,nvhost_podgov,0,3,,46875,48437,48062,47468,47312,48437,5055,756,1433,0.364,19.282,7.010
3889735795757,9986501,100.135,99.999,729600,729600,1728000,schedutil,306000000,306000000,1020000000,nvhost_podgov,0,3,,47093,48312,48062,47468,47343,48312,5055,756,1433,0.399,19.277,7.370
3889745802386,10006629,99.934,99.999,729600,729600,1728000,schedutil,306000000,306000000,1020000000,nvhost_podgov,0,3,,47062,48156,47937,47468,47343,48156,5055,756,1433,0.360,19.280,6.940
3889755791639,9989253,100.108,99.999,729600,729600,1728000,schedutil,306000000,306000000,1020000000,nvhost_podgov,0,3,,46906,48125,47906,47468,47343,48125,5055,756,1433,0.406,19.281,7.310
3889765806172,10014533,99.855,99.999,729600,729600,1728000,schedutil,306000000,306000000,1020000000,nvhost_podgov,0,3,,46843,48250,47937,47406,47375,48250,5055,756,1433,0.361,19.279,6.960
3889775792033,9985861,100.142,99.999,729600,729600,1728000,schedutil,306000000,306000000,1020000000,nvhost_podgov,0,3,,47000,48187,47937,47437,47312,48187,5055,756,1433,0.404,19.281,7.780
3889785807847,10015814,99.842,99.999,729600,729600,1728000,schedutil,306000000,306000000,1020000000,nvhost_podgov,0,3,,47031,48062,47875,47656,47375,48062,5055,756,1433,0.362,19.281,6.990
3889795808428,10000581,99.994,99.999,729600,729600,1728000,schedutil,306000000,306000000,1020000000,nvhost_podgov,0,3,,46906,48375,48031,47531,47406,48375,5055,756,1433,0.366,19.284,7.070
3889805808241,9999813,100.002,99.999,729600,729600,1728000,schedutil,306000000,306000000,1020000000,nvhost_podgov,0,3,,47156,48093,47968,47375,47375,48093,5055,756,1433,0.376,19.279,7.160
3889815806678,9998437,100.016,99.999,729600,729600,1728000,schedutil,306000000,306000000,1020000000,nvhost_podgov,0,3,,47000,48156,47937,47468,47406,48312,5055,756,1433,0.374,19.276,6.990
3889825792443,9985765,100.143,99.999,729600,729600,1728000,schedutil,306000000,306000000,1020000000,nvhost_podgov,0,3,,47187,48375,48031,47500,47312,48375,5055,756,1433,0.369,19.274,7.100
3889835807360,10014917,99.851,99.999,729600,729600,1728000,schedutil,306000000,306000000,1020000000,nvhost_podgov,0,3,,47093,48312,47937,47375,47312,48125,5055,756,1433,0.364,19.277,7.010
3889845805349,9997989,100.020,99.999,729600,729600,1728000,schedutil,306000000,306000000,1020000000,nvhost_podgov,0,3,,46906,48093,47968,47406,47250,48093,5055,756,1433,0.384,19.273,7.590
3889855806954,10001605,99.984,99.999,729600,729600,1728000,schedutil,306000000,306000000,1020000000,nvhost_podgov,0,3,,46843,48062,47968,47437,47343,48187,5055,756,1433,0.365,19.279,7.040
3889865792303,9985349,100.147,99.999,729600,729600,1728000,schedutil,306000000,306000000,1020000000,nvhost_podgov,0,3,,47031,48281,48000,47437,47343,48281,5055,756,1433,0.405,19.279,7.810
3889875809589,10017286,99.827,99.999,729600,729600,1728000,schedutil,306000000,306000000,1020000000,nvhost_podgov,0,3,,47000,48406,47968,47437,47375,48406,5055,756,1433,0.360,19.280,6.940
3889885809082,9999493,100.005,99.999,729600,729600,1728000,schedutil,306000000,306000000,1020000000,nvhost_podgov,0,3,,46875,48312,47843,47562,47312,48312,5055,756,1433,0.372,19.281,7.130
3889895801023,9991941,100.081,99.999,729600,729600,1728000,schedutil,306000000,306000000,1020000000,nvhost_podgov,0,3,,47062,48093,47968,47531,47406,48093,5055,756,1433,0.376,19.280,7.260
3889905803364,10002341,99.977,99.999,729600,729600,1728000,schedutil,306000000,306000000,1020000000,nvhost_podgov,0,3,,47031,48156,47906,47406,47281,48156,5055,756,1433,0.376,19.284,7.260
3889915802441,9999077,100.009,99.999,729600,729600,1728000,schedutil,306000000,306000000,1020000000,nvhost_podgov,0,3,,46968,48281,47906,47468,47312,48281,5055,756,1433,0.389,19.276,7.490
3889925806702,10004261,99.957,99.999,729600,729600,1728000,schedutil,306000000,306000000,1020000000,nvhost_podgov,0,3,,46875,48250,48093,47437,47343,48250,5055,756,1433,0.372,19.282,7.180
3889935790995,9984293,100.157,99.999,729600,729600,1728000,schedutil,306000000,306000000,1020000000,nvhost_podgov,0,3,,47031,48093,48000,47375,47375,48093,5055,756,1433,0.394,19.273,7.590
3889945799704,10008709,99.913,99.999,729600,729600,1728000,schedutil,306000000,306000000,1020000000,nvhost_podgov,0,3,,46968,48062,48000,47531,47312,48062,5055,756,1433,0.375,19.285,7.230
3889955807774,10008070,99.919,99.999,729600,729600,1728000,schedutil,306000000,306000000,1020000000,nvhost_podgov,0,3,,47156,48093,48062,47468,47312,48093,5055,756,1433,0.417,19.277,7.400
3889965802211,9994437,100.056,99.999,729600,729600,1728000,schedutil,306000000,306000000,1020000000,nvhost_podgov,0,3,,47093,48125,47968,47437,47375,48312,5055,756,1433,0.372,19.276,7.180
3889975797384,9995173,100.048,99.999,729600,729600,1728000,schedutil,306000000,306000000,1020000000,nvhost_podgov,0,3,,46906,48312,47906,47437,47343,48156,5055,756,1433,0.390,19.277,7.510
3889985808013,10010629,99.894,99.999,729600,729600,1728000,schedutil,306000000,306000000,1020000000,nvhost_podgov,0,3,,46968,48250,48031,47531,47343,48093,5055,756,1433,0.365,19.284,7.040
3889995806002,9997989,100.020,99.999,729600,729600,1728000,schedutil,306000000,306000000,1020000000,nvhost_podgov,0,3,,47156,48156,48000,47406,47406,48156,5055,756,1433,0.380,19.281,7.010
3890005797815,9991813,100.082,99.999,729600,729600,1728000,schedutil,306000000,306000000,1020000000,nvhost_podgov,0,3,,47000,48312,47906,47500,47375,48312,5055,756,1433,0.405,19.276,7.810
3890015811324,10013509,99.865,99.999,729600,729600,1728000,schedutil,306000000,306000000,1020000000,nvhost_podgov,0,3,,46937,48187,48062,47468,47281,48187,5055,756,1433,0.376,19.282,7.130
3890025786561,9975237,100.248,99.999,729600,729600,1728000,schedutil,306000000,306000000,1020000000,nvhost_podgov,0,3,,47062,48468,48062,47437,47437,48468,5055,756,1433,0.379,19.274,7.300
3890035796710,10010149,99.899,99.999,729600,729600,1728000,schedutil,306000000,306000000,1020000000,nvhost_podgov,0,3,,46968,48406,47968,47343,47281,48406,5055,756,1433,0.376,19.284,7.010
3890045792779,9996069,100.039,99.999,729600,729600,1728000,schedutil,306000000,306000000,1020000000,nvhost_podgov,0,3,,46875,48156,48062,47531,47343,48156,5055,756,1433,0.409,19.280,7.880
3890055811761,10018982,99.811,99.999,729600,729600,1728000,schedutil,306000000,306000000,1020000000,nvhost_podgov,0,3,,46875,48156,48000,47437,47375,48156,5055,756,1433,0.381,19.282,7.010
3890065790486,9978725,100.213,99.999,729600,729600,1728000,schedutil,306000000,306000000,1020000000,nvhost_podgov,0,3,,47031,48250,47906,47406,47375,48250,5055,756,1433,0.398,19.280,7.320
3890075813051,10022565,99.775,99.999,729600,729600,1728000,schedutil,306000000,306000000,1020000000,nvhost_podgov,0,3,,46937,48218,47968,47593,47281,48218,5055,756,1433,0.380,19.281,7.320
3890085797024,9983973,100.161,99.999,729600,729600,1728000,schedutil,306000000,306000000,1020000000,nvhost_podgov,0,3,,47093,47968,48062,47468,47375,48062,5055,756,1433,0.362,19.280,6.990
3890095793125,9996101,100.039,99.999,729600,729600,1728000,schedutil,306000000,306000000,1020000000,nvhost_podgov,0,3,,47093,48031,47906,47562,47343,48125,5055,756,1433,0.369,19.279,7.100
3890105795178,10002053,99.979,99.999,729600,729600,1728000,schedutil,306000000,306000000,1020000000,nvhost_podgov,0,3,,46875,48125,48031,47593,47375,48125,5055,756,1433,0.360,19.279,6.940
3890115802063,10006885,99.931,99.999,729600,729600,1728000,schedutil,306000000,306000000,1020000000,nvhost_podgov,0,3,,47218,48156,48062,47531,47437,48406,5055,756,1433,0.439,19.265,8.450
3890125792500,9990437,100.096,99.999,729600,729600,1728000,schedutil,306000000,306000000,1020000000,nvhost_podgov,0,3,,47156,48406,48000,47437,47343,48406,5055,756,1433,0.370,19.281,7.130
3890135802394,10009894,99.901,99.999,729600,729600,1728000,schedutil,306000000,306000000,1020000000,nvhost_podgov,0,3,,47031,48156,48031,47406,47406,48156,5055,756,1433,0.396,19.279,7.640
3890145800159,9997765,100.022,99.999,729600,729600,1728000,schedutil,306000000,306000000,1020000000,nvhost_podgov,0,3,,46906,48093,48062,47531,47375,48093,5055,756,1433,0.369,19.281,7.070
3890155797028,9996869,100.031,99.999,729600,729600,1728000,schedutil,306000000,306000000,1020000000,nvhost_podgov,0,3,,47062,48218,48000,47406,47375,48218,5055,756,1433,0.395,19.281,7.100
3890165797193,10000165,99.998,99.999,729600,729600,1728000,schedutil,306000000,306000000,1020000000,nvhost_podgov,0,3,,47000,48187,48031,47468,47375,48187,5055,756,1433,0.375,19.282,7.400
3890175793358,9996165,100.038,99.999,729600,729600,1728000,schedutil,306000000,306000000,1020000000,nvhost_podgov,0,3,,46968,48031,48125,47531,47250,48125,5055,756,1433,0.372,19.281,7.180
3890185792947,9999589,100.004,99.999,729600,729600,1728000,schedutil,306000000,306000000,1020000000,nvhost_podgov,0,3,,46968,48375,47968,47468,47375,48375,5055,756,1433,0.372,19.273,7.180
3890195795096,10002149,99.979,99.999,729600,729600,1728000,schedutil,306000000,306000000,1020000000,nvhost_podgov,0,3,,46968,48187,47968,47437,47312,48187,5055,756,1433,0.360,19.279,6.940
3890205786877,9991781,100.082,99.999,729600,729600,1728000,schedutil,306000000,306000000,1020000000,nvhost_podgov,0,3,,46937,48125,47937,47500,47312,48125,5055,756,1433,0.404,19.276,7.350
3890215796578,10009701,99.903,99.999,729600,729600,1728000,schedutil,306000000,306000000,1020000000,nvhost_podgov,0,3,,47156,48281,47968,47468,47375,48281,5055,756,1433,0.365,19.280,7.040
3890225801032,10004454,99.955,99.999,729600,729600,1728000,schedutil,306000000,306000000,1020000000,nvhost_podgov,0,3,,47125,48250,47906,47375,47343,48250,5055,756,1433,0.375,19.276,7.620
3890235798061,9997029,100.030,99.999,729600,729600,1728000,schedutil,306000000,306000000,1020000000,nvhost_podgov,0,3,,46968,48125,48000,47500,47343,48125,5055,756,1433,0.359,19.281,6.910
3890245787025,9988964,100.110,99.999,729600,729600,1728000,schedutil,306000000,306000000,1020000000,nvhost_podgov,0,3,,47125,48062,48000,47406,47406,48062,5055,756,1433,0.399,19.277,6.990
3890255796567,10009542,99.905,99.999,729600,729600,1728000,schedutil,306000000,306000000,1020000000,nvhost_podgov,0,3,,47093,48187,48000,47406,47375,48187,5055,756,1433,0.365,19.282,7.040
3890265799740,10003173,99.968,99.999,729600,729600,1728000,schedutil,306000000,306000000,1020000000,nvhost_podgov,0,3,,46906,48375,47843,47562,47312,48375,5055,756,1433,0.372,19.280,7.180
3890275787585,9987845,100.122,99.999,729600,729600,1728000,schedutil,306000000,306000000,1020000000,nvhost_podgov,0,3,,46968,48312,48031,47500,47437,48312,5055,756,1433,0.376,19.274,7.260
3890285797382,10009797,99.902,99.999,729600,729600,1728000,schedutil,306000000,306000000,1020000000,nvhost_podgov,0,3,,47031,48062,47906,47500,47343,48062,5055,756,1433,0.362,19.281,6.990
3890295795883,9998501,100.015,99.999,729600,729600,1728000,schedutil,306000000,306000000,1020000000,nvhost_podgov,0,3,,47031,48156,47906,47375,47375,48156,5055,756,1433,0.385,19.275,7.180
3890305795056,9999173,100.008,99.999,729600,729600,1728000,schedutil,306000000,306000000,1020000000,nvhost_podgov,0,3,,46812,48218,47968,47500,47250,48218,5055,756,1433,0.370,19.281,7.130
3890315788597,9993541,100.065,99.999,729600,729600,1728000,schedutil,306000000,306000000,1020000000,nvhost_podgov,0,3,,46968,48187,48031,47468,47437,48187,5055,756,1433,0.389,19.277,7.160
3890325796091,10007494,99.925,99.999,729600,729600,1728000,schedutil,306000000,306000000,1020000000,nvhost_podgov,0,3,,47031,48062,47812,47406,47375,48062,5055,756,1433,0.356,19.281,6.870
3890335795200,9999109,100.009,99.999,729600,729600,1728000,schedutil,306000000,306000000,1020000000,nvhost_podgov,0,3,,46937,48093,48062,47562,47250,48093,5055,756,1433,0.374,19.284,7.130
3890345792837,9997637,100.024,99.999,729600,729600,1728000,schedutil,306000000,306000000,1020000000,nvhost_podgov,0,3,,46875,48218,47937,47468,47406,48218,5055,756,1433,0.391,19.277,7.540
3890355796074,10003237,99.968,99.999,729600,729600,1728000,schedutil,306000000,306000000,1020000000,nvhost_podgov,0,3,,46968,48093,48000,47406,47343,48312,5055,756,1433,0.369,19.284,7.100
3890365793807,9997733,100.023,99.999,729600,729600,1728000,schedutil,306000000,306000000,1020000000,nvhost_podgov,0,3,,46906,48281,48125,47468,47281,48281,5055,756,1433,0.393,19.276,7.560
3890375796148,10002341,99.977,99.999,729600,729600,1728000,schedutil,306000000,306000000,1020000000,nvhost_podgov,0,3,,47093,48250,48062,47468,47375,48156,5055,756,1433,0.372,19.284,6.910
3890385792761,9996613,100.034,99.999,729600,729600,1728000,schedutil,306000000,306000000,1020000000,nvhost_podgov,0,3,,47125,48093,47937,47375,47375,48093,5055,756,1433,0.394,19.275,7.590
3890395796798,10004037,99.960,99.999,729600,729600,1728000,schedutil,306000000,306000000,1020000000,nvhost_podgov,0,3,,46968,48250,47843,47625,47281,48250,5055,756,1433,0.389,19.280,7.450
3890405798724,10001926,99.981,99.999,729600,729600,1728000,schedutil,306000000,306000000,1020000000,nvhost_podgov,0,3,,47062,48187,48031,47531,47250,48187,5055,756,1433,0.381,19.280,7.100
3890415796521,9997797,100.022,99.999,729600,729600,1728000,schedutil,306000000,306000000,1020000000,nvhost_podgov,0,3,,47125,48375,47937,47468,47312,48375,5055,756,1433,0.375,19.280,7.350
3890425795406,9998885,100.011,99.999,729600,729600,1728000,schedutil,306000000,306000000,1020000000,nvhost_podgov,0,3,,47000,48375,47968,47562,47312,48375,5055,756,1433,0.365,19.281,7.040
3890435794195,9998789,100.012,99.999,729600,729600,1728000,schedutil,306000000,306000000,1020000000,nvhost_podgov,0,3,,46937,48093,48031,47468,47312,48093,5055,756,1433,0.393,19.284,7.560
3890445793496,9999301,100.007,99.999,729600,729600,1728000,schedutil,306000000,306000000,1020000000,nvhost_podgov,0,3,,47031,48093,48031,47343,47375,48093,5055,756,1433,0.364,19.281,7.010
3890455786941,9993445,100.066,99.999,729600,729600,1728000,schedutil,306000000,306000000,1020000000,nvhost_podgov,0,3,,47000,48250,48000,47468,47281,48250,5055,756,1433,0.421,19.280,8.130
3890465806402,10019461,99.806,99.999,729600,729600,1728000,schedutil,306000000,306000000,1020000000,nvhost_podgov,0,3,,46843,48281,48093,47437,47281,48281,5055,756,1433,0.374,19.279,7.070
3890475807079,10000677,99.993,99.999,729600,729600,1728000,schedutil,306000000,306000000,1020000000,nvhost_podgov,0,3,,46843,48062,47937,47437,47375,48062,5055,756,1433,0.390,19.275,7.510
3890485808301,10001222,99.988,99.999,729600,729600,1728000,schedutil,306000000,306000000,1020000000,nvhost_podgov,0,3,,46937,47968,47968,47406,47375,47968,5055,756,1433,0.372,19.284,7.010
3890495798097,9989796,100.102,99.999,729600,729600,1728000,schedutil,306000000,306000000,1020000000,nvhost_podgov,0,3,,46968,48156,48062,47531,47375,48156,5055,756,1433,0.386,19.275,7.450
3890505809911,10011814,99.882,99.999,729600,729600,1728000,schedutil,306000000,306000000,1020000000,nvhost_podgov,0,3,,47125,48062,47968,47437,47343,48343,5055,756,1433,0.371,19.282,7.180
3890515797788,9987877,100.121,99.999,729600,729600,1728000,schedutil,306000000,306000000,1020000000,nvhost_podgov,0,3,,47156,48312,47906,47406,47375,48062,5055,756,1433,0.367,19.277,7.080
3890525804705,10006917,99.931,99.999,729600,729600,1728000,schedutil,306000000,306000000,1020000000,nvhost_podgov,0,3,,46937,48000,47875,47593,47343,48000,5055,756,1433,0.379,19.281,7.300
3890535806374,10001669,99.983,99.999,729600,729600,1728000,schedutil,306000000,306000000,1020000000,nvhost_podgov,0,3,,47093,48031,48062,47500,47406,48062,5055,756,1433,0.364,19.280,7.010
3890545792875,9986501,100.135,99.999,729600,729600,1728000,schedutil,306000000,306000000,1020000000,nvhost_podgov,0,3,,47062,48250,47968,47375,47343,48250,5055,756,1433,0.388,19.277,7.480
3890555809488,10016613,99.834,99.999,729600,729600,1728000,schedutil,306000000,306000000,1020000000,nvhost_podgov,0,3,,46906,48187,47875,47593,47343,48187,5055,756,1433,0.360,19.279,6.940
3890565803349,9993861,100.061,99.999,729600,729600,1728000,schedutil,306000000,306000000,1020000000,nvhost_podgov,0,3,,46968,48093,48031,47500,47343,48093,5055,756,1433,0.385,19.275,7.420
3890575810618,10007269,99.927,99.999,729600,729600,1728000,schedutil,306000000,306000000,1020000000,nvhost_podgov,0,3,,47031,48406,47968,47468,47375,48406,5055,756,1433,0.362,19.279,6.990
3890585791359,9980741,100.193,99.999,729600,729600,1728000,schedutil,306000000,306000000,1020000000,nvhost_podgov,0,3,,47031,48093,47906,47406,47343,48093,5055,756,1433,0.411,19.279,7.920
3890595811205,10019846,99.802,99.999,729600,729600,1728000,schedutil,306000000,306000000,1020000000,nvhost_podgov,0,3,,46906,48156,48093,47500,47343,48156,5055,756,1433,0.359,19.279,6.910
3890605804522,9993317,100.067,99.999,729600,729600,1728000,schedutil,306000000,306000000,1020000000,nvhost_podgov,0,3,,47000,48218,47968,47437,47343,48218,5055,756,1433,0.376,19.281,7.260
3890615793935,9989413,100.106,99.999,729600,729600,1728000,schedutil,306000000,306000000,1020000000,nvhost_podgov,0,3,,46968,48312,47968,47406,47343,48312,5055,756,1433,0.374,19.267,7.460
3890625810164,10016229,99.838,99.999,729600,729600,1728000,schedutil,306000000,306000000,1020000000,nvhost_podgov,0,3,,46875,48093,48093,47468,47281,48093,5055,756,1433,0.369,19.281,7.100
3890635793305,9983141,100.169,99.999,729600,729600,1728000,schedutil,306000000,306000000,1020000000,nvhost_podgov,0,3,,47093,48125,47968,47437,47343,48250,5055,756,1433,0.395,19.275,7.420
3890645810142,10016837,99.832,99.999,729600,729600,1728000,schedutil,306000000,306000000,1020000000,nvhost_podgov,0,3,,46968,48187,47843,47375,47281,48187,5055,755,1433,0.365,19.280,7.040
3890655792355,9982213,100.178,99.999,729600,729600,1728000,schedutil,306000000,306000000,1020000000,nvhost_podgov,0,3,,46906,48156,48125,47500,47312,48343,5055,755,1433,0.381,19.279,7.350
3890665809288,10016933,99.831,99.999,729600,729600,1728000,schedutil,306000000,306000000,1020000000,nvhost_podgov,0,3,,47125,48343,47937,47437,47375,48343,5055,755,1433,0.388,19.279,7.480
3890675800557,9991269,100.087,99.999,729600,729600,1728000,schedutil,306000000,306000000,1020000000,nvhost_podgov,0,3,,47031,48156,47937,47406,47281,48156,5055,755,1433,0.445,19.274,8.410
3890693876210,18075653,55.323,99.908,729600,729600,1728000,schedutil,306000000,306000000,1020000000,nvhost_podgov,0,3,,47000,48062,48000,47468,47312,48062,5055,755,1433,0.430,19.277,8.280
3890695860185,1983975,504.039,99.999,729600,729600,1728000,schedutil,306000000,306000000,1020000000,nvhost_podgov,0,3,,46968,48312,48031,47468,47375,48312,5055,755,1433,0.421,19.264,8.120
3890705795965,9935780,100.646,99.999,729600,729600,1728000,schedutil,306000000,306000000,1020000000,nvhost_podgov,0,3,,47031,48281,47906,47468,47343,48281,5055,755,1433,0.412,19.275,7.950
3890715793826,9997861,100.021,99.999,729600,729600,1728000,schedutil,306000000,306000000,1020000000,nvhost_podgov,0,3,,47000,48062,47937,47468,47343,48062,5055,755,1433,0.417,19.271,8.030
3890725794407,10000581,99.994,99.999,729600,729600,1728000,schedutil,306000000,306000000,1020000000,nvhost_podgov,0,3,,46937,48437,48031,47468,47406,48437,5055,755,1433,0.444,19.271,8.550
3890735795628,10001221,99.988,99.999,729600,729600,1728000,schedutil,306000000,306000000,1020000000,nvhost_podgov,0,3,,47031,48156,48031,47406,47375,48156,5055,756,1433,0.355,19.288,6.850
3890745792753,9997125,100.029,99.999,729600,729600,1728000,schedutil,306000000,306000000,1020000000,nvhost_podgov,0,3,,46937,48218,47937,47625,47281,48312,5055,756,1433,0.359,19.269,7.030
3890755799382,10006629,99.934,99.999,729600,729600,1728000,schedutil,306000000,306000000,1020000000,nvhost_podgov,0,3,,46906,48343,48031,47468,47343,48343,5055,756,1433,0.357,19.289,6.900
3890765794523,9995141,100.049,99.999,729600,729600,1728000,schedutil,306000000,306000000,1020000000,nvhost_podgov,0,3,,47156,48156,47968,47406,47375,48062,5055,756,1433,0.369,19.281,6.690
3890775794240,9999717,100.003,99.999,729600,729600,1728000,schedutil,306000000,306000000,1020000000,nvhost_podgov,0,3,,46875,48125,47906,47375,47343,48125,5055,756,1433,0.371,19.281,7.160
3890785793701,9999461,100.005,99.999,729600,729600,1728000,schedutil,306000000,306000000,1020000000,nvhost_podgov,0,3,,46906,48156,48093,47500,47312,48187,5055,756,1433,0.356,19.282,6.870
3890795791786,9998085,100.019,99.999,729600,729600,1728000,schedutil,306000000,306000000,1020000000,nvhost_podgov,0,3,,47062,48218,47968,47468,47343,48218,5055,756,1433,0.360,19.282,6.940
3890805795088,10003302,99.967,99.999,729600,729600,1728000,schedutil,306000000,306000000,1020000000,nvhost_podgov,0,3,,47062,48406,48000,47343,47343,48406,5055,756,1433,0.366,19.289,6.710
3890815785364,9990276,100.097,99.999,729600,729600,1728000,schedutil,306000000,306000000,1020000000,nvhost_podgov,0,3,,46937,48343,48062,47500,47312,48343,5055,756,1433,0.380,19.281,7.320
3890825795642,10010278,99.897,99.999,729600,729600,1728000,schedutil,306000000,306000000,1020000000,nvhost_podgov,0,3,,47062,48187,47968,47437,47343,48187,5055,756,1433,0.347,19.288,6.550
3890835786367,9990725,100.093,99.999,729600,729600,1728000,schedutil,306000000,306000000,1020000000,nvhost_podgov,0,3,,47000,48156,47968,47406,47343,48156,5055,756,1433,0.371,19.275,7.160
3890845794788,10008421,99.916,99.999,729600,729600,1728000,schedutil,306000000,306000000,1020000000,nvhost_podgov,0,3,,46937,48281,47937,47562,47281,48281,5055,756,1433,0.347,19.290,6.680
3890855794505,9999717,100.003,99.999,729600,729600,1728000,schedutil,306000000,306000000,1020000000,nvhost_podgov,0,3,,46937,48250,48062,47531,47343,48250,5055,756,1433,0.344,19.279,6.630
3890865796462,10001957,99.980,99.999,729600,729600,1728000,schedutil,306000000,306000000,1020000000,nvhost_podgov,0,3,,47031,48062,47968,47406,47343,48062,5055,756,1433,0.352,19.285,6.720
3890875794099,9997637,100.024,99.999,729600,729600,1728000,schedutil,306000000,306000000,1020000000,nvhost_podgov,0,3,,47000,48000,47843,47562,47343,48000,5055,756,1433,0.347,19.284,6.710
3890885792440,9998341,100.017,99.999,729600,729600,1728000,schedutil,306000000,306000000,1020000000,nvhost_podgov,0,3,,46875,48062,47968,47406,47343,48062,5055,756,1433,0.350,19.281,6.750
3890895793693,10001253,99.987,99.999,729600,729600,1728000,schedutil,306000000,306000000,1020000000,nvhost_podgov,0,3,,47093,48156,47968,47375,47343,48156,5055,756,1433,0.341,19.286,6.580
3890905791490,9997797,100.022,99.999,729600,729600,1728000,schedutil,306000000,306000000,1020000000,nvhost_podgov,0,3,,46875,48312,47937,47406,47343,48312,5055,756,1433,0.356,19.280,7.180
3890915796296,10004806,99.952,99.999,729600,729600,1728000,schedutil,306000000,306000000,1020000000,nvhost_podgov,0,3,,47093,48281,48031,47468,47343,48156,5055,756,1433,0.338,19.289,6.520
3890925789709,9993413,100.066,99.999,729600,729600,1728000,schedutil,306000000,306000000,1020000000,nvhost_podgov,0,3,,47093,48093,47937,47406,47312,48093,5055,756,1433,0.367,19.282,7.090
3890935797650,10007941,99.921,99.999,729600,729600,1728000,schedutil,306000000,306000000,1020000000,nvhost_podgov,0,3,,46937,48093,47906,47375,47281,48156,5055,756,1433,0.362,19.288,6.990
3890945795831,9998181,100.018,99.999,729600,729600,1728000,schedutil,306000000,306000000,1020000000,nvhost_podgov,0,3,,46875,48187,48031,47531,47375,48187,5055,756,1433,0.356,19.286,6.870
3890955789692,9993861,100.061,99.999,729600,729600,1728000,schedutil,306000000,306000000,1020000000,nvhost_podgov,0,3,,47125,48437,48062,47437,47375,48437,5055,756,1433,0.375,19.277,7.080
3890965793377,10003685,99.963,99.999,729600,729600,1728000,schedutil,306000000,306000000,1020000000,nvhost_podgov,0,3,,47000,48375,47906,47437,47406,48375,5055,756,1433,0.355,19.282,6.850
3890975797702,10004325,99.957,99.999,729600,729600,1728000,schedutil,306000000,306000000,1020000000,nvhost_podgov,0,3,,46968,48093,47906,47562,47312,48093,5055,756,1433,0.388,19.280,6.820
3890985811596,10013894,99.861,99.999,729600,729600,1728000,schedutil,306000000,306000000,1020000000,nvhost_podgov,0,3,,46875,48187,47968,47500,47375,48187,5055,756,1433,0.344,19.282,6.630
3890995805649,9994053,100.060,99.999,729600,729600,1728000,schedutil,306000000,306000000,1020000000,nvhost_podgov,0,3,,46968,48281,47875,47406,47312,48281,5055,756,1433,0.367,19.286,6.920
3891005793878,9988229,100.118,99.999,729600,729600,1728000,schedutil,306000000,306000000,1020000000,nvhost_podgov,0,3,,47000,48281,47875,47562,47343,48281,5055,756,1433,0.341,19.286,6.580
3891015786522,9992644,100.074,99.999,729600,729600,1728000,schedutil,306000000,306000000,1020000000,nvhost_podgov,0,3,,46843,48093,48093,47531,47343,48093,5055,756,1433,0.384,19.279,7.400
3891025800736,10014214,99.858,99.999,729600,729600,1728000,schedutil,306000000,306000000,1020000000,nvhost_podgov,0,3,,47125,48062,48031,47406,47343,48062,5055,756,1433,0.344,19.286,6.630
3891035796389,9995653,100.043,99.999,729600,729600,1728000,schedutil,306000000,306000000,1020000000,nvhost_podgov,0,3,,46968,48187,47968,47531,47250,48187,5055,756,1433,0.355,19.286,6.770
3891045793130,9996741,100.033,99.999,729600,729600,1728000,schedutil,306000000,306000000,1020000000,nvhost_podgov,0,3,,47125,48062,48062,47562,47312,48375,5055,756,1433,0.369,19.284,7.120
3891055795919,10002789,99.972,99.999,729600,729600,1728000,schedutil,306000000,306000000,1020000000,nvhost_podgov,0,3,,47156,48312,48000,47437,47218,48312,5055,756,1433,0.356,19.286,6.870
3891065787060,9991141,100.089,99.999,729600,729600,1728000,schedutil,306000000,306000000,1020000000,nvhost_podgov,0,3,,46968,48343,48062,47562,47250,48156,5055,756,1433,0.371,19.274,7.160
3891075797273,10010213,99.898,99.999,729600,729600,1728000,schedutil,306000000,306000000,1020000000,nvhost_podgov,0,3,,47000,48093,47968,47500,47343,48093,5055,756,1433,0.354,19.291,6.520
3891085792766,9995493,100.045,99.999,729600,729600,1728000,schedutil,306000000,306000000,1020000000,nvhost_podgov,0,3,,47031,48250,47968,47437,47250,48250,5055,756,1433,0.374,19.284,7.210
3891095797220,10004454,99.955,99.999,729600,729600,1728000,schedutil,306000000,306000000,1020000000,nvhost_podgov,0,3,,47062,48312,47937,47406,47343,48312,5055,756,1433,0.347,19.284,6.710
3891105786984,9989764,100.102,99.999,729600,729600,1728000,schedutil,306000000,306000000,1020000000,nvhost_podgov,0,3,,46937,48125,47968,47562,47281,48125,5055,756,1433,0.351,19.281,6.770
3891115795758,10008774,99.912,99.999,729600,729600,1728000,schedutil,306000000,306000000,1020000000,nvhost_podgov,0,3,,47000,48437,48031,47406,47375,48437,5055,756,1433,0.347,19.284,6.710
3891125813427,10017669,99.824,99.999,729600,729600,1728000,schedutil,306000000,306000000,1020000000,nvhost_podgov,0,3,,47031,48125,47937,47437,47375,48125,5055,756,1433,0.394,19.277,7.420
3891135800856,9987429,100.126,99.999,729600,729600,1728000,schedutil,306000000,306000000,1020000000,nvhost_podgov,0,3,,46968,48156,48156,47562,47281,48156,5055,756,1433,0.384,19.286,7.400
3891145801949,10001093,99.989,99.999,729600,729600,1728000,schedutil,306000000,306000000,1020000000,nvhost_podgov,0,3,,46812,48281,48031,47468,47375,48281,5055,756,1433,0.361,19.290,6.710
3891155806434,10004485,99.955,99.999,729600,729600,1728000,schedutil,306000000,306000000,1020000000,nvhost_podgov,0,3,,46968,48250,48000,47406,47281,48156,5055,756,1433,0.380,19.285,7.330
3891165802311,9995877,100.041,99.999,729600,729600,1728000,schedutil,306000000,306000000,1020000000,nvhost_podgov,0,3,,46906,48031,47843,47593,47281,48031,5055,756,1433,0.360,19.285,6.750
3891175792908,9990597,100.094,99.999,729600,729600,1728000,schedutil,306000000,306000000,1020000000,nvhost_podgov,0,3,,47156,48093,48000,47531,47468,48093,5055,756,1433,0.370,19.279,7.130
3891185808466,10015558,99.845,99.999,729600,729600,1728000,schedutil,306000000,306000000,1020000000,nvhost_podgov,0,3,,47062,48218,47968,47406,47375,48218,5055,756,1433,0.360,19.290,6.630
3891195805943,9997477,100.025,99.999,729600,729600,1728000,schedutil,306000000,306000000,1020000000,nvhost_podgov,0,3,,47000,48343,48000,47593,47375,48343,5055,756,1433,0.350,19.281,6.750
3891205806620,10000677,99.993,99.999,729600,729600,1728000,schedutil,306000000,306000000,1020000000,nvhost_podgov,0,3,,47125,48312,48062,47468,47375,48312,5055,756,1433,0.349,19.290,6.680
3891215796673,9990053,100.100,99.999,729600,729600,1728000,schedutil,306000000,306000000,1020000000,nvhost_podgov,0,3,,47062,48125,48000,47375,47281,48125,5055,756,1433,0.357,19.282,6.900
3891225810118,10013445,99.866,99.999,729600,729600,1728000,schedutil,306000000,306000000,1020000000,nvhost_podgov,0,3,,46968,48156,47906,47406,47343,48156,5055,756,1433,0.349,19.291,6.960
3891235806763,9996645,100.034,99.999,729600,729600,1728000,schedutil,306000000,306000000,1020000000,nvhost_podgov,0,3,,46843,48218,48062,47406,47312,48218,5055,756,1433,0.347,19.286,6.710
3891245809168,10002405,99.976,99.999,729600,729600,1728000,schedutil,306000000,306000000,1020000000,nvhost_podgov,0,3,,47031,48218,47875,47406,47375,48218,5055,756,1433,0.359,19.286,6.920
3891255805685,9996517,100.035,99.999,729600,729600,1728000,schedutil,306000000,306000000,1020000000,nvhost_podgov,0,3,,47062,48062,47906,47343,47343,48062,5055,756,1433,0.359,19.285,6.630
3891265791418,9985733,100.143,99.999,729600,729600,1728000,schedutil,306000000,306000000,1020000000,nvhost_podgov,0,3,,46906,47937,48093,47437,47375,48093,5055,756,1433,0.372,19.280,7.180
3891275809696,10018278,99.818,99.999,729600,729600,1728000,schedutil,306000000,306000000,1020000000,nvhost_podgov,0,3,,46875,48187,47968,47500,47406,48187,5055,756,1433,0.341,19.285,6.580
3891285805925,9996229,100.038,99.999,729600,729600,1728000,schedutil,306000000,306000000,1020000000,nvhost_podgov,0,3,,46968,48156,48031,47343,47375,48156,5055,756,1433,0.370,19.285,7.130
3891295810954,10005029,99.950,99.999,729600,729600,1728000,schedutil,306000000,306000000,1020000000,nvhost_podgov,0,3,,46875,48343,48000,47531,47250,48343,5055,756,1433,0.371,19.282,6.940
3891305791407,9980453,100.196,99.999,729600,729600,1728000,schedutil,306000000,306000000,1020000000,nvhost_podgov,0,3,,47156,48250,48000,47406,47375,48250,5055,756,1433,0.380,19.286,7.320
3891315810932,10019525,99.805,99.999,729600,729600,1728000,schedutil,306000000,306000000,1020000000,nvhost_podgov,0,3,,47031,48093,47937,47437,47281,48093,5055,756,1433,0.354,19.290,6.660
3891325807097,9996165,100.038,99.999,729600,729600,1728000,schedutil,306000000,306000000,1020000000,nvhost_podgov,0,3,,46906,48093,47875,47531,47281,48250,5055,756,1433,0.352,19.290,6.800
3891335806622,9999525,100.005,99.999,729600,729600,1728000,schedutil,306000000,306000000,1020000000,nvhost_podgov,0,3,,47156,48156,47937,47437,47437,48156,5055,756,1433,0.360,19.285,6.630
3891345809251,10002629,99.974,99.999,729600,729600,1728000,schedutil,306000000,306000000,1020000000,nvhost_podgov,0,3,,47062,48406,47906,47406,47406,48406,5055,756,1433,0.356,19.288,6.750
3891355807944,9998693,100.013,99.999,729600,729600,1728000,schedutil,306000000,306000000,1020000000,nvhost_podgov,0,3,,46843,48343,47968,47375,47281,48343,5055,756,1433,0.355,19.280,6.850
3891365807821,9999877,100.001,99.999,729600,729600,1728000,schedutil,306000000,306000000,1020000000,nvhost_podgov,0,3,,46875,48218,48031,47500,47312,48218,5055,756,1433,0.345,19.282,6.660
3891375792370,9984549,100.155,99.999,729600,729600,1728000,schedutil,306000000,306000000,1020000000,nvhost_podgov,0,3,,47031,48093,47968,47500,47312,48093,5055,756,1433,0.390,19.281,6.770
3891385809400,10017030,99.830,99.999,729600,729600,1728000,schedutil,306000000,306000000,1020000000,nvhost_podgov,0,3,,46968,48281,47968,47593,47343,48281,5055,756,1433,0.339,19.286,6.530
3891395805341,9995941,100.041,99.999,729600,729600,1728000,schedutil,306000000,306000000,1020000000,nvhost_podgov,0,3,,46875,48281,48062,47531,47343,48281,5055,756,1433,0.367,19.285,7.080
3891405809570,10004229,99.958,99.999,729600,729600,1728000,schedutil,306000000,306000000,1020000000,nvhost_podgov,0,3,,46937,48093,48031,47437,47312,48093,5055,756,1433,0.336,19.289,6.490
3891415796647,9987077,100.129,99.999,729600,729600,1728000,schedutil,306000000,306000000,1020000000,nvhost_podgov,0,3,,46968,48000,47937,47437,47312,48187,5055,756,1433,0.369,19.282,7.120
3891425810220,10013573,99.864,99.999,729600,729600,1728000,schedutil,306000000,306000000,1020000000,nvhost_podgov,0,3,,46875,48187,48062,47500,47250,48187,5055,756,1433,0.355,19.286,6.850
3891435806513,9996293,100.037,99.999,729600,729600,1728000,schedutil,306000000,306000000,1020000000,nvhost_podgov,0,3,,47156,48093,47906,47406,47343,48343,5055,756,1433,0.361,19.288,6.960
3891445804790,9998277,100.017,99.999,729600,729600,1728000,schedutil,306000000,306000000,1020000000,nvhost_podgov,0,3,,46937,48312,47906,47437,47281,48312,5055,716,1433,0.360,19.285,6.940
3891455806971,10002181,99.978,99.999,729600,729600,1728000,schedutil,306000000,306000000,1020000000,nvhost_podgov,0,3,,46906,48312,47968,47562,47375,48031,5055,716,1433,0.347,19.286,6.710
3891465792416,9985445,100.146,99.999,729600,729600,1728000,schedutil,306000000,306000000,1020000000,nvhost_podgov,0,3,,47156,48093,48031,47437,47375,48093,5055,716,1433,0.367,19.279,7.260
3891475811494,10019078,99.810,99.999,729600,729600,1728000,schedutil,306000000,306000000,1020000000,nvhost_podgov,0,3,,47062,48218,47937,47500,47437,48218,5055,716,1433,0.356,19.281,6.870
3891485804042,9992548,100.075,99.999,729600,729600,1728000,schedutil,306000000,306000000,1020000000,nvhost_podgov,0,3,,46875,48187,47968,47531,47343,48187,5055,716,1433,0.375,19.279,7.260
3891495813072,10009030,99.910,99.999,729600,729600,1728000,schedutil,306000000,306000000,1020000000,nvhost_podgov,0,3,,47062,48093,48031,47375,47343,48093,5055,716,1433,0.340,19.282,6.550
3891505797813,9984741,100.153,99.999,729600,729600,1728000,schedutil,306000000,306000000,1020000000,nvhost_podgov,0,3,,46968,48437,48000,47500,47312,48437,5055,716,1433,0.367,19.288,6.730
3891515811386,10013573,99.864,99.999,729600,729600,1728000,schedutil,306000000,306000000,1020000000,nvhost_podgov,0,3,,46906,48125,48031,47625,47406,48125,5055,716,1433,0.343,19.285,6.600
3891525805855,9994469,100.055,99.999,729600,729600,1728000,schedutil,306000000,306000000,1020000000,nvhost_podgov,0,3,,46843,48062,48062,47437,47312,48062,5055,716,1433,0.354,19.289,6.770
3891535795716,9989861,100.101,99.999,729600,729600,1728000,schedutil,306000000,306000000,1020000000,nvhost_podgov,0,3,,46968,48281,48000,47437,47343,48281,5055,716,1433,0.372,19.277,7.180
3891545808553,10012837,99.872,99.999,729600,729600,1728000,schedutil,306000000,306000000,1020000000,nvhost_podgov,0,3,,47000,48218,47937,47406,47375,48218,5055,716,1433,0.347,19.281,6.690
3891555796494,9987941,100.121,99.999,729600,729600,1728000,schedutil,306000000,306000000,1020000000,nvhost_podgov,0,3,,46937,48125,48000,47500,47375,48125,5055,716,1433,0.372,19.286,7.180
3891565810035,10013541,99.865,99.999,729600,729600,1728000,schedutil,306000000,306000000,1020000000,nvhost_podgov,0,3,,46875,48093,48000,47406,47375,48218,5055,716,1433,0.349,19.289,6.720
3891575790616,9980581,100.195,99.999,729600,729600,1728000,schedutil,306000000,306000000,1020000000,nvhost_podgov,0,3,,47000,48187,47906,47406,47312,48187,5055,716,1433,0.359,19.279,6.910
3891585812542,10021926,99.781,99.999,729600,729600,1728000,schedutil,306000000,306000000,1020000000,nvhost_podgov,0,3,,46906,48125,47968,47468,47375,48437,5055,716,1433,0.351,19.282,6.770
3891595796930,9984388,100.156,99.999,729600,729600,1728000,schedutil,306000000,306000000,1020000000,nvhost_podgov,0,3,,47062,48312,47968,47500,47375,48312,5055,716,1433,0.355,19.282,6.850
3891605805480,10008550,99.915,99.999,729600,729600,1728000,schedutil,306000000,306000000,1020000000,nvhost_podgov,0,3,,47062,48156,47906,47468,47406,48156,5055,716,1433,0.349,19.284,6.720
3891615792012,9986532,100.135,99.999,729600,729600,1728000,schedutil,306000000,306000000,1020000000,nvhost_podgov,0,3,,46937,48125,47906,47625,47218,48312,5055,716,1433,0.376,19.276,7.260
3891625810386,10018374,99.817,99.999,729600,729600,1728000,schedutil,306000000,306000000,1020000000,nvhost_podgov,0,3,,47062,48250,47968,47406,47500,48250,5055,716,1433,0.339,19.285,6.530
3891635808215,9997829,100.022,99.999,729600,729600,1728000,schedutil,306000000,306000000,1020000000,nvhost_podgov,0,3,,47000,48250,47906,47562,47406,48250,5055,716,1433,0.352,19.288,6.800
3891645801180,9992965,100.070,99.999,729600,729600,1728000,schedutil,306000000,306000000,1020000000,nvhost_podgov,0,3,,46875,48031,47937,47656,47375,48031,5055,716,1433,0.372,19.286,7.180
3891655808225,10007045,99.930,99.999,729600,729600,1728000,schedutil,306000000,306000000,1020000000,nvhost_podgov,0,3,,46937,48531,48062,47531,47281,48187,5055,716,1433,0.364,19.289,7.010
3891665791430,9983205,100.168,99.999,729600,729600,1728000,schedutil,306000000,306000000,1020000000,nvhost_podgov,0,3,,47062,48125,48031,47375,47343,48125,5055,716,1433,0.374,19.273,7.210
3891675808203,10016773,99.833,99.999,729600,729600,1728000,schedutil,306000000,306000000,1020000000,nvhost_podgov,0,3,,47000,48187,47968,47406,47312,48187,5055,716,1433,0.361,19.290,6.660
3891685804176,9995973,100.040,99.999,729600,729600,1728000,schedutil,306000000,306000000,1020000000,nvhost_podgov,0,3,,46906,48312,48062,47468,47406,48312,5055,716,1433,0.369,19.288,7.120
3891695803669,9999493,100.005,99.999,729600,729600,1728000,schedutil,306000000,306000000,1020000000,nvhost_podgov,0,3,,47000,48281,47968,47406,47375,48281,5055,716,1433,0.352,19.289,6.600
3891705796570,9992901,100.071,99.999,729600,729600,1728000,schedutil,306000000,306000000,1020000000,nvhost_podgov,0,3,,46937,48093,47906,47406,47343,48093,5055,716,1433,0.360,19.284,6.940
3891715795999,9999429,100.006,99.999,729600,729600,1728000,schedutil,306000000,306000000,1020000000,nvhost_podgov,0,3,,46937,48093,48125,47531,47312,48218,5055,756,1433,0.365,19.284,7.040
3891725807397,10011398,99.886,99.999,729600,729600,1728000,schedutil,306000000,306000000,1020000000,nvhost_podgov,0,3,,47156,48156,48031,47406,47406,48156,5055,756,1433,0.357,19.290,6.770
3891735811562,10004165,99.958,99.999,729600,729600,1728000,schedutil,306000000,306000000,1020000000,nvhost_podgov,0,3,,47000,48468,47937,47406,47343,48468,5055,756,1433,0.372,19.277,7.180
3891745805583,9994021,100.060,99.999,729600,729600,1728000,schedutil,306000000,306000000,1020000000,nvhost_podgov,0,3,,46906,48406,47968,47593,47281,48406,5055,756,1433,0.346,19.285,6.550
3891755803220,9997637,100.024,99.999,729600,729600,1728000,schedutil,306000000,306000000,1020000000,nvhost_podgov,0,3,,47125,48093,48062,47468,47312,48093,5055,756,1433,0.361,19.286,6.960
3891765808025,10004805,99.952,99.999,729600,729600,1728000,schedutil,306000000,306000000,1020000000,nvhost_podgov,0,3,,47000,48093,47906,47375,47343,48093,5055,756,1433,0.340,19.284,6.550
3891775792702,9984677,100.153,99.999,729600,729600,1728000,schedutil,306000000,306000000,1020000000,nvhost_podgov,0,3,,46875,48312,47906,47593,47312,48312,5055,756,1433,0.384,19.290,7.400
3891785808163,10015461,99.846,99.999,729600,729600,1728000,schedutil,306000000,306000000,1020000000,nvhost_podgov,0,3,,46937,48250,48031,47468,47406,48250,5055,756,1433,0.347,19.286,6.660
3891795807272,9999109,100.009,99.999,729600,729600,1728000,schedutil,306000000,306000000,1020000000,nvhost_podgov,0,3,,47093,48062,47968,47312,47437,48062,5055,756,1433,0.356,19.277,6.870
3891805810093,10002821,99.972,99.999,729600,729600,1728000,schedutil,306000000,306000000,1020000000,nvhost_podgov,0,3,,46906,48062,47937,47593,47312,48062,5055,756,1433,0.352,19.293,6.710
3891815790994,9980901,100.191,99.999,729600,729600,1728000,schedutil,306000000,306000000,1020000000,nvhost_podgov,0,3,,46906,48218,47968,47500,47375,48218,5055,756,1433,0.366,19.280,7.070
3891825808280,10017286,99.827,99.999,729600,729600,1728000,schedutil,306000000,306000000,1020000000,nvhost_podgov,0,3,,46937,48218,47968,47375,47375,48218,5055,756,1433,0.350,19.290,6.770
3891835808765,10000485,99.995,99.999,729600,729600,1728000,schedutil,306000000,306000000,1020000000,nvhost_podgov,0,3,,46937,48281,47906,47437,47375,48281,5055,756,1433,0.351,19.290,6.770
3891845807970,9999205,100.008,99.999,729600,729600,1728000,schedutil,306000000,306000000,1020000000,nvhost_podgov,0,3,,47156,48281,48062,47593,47343,48062,5055,756,1433,0.362,19.286,7.010
3891855809127,10001157,99.988,99.999,729600,729600,1728000,schedutil,306000000,306000000,1020000000,nvhost_podgov,0,3,,47125,48125,48000,47500,47406,48125,5055,756,1433,0.343,19.284,6.600
3891865791820,9982693,100.173,99.999,729600,729600,1728000,schedutil,306000000,306000000,1020000000,nvhost_podgov,0,3,,46906,48156,47968,47656,47406,48218,5055,756,1433,0.385,19.277,7.420
3891875809585,10017765,99.823,99.999,729600,729600,1728000,schedutil,306000000,306000000,1020000000,nvhost_podgov,0,3,,46875,48218,48062,47500,47312,48218,5055,755,1433,0.343,19.289,6.600
3891885802838,9993253,100.068,99.999,729600,729600,1728000,schedutil,306000000,306000000,1020000000,nvhost_podgov,0,3,,47093,48062,48000,47406,47343,48062,5055,755,1433,0.357,19.277,7.180
3891895813179,10010341,99.897,99.999,729600,729600,1728000,schedutil,306000000,306000000,1020000000,nvhost_podgov,0,3,,47000,48500,47906,47406,47343,48500,5055,715,1433,0.339,19.285,6.530
3891905793120,9979941,100.201,99.999,729600,729600,1728000,schedutil,306000000,306000000,1020000000,nvhost_podgov,0,3,,46875,48062,47937,47500,47250,48062,5055,715,1433,0.378,19.282,7.280
3891915812102,10018982,99.811,99.999,729600,729600,1728000,schedutil,306000000,306000000,1020000000,nvhost_podgov,0,3,,47031,48156,48062,47437,47375,48156,5055,716,1433,0.343,19.284,6.600
3891925806218,9994116,100.059,99.999,729600,729600,1728000,schedutil,306000000,306000000,1020000000,nvhost_podgov,0,3,,47000,48250,48031,47437,47343,48250,5055,716,1433,0.349,19.288,6.730
3891935803088,9996870,100.031,99.999,729600,729600,1728000,schedutil,306000000,306000000,1020000000,nvhost_podgov,0,3,,46906,48281,48000,47593,47343,48281,5055,716,1433,0.357,19.279,7.070
3891945804885,10001797,99.982,99.999,729600,729600,1728000,schedutil,306000000,306000000,1020000000,nvhost_podgov,0,3,,46906,48125,48000,47500,47375,48125,5055,716,1433,0.347,19.281,6.690
3891955805370,10000485,99.995,99.999,729600,729600,1728000,schedutil,306000000,306000000,1020000000,nvhost_podgov,0,3,,46968,48093,47968,47406,47281,48093,5055,716,1433,0.354,19.286,7.090
3891965802783,9997413,100.026,99.999,729600,729600,1728000,schedutil,306000000,306000000,1020000000,nvhost_podgov,0,3,,46937,48187,47906,47593,47406,48187,5055,715,1433,0.349,19.285,6.720
3891975794212,9991429,100.086,99.999,729600,729600,1728000,schedutil,306000000,306000000,1020000000,nvhost_podgov,0,3,,46968,48156,48062,47406,47312,48156,5055,715,1433,0.364,19.275,7.010
3891985813065,10018853,99.812,99.999,729600,729600,1728000,schedutil,306000000,306000000,1020000000,nvhost_podgov,0,3,,47062,48312,47968,47375,47343,48312,5055,755,1433,0.349,19.285,6.720
3891995807118,9994053,100.060,99.999,729600,729600,1728000,schedutil,306000000,306000000,1020000000,nvhost_podgov,0,3,,46937,48062,48000,47375,47312,48062,5055,755,1433,0.385,19.284,6.710
3892005809683,10002565,99.974,99.999,729600,729600,1728000,schedutil,306000000,306000000,1020000000,nvhost_podgov,0,3,,46843,48093,48062,47500,47343,48093,5055,755,1433,0.343,19.288,6.600
3892015792696,9983013,100.170,99.999,729600,729600,1728000,schedutil,306000000,306000000,1020000000,nvhost_podgov,0,3,,47156,48250,47968,47406,47375,48250,5055,755,1433,0.378,19.279,6.630
3892025810781,10018085,99.819,99.999,729600,729600,1728000,schedutil,306000000,306000000,1020000000,nvhost_podgov,0,3,,47000,48187,47906,47406,47281,48187,5055,756,1433,0.341,19.286,6.580
3892035809411,9998630,100.014,99.999,729600,729600,1728000,schedutil,306000000,306000000,1020000000,nvhost_podgov,0,3,,46843,48156,48062,47500,47343,48156,5055,756,1433,0.350,19.285,6.750
3892045803816,9994405,100.056,99.999,729600,729600,1728000,schedutil,306000000,306000000,1020000000,nvhost_podgov,0,3,,47031,48468,47937,47437,47375,48468,5055,715,1433,0.375,19.281,7.230
3892055808141,10004325,99.957,99.999,729600,729600,1728000,schedutil,306000000,306000000,1020000000,nvhost_podgov,0,3,,47000,48218,48000,47406,47343,48218,5055,715,1433,0.361,19.288,6.960
3892065804978,9996837,100.032,99.999,729600,729600,1728000,schedutil,306000000,306000000,1020000000,nvhost_podgov,0,3,,46968,48062,47906,47531,47312,48062,5055,715,1433,0.355,19.282,6.960
3892075807031,10002053,99.979,99.999,729600,729600,1728000,schedutil,306000000,306000000,1020000000,nvhost_podgov,0,3,,46937,48312,48031,47468,47375,48312,5055,756,1433,0.351,19.288,6.770
3892085805756,9998725,100.013,99.999,729600,729600,1728000,schedutil,306000000,306000000,1020000000,nvhost_podgov,0,3,,47000,48281,47906,47437,47281,48281,5055,756,1433,0.385,19.286,7.420
3892095805313,9999557,100.004,99.999,729600,729600,1728000,schedutil,306000000,306000000,1020000000,nvhost_podgov,0,3,,46937,48093,47937,47500,47343,48093,5055,755,1433,0.351,19.282,6.770
3892105792166,9986853,100.132,99.999,729600,729600,1728000,schedutil,306000000,306000000,1020000000,nvhost_podgov,0,3,,46843,48031,48062,47531,47437,48218,5055,755,1433,0.360,19.275,7.080
3892115807947,10015781,99.842,99.999,729600,729600,1728000,schedutil,306000000,306000000,1020000000,nvhost_podgov,0,3,,47093,48187,48000,47437,47343,48187,5055,756,1433,0.343,19.286,6.600
3892125805360,9997413,100.026,99.999,729600,729600,1728000,schedutil,306000000,306000000,1020000000,nvhost_podgov,0,3,,46906,48125,47875,47562,47343,48343,5055,756,1433,0.351,19.289,6.820
3892135811221,10005861,99.941,99.999,729600,729600,1728000,schedutil,306000000,306000000,1020000000,nvhost_podgov,0,3,,47156,48375,48031,47500,47375,48375,5055,755,1433,0.386,19.273,7.450
3892145802810,9991589,100.084,99.999,729600,729600,1728000,schedutil,306000000,306000000,1020000000,nvhost_podgov,0,3,,47156,48218,47937,47437,47375,48218,5055,755,1433,0.364,19.289,6.850
3892155798623,9995813,100.042,99.999,729600,729600,1728000,schedutil,306000000,306000000,1020000000,nvhost_podgov,0,3,,46937,48156,47968,47593,47312,48156,5055,755,1433,0.340,19.281,6.550
3892165805957,10007334,99.927,99.999,729600,729600,1728000,schedutil,306000000,306000000,1020000000,nvhost_podgov,0,3,,46937,48218,48062,47500,47250,48218,5055,756,1433,0.351,19.286,6.600
3892175793001,9987044,100.130,99.999,729600,729600,1728000,schedutil,306000000,306000000,1020000000,nvhost_podgov,0,3,,47062,48250,47875,47406,47437,48250,5055,756,1433,0.367,19.277,7.080
3892185809039,10016038,99.840,99.999,729600,729600,1728000,schedutil,306000000,306000000,1020000000,nvhost_podgov,0,3,,47000,48093,47937,47562,47343,48093,5055,755,1433,0.360,19.288,6.600
3892195802868,9993829,100.062,99.999,729600,729600,1728000,schedutil,306000000,306000000,1020000000,nvhost_podgov,0,3,,46875,48000,47968,47562,47312,48000,5055,755,1433,0.360,19.280,6.940
3892205804793,10001925,99.981,99.999,729600,729600,1728000,schedutil,306000000,306000000,1020000000,nvhost_podgov,0,3,,47000,48218,47968,47468,47406,48218,5055,755,1433,0.349,19.289,6.550
3892215794750,9989957,100.101,99.999,729600,729600,1728000,schedutil,306000000,306000000,1020000000,nvhost_podgov,0,3,,47031,48156,48031,47437,47343,48343,5055,755,1433,0.374,19.286,7.210
3892225807459,10012709,99.873,99.999,729600,729600,1728000,schedutil,306000000,306000000,1020000000,nvhost_podgov,0,3,,46906,48312,48093,47531,47343,48312,5055,756,1433,0.347,19.288,6.710
3892235809128,10001669,99.983,99.999,729600,729600,1728000,schedutil,306000000,306000000,1020000000,nvhost_podgov,0,3,,46843,48343,47968,47468,47375,48343,5055,756,1433,0.349,19.286,6.720
3892245809229,10000101,99.999,99.999,729600,729600,1728000,schedutil,306000000,306000000,1020000000,nvhost_podgov,0,3,,46937,48093,48000,47406,47437,48093,5055,756,1433,0.341,19.282,6.580
3892255809619,10000390,99.996,99.999,729600,729600,1728000,schedutil,306000000,306000000,1020000000,nvhost_podgov,0,3,,46937,48062,48000,47562,47312,48156,5055,756,1433,0.343,19.284,6.600
3892265805016,9995397,100.046,99.999,729600,729600,1728000,schedutil,306000000,306000000,1020000000,nvhost_podgov,0,3,,47062,48250,48031,47437,47343,48250,5055,756,1433,0.356,19.289,6.870
3892275806813,10001797,99.982,99.999,729600,729600,1728000,schedutil,306000000,306000000,1020000000,nvhost_podgov,0,3,,47125,48531,48031,47343,47312,48531,5055,756,1433,0.354,19.288,6.550
3892285791841,9985028,100.150,99.999,729600,729600,1728000,schedutil,306000000,306000000,1020000000,nvhost_podgov,0,3,,46937,48406,47937,47593,47406,48406,5055,756,1433,0.385,19.285,7.420
3892295810919,10019078,99.810,99.999,729600,729600,1728000,schedutil,306000000,306000000,1020000000,nvhost_podgov,0,3,,47062,48156,48000,47531,47375,48156,5055,756,1433,0.352,19.288,6.530
3892305810092,9999173,100.008,99.999,729600,729600,1728000,schedutil,306000000,306000000,1020000000,nvhost_podgov,0,3,,47062,48062,48062,47406,47375,48062,5055,756,1433,0.385,19.284,7.420
3892315807121,9997029,100.030,99.999,729600,729600,1728000,schedutil,306000000,306000000,1020000000,nvhost_podgov,0,3,,47031,48312,47968,47437,47312,48312,5055,756,1433,0.355,19.289,6.660
3892325807702,10000581,99.994,99.999,729600,729600,1728000,schedutil,306000000,306000000,1020000000,nvhost_podgov,0,3,,46937,48187,48062,47562,47437,48093,5055,756,1433,0.374,19.284,7.010
3892335809691,10001989,99.980,99.999,729600,729600,1728000,schedutil,306000000,306000000,1020000000,nvhost_podgov,0,3,,47062,48000,47906,47500,47375,48000,5055,756,1433,0.351,19.284,6.870
3892345807008,9997317,100.027,99.999,729600,729600,1728000,schedutil,306000000,306000000,1020000000,nvhost_podgov,0,3,,47031,48031,48031,47468,47406,48218,5055,756,1433,0.352,19.284,6.630
3892355795749,9988741,100.113,99.999,729600,729600,1728000,schedutil,306000000,306000000,1020000000,nvhost_podgov,0,3,,46875,48187,48062,47531,47281,48187,5055,756,1433,0.388,19.281,7.480
3892365807531,10011782,99.882,99.999,729600,729600,1728000,schedutil,306000000,306000000,1020000000,nvhost_podgov,0,3,,46906,48187,47968,47468,47343,48187,5055,756,1433,0.339,19.284,6.530
3892375793967,9986436,100.136,99.999,729600,729600,1728000,schedutil,306000000,306000000,1020000000,nvhost_podgov,0,3,,46906,48312,47906,47468,47406,48312,5055,756,1433,0.379,19.284,6.870
3892385808501,10014534,99.855,99.999,729600,729600,1728000,schedutil,306000000,306000000,1020000000,nvhost_podgov,0,3,,46906,48375,47968,47500,47406,48218,5055,756,1433,0.343,19.282,6.600
3892395791865,9983364,100.167,99.999,729600,729600,1728000,schedutil,306000000,306000000,1020000000,nvhost_podgov,0,3,,47125,48156,48062,47468,47375,48156,5055,756,1433,0.380,19.286,6.630
3892405808927,10017062,99.830,99.999,729600,729600,1728000,schedutil,306000000,306000000,1020000000,nvhost_podgov,0,3,,47093,48031,47937,47406,47312,48218,5055,756,1433,0.338,19.284,6.500
3892415791492,9982565,100.175,99.999,729600,729600,1728000,schedutil,306000000,306000000,1020000000,nvhost_podgov,0,3,,46937,48187,48000,47531,47343,48187,5055,756,1433,0.390,19.285,7.530
3892425809545,10018053,99.820,99.999,729600,729600,1728000,schedutil,306000000,306000000,1020000000,nvhost_podgov,0,3,,47156,48093,48062,47500,47343,48093,5055,756,1433,0.344,19.286,6.630
3892435808238,9998693,100.013,99.999,729600,729600,1728000,schedutil,306000000,306000000,1020000000,nvhost_podgov,0,3,,47062,48406,47968,47468,47343,48125,5055,756,1433,0.380,19.279,7.320
3892445809363,10001125,99.989,99.999,729600,729600,1728000,schedutil,306000000,306000000,1020000000,nvhost_podgov,0,3,,46906,48187,48000,47468,47281,48187,5055,756,1433,0.351,19.288,7.090
3892455809112,9999749,100.003,99.999,729600,729600,1728000,schedutil,306000000,306000000,1020000000,nvhost_podgov,0,3,,46875,48156,48093,47500,47312,48156,5055,756,1433,0.349,19.286,6.720
3892465807741,9998629,100.014,99.999,729600,729600,1728000,schedutil,306000000,306000000,1020000000,nvhost_podgov,0,3,,47031,48281,48031,47406,47343,48281,5055,756,1433,0.361,19.282,6.910
3892475790562,9982821,100.172,99.999,729600,729600,1728000,schedutil,306000000,306000000,1020000000,nvhost_podgov,0,3,,47062,48281,47906,47406,47343,48187,5055,756,1433,0.351,19.284,6.960
3892485795751,10005189,99.948,99.999,729600,729600,1728000,schedutil,306000000,306000000,1020000000,nvhost_podgov,0,3,,46906,48093,48000,47531,47343,48093,5055,756,1433,0.407,19.276,7.070
3892495808845,10013094,99.869,99.999,729600,729600,1728000,schedutil,306000000,306000000,1020000000,nvhost_podgov,0,3,,47062,48062,48000,47437,47375,48062,5055,756,1433,0.344,19.286,6.630
3892505796689,9987844,100.122,99.999,729600,729600,1728000,schedutil,306000000,306000000,1020000000,nvhost_podgov,0,3,,46937,48250,47968,47375,47343,48250,5055,756,1433,0.376,19.277,7.260
3892515801207,10004518,99.955,99.999,729600,729600,1728000,schedutil,306000000,306000000,1020000000,nvhost_podgov,0,3,,46937,48156,48000,47625,47281,48375,5055,756,1433,0.340,19.286,6.550
3892525797276,9996069,100.039,99.999,729600,729600,1728000,schedutil,306000000,306000000,1020000000,nvhost_podgov,0,3,,47125,48312,48000,47406,47343,48312,5055,756,1433,0.372,19.286,7.180
3892535793473,9996197,100.038,99.999,729600,729600,1728000,schedutil,306000000,306000000,1020000000,nvhost_podgov,0,3,,47031,48187,47906,47500,47343,48187,5055,756,1433,0.366,19.284,7.070
3892545796966,10003493,99.965,99.999,729600,729600,1728000,schedutil,306000000,306000000,1020000000,nvhost_podgov,0,3,,46906,48156,47906,47531,47281,48156,5055,756,1433,0.357,19.288,6.680
3892555791019,9994053,100.060,99.999,729600,729600,1728000,schedutil,306000000,306000000,1020000000,nvhost_podgov,0,3,,47125,48187,48031,47343,47343,48187,5055,756,1433,0.356,19.285,6.870
3892565791760,10000741,99.993,99.999,729600,729600,1728000,schedutil,306000000,306000000,1020000000,nvhost_podgov,0,3,,47000,48187,47875,47343,47281,48187,5055,756,1433,0.351,19.286,6.770
3892575787445,9995685,100.043,99.999,729600,729600,1728000,schedutil,306000000,306000000,1020000000,nvhost_podgov,0,3,,46906,48062,47968,47656,47312,48062,5055,756,1433,0.365,19.280,7.130
3892585793978,10006533,99.935,99.999,729600,729600,1728000,schedutil,306000000,306000000,1020000000,nvhost_podgov,0,3,,47062,48062,47968,47406,47375,48062,5055,756,1433,0.350,19.280,6.750
3892595785535,9991557,100.085,99.999,729600,729600,1728000,schedutil,306000000,306000000,1020000000,nvhost_podgov,0,3,,47062,48187,48000,47406,47312,48187,5055,756,1433,0.355,19.277,6.850
3892605795812,10010277,99.897,99.999,729600,729600,1728000,schedutil,306000000,306000000,1020000000,nvhost_podgov,0,3,,46937,48125,48000,47625,47218,48125,5055,756,1433,0.341,19.282,6.580
3892615794249,9998437,100.016,99.999,729600,729600,1728000,schedutil,306000000,306000000,1020000000,nvhost_podgov,0,3,,46875,48312,48000,47437,47312,48312,5055,756,1433,0.375,19.284,6.710
3892625792398,9998149,100.019,99.999,729600,729600,1728000,schedutil,306000000,306000000,1020000000,nvhost_podgov,0,3,,46937,48281,48031,47468,47375,48281,5055,756,1433,0.341,19.282,6.580
3892635786227,9993829,100.062,99.999,729600,729600,1728000,schedutil,306000000,306000000,1020000000,nvhost_podgov,0,3,,47000,48093,47937,47593,47281,48093,5055,756,1433,0.385,19.284,7.090
3892645796281,10010054,99.900,99.999,729600,729600,1728000,schedutil,306000000,306000000,1020000000,nvhost_podgov,0,3,,46875,48125,48062,47406,47343,48125,5055,756,1433,0.344,19.285,6.630
3892655793822,9997541,100.025,99.999,729600,729600,1728000,schedutil,306000000,306000000,1020000000,nvhost_podgov,0,3,,46875,48218,47968,47468,47375,48218,5055,756,1433,0.360,19.289,6.770
3892665792067,9998245,100.018,99.999,729600,729600,1728000,schedutil,306000000,306000000,1020000000,nvhost_podgov,0,3,,47000,48093,48000,47406,47312,48406,5055,756,1433,0.350,19.286,6.750
3892675812776,10020709,99.793,99.999,729600,729600,1728000,schedutil,306000000,306000000,1020000000,nvhost_podgov,0,3,,46937,48343,48093,47593,47250,48187,5055,756,1433,0.355,19.288,6.990
3892685786989,9974213,100.259,99.999,729600,729600,1728000,schedutil,306000000,306000000,1020000000,nvhost_podgov,0,3,,47062,48375,47968,47531,47312,48187,5055,756,1433,0.361,19.279,6.960
3892695796210,10009221,99.908,99.999,729600,729600,1728000,schedutil,306000000,306000000,1020000000,nvhost_podgov,0,3,,47031,48125,47937,47406,47312,48125,5055,756,1433,0.352,19.286,6.600
3892705793623,9997413,100.026,99.999,729600,729600,1728000,schedutil,306000000,306000000,1020000000,nvhost_podgov,0,3,,46906,48312,47968,47531,47312,48312,5055,756,1433,0.378,19.286,7.280
3892715810684,10017061,99.830,99.999,729600,729600,1728000,schedutil,306000000,306000000,1020000000,nvhost_podgov,0,3,,47062,48218,48031,47468,47375,48093,5055,756,1433,0.347,19.284,6.710
3892725794369,9983685,100.163,99.999,729600,729600,1728000,schedutil,306000000,306000000,1020000000,nvhost_podgov,0,3,,47000,48125,47968,47437,47312,48125,5055,756,1433,0.364,19.288,6.770
3892735794310,9999941,100.001,99.999,729600,729600,1728000,schedutil,306000000,306000000,1020000000,nvhost_podgov,0,3,,46906,48062,47937,47625,47312,48062,5055,756,1433,0.349,19.286,6.720
3892745793643,9999333,100.007,99.999,729600,729600,1728000,schedutil,306000000,306000000,1020000000,nvhost_podgov,0,3,,46937,48156,48062,47468,47406,48156,5055,756,1433,0.352,19.285,6.800
3892755794448,10000805,99.992,99.999,729600,729600,1728000,schedutil,306000000,306000000,1020000000,nvhost_podgov,0,3,,46968,48187,47937,47437,47250,48187,5055,756,1433,0.351,19.286,6.770
3892765793909,9999461,100.005,99.999,729600,729600,1728000,schedutil,306000000,306000000,1020000000,nvhost_podgov,0,3,,46937,48312,47968,47406,47343,48312,5055,756,1433,0.361,19.276,6.960
3892775787546,9993637,100.064,99.999,729600,729600,1728000,schedutil,306000000,306000000,1020000000,nvhost_podgov,0,3,,46906,48250,48062,47468,47375,48250,5055,756,1433,0.400,19.277,7.710
3892785794304,10006758,99.932,99.999,729600,729600,1728000,schedutil,306000000,306000000,1020000000,nvhost_podgov,0,3,,46968,48125,47968,47406,47281,48125,5055,716,1433,0.376,19.280,7.100
3892795786917,9992613,100.074,99.999,729600,729600,1728000,schedutil,306000000,306000000,1020000000,nvhost_podgov,0,3,,46968,48031,47968,47406,47312,48281,5055,716,1433,0.385,19.277,7.420
3892805793418,10006501,99.935,99.999,729600,729600,1728000,schedutil,306000000,306000000,1020000000,nvhost_podgov,0,3,,46906,48156,48062,47500,47312,48156,5055,716,1433,0.374,19.284,6.910
3892815786223,9992805,100.072,99.999,729600,729600,1728000,schedutil,306000000,306000000,1020000000,nvhost_podgov,0,3,,47062,48156,47968,47406,47343,48062,5055,716,1433,0.372,19.270,7.180
3892825795924,10009701,99.903,99.999,729600,729600,1728000,schedutil,306000000,306000000,1020000000,nvhost_podgov,0,3,,47062,48437,47937,47375,47281,48437,5055,716,1433,0.372,19.286,6.920
3892835785785,9989861,100.101,100.000,729600,729600,1728000,schedutil,306000000,306000000,1020000000,nvhost_podgov,0,3,,46906,48156,48000,47593,47312,48156,5055,716,1433,0.394,19.274,7.590
3892845791838,10006053,99.940,99.999,729600,729600,1728000,schedutil,306000000,306000000,1020000000,nvhost_podgov,0,3,,47062,48187,47968,47375,47375,48187,5055,716,1433,0.372,19.284,7.010
3892855793571,10001733,99.983,99.999,729600,729600,1728000,schedutil,306000000,306000000,1020000000,nvhost_podgov,0,3,,47031,48281,47968,47343,47375,48281,5055,716,1433,0.360,19.277,6.940
3892865793352,9999781,100.002,99.999,729600,729600,1728000,schedutil,306000000,306000000,1020000000,nvhost_podgov,0,3,,46875,48312,47906,47500,47312,48312,5055,716,1433,0.365,19.274,7.590
3892875794797,10001445,99.986,99.999,729600,729600,1728000,schedutil,306000000,306000000,1020000000,nvhost_podgov,0,3,,46937,48125,48093,47437,47343,48125,5055,716,1433,0.367,19.281,7.090
3892885791890,9997093,100.029,99.999,729600,729600,1728000,schedutil,306000000,306000000,1020000000,nvhost_podgov,0,3,,46937,48093,48000,47468,47343,48093,5055,716,1433,0.381,19.279,7.350
3892895795511,10003621,99.964,99.999,729600,729600,1728000,schedutil,306000000,306000000,1020000000,nvhost_podgov,0,3,,46968,48187,47937,47531,47250,48187,5055,716,1433,0.361,19.280,6.960
3892905796957,10001446,99.986,99.999,729600,729600,1728000,schedutil,306000000,306000000,1020000000,nvhost_podgov,0,3,,46968,48187,48031,47500,47343,48187,5055,716,1433,0.366,19.277,7.070
3892915795682,9998725,100.013,99.999,729600,729600,1728000,schedutil,306000000,306000000,1020000000,nvhost_podgov,0,3,,47000,48375,47968,47406,47375,48375,5055,716,1433,0.362,19.282,6.990
3892925785799,9990117,100.099,100.000,729600,729600,1728000,schedutil,306000000,306000000,1020000000,nvhost_podgov,0,3,,46906,48375,48000,47656,47375,48375,5055,716,1433,0.386,19.280,6.960
3892935795692,10009893,99.901,99.999,729600,729600,1728000,schedutil,306000000,306000000,1020000000,nvhost_podgov,0,3,,47156,48156,48062,47500,47312,48156,5055,716,1433,0.361,19.280,6.960
3892945793553,9997861,100.021,99.999,729600,729600,1728000,schedutil,306000000,306000000,1020000000,nvhost_podgov,0,3,,47125,48156,48000,47375,47281,48281,5055,716,1433,0.372,19.280,7.180
3892955794198,10000645,99.994,99.999,729600,729600,1728000,schedutil,306000000,306000000,1020000000,nvhost_podgov,0,3,,46937,48281,48031,47593,47312,48281,5055,716,1433,0.383,19.280,7.160
3892965799803,10005605,99.944,99.999,729600,729600,1728000,schedutil,306000000,306000000,1020000000,nvhost_podgov,0,3,,46875,48062,48062,47500,47281,48062,5055,716,1433,0.372,19.277,7.010
3892975787104,9987301,100.127,99.999,729600,729600,1728000,schedutil,306000000,306000000,1020000000,nvhost_podgov,0,3,,47062,48375,48062,47468,47375,48375,5055,716,1433,0.383,19.279,7.370
3892985796261,10009157,99.909,99.999,729600,729600,1728000,schedutil,306000000,306000000,1020000000,nvhost_podgov,0,3,,47031,48125,48000,47406,47375,48125,5055,716,1433,0.364,19.282,7.010
3892995794154,9997893,100.021,99.999,729600,729600,1728000,schedutil,306000000,306000000,1020000000,nvhost_podgov,0,3,,46812,48093,48062,47531,47343,48093,5055,716,1433,0.417,19.274,7.350
3893005817936,10023782,99.763,99.999,729600,729600,1728000,schedutil,306000000,306000000,1020000000,nvhost_podgov,0,3,,46937,48375,48000,47437,47437,48375,5055,716,1433,0.362,19.277,6.990
3893015796020,9978084,100.220,99.999,729600,729600,1728000,schedutil,306000000,306000000,1020000000,nvhost_podgov,0,3,,47000,48218,48000,47406,47312,48031,5055,716,1433,0.398,19.273,7.670
3893025796346,10000326,99.997,99.999,729600,729600,1728000,schedutil,306000000,306000000,1020000000,nvhost_podgov,0,3,,46937,48156,47937,47562,47281,48156,5055,716,1433,0.362,19.284,6.990
3893035786366,9990020,100.100,100.000,729600,729600,1728000,schedutil,306000000,306000000,1020000000,nvhost_podgov,0,3,,46875,48218,48062,47500,47375,48218,5055,716,1433,0.396,19.273,7.640
3893045807780,10021414,99.786,99.999,729600,729600,1728000,schedutil,306000000,306000000,1020000000,nvhost_podgov,0,3,,47000,48156,47968,47437,47312,48156,5055,716,1433,0.364,19.280,7.010
3893055794569,9986789,100.132,99.999,729600,729600,1728000,schedutil,306000000,306000000,1020000000,nvhost_podgov,0,3,,46937,48218,47937,47656,47312,48375,5055,716,1433,0.376,19.285,7.260
3893065793262,9998693,100.013,99.999,729600,729600,1728000,schedutil,306000000,306000000,1020000000,nvhost_podgov,0,3,,46843,48375,48062,47406,47343,48375,5055,716,1433,0.399,19.275,7.680
3893075793427,10000165,99.998,99.999,729600,729600,1728000,schedutil,306000000,306000000,1020000000,nvhost_podgov,0,3,,47093,48312,47968,47500,47343,48062,5055,716,1433,0.374,19.279,7.210
3893085791256,9997829,100.022,99.999,729600,729600,1728000,schedutil,306000000,306000000,1020000000,nvhost_podgov,0,3,,46937,48093,47968,47375,47312,48093,5055,716,1433,0.378,19.275,7.370
3893095796445,10005189,99.948,99.999,729600,729600,1728000,schedutil,306000000,306000000,1020000000,nvhost_podgov,0,3,,46937,48156,48093,47406,47375,48156,5055,756,1433,0.364,19.277,7.010
3893105786306,9989861,100.101,100.000,729600,729600,1728000,schedutil,306000000,306000000,1020000000,nvhost_podgov,0,3,,47156,48250,48062,47500,47281,48250,5055,756,1433,0.400,19.275,7.490
3893115795047,10008741,99.913,99.999,729600,729600,1728000,schedutil,306000000,306000000,1020000000,nvhost_podgov,0,3,,47000,48031,48000,47375,47250,48031,5055,756,1433,0.359,19.281,6.910
3893125791820,9996773,100.032,99.999,729600,729600,1728000,schedutil,306000000,306000000,1020000000,nvhost_podgov,0,3,,46968,48062,48062,47468,47312,48062,5055,756,1433,0.376,19.280,7.620
3893135795409,10003589,99.964,99.999,729600,729600,1728000,schedutil,306000000,306000000,1020000000,nvhost_podgov,0,3,,47125,48156,47937,47500,47375,48156,5055,756,1433,0.362,19.280,6.990
3893145814487,10019078,99.810,99.999,729600,729600,1728000,schedutil,306000000,306000000,1020000000,nvhost_podgov,0,3,,47000,48093,47968,47375,47343,48406,5055,756,1433,0.425,19.273,8.190
3893155795004,9980517,100.195,99.999,729600,729600,1728000,schedutil,306000000,306000000,1020000000,nvhost_podgov,0,3,,46968,48312,47906,47562,47343,48312,5055,756,1433,0.411,19.280,7.920
3893165804193,10009189,99.908,99.999,729600,729600,1728000,schedutil,306000000,306000000,1020000000,nvhost_podgov,0,3,,46937,48281,48062,47437,47375,48281,5055,756,1433,0.369,19.281,7.130
3893175792486,9988293,100.117,99.999,729600,729600,1728000,schedutil,306000000,306000000,1020000000,nvhost_podgov,0,3,,47000,48125,47968,47406,47343,48125,5055,756,1433,0.395,19.274,7.620
3893185804395,10011909,99.881,99.999,729600,729600,1728000,schedutil,306000000,306000000,1020000000,nvhost_podgov,0,3,,46906,48062,47968,47562,47406,48218,5055,756,1433,0.366,19.284,7.010
3893195791312,9986917,100.131,99.999,729600,729600,1728000,schedutil,306000000,306000000,1020000000,nvhost_podgov,0,3,,46843,48187,48062,47468,47343,48187,5055,756,1433,0.390,19.274,7.510
3893205808725,10017413,99.826,99.999,729600,729600,1728000,schedutil,306000000,306000000,1020000000,nvhost_podgov,0,3,,47156,48187,47875,47437,47375,48406,5055,756,1433,0.370,19.286,7.130
3893215791258,9982533,100.175,99.999,729600,729600,1728000,schedutil,306000000,306000000,1020000000,nvhost_podgov,0,3,,46968,48406,47968,47562,47281,48406,5055,756,1433,0.383,19.273,7.370
3893225813695,10022437,99.776,99.999,729600,729600,1728000,schedutil,306000000,306000000,1020000000,nvhost_podgov,0,3,,47093,48156,47968,47468,47343,48156,5055,756,1433,0.379,19.280,7.300
3893235808868,9995173,100.048,99.999,729600,729600,1728000,schedutil,306000000,306000000,1020000000,nvhost_podgov,0,3,,47125,48187,47968,47468,47375,48187,5055,756,1433,0.385,19.281,7.160
3893245798505,9989637,100.104,99.999,729600,729600,1728000,schedutil,306000000,306000000,1020000000,nvhost_podgov,0,3,,47031,48281,47906,47562,47343,48281,5055,756,1433,0.395,19.280,7.620
3893255808719,10010214,99.898,99.999,729600,729600,1728000,schedutil,306000000,306000000,1020000000,nvhost_podgov,0,3,,46906,48281,48031,47468,47281,48281,5055,756,1433,0.374,19.281,7.010
3893265805332,9996613,100.034,99.999,729600,729600,1728000,schedutil,306000000,306000000,1020000000,nvhost_podgov,0,3,,47000,48125,48000,47437,47343,48125,5055,756,1433,0.384,19.282,7.400
3893275795128,9989796,100.102,99.999,729600,729600,1728000,schedutil,306000000,306000000,1020000000,nvhost_podgov,0,3,,47031,48093,47906,47375,47312,48093,5055,756,1433,0.380,19.284,6.960
3893285787133,9992005,100.080,100.000,729600,729600,1728000,schedutil,306000000,306000000,1020000000,nvhost_podgov,0,3,,46906,48156,47937,47500,47281,48156,5055,756,1433,0.396,19.279,7.640
3893295795299,10008166,99.918,99.999,729600,729600,1728000,schedutil,306000000,306000000,1020000000,nvhost_podgov,0,3,,46968,48125,48031,47437,47343,48125,5055,756,1433,0.380,19.284,7.010
3893305791816,9996517,100.035,99.999,729600,729600,1728000,schedutil,306000000,306000000,1020000000,nvhost_podgov,0,3,,47000,48375,47968,47468,47281,48375,5055,756,1433,0.388,19.280,7.480
3893315795597,10003781,99.962,99.999,729600,729600,1728000,schedutil,306000000,306000000,1020000000,nvhost_podgov,0,3,,46875,48343,47906,47562,47343,48343,5055,756,1433,0.374,19.288,6.870
3893325790290,9994693,100.053,99.999,729600,729600,1728000,schedutil,306000000,306000000,1020000000,nvhost_podgov,0,3,,46843,48093,48000,47500,47375,48093,5055,756,1433,0.378,19.274,7.270
3893335795735,10005445,99.946,99.999,729600,729600,1728000,schedutil,306000000,306000000,1020000000,nvhost_podgov,0,3,,46937,48156,48031,47343,47343,48250,5055,756,1433,0.372,19.284,7.180
3893345795132,9999397,100.006,99.999,729600,729600,1728000,schedutil,306000000,306000000,1020000000,nvhost_podgov,0,3,,46906,48218,47906,47531,47343,48218,5055,756,1433,0.388,19.273,7.460
3893355806369,10011237,99.888,99.999,729600,729600,1728000,schedutil,306000000,306000000,1020000000,nvhost_podgov,0,3,,47125,48031,48000,47375,47343,48031,5055,756,1433,0.393,19.279,7.560
3893365798598,9992229,100.078,99.999,729600,729600,1728000,schedutil,306000000,306000000,1020000000,nvhost_podgov,0,3,,47093,48406,47937,47406,47375,48406,5055,756,1433,0.361,19.281,6.960
3893375792075,9993477,100.065,99.999,729600,729600,1728000,schedutil,306000000,306000000,1020000000,nvhost_podgov,0,3,,47000,48156,47906,47531,47312,48156,5055,756,1433,0.406,19.280,7.320
3893385798288,10006213,99.938,99.999,729600,729600,1728000,schedutil,306000000,306000000,1020000000,nvhost_podgov,0,3,,47062,48125,48031,47406,47437,48125,5055,756,1433,0.361,19.280,6.960
3893395804406,10006118,99.939,99.999,729600,729600,1728000,schedutil,306000000,306000000,1020000000,nvhost_podgov,0,3,,47031,48281,48000,47406,47343,48281,5055,756,1433,0.391,19.277,7.540
3893405806427,10002021,99.980,99.999,729600,729600,1728000,schedutil,306000000,306000000,1020000000,nvhost_podgov,0,3,,47000,48281,47875,47531,47375,48281,5055,756,1433,0.360,19.284,6.940
3893415797184,9990757,100.093,99.999,729600,729600,1728000,schedutil,306000000,306000000,1020000000,nvhost_podgov,0,3,,46875,48125,48062,47562,47375,48125,5055,756,1433,0.389,19.277,7.490
3893425803557,10006373,99.936,99.999,729600,729600,1728000,schedutil,306000000,306000000,1020000000,nvhost_podgov,0,3,,47031,48125,47968,47437,47375,48125,5055,756,1433,0.370,19.281,7.130
3893435809130,10005573,99.944,99.999,729600,729600,1728000,schedutil,306000000,306000000,1020000000,nvhost_podgov,0,3,,47062,48218,48062,47406,47312,48218,5055,756,1433,0.376,19.282,7.260
3893445805423,9996293,100.037,99.999,729600,729600,1728000,schedutil,306000000,306000000,1020000000,nvhost_podgov,0,3,,46937,48218,48093,47531,47343,48375,5055,756,1433,0.366,19.281,7.690
3893455810292,10004869,99.951,99.999,729600,729600,1728000,schedutil,306000000,306000000,1020000000,nvhost_podgov,0,3,,46906,48343,48000,47406,47375,48343,5055,756,1433,0.362,19.280,6.990
3893465803385,9993093,100.069,99.999,729600,729600,1728000,schedutil,306000000,306000000,1020000000,nvhost_podgov,0,3,,46968,48312,47906,47375,47312,48062,5055,756,1433,0.379,19.281,7.780
3893475807070,10003685,99.963,99.999,729600,729600,1728000,schedutil,306000000,306000000,1020000000,nvhost_podgov,0,3,,46937,48125,47875,47531,47343,48125,5055,756,1433,0.361,19.281,6.960
3893485801091,9994021,100.060,99.999,729600,729600,1728000,schedutil,306000000,306000000,1020000000,nvhost_podgov,0,3,,47093,48250,48000,47437,47406,48250,5055,756,1433,0.384,19.271,7.710
3893495818473,10017382,99.826,99.999,729600,729600,1728000,schedutil,306000000,306000000,1020000000,nvhost_podgov,0,3,,47093,48281,47968,47468,47281,48281,5055,756,1433,0.360,19.274,6.940
3893505809581,9991108,100.089,99.999,729600,729600,1728000,schedutil,306000000,306000000,1020000000,nvhost_podgov,0,3,,46968,48000,47968,47625,47375,48000,5055,756,1433,0.390,19.280,7.510
3893515801522,9991941,100.081,99.999,729600,729600,1728000,schedutil,306000000,306000000,1020000000,nvhost_podgov,0,3,,47093,48093,48062,47468,47406,48093,5055,756,1433,0.385,19.281,7.420
3893525811416,10009894,99.901,99.999,729600,729600,1728000,schedutil,306000000,306000000,1020000000,nvhost_podgov,0,3,,47062,48218,47875,47406,47343,48218,5055,756,1433,0.379,19.281,7.310
3893535806429,9995013,100.050,99.999,729600,729600,1728000,schedutil,306000000,306000000,1020000000,nvhost_podgov,0,3,,47000,48125,47906,47406,47281,48125,5055,756,1433,0.398,19.281,7.670
3893545806754,10000325,99.997,99.999,729600,729600,1728000,schedutil,306000000,306000000,1020000000,nvhost_podgov,0,3,,46906,48281,48093,47437,47343,48281,5055,756,1433,0.375,19.285,7.230
3893555790822,9984068,100.160,99.999,729600,729600,1728000,schedutil,306000000,306000000,1020000000,nvhost_podgov,0,3,,47031,48187,48000,47375,47343,48187,5055,756,1433,0.394,19.273,7.590
3893565810348,10019526,99.805,99.999,729600,729600,1728000,schedutil,306000000,306000000,1020000000,nvhost_podgov,0,3,,47062,47968,47906,47375,47343,47968,5055,756,1433,0.374,19.279,7.210
3893575804561,9994213,100.058,99.999,729600,729600,1728000,schedutil,306000000,306000000,1020000000,nvhost_podgov,0,3,,46843,48093,48062,47468,47375,48093,5055,756,1433,0.400,19.277,7.710
3893585808630,10004069,99.959,99.999,729600,729600,1728000,schedutil,306000000,306000000,1020000000,nvhost_podgov,0,3,,46906,48218,47937,47406,47406,48218,5055,756,1433,0.372,19.280,7.180
3893595804987,9996357,100.036,99.999,729600,729600,1728000,schedutil,306000000,306000000,1020000000,nvhost_podgov,0,3,,47031,48218,47937,47375,47250,48406,5055,756,1433,0.384,19.281,7.400
3893605804448,9999461,100.005,99.999,729600,729600,1728000,schedutil,306000000,306000000,1020000000,nvhost_podgov,0,3,,46968,48406,47843,47500,47343,48406,5055,756,1433,0.372,19.280,7.180
3893615806437,10001989,99.980,99.999,729600,729600,1728000,schedutil,306000000,306000000,1020000000,nvhost_podgov,0,3,,47125,48125,48031,47468,47343,48125,5055,756,1433,0.381,19.281,7.350
3893625802474,9996037,100.040,99.999,729600,729600,1728000,schedutil,306000000,306000000,1020000000,nvhost_podgov,0,3,,47156,48187,47937,47468,47343,48187,5055,756,1433,0.388,19.280,7.480
3893635799439,9996965,100.030,99.999,729600,729600,1728000,schedutil,306000000,306000000,1020000000,nvhost_podgov,0,3,,46968,48281,47906,47562,47343,48281,5055,756,1433,0.374,19.282,7.070
3893645804628,10005189,99.948,99.999,729600,729600,1728000,schedutil,306000000,306000000,1020000000,nvhost_podgov,0,3,,47156,48156,48062,47500,47343,48156,5055,756,1433,0.369,19.275,7.100
3893655800313,9995685,100.043,99.999,729600,729600,1728000,schedutil,306000000,306000000,1020000000,nvhost_podgov,0,3,,47156,48125,47968,47406,47343,48125,5055,756,1433,0.383,19.285,6.960
3893665802334,10002021,99.980,99.999,729600,729600,1728000,schedutil,306000000,306000000,1020000000,nvhost_podgov,0,3,,46906,48093,47937,47625,47343,48093,5055,756,1433,0.385,19.276,7.420
3893675805668,10003334,99.967,99.999,729600,729600,1728000,schedutil,306000000,306000000,1020000000,nvhost_podgov,0,3,,47000,48218,47968,47500,47406,48218,5055,756,1433,0.372,19.285,7.070
3893685797224,9991556,100.085,99.999,729600,729600,1728000,schedutil,306000000,306000000,1020000000,nvhost_podgov,0,3,,47062,48218,48000,47406,47343,48218,5055,756,1433,0.374,19.280,7.210
3893695813870,10016646,99.834,99.999,729600,729600,1728000,schedutil,306000000,306000000,1020000000,nvhost_podgov,0,3,,47000,48281,47968,47562,47343,48281,5055,756,1433,0.378,19.285,7.270
3893705805427,9991557,100.085,99.999,729600,729600,1728000,schedutil,306000000,306000000,1020000000,nvhost_podgov,0,3,,46906,48250,47968,47562,47312,48125,5055,756,1433,0.383,19.281,7.160
3893715804088,9998661,100.013,99.999,729600,729600,1728000,schedutil,306000000,306000000,1020000000,nvhost_podgov,0,3,,47000,48031,47968,47500,47468,48031,5055,756,1433,0.375,19.275,7.230
3893725806589,10002501,99.975,99.999,729600,729600,1728000,schedutil,306000000,306000000,1020000000,nvhost_podgov,0,3,,47000,48062,47937,47687,47343,48187,5055,756,1433,0.366,19.282,7.070
3893735801858,9995269,100.047,99.999,729600,729600,1728000,schedutil,306000000,306000000,1020000000,nvhost_podgov,0,3,,46843,48187,48062,47531,47343,48187,5055,756,1433,0.383,19.279,7.370
3893745802151,10000293,99.997,99.999,729600,729600,1728000,schedutil,306000000,306000000,1020000000,nvhost_podgov,0,3,,47125,48187,48000,47375,47343,48093,5055,756,1433,0.361,19.282,6.960
3893755792012,9989861,100.101,99.999,729600,729600,1728000,schedutil,306000000,306000000,1020000000,nvhost_podgov,0,3,,47000,48500,47968,47375,47281,48500,5055,756,1433,0.394,19.277,7.590
3893765806097,10014085,99.859,99.999,729600,729600,1728000,schedutil,306000000,306000000,1020000000,nvhost_podgov,0,3,,46906,48187,48000,47437,47343,48187,5055,756,1433,0.374,19.284,7.010
3893775804278,9998181,100.018,99.999,729600,729600,1728000,schedutil,306000000,306000000,1020000000,nvhost_podgov,0,3,,47093,48250,47968,47406,47375,48250,5055,756,1433,0.391,19.284,7.540
3893785806427,10002149,99.979,99.999,729600,729600,1728000,schedutil,306000000,306000000,1020000000,nvhost_podgov,0,3,,47062,48281,47937,47437,47343,48281,5055,756,1433,0.384,19.284,7.090
3893795792512,9986085,100.139,99.999,729600,729600,1728000,schedutil,306000000,306000000,1020000000,nvhost_podgov,0,3,,46906,48218,47906,47593,47281,48218,5055,756,1433,0.388,19.271,7.460
3893805808005,10015493,99.845,99.999,729600,729600,1728000,schedutil,306000000,306000000,1020000000,nvhost_podgov,0,3,,47062,48156,48031,47406,47343,48156,5055,756,1433,0.384,19.284,7.010
3893815806955,9998950,100.011,99.999,729600,729600,1728000,schedutil,306000000,306000000,1020000000,nvhost_podgov,0,3,,47031,48125,48062,47468,47406,48125,5055,756,1433,0.370,19.281,7.130
3893825804176,9997221,100.028,99.999,729600,729600,1728000,schedutil,306000000,306000000,1020000000,nvhost_podgov,0,3,,46937,48156,47968,47500,47375,48156,5055,756,1433,0.376,19.279,7.640
3893835807157,10002981,99.970,99.999,729600,729600,1728000,schedutil,306000000,306000000,1020000000,nvhost_podgov,0,3,,46937,48437,48062,47500,47312,48437,5055,756,1433,0.361,19.276,6.960
3893845806618,9999461,100.005,99.999,729600,729600,1728000,schedutil,306000000,306000000,1020000000,nvhost_podgov,0,3,,47000,48375,47968,47437,47343,48375,5055,756,1433,0.384,19.276,7.400
3893855797439,9990821,100.092,99.999,729600,729600,1728000,schedutil,306000000,306000000,1020000000,nvhost_podgov,0,3,,47062,48312,47968,47375,47343,48187,5055,756,1433,0.383,19.279,7.370
3893865800228,10002789,99.972,99.999,729600,729600,1728000,schedutil,306000000,306000000,1020000000,nvhost_podgov,0,3,,46875,48125,48062,47468,47375,48125,5055,756,1433,0.386,19.281,7.260
3893875799625,9999397,100.006,99.999,729600,729600,1728000,schedutil,306000000,306000000,1020000000,nvhost_podgov,0,3,,46875,48125,48031,47375,47343,48312,5055,756,1433,0.359,19.280,6.910
3893885818766,10019141,99.809,99.999,729600,729600,1728000,schedutil,306000000,306000000,1020000000,nvhost_podgov,0,3,,47000,48218,48031,47375,47281,48218,5055,756,1433,0.376,19.277,7.260
3893895807123,9988357,100.117,99.999,729600,729600,1728000,schedutil,306000000,306000000,1020000000,nvhost_podgov,0,3,,46968,48093,48093,47468,47312,48093,5055,756,1433,0.362,19.279,6.990
3893905791128,9984005,100.160,100.000,729600,729600,1728000,schedutil,306000000,306000000,1020000000,nvhost_podgov,0,3,,47062,48062,48062,47406,47406,48062,5055,756,1433,0.385,19.273,7.420
3893915802141,10011013,99.890,99.999,729600,729600,1728000,schedutil,306000000,306000000,1020000000,nvhost_podgov,0,3,,47031,48156,47937,47406,47406,48156,5055,756,1433,0.364,19.284,7.010
3893925807682,10005541,99.945,99.999,729600,729600,1728000,schedutil,306000000,306000000,1020000000,nvhost_podgov,0,3,,46843,48187,47906,47531,47343,48187,5055,756,1433,0.370,19.282,7.130
3893935807687,10000005,100.000,99.999,729600,729600,1728000,schedutil,306000000,306000000,1020000000,nvhost_podgov,0,3,,47125,48281,47968,47437,47437,48281,5055,716,1433,0.371,19.284,7.720
3893945806732,9999045,100.010,99.999,729600,729600,1728000,schedutil,306000000,306000000,1020000000,nvhost_podgov,0,3,,47031,48343,47968,47375,47375,48343,5055,716,1433,0.370,19.280,7.130
3893955805201,9998469,100.015,99.999,729600,729600,1728000,schedutil,306000000,306000000,1020000000,nvhost_podgov,0,3,,46937,48062,47968,47562,47312,48062,5055,716,1433,0.376,19.276,7.510
3893965808695,10003494,99.965,99.999,729600,729600,1728000,schedutil,306000000,306000000,1020000000,nvhost_podgov,0,3,,46968,48125,48093,47500,47406,48125,5055,716,1433,0.361,19.276,6.960
3893975807324,9998629,100.014,99.999,729600,729600,1728000,schedutil,306000000,306000000,1020000000,nvhost_podgov,0,3,,46968,48187,48000,47500,47375,48187,5055,716,1433,0.386,19.277,7.420
3893985806017,9998693,100.013,99.999,729600,729600,1728000,schedutil,306000000,306000000,1020000000,nvhost_podgov,0,3,,46937,48156,47937,47562,47343,48156,5055,716,1433,0.359,19.280,6.910
3893995805734,9999717,100.003,99.999,729600,729600,1728000,schedutil,306000000,306000000,1020000000,nvhost_podgov,0,3,,46843,48343,48062,47531,47375,48343,5055,716,1433,0.412,19.270,7.300
3894005810091,10004357,99.956,99.999,729600,729600,1728000,schedutil,306000000,306000000,1020000000,nvhost_podgov,0,3,,47000,48312,48000,47406,47406,48156,5055,716,1433,0.376,19.282,7.260
3894015809648,9999557,100.004,99.999,729600,729600,1728000,schedutil,306000000,306000000,1020000000,nvhost_podgov,0,3,,46968,48125,47937,47437,47343,48218,5055,716,1433,0.409,19.277,7.880
3894025806549,9996901,100.031,99.999,729600,729600,1728000,schedutil,306000000,306000000,1020000000,nvhost_podgov,0,3,,46906,48250,48062,47468,47343,48250,5055,716,1433,0.367,19.282,7.090
3894035808122,10001573,99.984,99.999,729600,729600,1728000,schedutil,306000000,306000000,1020000000,nvhost_podgov,0,3,,47125,48218,48000,47406,47312,48218,5055,716,1433,0.376,19.284,7.260
3894045807135,9999013,100.010,99.999,729600,729600,1728000,schedutil,306000000,306000000,1020000000,nvhost_podgov,0,3,,46937,48093,47968,47593,47312,48093,5055,716,1433,0.369,19.279,7.100
3894055805892,9998757,100.012,99.999,729600,729600,1728000,schedutil,306000000,306000000,1020000000,nvhost_podgov,0,3,,46875,48093,47937,47468,47343,48093,5055,716,1433,0.374,19.284,7.210
3894065791817,9985925,100.141,100.000,729600,729600,1728000,schedutil,306000000,306000000,1020000000,nvhost_podgov,0,3,,47093,48125,48031,47468,47343,48125,5055,716,1433,0.374,19.274,7.490
3894075808622,10016805,99.832,99.999,729600,729600,1728000,schedutil,306000000,306000000,1020000000,nvhost_podgov,0,3,,47093,48125,47968,47375,47281,48125,5055,716,1433,0.374,19.279,7.210
3894085805779,9997157,100.028,99.999,729600,729600,1728000,schedutil,306000000,306000000,1020000000,nvhost_podgov,0,3,,46906,48343,47937,47468,47343,48343,5055,716,1433,0.381,19.280,7.720
3894095803768,9997989,100.020,99.999,729600,729600,1728000,schedutil,306000000,306000000,1020000000,nvhost_podgov,0,3,,47062,48312,47968,47406,47343,48312,5055,716,1433,0.369,19.281,7.100
3894105795293,9991525,100.085,99.999,729600,729600,1728000,schedutil,306000000,306000000,1020000000,nvhost_podgov,0,3,,47031,48093,48000,47406,47281,48093,5055,716,1433,0.416,19.281,7.260
3894115803106,10007813,99.922,99.999,729600,729600,1728000,schedutil,306000000,306000000,1020000000,nvhost_podgov,0,3,,46875,48125,47968,47593,47312,48125,5055,716,1433,0.356,19.277,6.870
3894125786215,9983109,100.169,100.000,729600,729600,1728000,schedutil,306000000,306000000,1020000000,nvhost_podgov,0,3,,46906,48125,48000,47468,47375,48125,5055,716,1433,0.367,19.275,7.080
3894135809901,10023686,99.764,99.999,729600,729600,1728000,schedutil,306000000,306000000,1020000000,nvhost_podgov,0,3,,47062,48187,48031,47406,47343,48062,5055,716,1433,0.362,19.281,6.990
3894145805138,9995237,100.048,99.999,729600,729600,1728000,schedutil,306000000,306000000,1020000000,nvhost_podgov,0,3,,47000,48437,48000,47531,47343,48437,5055,716,1433,0.374,19.280,7.210
3894155806103,10000965,99.990,99.999,729600,729600,1728000,schedutil,306000000,306000000,1020000000,nvhost_podgov,0,3,,47125,48187,48031,47531,47281,48187,5055,716,1433,0.419,19.270,8.060
3894165801084,9994981,100.050,99.999,729600,729600,1728000,schedutil,306000000,306000000,1020000000,nvhost_podgov,0,3,,47218,48093,48000,47406,47406,48093,5055,716,1433,0.374,19.281,7.320
3894175909507,10108423,98.927,99.999,729600,729600,1728000,schedutil,306000000,306000000,1020000000,nvhost_podgov,0,3,,47031,48281,47968,47625,47343,48281,5055,716,1433,0.362,19.275,6.990
3894185917864,10008357,99.916,99.998,729600,729600,1728000,schedutil,306000000,306000000,1020000000,nvhost_podgov,0,3,,47312,48250,48062,47437,47375,48250,5055,756,1433,0.374,19.284,7.120
3894195793867,9876003,101.256,99.999,729600,729600,1728000,schedutil,306000000,306000000,1020000000,nvhost_podgov,0,3,,47062,48156,47937,47375,47406,48156,5055,756,1433,0.375,19.271,7.230
3894205809872,10016005,99.840,99.999,729600,729600,1728000,schedutil,306000000,306000000,1020000000,nvhost_podgov,0,3,,47031,48000,48031,47343,47343,48031,5055,756,1433,0.364,19.281,7.010
3894215798261,9988389,100.116,99.999,729600,729600,1728000,schedutil,306000000,306000000,1020000000,nvhost_podgov,0,3,,47000,48187,48062,47593,47312,48187,5055,756,1433,0.410,19.277,7.910
3894225809402,10011141,99.889,99.999,729600,729600,1728000,schedutil,306000000,306000000,1020000000,nvhost_podgov,0,3,,46968,48187,47968,47406,47406,48187,5055,716,1433,0.365,19.280,7.040
3894235805087,9995685,100.043,99.999,729600,729600,1728000,schedutil,306000000,306000000,1020000000,nvhost_podgov,0,3,,47000,48312,48062,47406,47375,48156,5055,716,1433,0.386,19.281,7.280
3894245806948,10001861,99.981,99.999,729600,729600,1728000,schedutil,306000000,306000000,1020000000,nvhost_podgov,0,3,,46968,48343,47906,47500,47375,48343,5055,716,1433,0.384,19.279,7.400
3894255809130,10002182,99.978,99.999,729600,729600,1728000,schedutil,306000000,306000000,1020000000,nvhost_podgov,0,3,,46968,48000,48031,47468,47343,48062,5055,716,1433,0.374,19.280,6.940
3894265791438,9982308,100.177,100.000,729600,729600,1728000,schedutil,306000000,306000000,1020000000,nvhost_podgov,0,3,,47000,48062,47968,47406,47375,48250,5055,716,1433,0.401,19.277,7.730
3894275808404,10016966,99.831,99.999,729600,729600,1728000,schedutil,306000000,306000000,1020000000,nvhost_podgov,0,3,,46968,48250,47968,47562,47312,48250,5055,716,1433,0.378,19.286,6.900
3894285803769,9995365,100.046,99.999,729600,729600,1728000,schedutil,306000000,306000000,1020000000,nvhost_podgov,0,3,,46843,48218,48062,47468,47375,48125,5055,716,1433,0.389,19.279,7.500
3894295805950,10002181,99.978,99.999,729600,729600,1728000,schedutil,306000000,306000000,1020000000,nvhost_podgov,0,3,,47062,48531,47937,47500,47406,48531,5055,716,1433,0.383,19.285,6.990
3894305796099,9990149,100.099,99.999,729600,729600,1728000,schedutil,306000000,306000000,1020000000,nvhost_podgov,0,3,,46906,48156,47906,47343,47343,48156,5055,716,1433,0.376,19.275,7.260
3894315809192,10013093,99.869,99.999,729600,729600,1728000,schedutil,306000000,306000000,1020000000,nvhost_podgov,0,3,,47062,48125,48062,47531,47375,48125,5055,716,1433,0.383,19.282,7.130
3894325804013,9994821,100.052,99.999,729600,729600,1728000,schedutil,306000000,306000000,1020000000,nvhost_podgov,0,3,,47062,48312,48000,47406,47343,48312,5055,716,1433,0.365,19.282,7.040
3894335805810,10001797,99.982,99.999,729600,729600,1728000,schedutil,306000000,306000000,1020000000,nvhost_podgov,0,3,,46875,48250,47906,47437,47375,48250,5055,716,1433,0.369,19.276,7.540
3894345806583,10000773,99.992,99.999,729600,729600,1728000,schedutil,306000000,306000000,1020000000,nvhost_podgov,0,3,,46906,48093,48000,47500,47312,48093,5055,716,1433,0.367,19.277,7.080
3894355806492,9999909,100.001,99.999,729600,729600,1728000,schedutil,306000000,306000000,1020000000,nvhost_podgov,0,3,,47000,48156,47968,47312,47437,48187,5055,716,1433,0.374,19.279,7.210
3894365803905,9997413,100.026,99.999,729600,729600,1728000,schedutil,306000000,306000000,1020000000,nvhost_podgov,0,3,,47062,48218,48000,47375,47281,48218,5055,716,1433,0.393,19.274,7.560
3894375792678,9988773,100.112,100.000,729600,729600,1728000,schedutil,306000000,306000000,1020000000,nvhost_podgov,0,3,,46875,48187,47906,47437,47218,48406,5055,716,1433,0.407,19.284,7.860
3894385808683,10016005,99.840,99.999,729600,729600,1728000,schedutil,306000000,306000000,1020000000,nvhost_podgov,0,3,,46968,48312,47906,47437,47343,48312,5055,716,1433,0.370,19.280,7.130
3894395803760,9995077,100.049,99.999,729600,729600,1728000,schedutil,306000000,306000000,1020000000,nvhost_podgov,0,3,,47000,48312,47968,47406,47281,48093,5055,716,1433,0.376,19.280,7.260
3894405808310,10004550,99.955,99.999,729600,729600,1728000,schedutil,306000000,306000000,1020000000,nvhost_podgov,0,3,,46906,48062,47968,47500,47343,48062,5055,716,1433,0.361,19.284,6.960
3894415798138,9989828,100.102,99.999,729600,729600,1728000,schedutil,306000000,306000000,1020000000,nvhost_podgov,0,3,,46875,48125,47968,47437,47343,48281,5055,716,1433,0.380,19.275,7.320
3894425808800,10010662,99.893,99.999,729600,729600,1728000,schedutil,306000000,306000000,1020000000,nvhost_podgov,0,3,,46875,48218,47937,47343,47375,48218,5055,716,1433,0.367,19.285,7.130
3894435807301,9998501,100.015,99.999,729600,729600,1728000,schedutil,306000000,306000000,1020000000,nvhost_podgov,0,3,,46937,48093,47937,47593,47312,48093,5055,716,1433,0.367,19.279,7.090
3894445811530,10004229,99.958,99.999,729600,729600,1728000,schedutil,306000000,306000000,1020000000,nvhost_podgov,0,3,,47062,48125,48062,47500,47406,48125,5055,716,1433,0.380,19.281,7.180
3894455807887,9996357,100.036,99.999,729600,729600,1728000,schedutil,306000000,306000000,1020000000,nvhost_podgov,0,3,,47125,48156,47937,47375,47281,48156,5055,716,1433,0.370,19.279,7.130
3894465801876,9993989,100.060,99.999,729600,729600,1728000,schedutil,306000000,306000000,1020000000,nvhost_podgov,0,3,,46937,48125,47875,47562,47343,48125,5055,716,1433,0.370,19.275,7.130
3894475795961,9994085,100.059,99.999,729600,729600,1728000,schedutil,306000000,306000000,1020000000,nvhost_podgov,0,3,,47031,48312,48000,47500,47312,48312,5055,716,1433,0.386,19.277,7.450
3894485805598,10009637,99.904,99.999,729600,729600,1728000,schedutil,306000000,306000000,1020000000,nvhost_podgov,0,3,,47000,48312,48000,47500,47281,48312,5055,716,1433,0.394,19.275,7.590
3894495808323,10002725,99.973,99.999,729600,729600,1728000,schedutil,306000000,306000000,1020000000,nvhost_podgov,0,3,,47031,48062,48000,47593,47343,48062,5055,716,1433,0.369,19.280,7.100
3894505792232,9983909,100.161,100.000,729600,729600,1728000,schedutil,306000000,306000000,1020000000,nvhost_podgov,0,3,,46937,48062,48093,47468,47312,48312,5055,716,1433,0.401,19.280,7.730
3894515809197,10016965,99.831,99.999,729600,729600,1728000,schedutil,306000000,306000000,1020000000,nvhost_podgov,0,3,,47062,48187,48031,47375,47375,48187,5055,716,1433,0.379,19.281,7.310
3894525802130,9992933,100.071,99.999,729600,729600,1728000,schedutil,306000000,306000000,1020000000,nvhost_podgov,0,3,,47000,48437,48000,47343,47312,48437,5055,716,1433,0.379,19.274,7.230
3894535811479,10009349,99.907,99.999,729600,729600,1728000,schedutil,306000000,306000000,1020000000,nvhost_podgov,0,3,,46843,48437,48062,47500,47250,48437,5055,716,1433,0.367,19.284,7.090
3894545804604,9993125,100.069,99.999,729600,729600,1728000,schedutil,306000000,306000000,1020000000,nvhost_podgov,0,3,,46906,48375,48000,47468,47375,48156,5055,716,1433,0.375,19.280,7.230
3894555806785,10002181,99.978,99.999,729600,729600,1728000,schedutil,306000000,306000000,1020000000,nvhost_podgov,0,3,,47000,48031,47968,47406,47312,48031,5055,756,1433,0.371,19.279,7.160
3894565807238,10000453,99.995,99.999,729600,729600,1728000,schedutil,306000000,306000000,1020000000,nvhost_podgov,0,3,,46906,48312,48000,47500,47375,48312,5055,756,1433,0.372,19.276,7.180
3894575807083,9999845,100.002,99.999,729600,729600,1728000,schedutil,306000000,306000000,1020000000,nvhost_podgov,0,3,,47156,48250,47968,47406,47375,48250,5055,756,1433,0.378,19.281,7.510
3894585807953,10000870,99.991,99.999,729600,729600,1728000,schedutil,306000000,306000000,1020000000,nvhost_podgov,0,3,,47031,48093,48000,47437,47375,48093,5055,716,1433,0.364,19.279,7.010
3894595793557,9985604,100.144,100.000,729600,729600,1728000,schedutil,306000000,306000000,1020000000,nvhost_podgov,0,3,,46968,48125,47937,47625,47343,48125,5055,716,1433,0.383,19.275,7.370
3894605810651,10017094,99.829,99.999,729600,729600,1728000,schedutil,306000000,306000000,1020000000,nvhost_podgov,0,3,,47187,48187,48062,47437,47437,48187,5055,756,1433,0.361,19.281,6.960
3894615817248,10006597,99.934,99.999,729600,729600,1728000,schedutil,306000000,306000000,1020000000,nvhost_podgov,0,3,,47062,48125,47937,47437,47375,48125,5055,756,1433,0.404,19.276,7.400
3894625809093,9991845,100.082,99.999,729600,729600,1728000,schedutil,306000000,306000000,1020000000,nvhost_podgov,0,3,,46906,48343,47968,47406,47312,48343,5055,716,1433,0.359,19.280,6.910
3894635801930,9992837,100.072,99.999,729600,729600,1728000,schedutil,306000000,306000000,1020000000,nvhost_podgov,0,3,,46937,48312,48062,47500,47250,48093,5055,716,1433,0.396,19.274,7.640
3894645797743,9995813,100.042,99.999,729600,729600,1728000,schedutil,306000000,306000000,1020000000,nvhost_podgov,0,3,,47062,48093,48062,47468,47406,48093,5055,716,1433,0.372,19.279,7.180
3894655795700,9997957,100.020,99.999,729600,729600,1728000,schedutil,306000000,306000000,1020000000,nvhost_podgov,0,3,,46968,48125,48000,47437,47343,48125,5055,716,1433,0.381,19.284,6.940
3894665792889,9997189,100.028,100.000,729600,729600,1728000,schedutil,306000000,306000000,1020000000,nvhost_podgov,0,3,,46875,48156,48031,47500,47343,48156,5055,716,1433,0.388,19.275,7.480
3894675816574,10023685,99.764,99.999,729600,729600,1728000,schedutil,306000000,306000000,1020000000,nvhost_podgov,0,3,,46875,48218,47968,47468,47406,48093,5055,716,1433,0.378,19.284,7.280
3894685803683,9987109,100.129,99.999,729600,729600,1728000,schedutil,306000000,306000000,1020000000,nvhost_podgov,0,3,,46937,48531,48031,47375,47312,48531,5055,716,1433,0.415,19.282,8.000
3894695811624,10007941,99.921,99.999,729600,729600,1728000,schedutil,306000000,306000000,1020000000,nvhost_podgov,0,3,,46968,48156,47937,47531,47312,48156,5055,716,1433,0.378,19.280,7.280
3894705802349,9990725,100.093,99.999,729600,729600,1728000,schedutil,306000000,306000000,1020000000,nvhost_podgov,0,3,,47062,48093,48031,47500,47406,48093,5055,716,1433,0.393,19.270,7.560
3894715798962,9996613,100.034,99.999,729600,729600,1728000,schedutil,306000000,306000000,1020000000,nvhost_podgov,0,3,,47125,48281,47968,47375,47406,48281,5055,756,1433,0.365,19.281,7.040
3894725786487,9987525,100.125,100.000,729600,729600,1728000,schedutil,306000000,306000000,1020000000,nvhost_podgov,0,3,,46937,48312,47968,47531,47312,48312,5055,756,1433,0.371,19.270,7.160
3894735795804,10009317,99.907,99.999,729600,729600,1728000,schedutil,306000000,306000000,1020000000,nvhost_podgov,0,3,,47125,48125,48062,47468,47406,48125,5055,756,1433,0.364,19.281,7.010
3894745794177,9998373,100.016,100.000,729600,729600,1728000,schedutil,306000000,306000000,1020000000,nvhost_podgov,0,3,,47062,48062,48000,47406,47406,48218,5055,756,1433,0.365,19.279,7.040
3894755794246,10000069,99.999,100.000,729600,729600,1728000,schedutil,306000000,306000000,1020000000,nvhost_podgov,0,3,,46906,48187,47937,47656,47281,48187,5055,716,1433,0.376,19.279,7.260
3894765793355,9999109,100.009,100.000,729600,729600,1728000,schedutil,306000000,306000000,1020000000,nvhost_podgov,0,3,,47000,48125,48062,47468,47343,48125,5055,716,1433,0.380,19.282,7.040
3894775790416,9997061,100.029,100.000,729600,729600,1728000,schedutil,306000000,306000000,1020000000,nvhost_podgov,0,3,,47062,48406,47968,47468,47437,48406,5055,716,1433,0.391,19.277,7.540
3894785794293,10003877,99.961,100.000,729600,729600,1728000,schedutil,306000000,306000000,1020000000,nvhost_podgov,0,3,,46968,48343,47968,47531,47312,48343,5055,716,1433,0.375,19.284,7.120
3894796047711,10253418,97.528,99.998,729600,729600,1728000,schedutil,306000000,306000000,1020000000,nvhost_podgov,0,3,,46906,48156,48062,47468,47375,48156,5055,716,1433,0.383,19.275,7.370
3894805806816,9759105,102.468,99.999,729600,729600,1728000,schedutil,306000000,306000000,1020000000,nvhost_podgov,0,3,,46968,48187,47968,47437,47375,48312,5055,716,1433,0.380,19.285,6.990
3894815802885,9996069,100.039,99.999,729600,729600,1728000,schedutil,306000000,306000000,1020000000,nvhost_podgov,0,3,,46906,48250,48000,47593,47343,48250,5055,716,1433,0.391,19.276,7.540
3894825809034,10006149,99.939,99.999,729600,729600,1728000,schedutil,306000000,306000000,1020000000,nvhost_podgov,0,3,,46875,48031,48031,47531,47343,48031,5055,716,1433,0.374,19.285,6.990
3894835798607,9989573,100.104,99.999,729600,729600,1728000,schedutil,306000000,306000000,1020000000,nvhost_podgov,0,3,,47125,48031,48000,47468,47375,48250,5055,716,1433,0.398,19.281,7.670
3894845809012,10010405,99.896,99.999,729600,729600,1728000,schedutil,306000000,306000000,1020000000,nvhost_podgov,0,3,,47000,48156,47937,47406,47343,48156,5055,716,1433,0.369,19.285,7.100
3894855806649,9997637,100.024,99.999,729600,729600,1728000,schedutil,306000000,306000000,1020000000,nvhost_podgov,0,3,,46875,48187,48031,47531,47312,48187,5055,716,1433,0.367,19.282,7.090
3894865805822,9999173,100.008,99.999,729600,729600,1728000,schedutil,306000000,306000000,1020000000,nvhost_podgov,0,3,,47093,48312,48062,47531,47312,48312,5055,716,1433,0.372,19.279,7.180
3894875809123,10003301,99.967,99.999,729600,729600,1728000,schedutil,306000000,306000000,1020000000,nvhost_podgov,0,3,,47093,48343,47968,47437,47312,48125,5055,716,1433,0.371,19.282,7.160
3894885794664,9985541,100.145,100.000,729600,729600,1728000,schedutil,306000000,306000000,1020000000,nvhost_podgov,0,3,,46906,48125,48125,47593,47343,48125,5055,716,1433,0.406,19.279,7.830
3894895810093,10015429,99.846,99.999,729600,729600,1728000,schedutil,306000000,306000000,1020000000,nvhost_podgov,0,3,,47000,48093,48031,47531,47375,48093,5055,716,1433,0.376,19.281,7.010
3894905806002,9995909,100.041,99.999,729600,729600,1728000,schedutil,306000000,306000000,1020000000,nvhost_podgov,0,3,,47031,48156,47937,47437,47375,48156,5055,716,1433,0.376,19.276,7.260
3894915806807,10000805,99.992,99.999,729600,729600,1728000,schedutil,306000000,306000000,1020000000,nvhost_podgov,0,3,,46968,48125,47906,47531,47343,48125,5055,716,1433,0.383,19.284,7.070
3894925791612,9984805,100.152,100.000,729600,729600,1728000,schedutil,306000000,306000000,1020000000,nvhost_podgov,0,3,,46968,48343,48031,47468,47437,48343,5055,716,1433,0.400,19.274,7.710
3894935805601,10013989,99.860,99.999,729600,729600,1728000,schedutil,306000000,306000000,1020000000,nvhost_podgov,0,3,,46968,48312,47937,47375,47406,48062,5055,716,1433,0.374,19.285,7.010
3894945806855,10001254,99.987,99.999,729600,729600,1728000,schedutil,306000000,306000000,1020000000,nvhost_podgov,0,3,,47031,48093,47906,47625,47312,48093,5055,716,1433,0.362,19.274,6.990
3894955805868,9999013,100.010,99.999,729600,729600,1728000,schedutil,306000000,306000000,1020000000,nvhost_podgov,0,3,,46937,48156,48093,47500,47312,48250,5055,716,1433,0.376,19.284,7.370
3894965794736,9988868,100.111,100.000,729600,729600,1728000,schedutil,306000000,306000000,1020000000,nvhost_podgov,0,3,,47156,48250,47968,47468,47375,48250,5055,716,1433,0.371,19.279,7.130
3894975787797,9993061,100.069,100.000,729600,729600,1728000,schedutil,306000000,306000000,1020000000,nvhost_podgov,0,3,,46906,48031,47906,47500,47312,48031,5055,716,1433,0.422,19.282,8.140
3894985796059,10008262,99.917,100.000,729600,729600,1728000,schedutil,306000000,306000000,1020000000,nvhost_podgov,0,3,,46875,48062,48062,47468,47281,48062,5055,716,1433,0.359,19.281,6.910
3894995787135,9991076,100.089,100.000,729600,729600,1728000,schedutil,306000000,306000000,1020000000,nvhost_podgov,0,3,,47218,48125,48031,47468,47406,48125,5055,716,1433,0.395,19.276,7.620
3895005795493,10008358,99.916,100.000,729600,729600,1728000,schedutil,306000000,306000000,1020000000,nvhost_podgov,0,3,,46968,48187,47906,47375,47375,48312,5055,716,1433,0.380,19.280,7.320
3895015805226,10009733,99.903,99.999,729600,729600,1728000,schedutil,306000000,306000000,1020000000,nvhost_podgov,0,3,,46875,48312,47875,47500,47312,48312,5055,716,1433,0.400,19.276,7.710
3895025821103,10015877,99.841,99.999,729600,729600,1728000,schedutil,306000000,306000000,1020000000,nvhost_podgov,0,3,,47062,48312,48000,47406,47375,48312,5055,716,1433,0.354,19.280,6.820
3895035792468,9971365,100.287,100.000,729600,729600,1728000,schedutil,306000000,306000000,1020000000,nvhost_podgov,0,3,,47062,48125,48000,47437,47375,48125,5055,716,1433,0.406,19.275,7.830
3895045813177,10020709,99.793,99.999,729600,729600,1728000,schedutil,306000000,306000000,1020000000,nvhost_podgov,0,3,,46906,48125,48000,47468,47312,48125,5055,716,1433,0.370,19.281,7.130
3895055807934,9994757,100.052,99.999,729600,729600,1728000,schedutil,306000000,306000000,1020000000,nvhost_podgov,0,3,,46937,48187,48031,47468,47406,48187,5055,716,1433,0.381,19.279,7.350
3895065807683,9999749,100.003,99.999,729600,729600,1728000,schedutil,306000000,306000000,1020000000,nvhost_podgov,0,3,,46968,48156,47937,47375,47281,48062,5055,716,1433,0.371,19.276,7.160
3895075807336,9999653,100.003,99.999,729600,729600,1728000,schedutil,306000000,306000000,1020000000,nvhost_podgov,0,3,,47000,48500,48000,47500,47312,48500,5055,716,1433,0.370,19.281,7.130
3895085808557,10001221,99.988,99.999,729600,729600,1728000,schedutil,306000000,306000000,1020000000,nvhost_podgov,0,3,,46875,48343,47968,47500,47375,48156,5055,716,1433,0.384,19.279,7.590
3895095808850,10000293,99.997,99.999,729600,729600,1728000,schedutil,306000000,306000000,1020000000,nvhost_podgov,0,3,,47031,48250,47968,47375,47343,48250,5055,716,1433,0.369,19.279,7.100
3895105791671,9982821,100.172,100.000,729600,729600,1728000,schedutil,306000000,306000000,1020000000,nvhost_podgov,0,3,,47000,48125,47937,47500,47312,48281,5055,716,1433,0.394,19.277,7.590
3895115808029,10016358,99.837,99.999,729600,729600,1728000,schedutil,306000000,306000000,1020000000,nvhost_podgov,0,3,,46906,48250,48062,47500,47312,48250,5055,716,1433,0.356,19.276,6.860
3895125804386,9996357,100.036,99.999,729600,729600,1728000,schedutil,306000000,306000000,1020000000,nvhost_podgov,0,3,,47093,48062,48031,47375,47406,48062,5055,716,1433,0.388,19.275,7.640
3895135809543,10005157,99.948,99.999,729600,729600,1728000,schedutil,306000000,306000000,1020000000,nvhost_podgov,0,3,,46968,48125,47875,47343,47343,48125,5055,716,1433,0.359,19.277,6.910
3895145797003,9987460,100.126,100.000,729600,729600,1728000,schedutil,306000000,306000000,1020000000,nvhost_podgov,0,3,,46906,48218,47906,47531,47343,48218,5055,716,1433,0.396,19.279,7.070
3895155810129,10013126,99.869,99.999,729600,729600,1728000,schedutil,306000000,306000000,1020000000,nvhost_podgov,0,3,,47062,48187,48031,47468,47343,48187,5055,716,1433,0.366,19.282,7.070
3895165800854,9990725,100.093,99.999,729600,729600,1728000,schedutil,306000000,306000000,1020000000,nvhost_podgov,0,3,,47156,48312,48000,47437,47312,48312,5055,716,1433,0.420,19.274,7.860
3895175802523,10001669,99.983,99.999,729600,729600,1728000,schedutil,306000000,306000000,1020000000,nvhost_podgov,0,3,,47031,48343,48000,47625,47312,48125,5055,716,1433,0.389,19.271,7.490
3895185792896,9990373,100.096,100.000,729600,729600,1728000,schedutil,306000000,306000000,1020000000,nvhost_podgov,0,3,,47062,48000,48062,47343,47437,48062,5055,756,1433,0.374,19.286,7.310
3895195786533,9993637,100.064,100.000,729600,729600,1728000,schedutil,306000000,306000000,1020000000,nvhost_podgov,0,3,,47031,48125,47968,47468,47375,48250,5055,756,1433,0.388,19.271,7.460
3895205794378,10007845,99.922,100.000,729600,729600,1728000,schedutil,306000000,306000000,1020000000,nvhost_podgov,0,3,,46968,48156,47937,47500,47312,48156,5055,756,1433,0.371,19.280,7.160
3895215793359,9998981,100.010,100.000,729600,729600,1728000,schedutil,306000000,306000000,1020000000,nvhost_podgov,0,3,,46968,48281,48031,47500,47375,48031,5055,756,1433,0.398,19.280,7.670
3895225795348,10001989,99.980,100.000,729600,729600,1728000,schedutil,306000000,306000000,1020000000,nvhost_podgov,0,3,,47062,48406,48000,47343,47343,48406,5055,756,1433,0.360,19.277,6.940
3895235788921,9993573,100.064,100.000,729600,729600,1728000,schedutil,306000000,306000000,1020000000,nvhost_podgov,0,3,,46937,48187,47937,47531,47343,48187,5055,756,1433,0.405,19.275,7.810
3895245809758,10020837,99.792,99.999,729600,729600,1728000,schedutil,306000000,306000000,1020000000,nvhost_podgov,0,3,,47156,48125,48000,47437,47406,48125,5055,756,1433,0.370,19.281,7.130
3895255797603,9987845,100.122,100.000,729600,729600,1728000,schedutil,306000000,306000000,1020000000,nvhost_podgov,0,3,,47125,48312,47937,47531,47312,48312,5055,756,1433,0.396,19.281,7.260
3895265798280,10000677,99.993,99.999,729600,729600,1728000,schedutil,306000000,306000000,1020000000,nvhost_podgov,0,3,,46875,48312,47906,47593,47312,48312,5055,756,1433,0.375,19.275,7.230
3895275801965,10003685,99.963,99.999,729600,729600,1728000,schedutil,306000000,306000000,1020000000,nvhost_podgov,0,3,,46968,48125,48031,47500,47250,48125,5055,756,1433,0.384,19.281,6.900
3895285802706,10000741,99.993,99.999,729600,729600,1728000,schedutil,306000000,306000000,1020000000,nvhost_podgov,0,3,,47062,48093,48031,47437,47343,48093,5055,756,1433,0.399,19.282,7.690
3895295813080,10010374,99.896,99.999,729600,729600,1728000,schedutil,306000000,306000000,1020000000,nvhost_podgov,0,3,,47062,48218,48000,47375,47343,48218,5055,756,1433,0.375,19.281,7.070
3895305808701,9995621,100.044,99.999,729600,729600,1728000,schedutil,306000000,306000000,1020000000,nvhost_podgov,0,3,,46875,48187,48093,47593,47343,48187,5055,756,1433,0.366,19.275,7.070
3895315799842,9991141,100.089,99.999,729600,729600,1728000,schedutil,306000000,306000000,1020000000,nvhost_podgov,0,3,,47062,48343,48031,47500,47406,48343,5055,756,1433,0.380,19.282,6.910
3895325801415,10001573,99.984,99.999,729600,729600,1728000,schedutil,306000000,306000000,1020000000,nvhost_podgov,0,3,,47062,48343,48000,47437,47343,48343,5055,756,1433,0.364,19.280,7.010
3895335804396,10002981,99.970,99.999,729600,729600,1728000,schedutil,306000000,306000000,1020000000,nvhost_podgov,0,3,,46906,48156,48093,47531,47281,48156,5055,756,1433,0.369,19.288,7.010
3895345795185,9990789,100.092,100.000,729600,729600,1728000,schedutil,306000000,306000000,1020000000,nvhost_podgov,0,3,,46875,48312,48062,47468,47375,48312,5055,756,1433,0.390,19.273,7.510
3895355800086,10004901,99.951,99.999,729600,729600,1728000,schedutil,306000000,306000000,1020000000,nvhost_podgov,0,3,,46968,48156,48062,47343,47281,48156,5055,756,1433,0.372,19.285,7.180
3895365792571,9992485,100.075,100.000,729600,729600,1728000,schedutil,306000000,306000000,1020000000,nvhost_podgov,0,3,,46937,48218,47937,47500,47312,48093,5055,756,1433,0.391,19.277,7.540
3895375808608,10016037,99.840,99.999,729600,729600,1728000,schedutil,306000000,306000000,1020000000,nvhost_podgov,0,3,,47156,48000,48031,47500,47406,48031,5055,756,1433,0.366,19.279,7.070
3895385806981,9998373,100.016,99.999,729600,729600,1728000,schedutil,306000000,306000000,1020000000,nvhost_podgov,0,3,,47156,48187,47968,47406,47312,48187,5055,756,1433,0.374,19.280,7.180
3895395806250,9999269,100.007,99.999,729600,729600,1728000,schedutil,306000000,306000000,1020000000,nvhost_podgov,0,3,,46937,48156,47937,47593,47312,48156,5055,756,1433,0.381,19.279,7.350
3895405805615,9999365,100.006,99.999,729600,729600,1728000,schedutil,306000000,306000000,1020000000,nvhost_podgov,0,3,,47031,48312,48062,47406,47343,48312,5055,756,1433,0.367,19.284,6.940
3895415794868,9989253,100.108,100.000,729600,729600,1728000,schedutil,306000000,306000000,1020000000,nvhost_podgov,0,3,,47062,48312,47968,47406,47312,48312,5055,756,1433,0.399,19.279,7.690
3895425807801,10012933,99.871,99.999,729600,729600,1728000,schedutil,306000000,306000000,1020000000,nvhost_podgov,0,3,,46968,48062,47937,47437,47312,48062,5055,756,1433,0.381,19.285,6.960
3895435806334,9998533,100.015,99.999,729600,729600,1728000,schedutil,306000000,306000000,1020000000,nvhost_podgov,0,3,,46906,48062,48093,47406,47343,48093,5055,756,1433,0.405,19.281,7.810
3895445808675,10002341,99.977,99.999,729600,729600,1728000,schedutil,306000000,306000000,1020000000,nvhost_podgov,0,3,,47031,48281,48031,47375,47437,48281,5055,716,1433,0.371,19.285,6.940
3895455792584,9983909,100.161,100.000,729600,729600,1728000,schedutil,306000000,306000000,1020000000,nvhost_podgov,0,3,,47031,48250,47937,47406,47406,48468,5055,716,1433,0.393,19.275,7.560
3895465810029,10017445,99.826,99.999,729600,729600,1728000,schedutil,306000000,306000000,1020000000,nvhost_podgov,0,3,,46875,48437,47906,47500,47281,48437,5055,716,1433,0.371,19.282,6.910
3895475804146,9994117,100.059,99.999,729600,729600,1728000,schedutil,306000000,306000000,1020000000,nvhost_podgov,0,3,,46906,48375,47968,47468,47406,48125,5055,716,1433,0.384,19.279,7.010
3895485809752,10005606,99.944,99.999,729600,729600,1728000,schedutil,306000000,306000000,1020000000,nvhost_podgov,0,3,,47031,48156,47906,47343,47343,48156,5055,756,1433,0.374,19.281,7.090
3895495809085,9999333,100.007,99.999,729600,729600,1728000,schedutil,306000000,306000000,1020000000,nvhost_podgov,0,3,,46968,48312,47875,47531,47281,48312,5055,756,1433,0.369,19.279,7.100
3895505803714,9994629,100.054,99.999,729600,729600,1728000,schedutil,306000000,306000000,1020000000,nvhost_podgov,0,3,,46812,48312,48031,47468,47343,48312,5055,756,1433,0.372,19.280,7.180
3895515808999,10005285,99.947,99.999,729600,729600,1728000,schedutil,306000000,306000000,1020000000,nvhost_podgov,0,3,,47125,48062,47968,47531,47343,48062,5055,756,1433,0.367,19.277,7.080
3895525794123,9985124,100.149,100.000,729600,729600,1728000,schedutil,306000000,306000000,1020000000,nvhost_podgov,0,3,,46937,48093,47906,47531,47312,48093,5055,756,1433,0.399,19.276,7.690
3895535808145,10014022,99.860,99.999,729600,729600,1728000,schedutil,306000000,306000000,1020000000,nvhost_podgov,0,3,,47093,48187,47937,47437,47343,48187,5055,756,1433,0.360,19.281,6.940
3895545819094,10010949,99.891,99.999,729600,729600,1728000,schedutil,306000000,306000000,1020000000,nvhost_podgov,0,3,,47156,48156,47937,47500,47312,48156,5055,756,1433,0.385,19.274,7.420
3895555807195,9988101,100.119,99.999,729600,729600,1728000,schedutil,306000000,306000000,1020000000,nvhost_podgov,0,3,,46937,48375,47937,47562,47343,48375,5055,756,1433,0.360,19.279,6.940
3895565792736,9985541,100.145,100.000,729600,729600,1728000,schedutil,306000000,306000000,1020000000,nvhost_podgov,0,3,,47031,48312,48000,47531,47343,48312,5055,756,1433,0.404,19.279,7.780
3895575809701,10016965,99.831,99.999,729600,729600,1728000,schedutil,306000000,306000000,1020000000,nvhost_podgov,0,3,,47093,48093,47968,47437,47375,48093,5055,756,1433,0.371,19.282,7.090
3895585808234,9998533,100.015,99.999,729600,729600,1728000,schedutil,306000000,306000000,1020000000,nvhost_podgov,0,3,,46968,48093,48062,47593,47312,48093,5055,756,1433,0.370,19.280,7.130
3895595806415,9998181,100.018,99.999,729600,729600,1728000,schedutil,306000000,306000000,1020000000,nvhost_podgov,0,3,,46875,48218,48062,47500,47312,48218,5055,716,1433,0.374,19.280,7.100
3895605808052,10001637,99.984,99.999,729600,729600,1728000,schedutil,306000000,306000000,1020000000,nvhost_podgov,0,3,,47062,48218,48062,47500,47406,48156,5055,716,1433,0.359,19.279,6.910
3895615802393,9994341,100.057,99.999,729600,729600,1728000,schedutil,306000000,306000000,1020000000,nvhost_podgov,0,3,,47031,48375,47968,47375,47437,48375,5055,716,1433,0.394,19.276,7.350
3895625809022,10006629,99.934,99.999,729600,729600,1728000,schedutil,306000000,306000000,1020000000,nvhost_podgov,0,3,,46875,48406,48062,47531,47343,48156,5055,716,1433,0.362,19.284,6.990
3895635804451,9995429,100.046,99.999,729600,729600,1728000,schedutil,306000000,306000000,1020000000,nvhost_podgov,0,3,,46843,48125,47968,47406,47312,48125,5055,716,1433,0.376,19.277,7.560
3895645804808,10000357,99.996,99.999,729600,729600,1728000,schedutil,306000000,306000000,1020000000,nvhost_podgov,0,3,,46968,48312,48031,47406,47312,48312,5055,716,1433,0.360,19.281,6.940
3895655798285,9993477,100.065,100.000,729600,729600,1728000,schedutil,306000000,306000000,1020000000,nvhost_podgov,0,3,,46875,48250,48093,47468,47312,48250,5055,716,1433,0.385,19.275,7.420
3895665808402,10010117,99.899,99.999,729600,729600,1728000,schedutil,306000000,306000000,1020000000,nvhost_podgov,0,3,,47062,48093,48031,47468,47375,48093,5055,716,1433,0.361,19.281,6.960
3895675795351,9986949,100.131,100.000,729600,729600,1728000,schedutil,306000000,306000000,1020000000,nvhost_podgov,0,3,,47062,48125,48000,47437,47437,48125,5055,716,1433,0.425,19.269,8.190
3895695435258,19639907,50.917,99.930,729600,729600,1728000,schedutil,306000000,306000000,1020000000,nvhost_podgov,0,3,,47125,48218,48031,47437,47406,48218,5055,716,1433,0.419,19.273,7.640
3895697420577,1985319,503.697,99.988,729600,729600,1728000,schedutil,306000000,306000000,1020000000,nvhost_podgov,0,3,,46968,48375,48031,47468,47343,48375,5055,716,1433,0.419,19.267,8.060
3895705796550,8375973,119.389,100.000,729600,729600,1728000,schedutil,306000000,306000000,1020000000,nvhost_podgov,0,3,,47000,48343,48062,47531,47343,48343,5055,716,1433,0.419,19.274,8.080
3895715793195,9996645,100.034,100.000,729600,729600,1728000,schedutil,306000000,306000000,1020000000,nvhost_podgov,0,3,,47031,48343,48000,47593,47281,48343,5055,716,1433,0.425,19.270,8.190
3895725805137,10011942,99.881,99.999,729600,729600,1728000,schedutil,306000000,306000000,1020000000,nvhost_podgov,0,3,,46875,48125,48062,47500,47250,48125,5055,716,1433,0.432,19.271,8.330
3895735795477,9990340,100.097,100.000,729600,729600,1728000,schedutil,306000000,306000000,1020000000,nvhost_podgov,0,3,,47093,48156,48000,47437,47406,48156,5055,716,1433,0.346,19.282,6.680
3895745786234,9990757,100.093,100.000,729600,729600,1728000,schedutil,306000000,306000000,1020000000,nvhost_podgov,0,3,,46968,48250,47937,47500,47406,48250,5055,716,1433,0.367,19.281,7.230
3895755809344,10023110,99.769,99.999,729600,729600,1728000,schedutil,306000000,306000000,1020000000,nvhost_podgov,0,3,,46875,48281,48062,47625,47312,48125,5055,716,1433,0.346,19.285,6.680
3895765794277,9984933,100.151,100.000,729600,729600,1728000,schedutil,306000000,306000000,1020000000,nvhost_podgov,0,3,,46906,48062,47968,47468,47343,48062,5055,716,1433,0.365,19.286,6.750
3895775793066,9998789,100.012,100.000,729600,729600,1728000,schedutil,306000000,306000000,1020000000,nvhost_podgov,0,3,,46937,48250,47937,47468,47375,48250,5055,716,1433,0.376,19.282,7.260
3895785793615,10000549,99.995,100.000,729600,729600,1728000,schedutil,306000000,306000000,1020000000,nvhost_podgov,0,3,,46968,48093,47906,47500,47343,48093,5055,716,1433,0.361,19.284,6.960
3895795792180,9998565,100.014,100.000,729600,729600,1728000,schedutil,306000000,306000000,1020000000,nvhost_podgov,0,3,,47156,48250,48000,47468,47375,48250,5055,716,1433,0.344,19.280,6.630
3895805791961,9999781,100.002,100.000,729600,729600,1728000,schedutil,306000000,306000000,1020000000,nvhost_podgov,0,3,,47062,48312,47968,47437,47343,48312,5055,716,1433,0.349,19.288,6.660
3895815792766,10000805,99.992,100.000,729600,729600,1728000,schedutil,306000000,306000000,1020000000,nvhost_podgov,0,3,,46968,48093,47937,47500,47343,48093,5055,716,1433,0.347,19.281,6.690
3895825794499,10001733,99.983,100.000,729600,729600,1728000,schedutil,306000000,306000000,1020000000,nvhost_podgov,0,3,,47156,48125,48031,47468,47437,48125,5055,716,1433,0.350,19.290,6.580
3895835792200,9997701,100.023,100.000,729600,729600,1728000,schedutil,306000000,306000000,1020000000,nvhost_podgov,0,3,,47062,48281,47937,47375,47375,48281,5055,716,1433,0.381,19.285,7.350
3895845793741,10001541,99.985,100.000,729600,729600,1728000,schedutil,306000000,306000000,1020000000,nvhost_podgov,0,3,,46906,48156,47968,47500,47312,48156,5055,716,1433,0.338,19.293,6.730
3895855805906,10012165,99.878,99.999,729600,729600,1728000,schedutil,306000000,306000000,1020000000,nvhost_podgov,0,3,,46968,48343,48062,47437,47375,48343,5055,716,1433,0.376,19.284,7.260
3895865797719,9991813,100.082,100.000,729600,729600,1728000,schedutil,306000000,306000000,1020000000,nvhost_podgov,0,3,,46968,48312,47968,47500,47375,48312,5055,716,1433,0.346,19.289,6.680
3895875787132,9989413,100.106,100.000,729600,729600,1728000,schedutil,306000000,306000000,1020000000,nvhost_podgov,0,3,,47000,48125,47875,47406,47312,48125,5055,716,1433,0.374,19.280,6.580
3895885797889,10010757,99.893,100.000,729600,729600,1728000,schedutil,306000000,306000000,1020000000,nvhost_podgov,0,3,,46937,48156,48062,47468,47437,48281,5055,716,1433,0.347,19.288,6.710
3895895794246,9996357,100.036,100.000,729600,729600,1728000,schedutil,306000000,306000000,1020000000,nvhost_podgov,0,3,,47031,48218,48062,47375,47281,48218,5055,716,1433,0.356,19.285,6.870
3895905792971,9998725,100.013,100.000,729600,729600,1728000,schedutil,306000000,306000000,1020000000,nvhost_podgov,0,3,,46968,48312,48000,47656,47375,48093,5055,716,1433,0.362,19.286,6.990
3895915793456,10000485,99.995,100.000,729600,729600,1728000,schedutil,306000000,306000000,1020000000,nvhost_podgov,0,3,,46906,48031,48031,47562,47343,48031,5055,716,1433,0.349,19.288,6.600
3895925786805,9993349,100.067,100.000,729600,729600,1728000,schedutil,306000000,306000000,1020000000,nvhost_podgov,0,3,,47125,48218,48062,47437,47406,48218,5055,716,1433,0.370,19.282,7.130
3895935797210,10010405,99.896,100.000,729600,729600,1728000,schedutil,306000000,306000000,1020000000,nvhost_podgov,0,3,,46906,48156,47937,47406,47343,48156,5055,716,1433,0.357,19.290,6.540
3895945793375,9996165,100.038,100.000,729600,729600,1728000,schedutil,306000000,306000000,1020000000,nvhost_podgov,0,3,,46906,48312,48031,47531,47312,48312,5055,716,1433,0.371,19.282,7.160
3895955807237,10013862,99.862,99.999,729600,729600,1728000,schedutil,306000000,306000000,1020000000,nvhost_podgov,0,3,,47062,48281,47968,47343,47437,48281,5055,716,1433,0.352,19.290,6.580
3895965795209,9987972,100.120,100.000,729600,729600,1728000,schedutil,306000000,306000000,1020000000,nvhost_podgov,0,3,,47062,48187,47968,47375,47343,48187,5055,716,1433,0.365,19.281,7.040
3895975798127,10002918,99.971,100.000,729600,729600,1728000,schedutil,306000000,306000000,1020000000,nvhost_podgov,0,3,,46906,48156,48093,47625,47281,48156,5055,716,1433,0.349,19.290,6.630
3895985786771,9988644,100.114,100.000,729600,729600,1728000,schedutil,306000000,306000000,1020000000,nvhost_podgov,0,3,,47000,48187,48000,47375,47406,48187,5055,716,1433,0.349,19.280,6.720
3895995795929,10009158,99.909,100.000,729600,729600,1728000,schedutil,306000000,306000000,1020000000,nvhost_podgov,0,3,,47031,48187,48000,47406,47375,48187,5055,716,1433,0.354,19.289,6.900
3896005794462,9998533,100.015,100.000,729600,729600,1728000,schedutil,306000000,306000000,1020000000,nvhost_podgov,0,3,,46968,48500,47937,47625,47406,48500,5055,716,1433,0.350,19.288,6.750
3896015793827,9999365,100.006,100.000,729600,729600,1728000,schedutil,306000000,306000000,1020000000,nvhost_podgov,0,3,,46937,48343,48031,47500,47406,48125,5055,716,1433,0.356,19.286,6.870
3896025808264,10014437,99.856,99.999,729600,729600,1728000,schedutil,306000000,306000000,1020000000,nvhost_podgov,0,3,,47062,48093,47968,47437,47343,48093,5055,716,1433,0.344,19.284,6.630
3896035815373,10007109,99.929,99.999,729600,729600,1728000,schedutil,306000000,306000000,1020000000,nvhost_podgov,0,3,,47000,48250,47937,47656,47375,48250,5055,716,1433,0.372,19.289,7.180
3896045795442,9980069,100.200,100.000,729600,729600,1728000,schedutil,306000000,306000000,1020000000,nvhost_podgov,0,3,,46843,48250,48062,47468,47343,48250,5055,716,1433,0.341,19.286,6.580
3896055792759,9997317,100.027,100.000,729600,729600,1728000,schedutil,306000000,306000000,1020000000,nvhost_podgov,0,3,,47250,48093,47968,47500,47406,48093,5055,716,1433,0.350,19.285,6.750
3896065793436,10000677,99.993,100.000,729600,729600,1728000,schedutil,306000000,306000000,1020000000,nvhost_podgov,0,3,,46937,48031,48000,47312,47343,48031,5055,716,1433,0.360,19.285,6.550
3896075788417,9994981,100.050,100.000,729600,729600,1728000,schedutil,306000000,306000000,1020000000,nvhost_podgov,0,3,,46843,48218,48062,47531,47406,48218,5055,716,1433,0.379,19.284,7.310
3896085797638,10009221,99.908,100.000,729600,729600,1728000,schedutil,306000000,306000000,1020000000,nvhost_podgov,0,3,,47125,48156,48062,47468,47343,48156,5055,716,1433,0.360,19.289,6.710
3896095794059,9996421,100.036,100.000,729600,729600,1728000,schedutil,306000000,306000000,1020000000,nvhost_podgov,0,3,,47062,48343,47937,47406,47375,48343,5055,716,1433,0.339,19.281,6.530
3896105793488,9999429,100.006,100.000,729600,729600,1728000,schedutil,306000000,306000000,1020000000,nvhost_podgov,0,3,,47000,48375,48125,47500,47250,48375,5055,716,1433,0.357,19.290,7.360
3896115793973,10000485,99.995,100.000,729600,729600,1728000,schedutil,306000000,306000000,1020000000,nvhost_podgov,0,3,,47031,48093,48062,47437,47375,48093,5055,716,1433,0.354,19.285,6.820
3896125792538,9998565,100.014,100.000,729600,729600,1728000,schedutil,306000000,306000000,1020000000,nvhost_podgov,0,3,,47031,48125,48000,47437,47281,48312,5063,716,1433,0.355,19.280,6.850
3896135793983,10001445,99.986,100.000,729600,729600,1728000,schedutil,306000000,306000000,1020000000,nvhost_podgov,0,3,,46968,48281,47875,47531,47375,48281,5063,716,1433,0.340,19.286,6.550
3896145786244,9992261,100.077,100.000,729600,729600,1728000,schedutil,306000000,306000000,1020000000,nvhost_podgov,0,3,,46968,48156,48062,47500,47343,48125,5063,716,1433,0.362,19.286,6.990
3896155802089,10015845,99.842,100.000,729600,729600,1728000,schedutil,306000000,306000000,1020000000,nvhost_podgov,0,3,,47000,48093,47968,47406,47375,48093,5055,716,1433,0.343,19.286,6.600
3896165793614,9991525,100.085,100.000,729600,729600,1728000,schedutil,306000000,306000000,1020000000,nvhost_podgov,0,3,,47000,48343,47937,47625,47375,48250,5055,716,1433,0.351,19.280,7.090
3896175806548,10012934,99.871,99.999,729600,729600,1728000,schedutil,306000000,306000000,1020000000,nvhost_podgov,0,3,,46937,48187,48093,47531,47343,48187,5055,716,1433,0.384,19.279,7.400
3896185795480,9988932,100.111,100.000,729600,729600,1728000,schedutil,306000000,306000000,1020000000,nvhost_podgov,0,3,,47031,48312,47968,47406,47312,48312,5055,716,1433,0.398,19.285,7.010
3896195805598,10010118,99.899,99.999,729600,729600,1728000,schedutil,306000000,306000000,1020000000,nvhost_podgov,0,3,,47000,48312,47968,47406,47343,48312,5055,756,1433,0.344,19.284,6.630
3896205795267,9989669,100.103,100.000,729600,729600,1728000,schedutil,306000000,306000000,1020000000,nvhost_podgov,0,3,,46906,48062,48093,47500,47375,48093,5055,756,1433,0.351,19.285,6.770
3896215794056,9998789,100.012,100.000,729600,729600,1728000,schedutil,306000000,306000000,1020000000,nvhost_podgov,0,3,,47062,48156,47968,47437,47375,48156,5055,756,1433,0.381,19.285,7.350
3896225794349,10000293,99.997,100.000,729600,729600,1728000,schedutil,306000000,306000000,1020000000,nvhost_podgov,0,3,,47031,48218,47906,47406,47250,48218,5055,756,1433,0.352,19.289,6.800
3896235792306,9997957,100.020,100.000,729600,729600,1728000,schedutil,306000000,306000000,1020000000,nvhost_podgov,0,3,,46875,48187,47968,47437,47312,48187,5055,756,1433,0.367,19.282,7.090
3896245794071,10001765,99.982,100.000,729600,729600,1728000,schedutil,306000000,306000000,1020000000,nvhost_podgov,0,3,,47125,48343,47937,47437,47343,48343,5055,756,1433,0.339,19.285,6.530
3896255786332,9992261,100.077,100.000,729600,729600,1728000,schedutil,306000000,306000000,1020000000,nvhost_podgov,0,3,,47062,48375,48000,47406,47281,48187,5055,756,1433,0.375,19.281,7.130
3896265794849,10008517,99.915,100.000,729600,729600,1728000,schedutil,306000000,306000000,1020000000,nvhost_podgov,0,3,,46906,48093,47875,47531,47406,48093,5055,756,1433,0.345,19.286,6.660
3896275793862,9999013,100.010,100.000,729600,729600,1728000,schedutil,306000000,306000000,1020000000,nvhost_podgov,0,3,,47031,48125,48031,47468,47406,48312,5055,756,1433,0.360,19.279,6.960
3896285794571,10000709,99.993,100.000,729600,729600,1728000,schedutil,306000000,306000000,1020000000,nvhost_podgov,0,3,,46968,48218,47968,47468,47375,48218,5055,756,1433,0.351,19.284,6.770
3896295794160,9999589,100.004,100.000,729600,729600,1728000,schedutil,306000000,306000000,1020000000,nvhost_podgov,0,3,,46937,48125,47937,47562,47343,48125,5055,756,1433,0.376,19.284,7.260
3896305793941,9999781,100.002,100.000,729600,729600,1728000,schedutil,306000000,306000000,1020000000,nvhost_podgov,0,3,,46906,48031,48062,47468,47375,48062,5055,756,1433,0.349,19.289,6.730
3896315792954,9999013,100.010,100.000,729600,729600,1728000,schedutil,306000000,306000000,1020000000,nvhost_podgov,0,3,,47062,48187,48062,47437,47375,48187,5055,756,1433,0.364,19.288,6.600
3896325795775,10002821,99.972,100.000,729600,729600,1728000,schedutil,306000000,306000000,1020000000,nvhost_podgov,0,3,,46906,48218,47968,47593,47343,48218,5055,756,1433,0.344,19.284,6.630
3896335798852,10003077,99.969,100.000,729600,729600,1728000,schedutil,306000000,306000000,1020000000,nvhost_podgov,0,3,,47187,48343,48000,47500,47375,48343,5055,756,1433,0.352,19.286,6.800
3896345795497,9996645,100.034,100.000,729600,729600,1728000,schedutil,306000000,306000000,1020000000,nvhost_podgov,0,3,,47062,48312,48031,47500,47406,48312,5055,756,1433,0.365,19.285,7.040
3896355795374,9999877,100.001,100.000,729600,729600,1728000,schedutil,306000000,306000000,1020000000,nvhost_podgov,0,3,,46968,48156,47906,47593,47343,48156,5055,756,1433,0.351,19.290,6.770
3896365789299,9993925,100.061,100.000,729600,729600,1728000,schedutil,306000000,306000000,1020000000,nvhost_podgov,0,3,,46906,48156,48062,47531,47375,48156,5055,756,1433,0.372,19.282,7.180
3896375797208,10007909,99.921,100.000,729600,729600,1728000,schedutil,306000000,306000000,1020000000,nvhost_podgov,0,3,,47062,48187,48062,47437,47375,48187,5055,756,1433,0.354,19.284,6.820
3896385788605,9991397,100.086,100.000,729600,729600,1728000,schedutil,306000000,306000000,1020000000,nvhost_podgov,0,3,,46968,48187,47937,47343,47437,48062,5055,756,1433,0.361,19.279,6.910
3896395795810,10007205,99.928,100.000,729600,729600,1728000,schedutil,306000000,306000000,1020000000,nvhost_podgov,0,3,,46968,48437,48093,47531,47312,48437,5055,756,1433,0.350,19.284,6.750
3896405793607,9997797,100.022,100.000,729600,729600,1728000,schedutil,306000000,306000000,1020000000,nvhost_podgov,0,3,,47031,48375,48062,47437,47468,48218,5055,756,1433,0.371,19.281,7.160
3896415796044,10002437,99.976,100.000,729600,729600,1728000,schedutil,306000000,306000000,1020000000,nvhost_podgov,0,3,,46968,48156,47937,47437,47375,48156,5055,756,1433,0.375,19.280,7.230
3896425795121,9999077,100.009,100.000,729600,729600,1728000,schedutil,306000000,306000000,1020000000,nvhost_podgov,0,3,,46937,48281,48000,47531,47281,48281,5055,756,1433,0.352,19.281,6.800
3896435792502,9997381,100.026,100.000,729600,729600,1728000,schedutil,306000000,306000000,1020000000,nvhost_podgov,0,3,,46843,48250,48062,47468,47343,48250,5055,756,1433,0.346,19.285,6.680
3896445792764,10000262,99.997,100.000,729600,729600,1728000,schedutil,306000000,306000000,1020000000,nvhost_podgov,0,3,,46937,48250,47968,47468,47343,48093,5055,756,1433,0.347,19.290,6.660
3896455792161,9999397,100.006,100.000,729600,729600,1728000,schedutil,306000000,306000000,1020000000,nvhost_podgov,0,3,,46937,48062,47937,47625,47375,48062,5055,756,1433,0.372,19.276,7.180
3896465807302,10015141,99.849,99.999,729600,729600,1728000,schedutil,306000000,306000000,1020000000,nvhost_podgov,0,3,,47156,48218,47968,47531,47406,48218,5055,756,1433,0.352,19.289,6.660
3896475791723,9984421,100.156,100.000,729600,729600,1728000,schedutil,306000000,306000000,1020000000,nvhost_podgov,0,3,,47093,48187,47968,47343,47375,48187,5055,756,1433,0.360,19.275,6.940
3896485799408,10007685,99.923,100.000,729600,729600,1728000,schedutil,306000000,306000000,1020000000,nvhost_podgov,0,3,,46906,48312,47937,47562,47281,48312,5055,756,1433,0.351,19.288,6.600
3896495787029,9987621,100.124,100.000,729600,729600,1728000,schedutil,306000000,306000000,1020000000,nvhost_podgov,0,3,,47093,48312,48062,47562,47437,48312,5055,756,1433,0.369,19.277,7.100
3896505796538,10009509,99.905,100.000,729600,729600,1728000,schedutil,306000000,306000000,1020000000,nvhost_podgov,0,3,,47062,48156,48000,47375,47312,48156,5055,756,1433,0.352,19.289,6.730
3896515794655,9998117,100.019,100.000,729600,729600,1728000,schedutil,306000000,306000000,1020000000,nvhost_podgov,0,3,,46968,48156,47968,47406,47312,48156,5055,756,1433,0.371,19.282,7.160
3896525796548,10001893,99.981,100.000,729600,729600,1728000,schedutil,306000000,306000000,1020000000,nvhost_podgov,0,3,,46875,48187,48062,47531,47406,48187,5055,716,1433,0.364,19.288,7.010
3896535808457,10011909,99.881,99.999,729600,729600,1728000,schedutil,306000000,306000000,1020000000,nvhost_podgov,0,3,,47031,48062,48000,47406,47406,48062,5055,716,1433,0.354,19.281,6.630
3896545791534,9983077,100.170,100.000,729600,729600,1728000,schedutil,306000000,306000000,1020000000,nvhost_podgov,0,3,,47000,48437,48000,47437,47312,48437,5055,716,1433,0.378,19.288,7.280
3896555796339,10004805,99.952,100.000,729600,729600,1728000,schedutil,306000000,306000000,1020000000,nvhost_podgov,0,3,,46875,48312,47937,47562,47343,48156,5055,756,1433,0.347,19.288,6.710
3896565798680,10002341,99.977,100.000,729600,729600,1728000,schedutil,306000000,306000000,1020000000,nvhost_podgov,0,3,,46906,48187,48031,47468,47375,48187,5055,756,1433,0.370,19.285,7.130
3896575797213,9998533,100.015,100.000,729600,729600,1728000,schedutil,306000000,306000000,1020000000,nvhost_podgov,0,3,,47000,48093,48062,47406,47375,48312,5055,716,1433,0.356,19.286,6.660
3896585796322,9999109,100.009,100.000,729600,729600,1728000,schedutil,306000000,306000000,1020000000,nvhost_podgov,0,3,,46937,48281,48000,47562,47312,48281,5055,716,1433,0.362,19.279,6.990
3896595800359,10004037,99.960,100.000,729600,729600,1728000,schedutil,306000000,306000000,1020000000,nvhost_podgov,0,3,,46843,48156,48062,47406,47343,48156,5055,716,1433,0.350,19.285,6.600
3896605789516,9989157,100.109,100.000,729600,729600,1728000,schedutil,306000000,306000000,1020000000,nvhost_podgov,0,3,,47093,48031,47968,47437,47343,48031,5055,716,1433,0.356,19.281,6.870
3896615795665,10006149,99.939,100.000,729600,729600,1728000,schedutil,306000000,306000000,1020000000,nvhost_podgov,0,3,,46906,48187,47906,47562,47343,48187,5055,716,1433,0.357,19.289,6.710
3896625793878,9998213,100.018,100.000,729600,729600,1728000,schedutil,306000000,306000000,1020000000,nvhost_podgov,0,3,,47125,48062,48062,47468,47406,48062,5055,716,1433,0.351,19.285,6.770
3896635794427,10000549,99.995,100.000,729600,729600,1728000,schedutil,306000000,306000000,1020000000,nvhost_podgov,0,3,,47093,48312,48062,47468,47375,48312,5055,716,1433,0.351,19.281,7.040
3896645794720,10000293,99.997,100.000,729600,729600,1728000,schedutil,306000000,306000000,1020000000,nvhost_podgov,0,3,,46906,48312,47968,47625,47281,48312,5055,716,1433,0.341,19.284,6.580
3896655794373,9999653,100.003,100.000,729600,729600,1728000,schedutil,306000000,306000000,1020000000,nvhost_podgov,0,3,,46968,48125,48062,47500,47281,48125,5055,716,1433,0.354,19.286,6.820
3896665793930,9999557,100.004,100.000,729600,729600,1728000,schedutil,306000000,306000000,1020000000,nvhost_podgov,0,3,,47062,48156,48031,47406,47312,48156,5055,716,1433,0.340,19.286,6.550
3896675792879,9998949,100.011,100.000,729600,729600,1728000,schedutil,306000000,306000000,1020000000,nvhost_podgov,0,3,,46937,48218,47937,47406,47312,48218,5055,716,1433,0.383,19.286,7.370
3896685794868,10001989,99.980,100.000,729600,729600,1728000,schedutil,306000000,306000000,1020000000,nvhost_podgov,0,3,,46968,48218,48093,47625,47375,48125,5055,716,1433,0.349,19.285,6.720
3896695794169,9999301,100.007,100.000,729600,729600,1728000,schedutil,306000000,306000000,1020000000,nvhost_podgov,0,3,,47062,48093,48031,47468,47375,48093,5055,716,1433,0.399,19.280,6.750
3896705797118,10002949,99.971,100.000,729600,729600,1728000,schedutil,306000000,306000000,1020000000,nvhost_podgov,0,3,,46968,48468,47968,47375,47375,48250,5055,716,1433,0.346,19.288,6.680
3896715787043,9989925,100.101,100.000,729600,729600,1728000,schedutil,306000000,306000000,1020000000,nvhost_podgov,0,3,,46875,48156,47937,47531,47312,48156,5055,716,1433,0.381,19.281,7.350
3896725796297,10009254,99.908,100.000,729600,729600,1728000,schedutil,306000000,306000000,1020000000,nvhost_podgov,0,3,,46875,48218,48031,47500,47437,48218,5055,716,1433,0.344,19.288,6.630
3896735796462,10000165,99.998,100.000,729600,729600,1728000,schedutil,306000000,306000000,1020000000,nvhost_podgov,0,3,,46968,48218,48000,47437,47406,48218,5055,716,1433,0.341,19.284,6.580
3896745798387,10001925,99.981,100.000,729600,729600,1728000,schedutil,306000000,306000000,1020000000,nvhost_podgov,0,3,,46968,48125,48156,47562,47281,48125,5055,716,1433,0.352,19.290,6.960
3896755794808,9996421,100.036,100.000,729600,729600,1728000,schedutil,306000000,306000000,1020000000,nvhost_podgov,0,3,,47093,48125,48062,47500,47375,48125,5055,716,1433,0.347,19.286,6.710
3896765794269,9999461,100.005,100.000,729600,729600,1728000,schedutil,306000000,306000000,1020000000,nvhost_podgov,0,3,,47125,48250,47968,47437,47375,48250,5055,716,1433,0.370,19.290,7.330
3896775796002,10001733,99.983,100.000,729600,729600,1728000,schedutil,306000000,306000000,1020000000,nvhost_podgov,0,3,,46906,48187,47843,47625,47312,48187,5055,716,1433,0.351,19.286,6.770
3896785787495,9991493,100.085,100.000,729600,729600,1728000,schedutil,306000000,306000000,1020000000,nvhost_podgov,0,3,,47125,48406,48031,47468,47375,48406,5055,716,1433,0.384,19.280,7.070
3896795797484,10009989,99.900,100.000,729600,729600,1728000,schedutil,306000000,306000000,1020000000,nvhost_podgov,0,3,,47031,48343,47906,47406,47468,48343,5055,756,1433,0.341,19.282,6.580
3896805792529,9995045,100.050,100.000,729600,729600,1728000,schedutil,306000000,306000000,1020000000,nvhost_podgov,0,3,,47031,48187,47968,47625,47312,48187,5055,756,1433,0.367,19.284,7.260
3896815810870,10018341,99.817,99.999,729600,729600,1728000,schedutil,306000000,306000000,1020000000,nvhost_podgov,0,3,,46906,48125,48093,47406,47343,48281,5055,756,1433,0.341,19.284,6.580
3896825787483,9976613,100.234,100.000,729600,729600,1728000,schedutil,306000000,306000000,1020000000,nvhost_podgov,0,3,,46968,48250,48000,47437,47406,48250,5055,756,1433,0.380,19.285,6.550
3896835796192,10008709,99.913,100.000,729600,729600,1728000,schedutil,306000000,306000000,1020000000,nvhost_podgov,0,3,,47031,48218,47937,47406,47281,48125,5055,716,1433,0.338,19.285,6.500
3896845793189,9996997,100.030,100.000,729600,729600,1728000,schedutil,306000000,306000000,1020000000,nvhost_podgov,0,3,,46875,48187,48062,47593,47312,48187,5055,716,1433,0.355,19.288,6.850
3896855793738,10000549,99.995,100.000,729600,729600,1728000,schedutil,306000000,306000000,1020000000,nvhost_podgov,0,3,,46906,48187,48031,47500,47375,48187,5055,716,1433,0.352,19.288,6.800
3896865793391,9999653,100.003,100.000,729600,729600,1728000,schedutil,306000000,306000000,1020000000,nvhost_podgov,0,3,,46937,48125,47937,47500,47406,48343,5055,716,1433,0.354,19.290,6.820
3896875787028,9993637,100.064,100.000,729600,729600,1728000,schedutil,306000000,306000000,1020000000,nvhost_podgov,0,3,,46906,48312,48125,47625,47343,48312,5055,716,1433,0.357,19.281,7.100
3896885793273,10006245,99.938,100.000,729600,729600,1728000,schedutil,306000000,306000000,1020000000,nvhost_podgov,0,3,,47093,48312,48000,47468,47406,48312,5055,716,1433,0.354,19.282,6.820
3896895787486,9994213,100.058,100.000,729600,729600,1728000,schedutil,306000000,306000000,1020000000,nvhost_podgov,0,3,,47031,48156,47968,47375,47312,48156,5055,716,1433,0.376,19.280,6.990
3896905796739,10009253,99.908,100.000,729600,729600,1728000,schedutil,306000000,306000000,1020000000,nvhost_podgov,0,3,,46937,48093,47937,47593,47281,48093,5055,756,1433,0.344,19.288,6.630
3896915793512,9996773,100.032,100.000,729600,729600,1728000,schedutil,306000000,306000000,1020000000,nvhost_podgov,0,3,,47156,48187,48031,47500,47343,48187,5055,756,1433,0.351,19.280,6.800
3896925794861,10001349,99.987,100.000,729600,729600,1728000,schedutil,306000000,306000000,1020000000,nvhost_podgov,0,3,,47062,48312,48000,47406,47343,48312,5055,716,1433,0.343,19.282,6.600
3896935787058,9992197,100.078,100.000,729600,729600,1728000,schedutil,306000000,306000000,1020000000,nvhost_podgov,0,3,,46906,48468,47906,47593,47343,48468,5055,716,1433,0.391,19.282,6.660
3896945797719,10010661,99.894,100.000,729600,729600,1728000,schedutil,306000000,306000000,1020000000,nvhost_podgov,0,3,,46968,48406,48031,47593,47375,48406,5055,716,1433,0.339,19.285,6.530
3896955793308,9995589,100.044,100.000,729600,729600,1728000,schedutil,306000000,306000000,1020000000,nvhost_podgov,0,3,,47062,48125,48062,47343,47343,48125,5055,716,1433,0.349,19.290,6.750
3896965794433,10001125,99.989,100.000,729600,729600,1728000,schedutil,306000000,306000000,1020000000,nvhost_podgov,0,3,,47000,48187,47875,47562,47406,48312,5055,716,1433,0.361,19.285,6.960
3896975793094,9998661,100.013,100.000,729600,729600,1728000,schedutil,306000000,306000000,1020000000,nvhost_podgov,0,3,,46906,48312,48125,47468,47312,48312,5055,716,1433,0.355,19.280,6.850
3896985793835,10000741,99.993,100.000,729600,729600,1728000,schedutil,306000000,306000000,1020000000,nvhost_podgov,0,3,,47031,48187,48000,47437,47375,48187,5055,716,1433,0.352,19.289,7.180
3896995793904,10000069,99.999,100.000,729600,729600,1728000,schedutil,306000000,306000000,1020000000,nvhost_podgov,0,3,,47000,48156,48031,47343,47406,48156,5055,756,1433,0.354,19.288,6.530
3897005791701,9997797,100.022,100.000,729600,729600,1728000,schedutil,306000000,306000000,1020000000,nvhost_podgov,0,3,,46968,48187,47906,47562,47375,48187,5055,756,1433,0.372,19.281,7.180
3897015798427,10006726,99.933,100.000,729600,729600,1728000,schedutil,306000000,306000000,1020000000,nvhost_podgov,0,3,,47093,48156,47937,47468,47406,48156,5055,756,1433,0.351,19.288,6.770
3897025792864,9994437,100.056,100.000,729600,729600,1728000,schedutil,306000000,306000000,1020000000,nvhost_podgov,0,3,,46968,48375,47937,47437,47375,48375,5055,756,1433,0.369,19.289,7.120
3897035795941,10003077,99.969,100.000,729600,729600,1728000,schedutil,306000000,306000000,1020000000,nvhost_podgov,0,3,,46937,48312,48000,47562,47281,48312,5055,716,1433,0.352,19.279,6.800
3897045787305,9991364,100.086,100.000,729600,729600,1728000,schedutil,306000000,306000000,1020000000,nvhost_podgov,0,3,,47187,48093,48062,47531,47437,48093,5055,716,1433,0.383,19.281,7.010
3897055796175,10008870,99.911,100.000,729600,729600,1728000,schedutil,306000000,306000000,1020000000,nvhost_podgov,0,3,,47062,48125,48062,47468,47406,48125,5055,756,1433,0.350,19.285,6.750
3897065792884,9996709,100.033,100.000,729600,729600,1728000,schedutil,306000000,306000000,1020000000,nvhost_podgov,0,3,,46937,48187,47906,47562,47312,48187,5055,756,1433,0.366,19.281,7.070
3897075807833,10014949,99.851,99.999,729600,729600,1728000,schedutil,306000000,306000000,1020000000,nvhost_podgov,0,3,,47031,48187,48000,47500,47375,48187,5055,756,1433,0.344,19.280,6.630
3897085811006,10003173,99.968,99.999,729600,729600,1728000,schedutil,306000000,306000000,1020000000,nvhost_podgov,0,3,,47062,48156,48000,47531,47406,48156,5055,756,1433,0.361,19.286,6.720
3897095798659,9987653,100.124,100.000,729600,729600,1728000,schedutil,306000000,306000000,1020000000,nvhost_podgov,0,3,,46968,48500,47937,47562,47343,48187,5055,756,1433,0.355,19.282,6.850
3897105793832,9995173,100.048,100.000,729600,729600,1728000,schedutil,306000000,306000000,1020000000,nvhost_podgov,0,3,,47000,48125,48093,47468,47406,48125,5055,756,1433,0.362,19.289,6.730
3897115792205,9998373,100.016,100.000,729600,729600,1728000,schedutil,306000000,306000000,1020000000,nvhost_podgov,0,3,,47000,48312,47937,47406,47406,48312,5055,756,1433,0.384,19.284,7.400
3897125810130,10017925,99.821,99.999,729600,729600,1728000,schedutil,306000000,306000000,1020000000,nvhost_podgov,0,3,,47062,48312,47968,47562,47312,48312,5055,756,1433,0.360,19.289,6.850
3897135795831,9985701,100.143,100.000,729600,729600,1728000,schedutil,306000000,306000000,1020000000,nvhost_podgov,0,3,,46968,48125,48062,47531,47312,48125,5055,756,1433,0.354,19.282,6.820
3897145796444,10000613,99.994,100.000,729600,729600,1728000,schedutil,306000000,306000000,1020000000,nvhost_podgov,0,3,,47125,48125,47937,47406,47375,48125,5055,756,1433,0.345,19.290,6.730
3897155789249,9992805,100.072,100.000,729600,729600,1728000,schedutil,306000000,306000000,1020000000,nvhost_podgov,0,3,,47000,48250,47937,47406,47312,48250,5055,756,1433,0.359,19.284,6.910
3897165795270,10006021,99.940,100.000,729600,729600,1728000,schedutil,306000000,306000000,1020000000,nvhost_podgov,0,3,,46906,48218,48062,47437,47343,48218,5055,756,1433,0.349,19.290,6.870
3897175793611,9998341,100.017,100.000,729600,729600,1728000,schedutil,306000000,306000000,1020000000,nvhost_podgov,0,3,,47187,48468,47968,47468,47343,48468,5055,756,1433,0.354,19.285,6.820
3897185800784,10007173,99.928,100.000,729600,729600,1728000,schedutil,306000000,306000000,1020000000,nvhost_podgov,0,3,,47062,48375,47937,47406,47375,48375,5055,756,1433,0.391,19.275,7.540
3897195807061,10006277,99.937,100.000,729600,729600,1728000,schedutil,306000000,306000000,1020000000,nvhost_podgov,0,3,,46937,48125,48125,47531,47375,48125,5055,756,1433,0.346,19.281,6.680
3897205789530,9982469,100.176,100.000,729600,729600,1728000,schedutil,306000000,306000000,1020000000,nvhost_podgov,0,3,,47062,48125,48000,47500,47406,48125,5055,756,1433,0.381,19.282,6.600
3897215794335,10004805,99.952,100.000,729600,729600,1728000,schedutil,306000000,306000000,1020000000,nvhost_podgov,0,3,,47062,48187,48031,47437,47343,48187,5055,756,1433,0.343,19.286,6.600
3897225787300,9992965,100.070,100.000,729600,729600,1728000,schedutil,306000000,306000000,1020000000,nvhost_podgov,0,3,,46937,48250,48031,47656,47281,48093,5055,756,1433,0.374,19.281,7.210
3897235795529,10008229,99.918,100.000,729600,729600,1728000,schedutil,306000000,306000000,1020000000,nvhost_podgov,0,3,,46906,48062,48031,47343,47406,48062,5055,756,1433,0.361,19.288,6.520
3897245792654,9997125,100.029,100.000,729600,729600,1728000,schedutil,306000000,306000000,1020000000,nvhost_podgov,0,3,,47031,48500,47968,47437,47281,48156,5055,756,1433,0.366,19.285,7.070
3897255795795,10003141,99.969,100.000,729600,729600,1728000,schedutil,306000000,306000000,1020000000,nvhost_podgov,0,3,,47031,48093,47968,47656,47375,48093,5055,756,1433,0.360,19.288,6.520
3897265788440,9992645,100.074,100.000,729600,729600,1728000,schedutil,306000000,306000000,1020000000,nvhost_podgov,0,3,,46875,48281,48125,47562,47312,48281,5055,756,1433,0.380,19.281,6.850
3897275795389,10006949,99.931,100.000,729600,729600,1728000,schedutil,306000000,306000000,1020000000,nvhost_podgov,0,3,,47156,48312,47968,47500,47343,48312,5055,756,1433,0.356,19.291,6.660
3897285794306,9998917,100.011,100.000,729600,729600,1728000,schedutil,306000000,306000000,1020000000,nvhost_podgov,0,3,,46968,48093,47937,47406,47281,48093,5055,756,1433,0.372,19.285,7.180
3897295808456,10014150,99.859,99.999,729600,729600,1728000,schedutil,306000000,306000000,1020000000,nvhost_podgov,0,3,,47093,48093,48062,47468,47281,48093,5055,756,1433,0.375,19.284,6.660
3897305805037,9996581,100.034,100.000,729600,729600,1728000,schedutil,306000000,306000000,1020000000,nvhost_podgov,0,3,,47156,48156,48062,47406,47406,48156,5055,756,1433,0.367,19.284,7.090
3897315791633,9986596,100.134,100.000,729600,729600,1728000,schedutil,306000000,306000000,1020000000,nvhost_podgov,0,3,,47062,48218,47937,47375,47375,48062,5055,756,1433,0.389,19.277,7.490
3897325807863,10016230,99.838,100.000,729600,729600,1728000,schedutil,306000000,306000000,1020000000,nvhost_podgov,0,3,,46937,48343,47937,47562,47343,48343,5055,756,1433,0.375,19.282,7.230
3897335796348,9988485,100.115,100.000,729600,729600,1728000,schedutil,306000000,306000000,1020000000,nvhost_podgov,0,3,,47125,48406,48062,47531,47406,48406,5055,756,1433,0.367,19.281,7.090
3897345796865,10000517,99.995,100.000,729600,729600,1728000,schedutil,306000000,306000000,1020000000,nvhost_podgov,0,3,,47031,48125,47937,47406,47375,48125,5055,756,1433,0.343,19.289,6.600
3897355792166,9995301,100.047,100.000,729600,729600,1728000,schedutil,306000000,306000000,1020000000,nvhost_podgov,0,3,,46937,48187,47906,47531,47375,48250,5055,756,1433,0.390,19.288,7.530
3897365797675,10005509,99.945,100.000,729600,729600,1728000,schedutil,306000000,306000000,1020000000,nvhost_podgov,0,3,,46968,48281,48031,47468,47437,48281,5055,756,1433,0.343,19.284,6.600
3897375798672,10000997,99.990,100.000,729600,729600,1728000,schedutil,306000000,306000000,1020000000,nvhost_podgov,0,3,,47062,48093,47875,47437,47375,48093,5055,756,1433,0.370,19.276,7.130
3897385799541,10000869,99.991,100.000,729600,729600,1728000,schedutil,306000000,306000000,1020000000,nvhost_podgov,0,3,,46968,48062,47937,47500,47406,48062,5095,756,1472,0.360,19.288,6.940
3897395796282,9996741,100.033,100.000,729600,729600,1728000,schedutil,306000000,306000000,1020000000,nvhost_podgov,0,3,,46906,48187,48031,47468,47406,48187,5095,756,1472,0.347,19.284,6.710
3897405792831,9996549,100.035,100.000,729600,729600,1728000,schedutil,306000000,306000000,1020000000,nvhost_podgov,0,3,,46968,48156,47906,47468,47437,48156,5095,756,1472,0.359,19.288,7.260
3897415794596,10001765,99.982,100.000,729600,729600,1728000,schedutil,306000000,306000000,1020000000,nvhost_podgov,0,3,,46968,48312,47968,47593,47375,48312,5095,756,1472,0.340,19.284,6.550
3897425788713,9994117,100.059,100.000,729600,729600,1728000,schedutil,306000000,306000000,1020000000,nvhost_podgov,0,3,,47187,48312,48031,47531,47375,48312,5095,756,1472,0.376,19.282,7.070
3897435796398,10007685,99.923,100.000,729600,729600,1728000,schedutil,306000000,306000000,1020000000,nvhost_podgov,0,3,,47062,48125,48062,47531,47406,48125,5095,756,1472,0.341,19.282,6.580
3897445793843,9997445,100.026,100.000,729600,729600,1728000,schedutil,306000000,306000000,1020000000,nvhost_podgov,0,3,,46937,48125,48031,47656,47343,48125,5095,756,1472,0.352,19.281,7.280
3897455793976,10000133,99.999,100.000,729600,729600,1728000,schedutil,306000000,306000000,1020000000,nvhost_podgov,0,3,,46875,48187,48062,47593,47343,48187,5095,756,1472,0.335,19.289,6.460
3897465786397,9992421,100.076,100.000,729600,729600,1728000,schedutil,306000000,306000000,1020000000,nvhost_podgov,0,3,,47125,48187,47906,47375,47375,48187,5095,756,1472,0.383,19.281,6.720
3897475811330,10024933,99.751,99.999,729600,729600,1728000,schedutil,306000000,306000000,1020000000,nvhost_podgov,0,3,,47062,48437,47968,47468,47375,48437,5055,756,1433,0.340,19.289,6.550
3897485797095,9985765,100.143,100.000,729600,729600,1728000,schedutil,306000000,306000000,1020000000,nvhost_podgov,0,3,,46937,48343,48062,47468,47375,48187,5055,756,1433,0.356,19.288,6.710
3897495796236,9999141,100.009,100.000,729600,729600,1728000,schedutil,306000000,306000000,1020000000,nvhost_podgov,0,3,,47062,48187,48093,47500,47312,48187,5055,756,1433,0.356,19.281,6.870
3897505793201,9996965,100.030,100.000,729600,729600,1728000,schedutil,306000000,306000000,1020000000,nvhost_podgov,0,3,,47000,48312,47906,47375,47312,48312,5055,756,1433,0.355,19.289,6.850
3897515792150,9998949,100.011,100.000,729600,729600,1728000,schedutil,306000000,306000000,1020000000,nvhost_podgov,0,3,,46906,48250,48093,47656,47312,48250,5055,756,1433,0.352,19.281,6.800
3897525793883,10001733,99.983,100.000,729600,729600,1728000,schedutil,306000000,306000000,1020000000,nvhost_podgov,0,3,,46843,48187,47968,47468,47312,48187,5055,755,1433,0.349,19.290,6.720
3897535786848,9992965,100.070,100.000,729600,729600,1728000,schedutil,306000000,306000000,1020000000,nvhost_podgov,0,3,,46968,48062,47968,47437,47250,48062,5055,755,1433,0.366,19.280,7.160
3897545810405,10023557,99.765,99.999,729600,729600,1728000,schedutil,306000000,306000000,1020000000,nvhost_podgov,0,3,,46937,48125,47968,47531,47375,48125,5055,756,1433,0.355,19.286,6.850
3897555795626,9985221,100.148,100.000,729600,729600,1728000,schedutil,306000000,306000000,1020000000,nvhost_podgov,0,3,,47125,48218,48062,47468,47406,48218,5055,756,1433,0.372,19.282,7.180
3897565796399,10000773,99.992,100.000,729600,729600,1728000,schedutil,306000000,306000000,1020000000,nvhost_podgov,0,3,,47187,48312,48000,47437,47343,48312,5055,756,1472,0.343,19.285,6.600
3897575787700,9991301,100.087,100.000,729600,729600,1728000,schedutil,306000000,306000000,1020000000,nvhost_podgov,0,3,,46937,48343,47875,47656,47343,48343,5055,756,1472,0.345,19.279,6.660
3897585808250,10020550,99.795,100.000,729600,729600,1728000,schedutil,306000000,306000000,1020000000,nvhost_podgov,0,3,,47062,48125,48062,47468,47437,48125,5055,756,1472,0.341,19.281,6.580
3897595795230,9986980,100.130,100.000,729600,729600,1728000,schedutil,306000000,306000000,1020000000,nvhost_podgov,0,3,,47093,48218,48031,47468,47312,48218,5055,756,1472,0.351,19.281,6.770
3897605794115,9998885,100.011,100.000,729600,729600,1728000,schedutil,306000000,306000000,1020000000,nvhost_podgov,0,3,,47031,48281,47906,47468,47312,48281,5055,756,1472,0.388,19.286,7.480
3897615794408,10000293,99.997,100.000,729600,729600,1728000,schedutil,306000000,306000000,1020000000,nvhost_podgov,0,3,,46875,48187,48093,47531,47312,48125,5055,756,1472,0.369,19.285,7.120
3897625805102,10010694,99.893,100.000,729600,729600,1728000,schedutil,306000000,306000000,1020000000,nvhost_podgov,0,3,,47062,48062,48000,47437,47406,48062,5055,756,1472,0.370,19.282,7.130
3897635796978,9991876,100.081,100.000,729600,729600,1728000,schedutil,306000000,306000000,1020000000,nvhost_podgov,0,3,,47031,48406,48062,47468,47343,48218,5055,756,1472,0.349,19.290,6.630
3897645792407,9995429,100.046,100.000,729600,729600,1728000,schedutil,306000000,306000000,1020000000,nvhost_podgov,0,3,,46906,48156,48093,47468,47312,48156,5055,756,1472,0.369,19.284,7.120
3897655793692,10001285,99.987,100.000,729600,729600,1728000,schedutil,306000000,306000000,1020000000,nvhost_podgov,0,3,,46906,48312,48000,47468,47343,48312,5055,756,1472,0.352,19.289,6.580
3897665792897,9999205,100.008,100.000,729600,729600,1728000,schedutil,306000000,306000000,1020000000,nvhost_podgov,0,3,,46937,48312,47937,47437,47281,48312,5055,756,1472,0.370,19.277,7.130
3897675810791,10017894,99.821,99.999,729600,729600,1728000,schedutil,306000000,306000000,1020000000,nvhost_podgov,0,3,,46937,48093,47906,47468,47312,48093,5055,756,1472,0.355,19.288,6.850
3897685788363,9977572,100.225,100.000,729600,729600,1728000,schedutil,306000000,306000000,1020000000,nvhost_podgov,0,3,,47031,48187,48031,47593,47375,48187,5055,756,1472,0.345,19.281,6.660
3897695794704,10006341,99.937,100.000,729600,729600,1728000,schedutil,306000000,306000000,1020000000,nvhost_podgov,0,3,,47062,48250,47968,47500,47312,48250,5055,756,1433,0.355,19.284,6.850
3897705792981,9998277,100.017,100.000,729600,729600,1728000,schedutil,306000000,306000000,1020000000,nvhost_podgov,0,3,,46875,48281,47968,47468,47312,48281,5055,756,1433,0.344,19.288,6.630
3897715794171,10001190,99.988,100.000,729600,729600,1728000,schedutil,306000000,306000000,1020000000,nvhost_podgov,0,3,,47187,48500,48000,47468,47375,48500,5055,756,1433,0.349,19.284,6.720
3897725794944,10000773,99.992,100.000,729600,729600,1728000,schedutil,306000000,306000000,1020000000,nvhost_podgov,0,3,,47062,48343,48000,47437,47375,48343,5055,756,1433,0.352,19.288,6.600
3897735794085,9999141,100.009,100.000,729600,729600,1728000,schedutil,306000000,306000000,1020000000,nvhost_podgov,0,3,,46906,48093,48031,47531,47343,48093,5055,756,1433,0.378,19.284,7.280
3897745793418,9999333,100.007,100.000,729600,729600,1728000,schedutil,306000000,306000000,1020000000,nvhost_podgov,0,3,,47031,48062,48062,47437,47281,48062,5055,756,1433,0.350,19.288,6.550
3897755786158,9992740,100.073,100.000,729600,729600,1728000,schedutil,306000000,306000000,1020000000,nvhost_podgov,0,3,,47031,48312,48000,47500,47406,48312,5055,756,1433,0.367,19.284,7.090
3897765796628,10010470,99.895,100.000,729600,729600,1728000,schedutil,306000000,306000000,1020000000,nvhost_podgov,0,3,,47000,48218,48000,47593,47343,48062,5055,756,1433,0.370,19.282,6.990
3897775798809,10002181,99.978,100.000,729600,729600,1728000,schedutil,306000000,306000000,1020000000,nvhost_podgov,0,3,,46843,48125,48093,47500,47343,48125,5055,756,1433,0.404,19.282,7.780
3897785794494,9995685,100.043,100.000,729600,729600,1728000,schedutil,306000000,306000000,1020000000,nvhost_podgov,0,3,,47000,48156,48031,47437,47343,48187,5055,716,1433,0.366,19.282,6.990
3897795786979,9992485,100.075,100.000,729600,729600,1728000,schedutil,306000000,306000000,1020000000,nvhost_podgov,0,3,,47000,48187,47937,47406,47375,48187,5055,716,1433,0.394,19.274,7.590
3897805796840,10009861,99.901,100.000,729600,729600,1728000,schedutil,306000000,306000000,1020000000,nvhost_podgov,0,3,,47000,48343,48062,47500,47343,48343,5055,756,1433,0.369,19.286,7.090
3897815806445,10009605,99.904,100.000,729600,729600,1728000,schedutil,306000000,306000000,1020000000,nvhost_podgov,0,3,,46843,48281,48000,47375,47375,48281,5055,756,1433,0.369,19.280,7.100
3897825794706,9988261,100.118,100.000,729600,729600,1728000,schedutil,306000000,306000000,1020000000,nvhost_podgov,0,3,,46968,48156,47937,47468,47375,48156,5055,716,1433,0.384,19.282,7.400
3897835793911,9999205,100.008,100.000,729600,729600,1728000,schedutil,306000000,306000000,1020000000,nvhost_podgov,0,3,,47000,48062,47968,47531,47281,48062,5055,716,1433,0.357,19.279,6.890
3897845793116,9999205,100.008,100.000,729600,729600,1728000,schedutil,306000000,306000000,1020000000,nvhost_podgov,0,3,,47093,48281,48000,47437,47437,48281,5055,716,1433,0.380,19.280,7.320
3897855793089,9999973,100.000,100.000,729600,729600,1728000,schedutil,306000000,306000000,1020000000,nvhost_podgov,0,3,,47062,48156,47937,47500,47375,48156,5055,756,1433,0.360,19.282,6.940
3897865786854,9993765,100.062,100.000,729600,729600,1728000,schedutil,306000000,306000000,1020000000,nvhost_podgov,0,3,,46937,48437,47937,47562,47375,48437,5055,756,1433,0.393,19.277,7.560
3897875797963,10011109,99.889,100.000,729600,729600,1728000,schedutil,306000000,306000000,1020000000,nvhost_podgov,0,3,,47062,48343,48062,47500,47375,48343,5055,756,1433,0.360,19.282,6.940
3897885793424,9995461,100.045,100.000,729600,729600,1728000,schedutil,306000000,306000000,1020000000,nvhost_podgov,0,3,,47031,48062,48000,47468,47281,48062,5055,756,1433,0.395,19.279,7.620
3897895797717,10004293,99.957,100.000,729600,729600,1728000,schedutil,306000000,306000000,1020000000,nvhost_podgov,0,3,,47000,48156,48000,47593,47343,48281,5055,716,1433,0.378,19.284,7.040
3897905788474,9990757,100.093,100.000,729600,729600,1728000,schedutil,306000000,306000000,1020000000,nvhost_podgov,0,3,,46875,48281,48062,47468,47406,48281,5055,716,1433,0.372,19.276,7.180
3897915797535,10009061,99.909,100.000,729600,729600,1728000,schedutil,306000000,306000000,1020000000,nvhost_podgov,0,3,,47000,48250,48031,47500,47375,48062,5055,716,1433,0.375,19.282,6.990
3897925794052,9996517,100.035,100.000,729600,729600,1728000,schedutil,306000000,306000000,1020000000,nvhost_podgov,0,3,,46968,48125,47968,47406,47312,48125,5055,716,1433,0.375,19.282,7.230
3897935793481,9999429,100.006,100.000,729600,729600,1728000,schedutil,306000000,306000000,1020000000,nvhost_podgov,0,3,,46937,48156,48062,47437,47343,48156,5055,716,1433,0.374,19.280,7.100
3897945793678,10000197,99.998,100.000,729600,729600,1728000,schedutil,306000000,306000000,1020000000,nvhost_podgov,0,3,,46875,48156,47937,47468,47375,48156,5055,716,1433,0.380,19.276,6.940
3897955791859,9998181,100.018,100.000,729600,729600,1728000,schedutil,306000000,306000000,1020000000,nvhost_podgov,0,3,,46937,48343,47937,47375,47343,48343,5055,716,1433,0.371,19.279,7.160
3897965792152,10000293,99.997,100.000,729600,729600,1728000,schedutil,306000000,306000000,1020000000,nvhost_podgov,0,3,,46968,48312,48062,47468,47343,48312,5055,716,1433,0.361,19.282,6.960
3897975791869,9999717,100.003,100.000,729600,729600,1728000,schedutil,306000000,306000000,1020000000,nvhost_podgov,0,3,,47062,48062,48000,47375,47375,48062,5055,716,1433,0.412,19.275,7.960
3897985797442,10005573,99.944,100.000,729600,729600,1728000,schedutil,306000000,306000000,1020000000,nvhost_podgov,0,3,,47031,48125,47937,47406,47375,48125,5055,716,1433,0.361,19.281,6.960
3897995792455,9995013,100.050,100.000,729600,729600,1728000,schedutil,306000000,306000000,1020000000,nvhost_podgov,0,3,,46812,48187,47906,47625,47281,48187,5055,716,1433,0.401,19.275,7.400
3898005795660,10003205,99.968,100.000,729600,729600,1728000,schedutil,306000000,306000000,1020000000,nvhost_podgov,0,3,,47125,48218,48000,47500,47406,48218,5055,716,1433,0.362,19.281,6.990
3898015786705,9991045,100.090,100.000,729600,729600,1728000,schedutil,306000000,306000000,1020000000,nvhost_podgov,0,3,,47000,48093,47937,47437,47406,48093,5055,716,1433,0.398,19.274,7.670
3898025795990,10009285,99.907,100.000,729600,729600,1728000,schedutil,306000000,306000000,1020000000,nvhost_podgov,0,3,,46875,48437,47906,47593,47281,48437,5055,716,1433,0.364,19.284,7.010
3898035795003,9999013,100.010,100.000,729600,729600,1728000,schedutil,306000000,306000000,1020000000,nvhost_podgov,0,3,,47000,48125,48031,47468,47437,48125,5055,716,1433,0.370,19.277,7.130
3898045809537,10014534,99.855,100.000,729600,729600,1728000,schedutil,306000000,306000000,1020000000,nvhost_podgov,0,3,,46968,48312,48000,47468,47375,48312,5055,716,1433,0.390,19.282,7.950
3898055797637,9988100,100.119,100.000,729600,729600,1728000,schedutil,306000000,306000000,1020000000,nvhost_podgov,0,3,,46968,48218,47968,47500,47375,48218,5055,716,1433,0.370,19.282,7.130
3898065794826,9997189,100.028,100.000,729600,729600,1728000,schedutil,306000000,306000000,1020000000,nvhost_podgov,0,3,,46875,48125,48062,47562,47343,48125,5055,716,1433,0.381,19.284,7.350
3898075796207,10001381,99.986,100.000,729600,729600,1728000,schedutil,306000000,306000000,1020000000,nvhost_podgov,0,3,,47031,48000,48031,47468,47406,48031,5055,716,1433,0.361,19.282,6.960
3898085792724,9996517,100.035,100.000,729600,729600,1728000,schedutil,306000000,306000000,1020000000,nvhost_podgov,0,3,,47000,48187,47937,47375,47312,48187,5055,716,1433,0.374,19.282,7.560
3898095792761,10000037,100.000,100.000,729600,729600,1728000,schedutil,306000000,306000000,1020000000,nvhost_podgov,0,3,,46906,48125,48000,47437,47312,48125,5055,716,1433,0.360,19.277,6.940
3898105786814,9994053,100.060,100.000,729600,729600,1728000,schedutil,306000000,306000000,1020000000,nvhost_podgov,0,3,,47125,48437,48062,47406,47375,48437,5055,716,1433,0.399,19.273,7.230
3898115813604,10026790,99.733,99.999,729600,729600,1728000,schedutil,306000000,306000000,1020000000,nvhost_podgov,0,3,,47000,48343,47906,47531,47375,48343,5055,716,1433,0.367,19.281,7.090
3898125794664,9981060,100.190,100.000,729600,729600,1728000,schedutil,306000000,306000000,1020000000,nvhost_podgov,0,3,,46906,48156,47968,47531,47343,48156,5055,716,1433,0.371,19.282,7.160
3898135792237,9997573,100.024,100.000,729600,729600,1728000,schedutil,306000000,306000000,1020000000,nvhost_podgov,0,3,,47156,48125,48062,47500,47437,48125,5055,716,1433,0.372,19.284,7.180
3898145794611,10002374,99.976,100.000,729600,729600,1728000,schedutil,306000000,306000000,1020000000,nvhost_podgov,0,3,,47031,48281,47968,47500,47281,48281,5055,716,1433,0.374,19.280,7.210
3898155786359,9991748,100.083,100.000,729600,729600,1728000,schedutil,306000000,306000000,1020000000,nvhost_podgov,0,3,,46937,48281,48031,47562,47375,48062,5055,716,1433,0.371,19.274,7.540
3898165796477,10010118,99.899,100.000,729600,729600,1728000,schedutil,306000000,306000000,1020000000,nvhost_podgov,0,3,,46968,48125,48062,47562,47343,48125,5055,716,1433,0.364,19.284,7.010
3898175785537,9989060,100.110,100.000,729600,729600,1728000,schedutil,306000000,306000000,1020000000,nvhost_podgov,0,3,,47062,48093,47875,47437,47312,48093,5055,716,1433,0.394,19.275,7.590
3898185796199,10010662,99.893,100.000,729600,729600,1728000,schedutil,306000000,306000000,1020000000,nvhost_podgov,0,3,,46937,48218,47968,47656,47406,48218,5055,716,1433,0.362,19.282,6.990
3898195803436,10007237,99.928,100.000,729600,729600,1728000,schedutil,306000000,306000000,1020000000,nvhost_podgov,0,3,,46906,48312,48062,47468,47343,48312,5055,716,1433,0.396,19.269,7.640
3898205805649,10002213,99.978,100.000,729600,729600,1728000,schedutil,306000000,306000000,1020000000,nvhost_podgov,0,3,,47000,48281,48000,47468,47375,48281,5055,716,1433,0.371,19.276,7.160
3898215791606,9985957,100.141,100.000,729600,729600,1728000,schedutil,306000000,306000000,1020000000,nvhost_podgov,0,3,,47062,48031,48000,47500,47312,48031,5055,716,1433,0.378,19.273,7.270
3898225806811,10015205,99.848,100.000,729600,729600,1728000,schedutil,306000000,306000000,1020000000,nvhost_podgov,0,3,,46906,48093,48000,47593,47343,48093,5055,756,1433,0.395,19.280,7.620
3898235798592,9991781,100.082,100.000,729600,729600,1728000,schedutil,306000000,306000000,1020000000,nvhost_podgov,0,3,,47093,48281,48000,47375,47375,48281,5055,756,1433,0.380,19.282,6.990
3898245792101,9993509,100.065,100.000,729600,729600,1728000,schedutil,306000000,306000000,1020000000,nvhost_podgov,0,3,,46937,48187,47937,47562,47312,48187,5055,756,1433,0.385,19.276,7.420
3898255794538,10002437,99.976,100.000,729600,729600,1728000,schedutil,306000000,306000000,1020000000,nvhost_podgov,0,3,,46937,48406,48125,47468,47281,48406,5055,756,1433,0.378,19.289,6.960
3898265792079,9997541,100.025,100.000,729600,729600,1728000,schedutil,306000000,306000000,1020000000,nvhost_podgov,0,3,,47062,48375,47968,47468,47406,48375,5055,756,1433,0.388,19.282,7.480
3898275793524,10001445,99.986,100.000,729600,729600,1728000,schedutil,306000000,306000000,1020000000,nvhost_podgov,0,3,,47062,48187,48000,47500,47375,48187,5055,756,1433,0.370,19.282,6.990
3898285791129,9997605,100.024,100.000,729600,729600,1728000,schedutil,306000000,306000000,1020000000,nvhost_podgov,0,3,,46937,48156,48062,47531,47250,48156,5055,756,1433,0.403,19.277,7.760
3898295796318,10005189,99.948,100.000,729600,729600,1728000,schedutil,306000000,306000000,1020000000,nvhost_podgov,0,3,,47062,48187,48031,47406,47375,48187,5055,756,1433,0.367,19.282,7.070
3898305789091,9992773,100.072,100.000,729600,729600,1728000,schedutil,306000000,306000000,1020000000,nvhost_podgov,0,3,,47062,48312,47906,47406,47375,48156,5055,756,1433,0.369,19.280,7.100
3898315795208,10006117,99.939,100.000,729600,729600,1728000,schedutil,306000000,306000000,1020000000,nvhost_podgov,0,3,,46937,48125,47875,47562,47250,48125,5055,756,1433,0.376,19.284,7.160
3898325794349,9999141,100.009,100.000,729600,729600,1728000,schedutil,306000000,306000000,1020000000,nvhost_podgov,0,3,,46968,48000,48062,47500,47375,48281,5055,756,1433,0.370,19.280,7.130
3898335792434,9998085,100.019,100.000,729600,729600,1728000,schedutil,306000000,306000000,1020000000,nvhost_podgov,0,3,,47031,48125,48062,47375,47437,48125,5055,756,1433,0.378,19.280,7.280
3898345799191,10006757,99.932,100.000,729600,729600,1728000,schedutil,306000000,306000000,1020000000,nvhost_podgov,0,3,,47000,48406,47937,47625,47375,48406,5055,756,1433,0.361,19.280,6.960
3898355791740,9992549,100.075,100.000,729600,729600,1728000,schedutil,306000000,306000000,1020000000,nvhost_podgov,0,3,,46937,48343,48062,47468,47406,48343,5055,756,1433,0.401,19.281,7.730
3898365809633,10017893,99.821,100.000,729600,729600,1728000,schedutil,306000000,306000000,1020000000,nvhost_podgov,0,3,,47156,48156,48000,47343,47343,48156,5055,756,1433,0.372,19.282,6.960
3898375793190,9983557,100.165,100.000,729600,729600,1728000,schedutil,306000000,306000000,1020000000,nvhost_podgov,0,3,,46968,48156,48000,47375,47375,48156,5055,756,1433,0.398,19.280,7.670
3898385796331,10003141,99.969,100.000,729600,729600,1728000,schedutil,306000000,306000000,1020000000,nvhost_podgov,0,3,,46937,48218,48062,47468,47437,48218,5055,756,1433,0.371,19.282,7.040
3898395790000,9993669,100.063,100.000,729600,729600,1728000,schedutil,306000000,306000000,1020000000,nvhost_podgov,0,3,,47187,48250,47968,47375,47406,48250,5055,756,1433,0.372,19.273,7.180
3898405794613,10004613,99.954,100.000,729600,729600,1728000,schedutil,306000000,306000000,1020000000,nvhost_podgov,0,3,,46968,48125,47937,47375,47312,48125,5055,756,1433,0.367,19.284,7.120
3898415793722,9999109,100.009,100.000,729600,729600,1728000,schedutil,306000000,306000000,1020000000,nvhost_podgov,0,3,,46937,48406,48031,47468,47281,48406,5055,756,1433,0.376,19.279,7.260
3898425793151,9999429,100.006,100.000,729600,729600,1728000,schedutil,306000000,306000000,1020000000,nvhost_podgov,0,3,,47062,48187,48031,47468,47406,48187,5055,756,1433,0.383,19.280,7.500
3898435793412,10000261,99.997,100.000,729600,729600,1728000,schedutil,306000000,306000000,1020000000,nvhost_podgov,0,3,,47093,48093,48062,47437,47375,48312,5055,756,1433,0.365,19.282,7.040
3898445793097,9999685,100.003,100.000,729600,729600,1728000,schedutil,306000000,306000000,1020000000,nvhost_podgov,0,3,,46875,48312,47968,47531,47281,48312,5055,756,1433,0.384,19.279,7.730
3898455794222,10001125,99.989,100.000,729600,729600,1728000,schedutil,306000000,306000000,1020000000,nvhost_podgov,0,3,,46937,48250,48031,47468,47375,48187,5055,756,1433,0.359,19.284,6.910
3898465788883,9994661,100.053,100.000,729600,729600,1728000,schedutil,306000000,306000000,1020000000,nvhost_podgov,0,3,,47031,48093,47937,47437,47375,48093,5055,756,1433,0.425,19.279,8.190
3898475794328,10005445,99.946,100.000,729600,729600,1728000,schedutil,306000000,306000000,1020000000,nvhost_podgov,0,3,,47000,48281,47968,47500,47375,48281,5055,756,1433,0.364,19.281,7.010
3898485806045,10011717,99.883,100.000,729600,729600,1728000,schedutil,306000000,306000000,1020000000,nvhost_podgov,0,3,,46937,48125,48062,47500,47406,48125,5055,756,1433,0.381,19.276,7.350
3898495795522,9989477,100.105,100.000,729600,729600,1728000,schedutil,306000000,306000000,1020000000,nvhost_podgov,0,3,,47218,48343,47937,47531,47437,48343,5055,756,1433,0.365,19.281,7.040
3898505788199,9992677,100.073,100.000,729600,729600,1728000,schedutil,306000000,306000000,1020000000,nvhost_podgov,0,3,,46968,48343,47968,47375,47312,48343,5055,756,1433,0.396,19.280,7.640
3898515795788,10007589,99.924,100.000,729600,729600,1728000,schedutil,306000000,306000000,1020000000,nvhost_podgov,0,3,,47156,48187,48062,47593,47343,48187,5055,756,1433,0.364,19.280,7.010
3898525788177,9992389,100.076,100.000,729600,729600,1728000,schedutil,306000000,306000000,1020000000,nvhost_podgov,0,3,,47156,48093,47968,47437,47375,48093,5055,756,1433,0.379,19.274,7.300
3898535796118,10007941,99.921,100.000,729600,729600,1728000,schedutil,306000000,306000000,1020000000,nvhost_podgov,0,3,,46968,48312,47968,47593,47312,48312,5055,756,1433,0.366,19.281,7.070
3898545809820,10013702,99.863,100.000,729600,729600,1728000,schedutil,306000000,306000000,1020000000,nvhost_podgov,0,3,,46937,48250,48031,47500,47406,48250,5055,756,1433,0.385,19.280,7.420
3898555796160,9986340,100.137,100.000,729600,729600,1728000,schedutil,306000000,306000000,1020000000,nvhost_podgov,0,3,,47062,48187,48031,47468,47406,48187,5055,756,1433,0.372,19.284,7.740
3898565794117,9997957,100.020,100.000,729600,729600,1728000,schedutil,306000000,306000000,1020000000,nvhost_podgov,0,3,,46968,48437,48031,47437,47406,48125,5055,756,1433,0.361,19.281,6.960
3898575794922,10000805,99.992,100.000,729600,729600,1728000,schedutil,306000000,306000000,1020000000,nvhost_podgov,0,3,,46906,48156,48000,47562,47343,48156,5055,756,1433,0.371,19.279,7.160
3898585810096,10015174,99.848,100.000,729600,729600,1728000,schedutil,306000000,306000000,1020000000,nvhost_podgov,0,3,,47062,48343,47968,47437,47343,48343,5055,756,1433,0.364,19.279,7.010
3898595788404,9978308,100.217,100.000,729600,729600,1728000,schedutil,306000000,306000000,1020000000,nvhost_podgov,0,3,,47062,48312,48000,47437,47312,48312,5055,756,1433,0.404,19.281,7.540
3898605811738,10023334,99.767,100.000,729600,729600,1728000,schedutil,306000000,306000000,1020000000,nvhost_podgov,0,3,,47000,48125,48156,47562,47312,48125,5055,756,1433,0.362,19.280,6.990
3898615793502,9981764,100.183,100.000,729600,729600,1728000,schedutil,306000000,306000000,1020000000,nvhost_podgov,0,3,,46875,48093,48000,47468,47343,48093,5055,756,1433,0.389,19.273,7.350
3898625791875,9998373,100.016,100.000,729600,729600,1728000,schedutil,306000000,306000000,1020000000,nvhost_podgov,0,3,,47062,48156,48000,47375,47312,48156,5055,756,1433,0.366,19.279,7.070
3898635789256,9997381,100.026,100.000,729600,729600,1728000,schedutil,306000000,306000000,1020000000,nvhost_podgov,0,3,,47000,48218,48000,47562,47312,48218,5055,756,1433,0.396,19.281,7.640
3898645803598,10014342,99.857,100.000,729600,729600,1728000,schedutil,306000000,306000000,1020000000,nvhost_podgov,0,3,,47062,48406,48000,47531,47406,48406,5055,716,1433,0.357,19.280,6.890
3898655792914,9989316,100.107,100.000,729600,729600,1728000,schedutil,306000000,306000000,1020000000,nvhost_podgov,0,3,,47125,48343,47968,47375,47375,48156,5055,716,1433,0.405,19.276,7.350
3898665792087,9999173,100.008,100.000,729600,729600,1728000,schedutil,306000000,306000000,1020000000,nvhost_podgov,0,3,,46937,48250,47968,47531,47343,48250,5055,756,1433,0.362,19.282,6.990
3898675792988,10000901,99.991,100.000,729600,729600,1728000,schedutil,306000000,306000000,1020000000,nvhost_podgov,0,3,,47156,48125,48031,47468,47343,48125,5055,756,1433,0.376,19.281,7.260
3898685792225,9999237,100.008,100.000,729600,729600,1728000,schedutil,306000000,306000000,1020000000,nvhost_podgov,0,3,,47156,48218,48000,47406,47437,48218,5055,756,1433,0.378,19.280,7.280
3898695793798,10001573,99.984,100.000,729600,729600,1728000,schedutil,306000000,306000000,1020000000,nvhost_podgov,0,3,,47031,48312,48000,47406,47375,48187,5055,756,1433,0.372,19.281,7.180
3898705796268,10002470,99.975,100.000,729600,729600,1728000,schedutil,306000000,306000000,1020000000,nvhost_podgov,0,3,,46968,48062,48031,47468,47375,48062,5055,756,1433,0.399,19.274,7.560
3898715796177,9999909,100.001,100.000,729600,729600,1728000,schedutil,306000000,306000000,1020000000,nvhost_podgov,0,3,,47062,48125,48062,47406,47406,48156,5055,756,1433,0.361,19.280,6.960
3898725792693,9996516,100.035,100.000,729600,729600,1728000,schedutil,306000000,306000000,1020000000,nvhost_podgov,0,3,,47062,48218,47937,47437,47343,48218,5055,756,1433,0.380,19.280,7.830
3898735810939,10018246,99.818,100.000,729600,729600,1728000,schedutil,306000000,306000000,1020000000,nvhost_podgov,0,3,,46937,48406,48062,47406,47375,48406,5055,756,1433,0.365,19.279,7.040
3898745786975,9976036,100.240,100.000,729600,729600,1728000,schedutil,306000000,306000000,1020000000,nvhost_podgov,0,3,,46937,48312,48000,47500,47406,48312,5055,756,1433,0.385,19.280,7.420
3898755808485,10021510,99.785,100.000,729600,729600,1728000,schedutil,306000000,306000000,1020000000,nvhost_podgov,0,3,,47062,48156,48031,47500,47375,48156,5055,756,1433,0.365,19.280,7.040
3898765805514,9997029,100.030,100.000,729600,729600,1728000,schedutil,306000000,306000000,1020000000,nvhost_podgov,0,3,,47000,48187,47937,47437,47343,48187,5055,756,1433,0.375,19.284,7.400
3898775795311,9989797,100.102,100.000,729600,729600,1728000,schedutil,306000000,306000000,1020000000,nvhost_podgov,0,3,,47156,48281,48062,47500,47500,48281,5055,756,1433,0.379,19.280,7.300
3898785794228,9998917,100.011,100.000,729600,729600,1728000,schedutil,306000000,306000000,1020000000,nvhost_podgov,0,3,,47125,48218,48000,47406,47343,48218,5055,756,1433,0.380,19.285,7.160
3898795793689,9999461,100.005,100.000,729600,729600,1728000,schedutil,306000000,306000000,1020000000,nvhost_podgov,0,3,,46906,48500,48000,47750,47406,48500,5055,756,1433,0.384,19.280,7.400
3898805793182,9999493,100.005,100.000,729600,729600,1728000,schedutil,306000000,306000000,1020000000,nvhost_podgov,0,3,,47218,48406,48031,47531,47406,48406,5055,756,1433,0.372,19.285,7.120
3898815792931,9999749,100.003,100.000,729600,729600,1728000,schedutil,306000000,306000000,1020000000,nvhost_podgov,0,3,,47125,48125,48062,47437,47281,48125,5055,756,1433,0.371,19.279,7.160
3898825793896,10000965,99.990,100.000,729600,729600,1728000,schedutil,306000000,306000000,1020000000,nvhost_podgov,0,3,,46937,48187,47906,47656,47281,48187,5055,756,1433,0.374,19.284,7.210
3898835786092,9992196,100.078,100.000,729600,729600,1728000,schedutil,306000000,306000000,1020000000,nvhost_podgov,0,3,,46937,48312,47968,47468,47312,48312,5055,756,1433,0.388,19.274,7.620
3898845794994,10008902,99.911,100.000,729600,729600,1728000,schedutil,306000000,306000000,1020000000,nvhost_podgov,0,3,,47062,48250,48000,47343,47375,48093,5055,756,1433,0.375,19.277,7.230
3898855798519,10003525,99.965,100.000,729600,729600,1728000,schedutil,306000000,306000000,1020000000,nvhost_podgov,0,3,,47000,48093,47906,47406,47375,48250,5055,756,1433,0.395,19.275,7.620
3898865796604,9998085,100.019,100.000,729600,729600,1728000,schedutil,306000000,306000000,1020000000,nvhost_podgov,0,3,,46906,48250,48062,47437,47343,48250,5055,756,1433,0.360,19.279,6.940
3898875804417,10007813,99.922,100.000,729600,729600,1728000,schedutil,306000000,306000000,1020000000,nvhost_podgov,0,3,,47062,48156,48000,47406,47406,48156,5055,756,1433,0.371,19.281,7.040
3898885796902,9992485,100.075,100.000,729600,729600,1728000,schedutil,306000000,306000000,1020000000,nvhost_podgov,0,3,,47031,48375,48000,47500,47375,48375,5055,756,1433,0.371,19.277,7.160
3898895793579,9996677,100.033,100.000,729600,729600,1728000,schedutil,306000000,306000000,1020000000,nvhost_podgov,0,3,,46937,48343,47937,47625,47343,48343,5055,756,1433,0.380,19.282,6.910
3898905791984,9998405,100.016,100.000,729600,729600,1728000,schedutil,306000000,306000000,1020000000,nvhost_podgov,0,3,,47218,48125,47968,47375,47375,48125,5055,756,1433,0.379,19.274,7.300
3898915794933,10002949,99.971,100.000,729600,729600,1728000,schedutil,306000000,306000000,1020000000,nvhost_podgov,0,3,,46906,48093,47937,47500,47375,48093,5055,756,1433,0.383,19.285,6.940
3898925792378,9997445,100.026,100.000,729600,729600,1728000,schedutil,306000000,306000000,1020000000,nvhost_podgov,0,3,,46968,48312,47937,47531,47343,48312,5055,756,1433,0.384,19.279,7.400
3898935794335,10001957,99.980,100.000,729600,729600,1728000,schedutil,306000000,306000000,1020000000,nvhost_podgov,0,3,,47062,48250,48031,47468,47406,48250,5055,716,1433,0.375,19.284,7.040
3898945798468,10004133,99.959,100.000,729600,729600,1728000,schedutil,306000000,306000000,1020000000,nvhost_podgov,0,3,,47093,48062,48031,47375,47343,48062,5055,716,1433,0.398,19.279,7.670
3898955795049,9996581,100.034,100.000,729600,729600,1728000,schedutil,306000000,306000000,1020000000,nvhost_podgov,0,3,,46937,48500,47968,47593,47312,48500,5055,716,1433,0.376,19.284,6.940
3898965786894,9991845,100.082,100.000,729600,729600,1728000,schedutil,306000000,306000000,1020000000,nvhost_podgov,0,3,,47000,48156,48156,47531,47343,48156,5055,716,1433,0.404,19.277,7.780
3898975797235,10010341,99.897,100.000,729600,729600,1728000,schedutil,306000000,306000000,1020000000,nvhost_podgov,0,3,,47093,48062,47937,47437,47343,48281,5055,716,1433,0.371,19.284,7.160
3898985793720,9996485,100.035,100.000,729600,729600,1728000,schedutil,306000000,306000000,1020000000,nvhost_podgov,0,3,,46968,48312,47968,47656,47312,48312,5055,716,1433,0.371,19.281,7.160
3898995793149,9999429,100.006,100.000,729600,729600,1728000,schedutil,306000000,306000000,1020000000,nvhost_podgov,0,3,,47000,48312,48062,47562,47406,48093,5055,716,1433,0.389,19.276,7.490
3899005800066,10006917,99.931,100.000,729600,729600,1728000,schedutil,306000000,306000000,1020000000,nvhost_podgov,0,3,,47125,48156,48000,47406,47375,48156,5055,716,1433,0.366,19.284,7.070
3899015789671,9989605,100.104,100.000,729600,729600,1728000,schedutil,306000000,306000000,1020000000,nvhost_podgov,0,3,,47062,48218,47968,47375,47406,48218,5055,716,1433,0.403,19.284,7.760
3899025794412,10004741,99.953,100.000,729600,729600,1728000,schedutil,306000000,306000000,1020000000,nvhost_podgov,0,3,,46937,48156,48093,47406,47281,48156,5055,716,1433,0.366,19.281,7.070
3899035787601,9993189,100.068,100.000,729600,729600,1728000,schedutil,306000000,306000000,1020000000,nvhost_podgov,0,3,,46875,48406,48031,47500,47343,48406,5055,716,1433,0.403,19.280,7.760
3899045795542,10007941,99.921,100.000,729600,729600,1728000,schedutil,306000000,306000000,1020000000,nvhost_podgov,0,3,,47031,48343,48000,47406,47375,48343,5055,716,1433,0.385,19.281,7.280
3899055791803,9996261,100.037,100.000,729600,729600,1728000,schedutil,306000000,306000000,1020000000,nvhost_podgov,0,3,,47000,48187,48093,47593,47343,48187,5055,716,1433,0.399,19.279,7.690
3899065795104,10003301,99.967,100.000,729600,729600,1728000,schedutil,306000000,306000000,1020000000,nvhost_podgov,0,3,,47093,48125,48062,47500,47312,48125,5055,716,1433,0.375,19.284,6.940
3899075793733,9998629,100.014,100.000,729600,729600,1728000,schedutil,306000000,306000000,1020000000,nvhost_podgov,0,3,,47062,48218,48000,47468,47343,48218,5055,716,1433,0.370,19.277,7.130
3899085796202,10002469,99.975,100.000,729600,729600,1728000,schedutil,306000000,306000000,1020000000,nvhost_podgov,0,3,,46937,48250,47937,47593,47312,48250,5055,716,1433,0.375,19.277,7.010
3899095793999,9997797,100.022,100.000,729600,729600,1728000,schedutil,306000000,306000000,1020000000,nvhost_podgov,0,3,,47218,48062,48000,47468,47406,48062,5055,716,1433,0.366,19.276,7.070
3899105792724,9998725,100.013,100.000,729600,729600,1728000,schedutil,306000000,306000000,1020000000,nvhost_podgov,0,3,,47062,48125,48000,47406,47375,48125,5055,716,1433,0.369,19.277,7.100
3899115792729,10000005,100.000,100.000,729600,729600,1728000,schedutil,306000000,306000000,1020000000,nvhost_podgov,0,3,,47000,48218,47968,47562,47312,48218,5055,716,1433,0.360,19.281,6.940
3899125787934,9995205,100.048,100.000,729600,729600,1728000,schedutil,306000000,306000000,1020000000,nvhost_podgov,0,3,,46968,48375,48062,47468,47437,48375,5055,716,1433,0.393,19.280,7.560
3899135793475,10005541,99.945,100.000,729600,729600,1728000,schedutil,306000000,306000000,1020000000,nvhost_podgov,0,3,,47093,48312,48000,47531,47375,48312,5055,716,1433,0.361,19.277,6.960
3899145792392,9998917,100.011,100.000,729600,729600,1728000,schedutil,306000000,306000000,1020000000,nvhost_podgov,0,3,,47062,48187,47968,47406,47375,48187,5055,716,1433,0.379,19.280,7.690
3899155794957,10002565,99.974,100.000,729600,729600,1728000,schedutil,306000000,306000000,1020000000,nvhost_podgov,0,3,,46875,48093,48093,47468,47406,48093,5055,756,1433,0.361,19.282,6.960
3899165791442,9996485,100.035,100.000,729600,729600,1728000,schedutil,306000000,306000000,1020000000,nvhost_podgov,0,3,,47000,48218,48000,47406,47312,48218,5055,756,1433,0.400,19.273,7.720
3899175796375,10004933,99.951,100.000,729600,729600,1728000,schedutil,306000000,306000000,1020000000,nvhost_podgov,0,3,,47000,48250,47968,47468,47375,48250,5055,756,1433,0.362,19.285,6.990
3899185786684,9990309,100.097,100.000,729600,729600,1728000,schedutil,306000000,306000000,1020000000,nvhost_podgov,0,3,,47000,48437,48062,47531,47343,48437,5055,756,1433,0.398,19.280,6.940
3899195795841,10009157,99.909,100.000,729600,729600,1728000,schedutil,306000000,306000000,1020000000,nvhost_podgov,0,3,,47125,48375,48000,47468,47343,48375,5055,716,1433,0.361,19.284,6.960
3899205801446,10005605,99.944,100.000,729600,729600,1728000,schedutil,306000000,306000000,1020000000,nvhost_podgov,0,3,,47062,48156,47875,47500,47375,48156,5055,716,1433,0.396,19.275,7.640
3899215799467,9998021,100.020,100.000,729600,729600,1728000,schedutil,306000000,306000000,1020000000,nvhost_podgov,0,3,,46937,48093,47843,47437,47406,48093,5055,716,1433,0.401,19.260,7.730
3899225792912,9993445,100.066,100.000,729600,729600,1728000,schedutil,306000000,306000000,1020000000,nvhost_podgov,0,3,,47156,48250,48062,47531,47375,48250,5055,756,1433,0.362,19.279,6.990
3899235791861,9998949,100.011,100.000,729600,729600,1728000,schedutil,306000000,306000000,1020000000,nvhost_podgov,0,3,,47062,48281,48031,47406,47375,48062,5055,756,1433,0.379,19.271,7.540
3899245793050,10001189,99.988,100.000,729600,729600,1728000,schedutil,306000000,306000000,1020000000,nvhost_podgov,0,3,,46968,48187,47968,47468,47375,48187,5055,756,1433,0.366,19.281,7.070
3899255802751,10009701,99.903,100.000,729600,729600,1728000,schedutil,306000000,306000000,1020000000,nvhost_podgov,0,3,,47062,48093,48062,47437,47437,48250,5055,756,1433,0.386,19.276,7.540
3899265795684,9992933,100.071,100.000,729600,729600,1728000,schedutil,306000000,306000000,1020000000,nvhost_podgov,0,3,,47062,48093,47968,47343,47375,48093,5055,755,1433,0.362,19.284,6.990
3899275788425,9992741,100.073,100.000,729600,729600,1728000,schedutil,306000000,306000000,1020000000,nvhost_podgov,0,3,,47000,48468,47968,47562,47312,48468,5055,755,1433,0.391,19.284,7.130
3899285794894,10006469,99.935,100.000,729600,729600,1728000,schedutil,306000000,306000000,1020000000,nvhost_podgov,0,3,,46875,48312,48093,47468,47312,48312,5055,755,1433,0.360,19.281,6.940
3899295794163,9999269,100.007,100.000,729600,729600,1728000,schedutil,306000000,306000000,1020000000,nvhost_podgov,0,3,,47031,48156,48000,47375,47375,48156,5055,755,1433,0.378,19.280,7.010
3899305793016,9998853,100.011,100.000,729600,729600,1728000,schedutil,306000000,306000000,1020000000,nvhost_podgov,0,3,,47031,48125,47937,47593,47343,48125,5055,755,1433,0.362,19.279,6.990
3899315793437,10000421,99.996,100.000,729600,729600,1728000,schedutil,306000000,306000000,1020000000,nvhost_podgov,0,3,,47156,48187,48062,47562,47406,48187,5055,755,1433,0.374,19.281,7.210
3899325790146,9996709,100.033,100.000,729600,729600,1728000,schedutil,306000000,306000000,1020000000,nvhost_podgov,0,3,,47093,48281,48031,47406,47375,48281,5055,755,1433,0.367,19.275,7.540
3899335794023,10003877,99.961,100.000,729600,729600,1728000,schedutil,306000000,306000000,1020000000,nvhost_podgov,0,3,,47062,48125,48000,47375,47406,48125,5055,756,1433,0.366,19.279,7.070
3899345795980,10001957,99.980,100.000,729600,729600,1728000,schedutil,306000000,306000000,1020000000,nvhost_podgov,0,3,,47000,48468,48062,47531,47281,48468,5055,756,1433,0.396,19.276,7.640
3899355797393,10001413,99.986,100.000,729600,729600,1728000,schedutil,306000000,306000000,1020000000,nvhost_podgov,0,3,,47093,48218,48000,47531,47312,48218,5055,756,1433,0.369,19.279,7.100
3899365786326,9988933,100.111,100.000,729600,729600,1728000,schedutil,306000000,306000000,1020000000,nvhost_podgov,0,3,,47062,48093,48000,47437,47343,48312,5055,756,1433,0.391,19.273,7.180
3899375795611,10009285,99.907,100.000,729600,729600,1728000,schedutil,306000000,306000000,1020000000,nvhost_podgov,0,3,,46968,48312,48093,47625,47281,48312,5055,756,1433,0.360,19.280,6.940
3899385794752,9999141,100.009,100.000,729600,729600,1728000,schedutil,306000000,306000000,1020000000,nvhost_podgov,0,3,,47125,48250,48031,47531,47343,48125,5055,756,1433,0.376,19.284,7.210
3899395795013,10000261,99.997,100.000,729600,729600,1728000,schedutil,306000000,306000000,1020000000,nvhost_podgov,0,3,,47062,48156,48000,47468,47375,48156,5055,756,1433,0.367,19.281,7.090
3899405793258,9998245,100.018,100.000,729600,729600,1728000,schedutil,306000000,306000000,1020000000,nvhost_podgov,0,3,,47031,48156,47968,47625,47343,48156,5055,756,1433,0.372,19.280,7.040
3899415792047,9998789,100.012,100.000,729600,729600,1728000,schedutil,306000000,306000000,1020000000,nvhost_podgov,0,3,,46937,48218,48125,47500,47343,48218,5055,756,1433,0.380,19.279,7.320
3899425794740,10002693,99.973,100.000,729600,729600,1728000,schedutil,306000000,306000000,1020000000,nvhost_podgov,0,3,,47000,48406,47968,47437,47343,48406,5055,756,1433,0.376,19.281,7.070
3899435786553,9991813,100.082,100.000,729600,729600,1728000,schedutil,306000000,306000000,1020000000,nvhost_podgov,0,3,,46968,48343,47875,47656,47343,48343,5055,756,1433,0.388,19.270,7.460
3899445795582,10009029,99.910,100.000,729600,729600,1728000,schedutil,306000000,306000000,1020000000,nvhost_podgov,0,3,,46937,48187,48062,47437,47437,48187,5055,756,1433,0.366,19.281,7.040
3899455792291,9996709,100.033,100.000,729600,729600,1728000,schedutil,306000000,306000000,1020000000,nvhost_podgov,0,3,,47062,48093,48000,47500,47312,48093,5055,756,1433,0.393,19.279,7.560
3899465795432,10003141,99.969,100.000,729600,729600,1728000,schedutil,306000000,306000000,1020000000,nvhost_podgov,0,3,,46968,48250,48031,47343,47312,48250,5055,716,1433,0.370,19.286,7.130
3899475786541,9991109,100.089,100.000,729600,729600,1728000,schedutil,306000000,306000000,1020000000,nvhost_podgov,0,3,,46937,48218,48093,47531,47312,48156,5055,716,1433,0.385,19.271,7.650
3899485810099,10023558,99.765,100.000,729600,729600,1728000,schedutil,306000000,306000000,1020000000,nvhost_podgov,0,3,,47125,48125,48000,47500,47406,48125,5055,716,1433,0.390,19.275,7.510
3899495790615,9980516,100.195,100.000,729600,729600,1728000,schedutil,306000000,306000000,1020000000,nvhost_podgov,0,3,,47062,48500,48031,47312,47343,48156,5055,716,1433,0.359,19.277,6.910
3899505796444,10005829,99.942,100.000,729600,729600,1728000,schedutil,306000000,306000000,1020000000,nvhost_podgov,0,3,,46937,48218,48125,47531,47343,48218,5055,756,1433,0.369,19.281,7.100
3899515794977,9998533,100.015,100.000,729600,729600,1728000,schedutil,306000000,306000000,1020000000,nvhost_podgov,0,3,,47187,48437,48062,47500,47375,48437,5055,756,1433,0.364,19.276,7.010
3899525790278,9995301,100.047,100.000,729600,729600,1728000,schedutil,306000000,306000000,1020000000,nvhost_podgov,0,3,,47062,48375,48000,47343,47375,48375,5055,756,1433,0.406,19.281,7.830
3899535794443,10004165,99.958,100.000,729600,729600,1728000,schedutil,306000000,306000000,1020000000,nvhost_podgov,0,3,,46968,48250,48000,47593,47375,48250,5055,756,1433,0.366,19.281,7.070
3899545793616,9999173,100.008,100.000,729600,729600,1728000,schedutil,306000000,306000000,1020000000,nvhost_podgov,0,3,,46937,48125,48000,47500,47406,48125,5055,756,1433,0.403,19.282,7.760
3899555809110,10015494,99.845,100.000,729600,729600,1728000,schedutil,306000000,306000000,1020000000,nvhost_podgov,0,3,,47062,48187,48031,47437,47343,48187,5055,756,1433,0.379,19.279,7.210
3899565795194,9986084,100.139,100.000,729600,729600,1728000,schedutil,306000000,306000000,1020000000,nvhost_podgov,0,3,,46968,48218,47968,47531,47343,48218,5055,756,1433,0.380,19.282,7.320
3899575792799,9997605,100.024,100.000,729600,729600,1728000,schedutil,306000000,306000000,1020000000,nvhost_podgov,0,3,,46937,48468,47968,47531,47375,48468,5055,756,1433,0.372,19.285,7.040
3899585817445,10024646,99.754,100.000,729600,729600,1728000,schedutil,306000000,306000000,1020000000,nvhost_podgov,0,3,,47125,48343,48000,47468,47375,48343,5055,756,1433,0.406,19.279,7.830
3899595798121,9980676,100.194,100.000,729600,729600,1728000,schedutil,306000000,306000000,1020000000,nvhost_podgov,0,3,,46937,48187,47937,47562,47406,48187,5055,756,1433,0.383,19.281,6.990
3899605788750,9990629,100.094,100.000,729600,729600,1728000,schedutil,306000000,306000000,1020000000,nvhost_podgov,0,3,,47156,48125,48062,47500,47375,48218,5055,756,1433,0.385,19.281,7.210
3899615807284,10018534,99.815,100.000,729600,729600,1728000,schedutil,306000000,306000000,1020000000,nvhost_podgov,0,3,,47218,48281,48031,47468,47343,48281,5055,756,1433,0.380,19.280,7.480
3899625794392,9987108,100.129,100.000,729600,729600,1728000,schedutil,306000000,306000000,1020000000,nvhost_podgov,0,3,,46937,48281,47968,47343,47343,48125,5055,756,1433,0.376,19.280,7.130
3899635792381,9997989,100.020,100.000,729600,729600,1728000,schedutil,306000000,306000000,1020000000,nvhost_podgov,0,3,,47000,48031,48062,47375,47343,48093,5055,756,1433,0.374,19.277,7.210
3899645793346,10000965,99.990,100.000,729600,729600,1728000,schedutil,306000000,306000000,1020000000,nvhost_podgov,0,3,,47062,48031,48000,47375,47375,48156,5055,756,1433,0.365,19.281,7.040
3899655786023,9992677,100.073,100.000,729600,729600,1728000,schedutil,306000000,306000000,1020000000,nvhost_podgov,0,3,,47093,48187,47875,47406,47406,48187,5055,756,1433,0.406,19.284,7.830
3899665796876,10010853,99.892,100.000,729600,729600,1728000,schedutil,306000000,306000000,1020000000,nvhost_podgov,0,3,,46843,48187,47937,47531,47375,48343,5055,756,1433,0.359,19.282,6.910
3899675793137,9996261,100.037,100.000,729600,729600,1728000,schedutil,306000000,306000000,1020000000,nvhost_podgov,0,3,,47062,48312,48000,47437,47375,48312,5055,756,1433,0.376,19.277,7.260
3899685794838,10001701,99.983,100.000,729600,729600,1728000,schedutil,306000000,306000000,1020000000,nvhost_podgov,0,3,,47000,48125,47968,47468,47375,48125,5055,716,1433,0.364,19.280,7.010
3899695788219,9993381,100.066,100.000,729600,729600,1728000,schedutil,306000000,306000000,1020000000,nvhost_podgov,0,3,,46968,48125,48093,47625,47375,48125,5055,716,1433,0.378,19.280,7.280
3899705796672,10008453,99.916,100.000,729600,729600,1728000,schedutil,306000000,306000000,1020000000,nvhost_podgov,0,3,,47000,48312,48093,47468,47437,48312,5055,716,1433,0.366,19.285,7.160
3899715796165,9999493,100.005,100.000,729600,729600,1728000,schedutil,306000000,306000000,1020000000,nvhost_podgov,0,3,,47031,48281,47843,47468,47343,48281,5055,716,1433,0.371,19.279,7.160
3899725791882,9995717,100.043,100.000,729600,729600,1728000,schedutil,306000000,306000000,1020000000,nvhost_podgov,0,3,,46968,48562,47968,47562,47375,48562,5055,716,1433,0.376,19.279,7.590
3899735793615,10001733,99.983,100.000,729600,729600,1728000,schedutil,306000000,306000000,1020000000,nvhost_podgov,0,3,,47093,48406,48062,47531,47437,48406,5055,716,1433,0.357,19.280,6.890
3899745789620,9996005,100.040,100.000,729600,729600,1728000,schedutil,306000000,306000000,1020000000,nvhost_podgov,0,3,,47093,48156,48031,47500,47375,48156,5055,716,1433,0.394,19.277,7.480
3899755795033,10005413,99.946,100.000,729600,729600,1728000,schedutil,306000000,306000000,1020000000,nvhost_podgov,0,3,,46937,48187,47937,47562,47375,48187,5055,716,1433,0.360,19.281,6.940
3899765792382,9997349,100.027,100.000,729600,729600,1728000,schedutil,306000000,306000000,1020000000,nvhost_podgov,0,3,,47062,48312,48062,47531,47312,48312,5055,716,1433,0.376,19.277,7.590
3899775796963,10004581,99.954,100.000,729600,729600,1728000,schedutil,306000000,306000000,1020000000,nvhost_podgov,0,3,,47062,48218,47968,47437,47375,48125,5055,716,1433,0.360,19.282,6.940
3899785789160,9992197,100.078,100.000,729600,729600,1728000,schedutil,306000000,306000000,1020000000,nvhost_podgov,0,3,,47000,48156,47937,47468,47343,48156,5055,716,1433,0.383,19.277,7.370
3899795797965,10008805,99.912,100.000,729600,729600,1728000,schedutil,306000000,306000000,1020000000,nvhost_podgov,0,3,,46843,48125,48062,47531,47312,48156,5055,716,1433,0.360,19.279,6.940
3899805793650,9995685,100.043,100.000,729600,729600,1728000,schedutil,306000000,306000000,1020000000,nvhost_podgov,0,3,,47093,48250,47968,47437,47406,48250,5055,716,1433,0.376,19.277,7.260
3899815795319,10001669,99.983,100.000,729600,729600,1728000,schedutil,306000000,306000000,1020000000,nvhost_podgov,0,3,,47000,48406,47968,47500,47375,48406,5055,716,1433,0.372,19.282,7.180
3899825792828,9997509,100.025,100.000,729600,729600,1728000,schedutil,306000000,306000000,1020000000,nvhost_podgov,0,3,,46906,48343,48156,47562,47312,48343,5055,716,1433,0.371,19.277,7.160
3899835793505,10000677,99.993,100.000,729600,729600,1728000,schedutil,306000000,306000000,1020000000,nvhost_podgov,0,3,,46906,48125,48000,47468,47406,48125,5055,716,1433,0.376,19.275,7.420
3899845793798,10000293,99.997,100.000,729600,729600,1728000,schedutil,306000000,306000000,1020000000,nvhost_podgov,0,3,,47000,48125,47937,47437,47406,48125,5055,716,1433,0.372,19.277,7.180
3899855786187,9992389,100.076,100.000,729600,729600,1728000,schedutil,306000000,306000000,1020000000,nvhost_podgov,0,3,,47000,48281,47875,47562,47343,48281,5055,716,1433,0.374,19.273,7.210
3899865794608,10008421,99.916,100.000,729600,729600,1728000,schedutil,306000000,306000000,1020000000,nvhost_podgov,0,3,,47125,48281,48000,47593,47281,48281,5055,716,1433,0.361,19.279,6.960
3899875786517,9991909,100.081,100.000,729600,729600,1728000,schedutil,306000000,306000000,1020000000,nvhost_podgov,0,3,,47125,48093,48031,47343,47468,48093,5055,716,1433,0.394,19.276,7.180
3899885793722,10007205,99.928,100.000,729600,729600,1728000,schedutil,306000000,306000000,1020000000,nvhost_podgov,0,3,,46937,48437,47968,47593,47343,48437,5055,716,1433,0.362,19.280,6.990
3899895785727,9992005,100.080,100.000,729600,729600,1728000,schedutil,306000000,306000000,1020000000,nvhost_podgov,0,3,,47093,48125,48093,47468,47437,48125,5055,716,1433,0.425,19.281,7.370
3899905794308,10008581,99.914,100.000,729600,729600,1728000,schedutil,306000000,306000000,1020000000,nvhost_podgov,0,3,,47093,48218,48062,47468,47406,48218,5055,716,1433,0.361,19.281,6.960
3899915794185,9999877,100.001,100.000,729600,729600,1728000,schedutil,306000000,306000000,1020000000,nvhost_podgov,0,3,,47031,48343,48062,47468,47343,48343,5055,716,1433,0.386,19.276,7.450
3899925796462,10002277,99.977,100.000,729600,729600,1728000,schedutil,306000000,306000000,1020000000,nvhost_podgov,0,3,,46906,48312,48031,47562,47406,48156,5055,716,1433,0.364,19.281,7.010
3899935793651,9997189,100.028,100.000,729600,729600,1728000,schedutil,306000000,306000000,1020000000,nvhost_podgov,0,3,,47093,48156,48031,47500,47437,48156,5055,716,1433,0.369,19.282,7.120
3899945793176,9999525,100.005,100.000,729600,729600,1728000,schedutil,306000000,306000000,1020000000,nvhost_podgov,0,3,,47031,48281,48000,47375,47250,48281,5055,716,1433,0.393,19.275,7.560
3899955793949,10000773,99.992,100.000,729600,729600,1728000,schedutil,306000000,306000000,1020000000,nvhost_podgov,0,3,,46937,48218,48093,47562,47312,48218,5055,716,1433,0.372,19.281,7.180
3899965787746,9993797,100.062,100.000,729600,729600,1728000,schedutil,306000000,306000000,1020000000,nvhost_podgov,0,3,,46968,48375,48031,47500,47375,48375,5055,716,1433,0.384,19.274,7.400
3899975794791,10007045,99.930,100.000,729600,729600,1728000,schedutil,306000000,306000000,1020000000,nvhost_podgov,0,3,,47031,48343,48000,47531,47281,48343,5055,716,1433,0.364,19.285,7.010
3899985793196,9998405,100.016,100.000,729600,729600,1728000,schedutil,306000000,306000000,1020000000,nvhost_podgov,0,3,,46968,48187,47968,47562,47375,48187,5055,716,1433,0.405,19.282,7.810
3899995794129,10000933,99.991,100.000,729600,729600,1728000,schedutil,306000000,306000000,1020000000,nvhost_podgov,0,3,,47187,48062,48062,47468,47375,48062,5055,716,1433,0.372,19.281,7.180
3900005793078,9998949,100.011,100.000,729600,729600,1728000,schedutil,306000000,306000000,1020000000,nvhost_podgov,0,3,,46937,48250,47937,47437,47406,48250,5055,716,1433,0.390,19.277,7.510
3900015794811,10001733,99.983,100.000,729600,729600,1728000,schedutil,306000000,306000000,1020000000,nvhost_podgov,0,3,,46968,48250,47937,47562,47375,48250,5055,716,1433,0.370,19.277,7.130
3900025788928,9994117,100.059,100.000,729600,729600,1728000,schedutil,306000000,306000000,1020000000,nvhost_podgov,0,3,,47187,48062,48031,47468,47468,48062,5055,716,1433,0.390,19.275,7.100
3900035810214,10021286,99.788,100.000,729600,729600,1728000,schedutil,306000000,306000000,1020000000,nvhost_podgov,0,3,,47156,48062,47968,47437,47375,48187,5055,716,1433,0.365,19.282,7.040
3900045803467,9993253,100.068,100.000,729600,729600,1728000,schedutil,306000000,306000000,1020000000,nvhost_podgov,0,3,,46968,48093,47906,47593,47375,48093,5055,716,1433,0.370,19.279,7.100
3900055803248,9999781,100.002,100.000,729600,729600,1728000,schedutil,306000000,306000000,1020000000,nvhost_podgov,0,3,,47062,48187,48031,47500,47437,48375,5055,716,1433,0.370,19.280,7.130
3900065794388,9991140,100.089,100.000,729600,729600,1728000,schedutil,306000000,306000000,1020000000,nvhost_podgov,0,3,,47031,48406,47968,47531,47343,48406,5055,716,1433,0.376,19.279,6.990
3900075788281,9993893,100.061,100.000,729600,729600,1728000,schedutil,306000000,306000000,1020000000,nvhost_podgov,0,3,,47031,48281,47937,47531,47312,48156,5055,716,1433,0.395,19.271,7.620
3900085794942,10006661,99.933,100.000,729600,729600,1728000,schedutil,306000000,306000000,1020000000,nvhost_podgov,0,3,,46937,48156,48062,47531,47468,48156,5055,716,1433,0.367,19.282,7.070
3900095792611,9997669,100.023,100.000,729600,729600,1728000,schedutil,306000000,306000000,1020000000,nvhost_podgov,0,3,,47000,48187,48000,47437,47406,48187,5055,716,1433,0.405,19.277,7.810
3900105793992,10001381,99.986,100.000,729600,729600,1728000,schedutil,306000000,306000000,1020000000,nvhost_podgov,0,3,,46968,48125,48000,47656,47375,48125,5055,716,1433,0.376,19.282,6.990
3900115788653,9994661,100.053,100.000,729600,729600,1728000,schedutil,306000000,306000000,1020000000,nvhost_podgov,0,3,,46968,48531,48093,47531,47343,48531,5055,716,1433,0.376,19.280,7.260
3900125794258,10005605,99.944,100.000,729600,729600,1728000,schedutil,306000000,306000000,1020000000,nvhost_podgov,0,3,,46875,48375,47968,47500,47406,48375,5055,716,1433,0.372,19.286,7.120
3900135794647,10000389,99.996,100.000,729600,729600,1728000,schedutil,306000000,306000000,1020000000,nvhost_podgov,0,3,,47031,48156,48062,47562,47375,48156,5055,716,1433,0.367,19.281,7.090
3900145794908,10000261,99.997,100.000,729600,729600,1728000,schedutil,306000000,306000000,1020000000,nvhost_podgov,0,3,,47031,48093,48093,47593,47312,48093,5055,716,1433,0.367,19.279,7.090
3900155792257,9997349,100.027,100.000,729600,729600,1728000,schedutil,306000000,306000000,1020000000,nvhost_podgov,0,3,,47125,48250,48031,47500,47375,48250,5055,716,1433,0.360,19.280,6.940
3900165791910,9999653,100.003,100.000,729600,729600,1728000,schedutil,306000000,306000000,1020000000,nvhost_podgov,0,3,,47062,48218,48000,47375,47468,48156,5055,716,1433,0.371,19.280,7.160
3900175794827,10002917,99.971,100.000,729600,729600,1728000,schedutil,306000000,306000000,1020000000,nvhost_podgov,0,3,,47031,48156,47968,47593,47343,48156,5055,716,1433,0.360,19.280,6.940
3900185786800,9991973,100.080,100.000,729600,729600,1728000,schedutil,306000000,306000000,1020000000,nvhost_podgov,0,3,,47093,48031,48125,47500,47437,48187,5055,716,1433,0.393,19.280,7.560
3900195795701,10008901,99.911,100.000,729600,729600,1728000,schedutil,306000000,306000000,1020000000,nvhost_podgov,0,3,,47093,48156,48031,47375,47406,48156,5055,716,1433,0.379,19.282,6.990
3900205793082,9997381,100.026,100.000,729600,729600,1728000,schedutil,306000000,306000000,1020000000,nvhost_podgov,0,3,,46937,48218,47906,47593,47343,48406,5055,716,1433,0.405,19.284,7.810
3900215794143,10001061,99.989,100.000,729600,729600,1728000,schedutil,306000000,306000000,1020000000,nvhost_podgov,0,3,,46968,48312,48125,47500,47406,48312,5055,716,1433,0.401,19.282,7.730
3900225808997,10014854,99.852,100.000,729600,729600,1728000,schedutil,306000000,306000000,1020000000,nvhost_podgov,0,3,,47062,48062,47968,47500,47375,48062,5055,716,1433,0.410,19.270,7.900
3900235804074,9995077,100.049,100.000,729600,729600,1728000,schedutil,306000000,306000000,1020000000,nvhost_podgov,0,3,,47062,48125,47968,47406,47312,48125,5055,716,1433,0.380,19.282,7.320
3900245796110,9992036,100.080,100.000,729600,729600,1728000,schedutil,306000000,306000000,1020000000,nvhost_podgov,0,3,,46906,48250,48093,47437,47375,48250,5055,716,1433,0.369,19.275,7.100
3900255793203,9997093,100.029,100.000,729600,729600,1728000,schedutil,306000000,306000000,1020000000,nvhost_podgov,0,3,,46937,48218,47968,47406,47406,48218,5055,716,1433,0.370,19.284,7.690
3900265792504,9999301,100.007,100.000,729600,729600,1728000,schedutil,306000000,306000000,1020000000,nvhost_podgov,0,3,,46968,48031,47968,47468,47406,48031,5055,716,1433,0.367,19.277,7.080
3900275793053,10000549,99.995,100.000,729600,729600,1728000,schedutil,306000000,306000000,1020000000,nvhost_podgov,0,3,,46906,48468,48062,47468,47281,48468,5055,716,1433,0.380,19.279,7.320
3900285792642,9999589,100.004,100.000,729600,729600,1728000,schedutil,306000000,306000000,1020000000,nvhost_podgov,0,3,,47125,48125,48000,47562,47437,48125,5055,716,1433,0.360,19.280,6.940
3900295791847,9999205,100.008,100.000,729600,729600,1728000,schedutil,306000000,306000000,1020000000,nvhost_podgov,0,3,,47031,48250,48062,47406,47343,48250,5055,716,1433,0.388,19.279,7.480
3900305794508,10002661,99.973,100.000,729600,729600,1728000,schedutil,306000000,306000000,1020000000,nvhost_podgov,0,3,,46937,48312,47937,47531,47343,48312,5055,716,1433,0.361,19.281,6.960
3900315792241,9997733,100.023,100.000,729600,729600,1728000,schedutil,306000000,306000000,1020000000,nvhost_podgov,0,3,,47062,48250,48031,47468,47406,48125,5055,716,1433,0.378,19.274,7.280
3900325807671,10015430,99.846,100.000,729600,729600,1728000,schedutil,306000000,306000000,1020000000,nvhost_podgov,0,3,,47062,48093,48031,47437,47375,48093,5055,716,1433,0.361,19.285,6.960
3900335789083,9981412,100.186,100.000,729600,729600,1728000,schedutil,306000000,306000000,1020000000,nvhost_podgov,0,3,,46968,48187,48031,47593,47375,48187,5055,716,1433,0.378,19.282,7.280
3900345796448,10007365,99.926,100.000,729600,729600,1728000,schedutil,306000000,306000000,1020000000,nvhost_podgov,0,3,,46968,48125,48000,47593,47406,48125,5055,716,1433,0.375,19.280,7.230
3900355792965,9996517,100.035,100.000,729600,729600,1728000,schedutil,306000000,306000000,1020000000,nvhost_podgov,0,3,,47062,48406,48031,47500,47437,48406,5055,716,1433,0.366,19.279,7.070
3900365792842,9999877,100.001,100.000,729600,729600,1728000,schedutil,306000000,306000000,1020000000,nvhost_podgov,0,3,,47000,48343,47906,47625,47375,48343,5055,716,1433,0.389,19.280,7.320
3900375792591,9999749,100.003,100.000,729600,729600,1728000,schedutil,306000000,306000000,1020000000,nvhost_podgov,0,3,,46937,48093,48062,47531,47437,48093,5055,716,1433,0.364,19.280,7.010
3900385792308,9999717,100.003,100.000,729600,729600,1728000,schedutil,306000000,306000000,1020000000,nvhost_podgov,0,3,,47062,48281,48000,47500,47375,48281,5055,716,1433,0.384,19.281,7.860
3900395793817,10001509,99.985,100.000,729600,729600,1728000,schedutil,306000000,306000000,1020000000,nvhost_podgov,0,3,,46937,48250,48031,47625,47406,48250,5055,716,1433,0.369,19.281,7.100
3900405790910,9997093,100.029,100.000,729600,729600,1728000,schedutil,306000000,306000000,1020000000,nvhost_podgov,0,3,,47218,48218,48031,47500,47343,48218,5055,716,1433,0.414,19.279,7.260
3900415796931,10006021,99.940,100.000,729600,729600,1728000,schedutil,306000000,306000000,1020000000,nvhost_podgov,0,3,,47093,48062,48062,47468,47406,48062,5055,716,1433,0.359,19.280,6.910
3900425786024,9989093,100.109,100.000,729600,729600,1728000,schedutil,306000000,306000000,1020000000,nvhost_podgov,0,3,,46937,48062,47968,47468,47406,48093,5055,716,1433,0.414,19.276,7.970
3900435795533,10009509,99.905,100.000,729600,729600,1728000,schedutil,306000000,306000000,1020000000,nvhost_podgov,0,3,,46937,48187,48062,47531,47343,48187,5055,716,1433,0.360,19.281,6.940
3900445793746,9998213,100.018,100.000,729600,729600,1728000,schedutil,306000000,306000000,1020000000,nvhost_podgov,0,3,,47093,48156,48062,47468,47437,48312,5055,716,1433,0.370,19.282,7.180
3900455793815,10000069,99.999,100.000,729600,729600,1728000,schedutil,306000000,306000000,1020000000,nvhost_podgov,0,3,,47062,48281,47968,47437,47312,48281,5055,716,1433,0.370,19.281,7.130
3900465792732,9998917,100.011,100.000,729600,729600,1728000,schedutil,306000000,306000000,1020000000,nvhost_podgov,0,3,,46906,48156,48000,47625,47375,48156,5055,716,1433,0.371,19.280,7.160
3900475788321,9995589,100.044,100.000,729600,729600,1728000,schedutil,306000000,306000000,1020000000,nvhost_podgov,0,3,,47062,48062,48031,47437,47375,48062,5055,716,1433,0.385,19.273,7.560
3900485803398,10015077,99.849,100.000,729600,729600,1728000,schedutil,306000000,306000000,1020000000,nvhost_podgov,0,3,,46968,48281,48062,47500,47343,48281,5055,716,1433,0.370,19.280,7.130
3900495791979,9988581,100.114,100.000,729600,729600,1728000,schedutil,306000000,306000000,1020000000,nvhost_podgov,0,3,,46968,48156,47968,47656,47312,48156,5055,716,1433,0.389,19.274,7.490
3900505803920,10011941,99.881,100.000,729600,729600,1728000,schedutil,306000000,306000000,1020000000,nvhost_podgov,0,3,,46906,48468,48000,47437,47375,48468,5055,716,1433,0.380,19.284,7.320
3900515792629,9988709,100.113,100.000,729600,729600,1728000,schedutil,306000000,306000000,1020000000,nvhost_podgov,0,3,,47062,48343,48000,47406,47437,48343,5055,716,1433,0.385,19.274,7.420
3900525795194,10002565,99.974,100.000,729600,729600,1728000,schedutil,306000000,306000000,1020000000,nvhost_podgov,0,3,,46968,48125,47968,47562,47375,48125,5055,716,1433,0.364,19.277,7.010
3900535793311,9998117,100.019,100.000,729600,729600,1728000,schedutil,306000000,306000000,1020000000,nvhost_podgov,0,3,,46937,48062,48062,47468,47437,48062,5055,716,1433,0.370,19.273,7.710
3900545810021,10016710,99.833,100.000,729600,729600,1728000,schedutil,306000000,306000000,1020000000,nvhost_podgov,0,3,,47125,48343,48000,47437,47375,48343,5055,716,1433,0.361,19.275,6.960
3900555795497,9985476,100.145,100.000,729600,729600,1728000,schedutil,306000000,306000000,1020000000,nvhost_podgov,0,3,,47062,48187,47968,47406,47375,48093,5055,716,1433,0.379,19.286,7.180
3900565813423,10017926,99.821,100.000,729600,729600,1728000,schedutil,306000000,306000000,1020000000,nvhost_podgov,0,3,,46875,48093,48062,47468,47343,48093,5055,716,1433,0.391,19.279,7.540
3900575800019,9986596,100.134,100.000,729600,729600,1728000,schedutil,306000000,306000000,1020000000,nvhost_podgov,0,3,,47093,48218,48093,47406,47437,48218,5055,716,1433,0.378,19.279,7.180
3900585803864,10003845,99.962,100.000,729600,729600,1728000,schedutil,306000000,306000000,1020000000,nvhost_podgov,0,3,,47031,48093,48000,47437,47343,48093,5055,716,1433,0.381,19.282,7.500
3900595794877,9991013,100.090,100.000,729600,729600,1728000,schedutil,306000000,306000000,1020000000,nvhost_podgov,0,3,,46968,48218,48062,47531,47343,48406,5055,756,1433,0.376,19.284,7.160
3900605786466,9991589,100.084,100.000,729600,729600,1728000,schedutil,306000000,306000000,1020000000,nvhost_podgov,0,3,,47062,48312,48062,47468,47437,48312,5055,756,1433,0.380,19.276,7.510
3900615798151,10011685,99.883,100.000,729600,729600,1728000,schedutil,306000000,306000000,1020000000,nvhost_podgov,0,3,,47062,48093,47937,47437,47375,48093,5055,756,1433,0.378,19.282,7.270
3900625792716,9994565,100.054,100.000,729600,729600,1728000,schedutil,306000000,306000000,1020000000,nvhost_podgov,0,3,,46937,48125,47937,47625,47406,48125,5055,756,1433,0.409,19.280,7.880
3900635795249,10002533,99.975,100.000,729600,729600,1728000,schedutil,306000000,306000000,1020000000,nvhost_podgov,0,3,,46968,48218,48031,47531,47343,48218,5055,756,1433,0.376,19.284,7.260
3900645786550,9991301,100.087,100.000,729600,729600,1728000,schedutil,306000000,306000000,1020000000,nvhost_podgov,0,3,,47062,48281,48000,47468,47375,48281,5055,756,1433,0.388,19.273,7.450
3900655799963,10013413,99.866,100.000,729600,729600,1728000,schedutil,306000000,306000000,1020000000,nvhost_podgov,0,3,,46937,48125,47937,47531,47375,48125,5055,756,1433,0.374,19.280,7.210
3900665792512,9992549,100.075,100.000,729600,729600,1728000,schedutil,306000000,306000000,1020000000,nvhost_podgov,0,3,,46906,48500,48031,47468,47437,48500,5055,756,1433,0.374,19.281,7.210
3900675794373,10001861,99.981,100.000,729600,729600,1728000,schedutil,306000000,306000000,1020000000,nvhost_podgov,0,3,,47156,48187,48031,47375,47343,48187,5055,756,1433,0.415,19.269,8.000
3900696609727,20815354,48.041,99.942,729600,729600,1728000,schedutil,306000000,306000000,1020000000,nvhost_podgov,0,3,,46968,48281,48093,47562,47375,48281,5055,716,1433,0.417,19.267,8.060
3900698736937,2127210,470.099,99.984,729600,729600,1728000,schedutil,306000000,306000000,1020000000,nvhost_podgov,0,3,,46968,48156,47906,47593,47312,48156,5055,716,1433,0.417,19.262,8.040
3900705795252,7058315,141.677,100.000,729600,729600,1728000,schedutil,306000000,306000000,1020000000,nvhost_podgov,0,3,,47062,48250,48000,47406,47406,48250,5055,716,1433,0.406,19.279,7.780
3900715786201,9990949,100.091,100.000,729600,729600,1728000,schedutil,306000000,306000000,1020000000,nvhost_podgov,0,3,,46968,48156,47937,47468,47375,48156,5055,716,1433,0.434,19.259,8.360
3900725795294,10009093,99.909,100.000,729600,729600,1728000,schedutil,306000000,306000000,1020000000,nvhost_podgov,0,3,,46937,48187,48062,47500,47375,48187,5055,756,1433,0.403,19.273,7.640
3900735791203,9995909,100.041,100.000,729600,729600,1728000,schedutil,306000000,306000000,1020000000,nvhost_podgov,0,3,,47062,48187,48062,47468,47375,48187,5055,756,1433,0.391,19.286,7.550
3900745794760,10003557,99.964,100.000,729600,729600,1728000,schedutil,306000000,306000000,1020000000,nvhost_podgov,0,3,,47125,48187,48031,47437,47437,48468,5055,716,1433,0.362,19.288,6.770
3900755792365,9997605,100.024,100.000,729600,729600,1728000,schedutil,306000000,306000000,1020000000,nvhost_podgov,0,3,,46906,48343,48031,47500,47375,48343,5055,716,1433,0.360,19.276,6.940
3900765797234,10004869,99.951,100.000,729600,729600,1728000,schedutil,306000000,306000000,1020000000,nvhost_podgov,0,3,,47062,48125,48000,47437,47406,48125,5055,716,1433,0.356,19.288,6.600
3900775793975,9996741,100.033,100.000,729600,729600,1728000,schedutil,306000000,306000000,1020000000,nvhost_podgov,0,3,,47062,48218,47937,47500,47437,48218,5055,716,1433,0.352,19.281,6.800
3900785792764,9998789,100.012,100.000,729600,729600,1728000,schedutil,306000000,306000000,1020000000,nvhost_podgov,0,3,,46937,48281,47937,47625,47312,48281,5055,756,1433,0.349,19.286,7.330
3900795793377,10000613,99.994,100.000,729600,729600,1728000,schedutil,306000000,306000000,1020000000,nvhost_podgov,0,3,,46906,48218,48031,47468,47375,48218,5055,756,1433,0.341,19.282,6.580
3900805792998,9999621,100.004,100.000,729600,729600,1728000,schedutil,306000000,306000000,1020000000,nvhost_podgov,0,3,,46968,48093,47968,47500,47437,48093,5055,756,1433,0.359,19.282,6.910
3900815808299,10015301,99.847,100.000,729600,729600,1728000,schedutil,306000000,306000000,1020000000,nvhost_podgov,0,3,,46906,48468,47875,47593,47437,48468,5055,756,1433,0.362,19.284,6.720
3900825787536,9979237,100.208,100.000,729600,729600,1728000,schedutil,306000000,306000000,1020000000,nvhost_podgov,0,3,,47125,48218,48062,47500,47343,48218,5055,756,1433,0.371,19.284,7.160
3900835793877,10006341,99.937,100.000,729600,729600,1728000,schedutil,306000000,306000000,1020000000,nvhost_podgov,0,3,,47156,48218,47968,47437,47343,48218,5055,716,1433,0.343,19.288,6.600
3900845792090,9998213,100.018,100.000,729600,729600,1728000,schedutil,306000000,306000000,1020000000,nvhost_podgov,0,3,,46906,48312,47937,47593,47437,48312,5055,716,1433,0.378,19.285,7.280
3900855792319,10000229,99.998,100.000,729600,729600,1728000,schedutil,306000000,306000000,1020000000,nvhost_podgov,0,3,,47062,48218,48062,47562,47375,48062,5055,716,1433,0.356,19.289,6.550
3900865786468,9994149,100.059,100.000,729600,729600,1728000,schedutil,306000000,306000000,1020000000,nvhost_podgov,0,3,,47093,48156,48062,47500,47312,48156,5055,716,1433,0.356,19.277,6.870
3900875808073,10021605,99.784,100.000,729600,729600,1728000,schedutil,306000000,306000000,1020000000,nvhost_podgov,0,3,,47000,48250,47937,47687,47343,48250,5055,716,1433,0.355,19.289,6.600
3900885796654,9988581,100.114,100.000,729600,729600,1728000,schedutil,306000000,306000000,1020000000,nvhost_podgov,0,3,,46906,48218,48062,47625,47375,48218,5055,716,1433,0.343,19.285,6.600
3900895796723,10000069,99.999,100.000,729600,729600,1728000,schedutil,306000000,306000000,1020000000,nvhost_podgov,0,3,,47062,48406,48000,47468,47406,48406,5055,716,1433,0.352,19.288,6.710
3900905794264,9997541,100.025,100.000,729600,729600,1728000,schedutil,306000000,306000000,1020000000,nvhost_podgov,0,3,,47031,48343,47968,47437,47375,48343,5055,716,1433,0.346,19.284,6.580
3900915792029,9997765,100.022,100.000,729600,729600,1728000,schedutil,306000000,306000000,1020000000,nvhost_podgov,0,3,,46843,48156,48093,47562,47375,48156,5055,716,1433,0.354,19.282,6.870
3900925793890,10001861,99.981,100.000,729600,729600,1728000,schedutil,306000000,306000000,1020000000,nvhost_podgov,0,3,,46968,48156,48062,47437,47468,48156,5055,716,1433,0.345,19.288,6.660
3900935786567,9992677,100.073,100.000,729600,729600,1728000,schedutil,306000000,306000000,1020000000,nvhost_podgov,0,3,,47000,48250,47937,47437,47343,48250,5055,716,1433,0.379,19.281,6.800
3900945794700,10008133,99.919,100.000,729600,729600,1728000,schedutil,306000000,306000000,1020000000,nvhost_podgov,0,3,,47031,48312,47968,47500,47375,48312,5055,716,1433,0.341,19.285,6.580
3900955789681,9994981,100.050,100.000,729600,729600,1728000,schedutil,306000000,306000000,1020000000,nvhost_podgov,0,3,,47156,48062,48062,47500,47468,48062,5055,716,1433,0.389,19.288,7.500
3900965794806,10005125,99.949,100.000,729600,729600,1728000,schedutil,306000000,306000000,1020000000,nvhost_podgov,0,3,,47093,48125,48031,47437,47406,48125,5055,716,1433,0.343,19.289,6.600
3900975786619,9991813,100.082,100.000,729600,729600,1728000,schedutil,306000000,306000000,1020000000,nvhost_podgov,0,3,,46937,48312,48000,47593,47375,48312,5055,716,1433,0.369,19.279,7.100
3900985808992,10022373,99.777,100.000,729600,729600,1728000,schedutil,306000000,306000000,1020000000,nvhost_podgov,0,3,,47156,48187,48062,47468,47437,48312,5055,716,1433,0.356,19.289,6.870
3900995796805,9987813,100.122,100.000,729600,729600,1728000,schedutil,306000000,306000000,1020000000,nvhost_podgov,0,3,,47125,48343,47937,47375,47500,48343,5055,716,1433,0.355,19.282,6.850
3901005808650,10011845,99.882,100.000,729600,729600,1728000,schedutil,306000000,306000000,1020000000,nvhost_podgov,0,3,,46906,48093,48062,47468,47375,48093,5055,716,1433,0.352,19.288,7.180
3901015796623,9987973,100.120,100.000,729600,729600,1728000,schedutil,306000000,306000000,1020000000,nvhost_podgov,0,3,,46906,48156,48062,47562,47500,48156,5055,716,1433,0.346,19.290,6.680
3901025796916,10000293,99.997,100.000,729600,729600,1728000,schedutil,306000000,306000000,1020000000,nvhost_podgov,0,3,,47031,48250,48031,47437,47343,48250,5055,716,1433,0.361,19.281,7.130
3901035796921,10000005,100.000,100.000,729600,729600,1728000,schedutil,306000000,306000000,1020000000,nvhost_podgov,0,3,,47062,48218,48000,47531,47375,48218,5055,716,1433,0.344,19.282,6.630
3901045804382,10007461,99.925,100.000,729600,729600,1728000,schedutil,306000000,306000000,1020000000,nvhost_podgov,0,3,,46906,48437,48125,47562,47312,48437,5055,716,1433,0.351,19.285,7.370
3901055795107,9990725,100.093,100.000,729600,729600,1728000,schedutil,306000000,306000000,1020000000,nvhost_podgov,0,3,,46875,48406,48062,47468,47437,48406,5055,716,1433,0.343,19.282,6.600
3901065789064,9993957,100.060,100.000,729600,729600,1728000,schedutil,306000000,306000000,1020000000,nvhost_podgov,0,3,,46968,48218,47906,47593,47343,48218,5055,716,1433,0.386,19.282,6.940
3901075796557,10007493,99.925,100.000,729600,729600,1728000,schedutil,306000000,306000000,1020000000,nvhost_podgov,0,3,,46937,48187,48000,47593,47343,48187,5055,716,1433,0.352,19.284,6.800
3901085794482,9997925,100.021,100.000,729600,729600,1728000,schedutil,306000000,306000000,1020000000,nvhost_podgov,0,3,,47093,48281,48031,47500,47437,48281,5055,716,1433,0.357,19.289,6.900
3901095794711,10000229,99.998,100.000,729600,729600,1728000,schedutil,306000000,306000000,1020000000,nvhost_podgov,0,3,,47093,48281,47968,47437,47375,48281,5055,716,1433,0.354,19.285,6.820
3901105794588,9999877,100.001,100.000,729600,729600,1728000,schedutil,306000000,306000000,1020000000,nvhost_podgov,0,3,,46937,48125,48031,47593,47406,48125,5055,716,1433,0.350,19.289,6.680
3901115792065,9997477,100.025,100.000,729600,729600,1728000,schedutil,306000000,306000000,1020000000,nvhost_podgov,0,3,,47093,48093,48062,47468,47406,48218,5055,716,1433,0.361,19.284,6.960
3901125792870,10000805,99.992,100.000,729600,729600,1728000,schedutil,306000000,306000000,1020000000,nvhost_podgov,0,3,,47093,48187,48031,47437,47375,48187,5055,716,1433,0.357,19.288,6.900
3901135788875,9996005,100.040,100.000,729600,729600,1728000,schedutil,306000000,306000000,1020000000,nvhost_podgov,0,3,,46937,48281,47937,47656,47406,48468,5055,716,1433,0.355,19.279,7.210
3901145794736,10005861,99.941,100.000,729600,729600,1728000,schedutil,306000000,306000000,1020000000,nvhost_podgov,0,3,,47062,48343,48062,47500,47437,48343,5055,716,1433,0.344,19.282,6.630
3901155788981,9994245,100.058,100.000,729600,729600,1728000,schedutil,306000000,306000000,1020000000,nvhost_podgov,0,3,,47031,48156,48000,47406,47406,48156,5055,716,1433,0.389,19.285,7.310
3901165792602,10003621,99.964,100.000,729600,729600,1728000,schedutil,306000000,306000000,1020000000,nvhost_podgov,0,3,,47000,48156,47906,47593,47406,48156,5055,716,1433,0.349,19.284,6.720
3901175788414,9995812,100.042,100.000,729600,729600,1728000,schedutil,306000000,306000000,1020000000,nvhost_podgov,0,3,,46906,48250,48062,47593,47375,48250,5055,716,1433,0.378,19.284,6.600
3901185797700,10009286,99.907,100.000,729600,729600,1728000,schedutil,306000000,306000000,1020000000,nvhost_podgov,0,3,,47031,48156,48031,47468,47375,48156,5055,716,1433,0.341,19.286,6.580
3901195794281,9996581,100.034,100.000,729600,729600,1728000,schedutil,306000000,306000000,1020000000,nvhost_podgov,0,3,,47031,48062,47968,47750,47406,48062,5055,716,1433,0.360,19.286,6.770
3901205793134,9998853,100.011,100.000,729600,729600,1728000,schedutil,306000000,306000000,1020000000,nvhost_podgov,0,3,,46875,48406,48093,47593,47375,48406,5055,716,1433,0.351,19.286,6.770
3901215793939,10000805,99.992,100.000,729600,729600,1728000,schedutil,306000000,306000000,1020000000,nvhost_podgov,0,3,,47156,48250,48062,47468,47343,48250,5055,716,1433,0.359,19.285,6.500
3901225793176,9999237,100.008,100.000,729600,729600,1728000,schedutil,306000000,306000000,1020000000,nvhost_podgov,0,3,,47000,48218,48000,47468,47375,48218,5055,716,1433,0.372,19.284,7.180
3901235811741,10018565,99.815,100.000,729600,729600,1728000,schedutil,306000000,306000000,1020000000,nvhost_podgov,0,3,,47062,48312,48062,47593,47375,48312,5055,716,1433,0.399,19.282,7.420
3901245792321,9980580,100.195,100.000,729600,729600,1728000,schedutil,306000000,306000000,1020000000,nvhost_podgov,0,3,,47218,48312,48031,47468,47437,48093,5055,716,1433,0.350,19.282,6.750
3901255793062,10000741,99.993,100.000,729600,729600,1728000,schedutil,306000000,306000000,1020000000,nvhost_podgov,0,3,,47125,48093,47968,47406,47281,48093,5055,756,1433,0.365,19.290,7.040
3901265795084,10002022,99.980,100.000,729600,729600,1728000,schedutil,306000000,306000000,1020000000,nvhost_podgov,0,3,,46906,48156,48031,47625,47343,48218,5055,756,1433,0.349,19.282,6.720
3901275794960,9999876,100.001,100.000,729600,729600,1728000,schedutil,306000000,306000000,1020000000,nvhost_podgov,0,3,,47093,48218,48062,47437,47406,48218,5055,756,1433,0.350,19.289,6.550
3901285789365,9994405,100.056,100.000,729600,729600,1728000,schedutil,306000000,306000000,1020000000,nvhost_podgov,0,3,,47062,48343,47968,47468,47437,48343,5055,756,1433,0.361,19.285,6.600
3901295797339,10007974,99.920,100.000,729600,729600,1728000,schedutil,306000000,306000000,1020000000,nvhost_podgov,0,3,,46968,48406,48000,47593,47343,48406,5055,716,1433,0.349,19.289,6.720
3901305793119,9995780,100.042,100.000,729600,729600,1728000,schedutil,306000000,306000000,1020000000,nvhost_podgov,0,3,,46968,48156,48062,47531,47468,48156,5055,716,1433,0.345,19.288,6.660
3901315794852,10001733,99.983,100.000,729600,729600,1728000,schedutil,306000000,306000000,1020000000,nvhost_podgov,0,3,,47031,48125,48093,47468,47406,48125,5055,716,1433,0.354,19.285,6.820
3901325794185,9999333,100.007,100.000,729600,729600,1728000,schedutil,306000000,306000000,1020000000,nvhost_podgov,0,3,,46937,48250,47968,47406,47312,48250,5055,716,1433,0.343,19.285,6.600
3901335791982,9997797,100.022,100.000,729600,729600,1728000,schedutil,306000000,306000000,1020000000,nvhost_podgov,0,3,,46937,48281,48093,47531,47343,48281,5055,716,1433,0.370,19.282,7.130
3901345792883,10000901,99.991,100.000,729600,729600,1728000,schedutil,306000000,306000000,1020000000,nvhost_podgov,0,3,,46875,48125,48000,47468,47406,48125,5055,716,1433,0.354,19.286,6.580
3901355786776,9993893,100.061,100.000,729600,729600,1728000,schedutil,306000000,306000000,1020000000,nvhost_podgov,0,3,,47000,48062,47968,47375,47343,48156,5055,716,1433,0.369,19.282,7.120
3901365792733,10005957,99.940,100.000,729600,729600,1728000,schedutil,306000000,306000000,1020000000,nvhost_podgov,0,3,,46937,48218,48156,47500,47312,48218,5055,716,1433,0.357,19.289,6.550
3901375792354,9999621,100.004,100.000,729600,729600,1728000,schedutil,306000000,306000000,1020000000,nvhost_podgov,0,3,,47062,48156,48000,47500,47375,48156,5055,716,1433,0.361,19.281,6.960
3901385795143,10002789,99.972,100.000,729600,729600,1728000,schedutil,306000000,306000000,1020000000,nvhost_podgov,0,3,,47062,48312,47906,47375,47437,48312,5055,716,1433,0.352,19.291,6.600
3901395788972,9993829,100.062,100.000,729600,729600,1728000,schedutil,306000000,306000000,1020000000,nvhost_podgov,0,3,,46875,48125,47968,47625,47312,48125,5055,716,1433,0.374,19.280,6.690
3901405795537,10006565,99.934,100.000,729600,729600,1728000,schedutil,306000000,306000000,1020000000,nvhost_podgov,0,3,,47125,48093,47968,47437,47437,48093,5055,716,1433,0.351,19.290,6.990
3901415794102,9998565,100.014,100.000,729600,729600,1728000,schedutil,306000000,306000000,1020000000,nvhost_podgov,0,3,,47125,48312,47968,47437,47312,48312,5055,716,1433,0.350,19.285,6.750
3901425792635,9998533,100.015,100.000,729600,729600,1728000,schedutil,306000000,306000000,1020000000,nvhost_podgov,0,3,,46906,48187,48031,47562,47281,48187,5055,716,1433,0.359,19.286,7.070
3901435794432,10001797,99.982,100.000,729600,729600,1728000,schedutil,306000000,306000000,1020000000,nvhost_podgov,0,3,,46968,48468,48062,47500,47375,48468,5055,716,1433,0.344,19.288,6.630
3901445785861,9991429,100.086,100.000,729600,729600,1728000,schedutil,306000000,306000000,1020000000,nvhost_podgov,0,3,,47062,48500,47937,47468,47406,48500,5055,716,1433,0.383,19.281,7.370
3901455797002,10011141,99.889,100.000,729600,729600,1728000,schedutil,306000000,306000000,1020000000,nvhost_podgov,0,3,,46968,48156,47937,47500,47343,48156,5055,716,1433,0.347,19.289,6.710
3901465792719,9995717,100.043,100.000,729600,729600,1728000,schedutil,306000000,306000000,1020000000,nvhost_podgov,0,3,,46937,48156,48093,47562,47375,48156,5055,716,1433,0.393,19.289,7.560
3901475793300,10000581,99.994,100.000,729600,729600,1728000,schedutil,306000000,306000000,1020000000,nvhost_podgov,0,3,,47062,48312,48000,47437,47375,48312,5055,716,1433,0.340,19.285,6.550
3901485785721,9992421,100.076,100.000,729600,729600,1728000,schedutil,306000000,306000000,1020000000,nvhost_podgov,0,3,,46937,48250,48031,47656,47375,48250,5055,716,1433,0.372,19.282,6.660
3901495794718,10008997,99.910,100.000,729600,729600,1728000,schedutil,306000000,306000000,1020000000,nvhost_podgov,0,3,,47000,48062,48062,47500,47406,48062,5055,716,1433,0.341,19.284,6.580
3901505793827,9999109,100.009,100.000,729600,729600,1728000,schedutil,306000000,306000000,1020000000,nvhost_podgov,0,3,,47125,48218,48000,47562,47406,48281,5055,716,1433,0.343,19.284,6.600
3901515793832,10000005,100.000,100.000,729600,729600,1728000,schedutil,306000000,306000000,1020000000,nvhost_podgov,0,3,,46937,48218,47968,47437,47437,48218,5055,716,1433,0.356,19.289,6.920
3901525792653,9998821,100.012,100.000,729600,729600,1728000,schedutil,306000000,306000000,1020000000,nvhost_podgov,0,3,,46937,48187,48093,47500,47312,48343,5055,716,1433,0.351,19.285,6.770
3901535790866,9998213,100.018,100.000,729600,729600,1728000,schedutil,306000000,306000000,1020000000,nvhost_podgov,0,3,,47062,48375,48000,47500,47406,48375,5055,716,1433,0.376,19.273,7.810
3901545792951,10002085,99.979,100.000,729600,729600,1728000,schedutil,306000000,306000000,1020000000,nvhost_podgov,0,3,,47093,48093,47968,47500,47406,48093,5055,716,1433,0.338,19.282,6.500
3901555793660,10000709,99.993,100.000,729600,729600,1728000,schedutil,306000000,306000000,1020000000,nvhost_podgov,0,3,,46875,48156,47968,47593,47375,48156,5055,716,1433,0.367,19.288,7.260
3901565793505,9999845,100.002,100.000,729600,729600,1728000,schedutil,306000000,306000000,1020000000,nvhost_podgov,0,3,,47156,48312,48031,47531,47343,48312,5055,716,1433,0.340,19.284,6.550
3901575786790,9993285,100.067,100.000,729600,729600,1728000,schedutil,306000000,306000000,1020000000,nvhost_podgov,0,3,,47062,48218,48000,47468,47406,48218,5055,716,1433,0.386,19.280,6.580
3901585807243,10020453,99.796,100.000,729600,729600,1728000,schedutil,306000000,306000000,1020000000,nvhost_podgov,0,3,,47000,48125,47968,47656,47343,48125,5055,716,1433,0.345,19.282,6.660
3901595794064,9986821,100.132,100.000,729600,729600,1728000,schedutil,306000000,306000000,1020000000,nvhost_podgov,0,3,,46937,48468,48093,47375,47375,48468,5055,716,1433,0.349,19.285,6.720
3901605791637,9997573,100.024,100.000,729600,729600,1728000,schedutil,306000000,306000000,1020000000,nvhost_podgov,0,3,,47062,48125,48031,47500,47343,48125,5055,756,1433,0.365,19.288,7.040
3901615793338,10001701,99.983,100.000,729600,729600,1728000,schedutil,306000000,306000000,1020000000,nvhost_podgov,0,3,,47031,48156,48000,47593,47406,48156,5055,756,1433,0.359,19.289,6.910
3901625786111,9992773,100.072,100.000,729600,729600,1728000,schedutil,306000000,306000000,1020000000,nvhost_podgov,0,3,,47125,48312,48062,47468,47468,48312,5055,756,1433,0.357,19.284,7.420
3901635794564,10008453,99.916,100.000,729600,729600,1728000,schedutil,306000000,306000000,1020000000,nvhost_podgov,0,3,,47156,48281,48000,47531,47468,48281,5055,756,1433,0.351,19.284,6.770
3901645791369,9996805,100.032,100.000,729600,729600,1728000,schedutil,306000000,306000000,1020000000,nvhost_podgov,0,3,,46937,48093,47906,47625,47500,48093,5055,756,1433,0.375,19.279,7.230
3901655796622,10005253,99.947,100.000,729600,729600,1728000,schedutil,306000000,306000000,1020000000,nvhost_podgov,0,3,,47250,48125,48031,47500,47375,48250,5055,716,1433,0.349,19.286,6.720
3901665786035,9989413,100.106,100.000,729600,729600,1728000,schedutil,306000000,306000000,1020000000,nvhost_podgov,0,3,,47125,48218,48000,47500,47406,48218,5055,716,1433,0.376,19.280,7.260
3901675811064,10025029,99.750,100.000,729600,729600,1728000,schedutil,306000000,306000000,1020000000,nvhost_podgov,0,3,,47031,48375,48000,47437,47312,48375,5055,716,1433,0.341,19.284,6.580
3901685794109,9983045,100.170,100.000,729600,729600,1728000,schedutil,306000000,306000000,1020000000,nvhost_podgov,0,3,,46937,48375,48031,47531,47343,48375,5055,716,1433,0.354,19.286,6.550
3901695792226,9998117,100.019,100.000,729600,729600,1728000,schedutil,306000000,306000000,1020000000,nvhost_podgov,0,3,,47093,48125,48000,47468,47468,48125,5055,716,1433,0.361,19.282,6.960
3901705793159,10000933,99.991,100.000,729600,729600,1728000,schedutil,306000000,306000000,1020000000,nvhost_podgov,0,3,,47062,48250,47906,47531,47375,48250,5055,716,1433,0.346,19.291,6.600
3901715786732,9993573,100.064,100.000,729600,729600,1728000,schedutil,306000000,306000000,1020000000,nvhost_podgov,0,3,,47000,48281,47937,47531,47406,48281,5055,716,1433,0.365,19.275,7.040
3901725795057,10008325,99.917,100.000,729600,729600,1728000,schedutil,306000000,306000000,1020000000,nvhost_podgov,0,3,,46906,48281,48062,47500,47437,48281,5055,716,1433,0.352,19.289,6.600
3901735792630,9997573,100.024,100.000,729600,729600,1728000,schedutil,306000000,306000000,1020000000,nvhost_podgov,0,3,,46968,48156,47937,47468,47312,48156,5055,716,1433,0.378,19.282,7.280
3901745795291,10002661,99.973,100.000,729600,729600,1728000,schedutil,306000000,306000000,1020000000,nvhost_podgov,0,3,,47000,48500,48062,47687,47406,48500,5055,716,1433,0.352,19.291,6.730
3901755786559,9991268,100.087,100.000,729600,729600,1728000,schedutil,306000000,306000000,1020000000,nvhost_podgov,0,3,,46906,48250,48062,47500,47406,48250,5055,716,1433,0.349,19.279,6.720
3901765796965,10010406,99.896,100.000,729600,729600,1728000,schedutil,306000000,306000000,1020000000,nvhost_podgov,0,3,,47125,48187,47906,47437,47500,48187,5055,716,1433,0.350,19.289,7.070
3901775792233,9995268,100.047,100.000,729600,729600,1728000,schedutil,306000000,306000000,1020000000,nvhost_podgov,0,3,,47000,48375,48000,47468,47375,48375,5055,716,1433,0.346,19.285,6.680
3901785793775,10001542,99.985,100.000,729600,729600,1728000,schedutil,306000000,306000000,1020000000,nvhost_podgov,0,3,,47093,48281,48031,47531,47343,48281,5055,716,1433,0.369,19.280,7.120
3901795793971,10000196,99.998,100.000,729600,729600,1728000,schedutil,306000000,306000000,1020000000,nvhost_podgov,0,3,,47187,48125,48000,47468,47312,48125,5055,716,1433,0.347,19.282,6.600
3901805791480,9997509,100.025,100.000,729600,729600,1728000,schedutil,306000000,306000000,1020000000,nvhost_podgov,0,3,,47000,48218,48000,47468,47406,48218,5055,716,1433,0.362,19.282,6.990
3901815795133,10003653,99.963,100.000,729600,729600,1728000,schedutil,306000000,306000000,1020000000,nvhost_podgov,0,3,,46937,48218,48062,47531,47343,48218,5055,756,1433,0.341,19.286,6.580
3901825785730,9990597,100.094,100.000,729600,729600,1728000,schedutil,306000000,306000000,1020000000,nvhost_podgov,0,3,,47062,48250,48062,47437,47406,48437,5055,756,1433,0.375,19.285,7.230
3901835795943,10010213,99.898,100.000,729600,729600,1728000,schedutil,306000000,306000000,1020000000,nvhost_podgov,0,3,,46968,48437,47937,47468,47375,48437,5055,756,1433,0.356,19.290,6.660
3901845791692,9995749,100.043,100.000,729600,729600,1728000,schedutil,306000000,306000000,1020000000,nvhost_podgov,0,3,,46906,48187,47968,47562,47281,48187,5055,756,1433,0.380,19.288,7.330
3901855794545,10002853,99.971,100.000,729600,729600,1728000,schedutil,306000000,306000000,1020000000,nvhost_podgov,0,3,,47062,48187,48062,47375,47375,48187,5055,716,1433,0.359,19.289,6.580
3901865789206,9994661,100.053,100.000,729600,729600,1728000,schedutil,306000000,306000000,1020000000,nvhost_podgov,0,3,,47000,48312,48000,47312,47406,48312,5055,716,1433,0.355,19.280,6.850
3901875795803,10006597,99.934,100.000,729600,729600,1728000,schedutil,306000000,306000000,1020000000,nvhost_podgov,0,3,,47000,48250,47968,47562,47375,48250,5055,716,1433,0.360,19.293,6.390
3901885792608,9996805,100.032,100.000,729600,729600,1728000,schedutil,306000000,306000000,1020000000,nvhost_podgov,0,3,,46875,48062,48031,47468,47531,48062,5055,716,1433,0.339,19.284,6.530
3901895796453,10003845,99.962,100.000,729600,729600,1728000,schedutil,306000000,306000000,1020000000,nvhost_podgov,0,3,,47250,48093,47968,47500,47468,48093,5055,716,1433,0.347,19.285,6.710
3901905809451,10012998,99.870,100.000,729600,729600,1728000,schedutil,306000000,306000000,1020000000,nvhost_podgov,0,3,,46937,48156,48000,47562,47375,48156,5055,716,1433,0.351,19.285,6.770
3901915795279,9985828,100.142,100.000,729600,729600,1728000,schedutil,306000000,306000000,1020000000,nvhost_podgov,0,3,,47093,48156,48031,47500,47406,48343,5055,716,1433,0.352,19.282,7.210
3901925793108,9997829,100.022,100.000,729600,729600,1728000,schedutil,306000000,306000000,1020000000,nvhost_podgov,0,3,,47125,48312,48062,47437,47343,48312,5055,716,1433,0.341,19.288,6.580
3901935786777,9993669,100.063,100.000,729600,729600,1728000,schedutil,306000000,306000000,1020000000,nvhost_podgov,0,3,,46968,48312,47968,47625,47343,48187,5055,716,1433,0.376,19.284,6.990
3901945794462,10007685,99.923,100.000,729600,729600,1728000,schedutil,306000000,306000000,1020000000,nvhost_podgov,0,3,,47031,48156,48062,47531,47437,48156,5055,716,1433,0.344,19.285,6.630
3901955801667,10007205,99.928,100.000,729600,729600,1728000,schedutil,306000000,306000000,1020000000,nvhost_podgov,0,3,,47125,48218,47968,47437,47343,48218,5055,716,1433,0.360,19.277,6.940
3901965795304,9993637,100.064,100.000,729600,729600,1728000,schedutil,306000000,306000000,1020000000,nvhost_podgov,0,3,,46968,48250,48031,47562,47375,48250,5055,716,1433,0.340,19.285,6.550
3901975794573,9999269,100.007,100.000,729600,729600,1728000,schedutil,306000000,306000000,1020000000,nvhost_podgov,0,3,,46843,48125,48062,47500,47343,48125,5055,716,1433,0.361,19.282,6.960
3901985794514,9999941,100.001,100.000,729600,729600,1728000,schedutil,306000000,306000000,1020000000,nvhost_podgov,0,3,,47093,48406,48062,47468,47406,48406,5055,716,1433,0.367,19.289,7.090
3901995792663,9998149,100.019,100.000,729600,729600,1728000,schedutil,306000000,306000000,1020000000,nvhost_podgov,0,3,,47062,48218,48062,47375,47375,48218,5055,716,1433,0.344,19.285,6.630
3902005793564,10000901,99.991,100.000,729600,729600,1728000,schedutil,306000000,306000000,1020000000,nvhost_podgov,0,3,,46875,48125,48156,47593,47343,48156,5055,716,1433,0.347,19.293,7.400
3902015793857,10000293,99.997,100.000,729600,729600,1728000,schedutil,306000000,306000000,1020000000,nvhost_podgov,0,3,,46937,48312,48093,47468,47406,48312,5055,716,1433,0.338,19.286,6.520
3902025786822,9992965,100.070,100.000,729600,729600,1728000,schedutil,306000000,306000000,1020000000,nvhost_podgov,0,3,,47062,48250,48000,47531,47343,48250,5055,716,1433,0.354,19.280,6.820
3902035796651,10009829,99.902,100.000,729600,729600,1728000,schedutil,306000000,306000000,1020000000,nvhost_podgov,0,3,,47000,48156,47937,47593,47343,48156,5055,716,1433,0.343,19.285,6.600
3902045791184,9994533,100.055,100.000,729600,729600,1728000,schedutil,306000000,306000000,1020000000,nvhost_podgov,0,3,,47093,48125,48031,47500,47406,48125,5055,716,1433,0.351,19.277,7.300
3902055797813,10006629,99.934,100.000,729600,729600,1728000,schedutil,306000000,306000000,1020000000,nvhost_podgov,0,3,,47093,48218,47968,47406,47343,48218,5055,716,1433,0.345,19.289,6.660
3902065786362,9988549,100.115,100.000,729600,729600,1728000,schedutil,306000000,306000000,1020000000,nvhost_podgov,0,3,,46937,48437,47937,47625,47437,48437,5055,716,1433,0.376,19.286,7.260
3902075796863,10010501,99.895,100.000,729600,729600,1728000,schedutil,306000000,306000000,1020000000,nvhost_podgov,0,3,,47093,48375,48062,47531,47437,48375,5055,716,1433,0.344,19.288,6.630
3902085793316,9996453,100.035,100.000,729600,729600,1728000,schedutil,306000000,306000000,1020000000,nvhost_podgov,0,3,,47062,48343,48031,47312,47437,48062,5055,716,1433,0.349,19.285,6.600
3902095809705,10016389,99.836,100.000,729600,729600,1728000,schedutil,306000000,306000000,1020000000,nvhost_podgov,0,3,,47031,48125,48062,47406,47468,48125,5055,716,1433,0.378,19.281,7.280
3902105795406,9985701,100.143,100.000,729600,729600,1728000,schedutil,306000000,306000000,1020000000,nvhost_podgov,0,3,,46937,48312,48062,47500,47437,48312,5055,716,1433,0.356,19.290,6.800
3902115789107,9993701,100.063,100.000,729600,729600,1728000,schedutil,306000000,306000000,1020000000,nvhost_podgov,0,3,,47062,48187,48031,47500,47406,48187,5055,716,1433,0.376,19.280,7.260
3902125794808,10005701,99.943,100.000,729600,729600,1728000,schedutil,306000000,306000000,1020000000,nvhost_podgov,0,3,,47031,48093,48000,47468,47343,48093,5055,716,1433,0.344,19.288,6.630
3902135793341,9998533,100.015,100.000,729600,729600,1728000,schedutil,306000000,306000000,1020000000,nvhost_podgov,0,3,,46875,48437,48125,47593,47343,48437,5055,716,1433,0.385,19.284,7.420
3902145795618,10002277,99.977,100.000,729600,729600,1728000,schedutil,306000000,306000000,1020000000,nvhost_podgov,0,3,,46937,48062,48062,47531,47375,48062,5055,716,1433,0.346,19.284,6.680
3902155786471,9990853,100.092,100.000,729600,729600,1728000,schedutil,306000000,306000000,1020000000,nvhost_podgov,0,3,,47000,48125,47937,47468,47437,48312,5055,716,1433,0.375,19.281,7.230
3902165796652,10010181,99.898,100.000,729600,729600,1728000,schedutil,306000000,306000000,1020000000,nvhost_podgov,0,3,,46937,48281,47937,47562,47343,48281,5055,716,1433,0.347,19.282,6.690
3902175793489,9996837,100.032,100.000,729600,729600,1728000,schedutil,306000000,306000000,1020000000,nvhost_podgov,0,3,,47187,48312,48031,47500,47437,48125,5055,716,1433,0.361,19.288,6.960
3902185793654,10000165,99.998,100.000,729600,729600,1728000,schedutil,306000000,306000000,1020000000,nvhost_podgov,0,3,,47093,48093,48000,47343,47437,48093,5055,716,1433,0.344,19.288,6.630
3902195794523,10000869,99.991,100.000,729600,729600,1728000,schedutil,306000000,306000000,1020000000,nvhost_podgov,0,3,,46906,48125,47968,47625,47375,48125,5055,716,1433,0.355,19.288,6.600
3902205792832,9998309,100.017,100.000,729600,729600,1728000,schedutil,306000000,306000000,1020000000,nvhost_podgov,0,3,,47125,48218,48093,47468,47531,48218,5055,716,1433,0.349,19.284,6.720
3902215793317,10000485,99.995,100.000,729600,729600,1728000,schedutil,306000000,306000000,1020000000,nvhost_podgov,0,3,,47062,48187,48000,47375,47312,48468,5055,716,1433,0.349,19.288,6.550
3902225787657,9994340,100.057,100.000,729600,729600,1728000,schedutil,306000000,306000000,1020000000,nvhost_podgov,0,3,,46937,48406,47875,47656,47343,48406,5055,716,1433,0.371,19.281,7.160
3902235798671,10011014,99.890,100.000,729600,729600,1728000,schedutil,306000000,306000000,1020000000,nvhost_podgov,0,3,,47000,48156,48062,47593,47437,48156,5055,716,1433,0.356,19.290,6.540
3902245803764,10005093,99.949,100.000,729600,729600,1728000,schedutil,306000000,306000000,1020000000,nvhost_podgov,0,3,,47062,48187,48062,47468,47375,48187,5055,716,1433,0.406,19.275,7.830
3902255796985,9993221,100.068,100.000,729600,729600,1728000,schedutil,306000000,306000000,1020000000,nvhost_podgov,0,3,,47031,48312,47968,47437,47281,48312,5055,756,1433,0.357,19.290,6.900
3902265793277,9996292,100.037,100.000,729600,729600,1728000,schedutil,306000000,306000000,1020000000,nvhost_podgov,0,3,,46906,48250,48093,47562,47375,48250,5055,756,1433,0.347,19.282,6.690
3902275796226,10002949,99.971,100.000,729600,729600,1728000,schedutil,306000000,306000000,1020000000,nvhost_podgov,0,3,,47000,48250,48062,47312,47406,48250,5055,716,1433,0.345,19.282,6.660
3902285798568,10002342,99.977,100.000,729600,729600,1728000,schedutil,306000000,306000000,1020000000,nvhost_podgov,0,3,,46968,48062,47968,47468,47375,48250,5055,716,1433,0.385,19.282,7.420
3902295796876,9998308,100.017,100.000,729600,729600,1728000,schedutil,306000000,306000000,1020000000,nvhost_podgov,0,3,,46968,48156,48093,47625,47375,48156,5055,716,1433,0.356,19.285,6.870
3902305796977,10000101,99.999,100.000,729600,729600,1728000,schedutil,306000000,306000000,1020000000,nvhost_podgov,0,3,,47187,48156,48062,47468,47468,48156,5055,716,1433,0.354,19.286,6.820
3902315795382,9998405,100.016,100.000,729600,729600,1728000,schedutil,306000000,306000000,1020000000,nvhost_podgov,0,3,,46968,48343,48031,47437,47406,48343,5055,716,1433,0.362,19.284,6.990
3902325792699,9997317,100.027,100.000,729600,729600,1728000,schedutil,306000000,306000000,1020000000,nvhost_podgov,0,3,,47000,48031,47968,47593,47406,48031,5055,716,1433,0.356,19.281,6.870
3902335793824,10001125,99.989,100.000,729600,729600,1728000,schedutil,306000000,306000000,1020000000,nvhost_podgov,0,3,,47187,48156,48031,47531,47343,48156,5055,716,1433,0.354,19.286,6.820
3902345793221,9999397,100.006,100.000,729600,729600,1728000,schedutil,306000000,306000000,1020000000,nvhost_podgov,0,3,,47156,48187,48031,47468,47437,48187,5055,716,1433,0.356,19.286,6.870
3902355792362,9999141,100.009,100.000,729600,729600,1728000,schedutil,306000000,306000000,1020000000,nvhost_podgov,0,3,,46906,48250,48187,47593,47375,48250,5055,716,1433,0.374,19.284,7.210
3902365794319,10001957,99.980,100.000,729600,729600,1728000,schedutil,306000000,306000000,1020000000,nvhost_podgov,0,3,,47093,48468,48062,47468,47437,48468,5055,716,1433,0.360,19.288,6.580
3902375786516,9992197,100.078,100.000,729600,729600,1728000,schedutil,306000000,306000000,1020000000,nvhost_podgov,0,3,,47062,48500,48031,47406,47312,48500,5055,716,1433,0.378,19.274,7.270
3902385795737,10009221,99.908,100.000,729600,729600,1728000,schedutil,306000000,306000000,1020000000,nvhost_podgov,0,3,,47062,48156,47968,47687,47312,48156,5055,716,1433,0.354,19.291,6.540
3902395793470,9997733,100.023,100.000,729600,729600,1728000,schedutil,306000000,306000000,1020000000,nvhost_podgov,0,3,,46937,48218,48062,47468,47343,48218,5055,716,1433,0.372,19.286,7.180
3902405796963,10003493,99.965,100.000,729600,729600,1728000,schedutil,306000000,306000000,1020000000,nvhost_podgov,0,3,,47031,48250,48031,47437,47343,48250,5055,716,1433,0.347,19.290,6.580
3902415794696,9997733,100.023,100.000,729600,729600,1728000,schedutil,306000000,306000000,1020000000,nvhost_podgov,0,3,,47062,48187,47937,47687,47343,48156,5055,716,1433,0.366,19.281,6.580
3902425795949,10001253,99.987,100.000,729600,729600,1728000,schedutil,306000000,306000000,1020000000,nvhost_podgov,0,3,,46968,48093,48062,47500,47375,48093,5055,716,1433,0.347,19.288,6.820
3902435794450,9998501,100.015,100.000,729600,729600,1728000,schedutil,306000000,306000000,1020000000,nvhost_podgov,0,3,,47218,48062,48031,47468,47437,48062,5055,716,1433,0.347,19.282,6.690
3902445793207,9998757,100.012,100.000,729600,729600,1728000,schedutil,306000000,306000000,1020000000,nvhost_podgov,0,3,,47000,48281,47968,47406,47375,48281,5055,716,1433,0.351,19.281,6.770
3902455793500,10000293,99.997,100.000,729600,729600,1728000,schedutil,306000000,306000000,1020000000,nvhost_podgov,0,3,,46937,48187,48125,47531,47343,48187,5055,716,1433,0.340,19.286,6.550
3902465791873,9998373,100.016,100.000,729600,729600,1728000,schedutil,306000000,306000000,1020000000,nvhost_podgov,0,3,,47156,48343,48000,47562,47343,48343,5055,716,1433,0.388,19.281,7.480
3902475797222,10005349,99.947,100.000,729600,729600,1728000,schedutil,306000000,306000000,1020000000,nvhost_podgov,0,3,,47062,48312,47937,47437,47343,48093,5055,716,1433,0.340,19.286,6.550
3902485791915,9994693,100.053,100.000,729600,729600,1728000,schedutil,306000000,306000000,1020000000,nvhost_podgov,0,3,,46968,48156,48000,47531,47343,48156,5055,716,1433,0.349,19.286,6.720
3902495793872,10001957,99.980,100.000,729600,729600,1728000,schedutil,306000000,306000000,1020000000,nvhost_podgov,0,3,,47156,48312,48062,47437,47343,48312,5055,716,1433,0.356,19.286,6.530
3902505786965,9993093,100.069,100.000,729600,729600,1728000,schedutil,306000000,306000000,1020000000,nvhost_podgov,0,3,,47031,48250,48000,47562,47468,48250,5055,716,1433,0.360,19.280,6.940
3902515797946,10010981,99.890,100.000,729600,729600,1728000,schedutil,306000000,306000000,1020000000,nvhost_podgov,0,3,,46937,48062,48000,47656,47375,48062,5055,716,1433,0.356,19.289,6.580
3902525794111,9996165,100.038,100.000,729600,729600,1728000,schedutil,306000000,306000000,1020000000,nvhost_podgov,0,3,,47000,48437,48000,47562,47375,48437,5055,716,1433,0.347,19.284,6.710
3902535806692,10012581,99.874,100.000,729600,729600,1728000,schedutil,306000000,306000000,1020000000,nvhost_podgov,0,3,,47000,48218,47937,47531,47375,48218,5055,716,1433,0.354,19.288,7.330
3902545808585,10001893,99.981,100.000,729600,729600,1728000,schedutil,306000000,306000000,1020000000,nvhost_podgov,0,3,,47031,48156,48031,47437,47312,48312,5055,716,1433,0.351,19.281,6.580
3902555792430,9983845,100.162,100.000,729600,729600,1728000,schedutil,306000000,306000000,1020000000,nvhost_podgov,0,3,,46937,48343,48125,47531,47406,48343,5055,716,1433,0.364,19.280,7.010
3902565792595,10000165,99.998,100.000,729600,729600,1728000,schedutil,306000000,306000000,1020000000,nvhost_podgov,0,3,,47093,48312,47937,47437,47406,48312,5055,716,1433,0.341,19.284,6.580
3902575787447,9994852,100.052,100.000,729600,729600,1728000,schedutil,306000000,306000000,1020000000,nvhost_podgov,0,3,,46968,48125,47937,47593,47375,48125,5055,716,1433,0.393,19.281,7.560
3902585807613,10020166,99.799,100.000,729600,729600,1728000,schedutil,306000000,306000000,1020000000,nvhost_podgov,0,3,,47000,48000,48125,47562,47375,48125,5055,716,1433,0.338,19.286,6.520
3902595794562,9986949,100.131,100.000,729600,729600,1728000,schedutil,306000000,306000000,1020000000,nvhost_podgov,0,3,,47062,48125,48000,47437,47406,48125,5055,716,1433,0.351,19.279,7.260
3902605809671,10015109,99.849,100.000,729600,729600,1728000,schedutil,306000000,306000000,1020000000,nvhost_podgov,0,3,,46937,48281,47937,47468,47343,48437,5055,716,1433,0.355,19.288,6.850
3902615795468,9985797,100.142,100.000,729600,729600,1728000,schedutil,306000000,306000000,1020000000,nvhost_podgov,0,3,,46906,48375,47968,47562,47343,48375,5055,716,1433,0.369,19.285,7.120
3902625796689,10001221,99.988,100.000,729600,729600,1728000,schedutil,306000000,306000000,1020000000,nvhost_podgov,0,3,,47093,48281,48062,47437,47375,48187,5055,716,1433,0.351,19.288,6.770
3902635791733,9995044,100.050,100.000,729600,729600,1728000,schedutil,306000000,306000000,1020000000,nvhost_podgov,0,3,,47062,48125,48000,47437,47375,48125,5055,716,1433,0.354,19.285,6.820
3902645793882,10002149,99.979,100.000,729600,729600,1728000,schedutil,306000000,306000000,1020000000,nvhost_podgov,0,3,,46937,48250,48000,47531,47375,48250,5055,716,1433,0.365,19.281,7.040
3902655798271,10004389,99.956,100.000,729600,729600,1728000,schedutil,306000000,306000000,1020000000,nvhost_podgov,0,3,,47156,48250,48062,47500,47343,48250,5055,716,1433,0.349,19.285,6.720
3902665787172,9988901,100.111,100.000,729600,729600,1728000,schedutil,306000000,306000000,1020000000,nvhost_podgov,0,3,,47062,48093,47968,47375,47375,48093,5055,716,1433,0.406,19.275,7.010
3902675795689,10008517,99.915,100.000,729600,729600,1728000,schedutil,306000000,306000000,1020000000,nvhost_podgov,0,3,,47000,48031,47937,47593,47343,48031,5055,756,1433,0.349,19.285,6.720
3902685794542,9998853,100.011,100.000,729600,729600,1728000,schedutil,306000000,306000000,1020000000,nvhost_podgov,0,3,,46906,48218,48093,47437,47375,48218,5055,756,1433,0.383,19.282,7.130
3902695809236,10014694,99.853,100.000,729600,729600,1728000,schedutil,306000000,306000000,1020000000,nvhost_podgov,0,3,,47062,48187,47968,47437,47375,48187,5055,756,1433,0.333,19.284,6.410
3902705798328,9989092,100.109,100.000,729600,729600,1728000,schedutil,306000000,306000000,1020000000,nvhost_podgov,0,3,,47000,48312,48031,47437,47343,48312,5055,756,1433,0.395,19.280,7.620
3902715798333,10000005,100.000,100.000,729600,729600,1728000,schedutil,306000000,306000000,1020000000,nvhost_podgov,0,3,,47156,48406,48031,47468,47343,48406,5055,756,1433,0.346,19.286,6.680
3902725793890,9995557,100.044,100.000,729600,729600,1728000,schedutil,306000000,306000000,1020000000,nvhost_podgov,0,3,,47187,48125,47968,47375,47343,48125,5055,756,1433,0.354,19.285,7.260
3902735793927,10000037,100.000,100.000,729600,729600,1728000,schedutil,306000000,306000000,1020000000,nvhost_podgov,0,3,,47000,48093,47968,47687,47343,48312,5055,756,1433,0.383,19.286,7.370
3902745795468,10001541,99.985,100.000,729600,729600,1728000,schedutil,306000000,306000000,1020000000,nvhost_podgov,0,3,,46968,48156,48218,47500,47375,48218,5055,756,1433,0.355,19.289,6.710
3902755791281,9995813,100.042,100.000,729600,729600,1728000,schedutil,306000000,306000000,1020000000,nvhost_podgov,0,3,,47125,48500,48062,47406,47343,48500,5055,756,1433,0.375,19.284,7.230
3902765794294,10003013,99.970,100.000,729600,729600,1728000,schedutil,306000000,306000000,1020000000,nvhost_podgov,0,3,,47062,48375,47906,47468,47406,48375,5055,756,1433,0.371,19.282,7.160
3902775785915,9991621,100.084,100.000,729600,729600,1728000,schedutil,306000000,306000000,1020000000,nvhost_podgov,0,3,,47000,48125,48125,47625,47375,48125,5055,756,1433,0.412,19.277,7.950
3902785796288,10010373,99.896,100.000,729600,729600,1728000,schedutil,306000000,306000000,1020000000,nvhost_podgov,0,3,,47000,48156,48000,47437,47406,48156,5055,756,1433,0.371,19.285,7.160
3902795794821,9998533,100.015,100.000,729600,729600,1728000,schedutil,306000000,306000000,1020000000,nvhost_podgov,0,3,,47062,48281,47875,47468,47343,48281,5055,756,1433,0.384,19.281,6.990
3902805794858,10000037,100.000,100.000,729600,729600,1728000,schedutil,306000000,306000000,1020000000,nvhost_podgov,0,3,,46937,48250,47906,47593,47406,48250,5055,756,1433,0.371,19.281,7.160
3902815795919,10001061,99.989,100.000,729600,729600,1728000,schedutil,306000000,306000000,1020000000,nvhost_podgov,0,3,,46968,48093,48000,47437,47406,48093,5055,756,1433,0.374,19.282,6.990
3902825791444,9995525,100.045,100.000,729600,729600,1728000,schedutil,306000000,306000000,1020000000,nvhost_podgov,0,3,,46968,48156,48031,47468,47312,48156,5055,756,1433,0.401,19.277,7.730
3902835797561,10006117,99.939,100.000,729600,729600,1728000,schedutil,306000000,306000000,1020000000,nvhost_podgov,0,3,,47000,48187,48000,47468,47343,48187,5055,756,1433,0.371,19.282,7.010
3902845792766,9995205,100.048,100.000,729600,729600,1728000,schedutil,306000000,306000000,1020000000,nvhost_podgov,0,3,,47218,48187,48062,47468,47406,48187,5055,756,1433,0.390,19.281,7.510
3902855793219,10000453,99.995,100.000,729600,729600,1728000,schedutil,306000000,306000000,1020000000,nvhost_podgov,0,3,,47125,48343,48031,47406,47468,48343,5055,756,1433,0.378,19.286,7.120
3902865791176,9997957,100.020,100.000,729600,729600,1728000,schedutil,306000000,306000000,1020000000,nvhost_podgov,0,3,,46875,48343,47968,47406,47343,48062,5055,756,1433,0.411,19.284,7.940
3902875809613,10018437,99.816,100.000,729600,729600,1728000,schedutil,306000000,306000000,1020000000,nvhost_podgov,0,3,,47031,48156,48093,47468,47312,48156,5055,756,1433,0.378,19.284,6.750
3902885805298,9995685,100.043,100.000,729600,729600,1728000,schedutil,306000000,306000000,1020000000,nvhost_podgov,0,3,,47062,48281,48062,47375,47406,48281,5055,756,1433,0.359,19.279,6.910
3902895796023,9990725,100.093,100.000,729600,729600,1728000,schedutil,306000000,306000000,1020000000,nvhost_podgov,0,3,,47031,48250,48000,47468,47406,48250,5055,756,1433,0.370,19.280,7.540
3902905793372,9997349,100.027,100.000,729600,729600,1728000,schedutil,306000000,306000000,1020000000,nvhost_podgov,0,3,,46906,48156,48093,47531,47406,48156,5055,756,1433,0.372,19.284,7.180
3902915793056,9999684,100.003,100.000,729600,729600,1728000,schedutil,306000000,306000000,1020000000,nvhost_podgov,0,3,,47031,48375,48062,47562,47468,48375,5055,756,1433,0.365,19.279,7.040
3902925793381,10000325,99.997,100.000,729600,729600,1728000,schedutil,306000000,306000000,1020000000,nvhost_podgov,0,3,,47000,48250,48000,47437,47281,48250,5055,756,1433,0.360,19.280,6.940
3902935789642,9996261,100.037,100.000,729600,729600,1728000,schedutil,306000000,306000000,1020000000,nvhost_podgov,0,3,,46937,48187,47968,47531,47343,48187,5055,756,1433,0.403,19.281,7.760
3902945795375,10005733,99.943,100.000,729600,729600,1728000,schedutil,306000000,306000000,1020000000,nvhost_podgov,0,3,,46937,48281,48000,47468,47468,48281,5055,756,1433,0.361,19.281,6.960
3902955793236,9997861,100.021,100.000,729600,729600,1728000,schedutil,306000000,306000000,1020000000,nvhost_podgov,0,3,,47000,48312,47906,47437,47375,48312,5055,756,1433,0.376,19.282,7.260
3902965795225,10001989,99.980,100.000,729600,729600,1728000,schedutil,306000000,306000000,1020000000,nvhost_podgov,0,3,,46937,48062,47968,47531,47468,48062,5055,716,1433,0.367,19.282,7.090
3902975797278,10002053,99.979,100.000,729600,729600,1728000,schedutil,306000000,306000000,1020000000,nvhost_podgov,0,3,,46843,48125,47968,47500,47343,48250,5055,716,1433,0.381,19.271,7.350
3902985796099,9998821,100.012,100.000,729600,729600,1728000,schedutil,306000000,306000000,1020000000,nvhost_podgov,0,3,,47187,48125,48031,47468,47406,48125,5055,756,1433,0.379,19.281,7.160
3902995795208,9999109,100.009,100.000,729600,729600,1728000,schedutil,306000000,306000000,1020000000,nvhost_podgov,0,3,,46937,48187,48000,47687,47343,48468,5055,756,1433,0.365,19.282,7.040
3903005794029,9998821,100.012,100.000,729600,729600,1728000,schedutil,306000000,306000000,1020000000,nvhost_podgov,0,3,,47125,48312,48062,47500,47437,48312,5055,756,1433,0.379,19.284,7.480
3903015793938,9999909,100.001,100.000,729600,729600,1728000,schedutil,306000000,306000000,1020000000,nvhost_podgov,0,3,,47125,48343,48000,47531,47437,48156,5055,756,1433,0.372,19.280,7.180
3903025804759,10010821,99.892,100.000,729600,729600,1728000,schedutil,306000000,306000000,1020000000,nvhost_podgov,0,3,,46968,48187,48062,47593,47375,48187,5055,756,1433,0.383,19.275,7.370
3903035807900,10003141,99.969,100.000,729600,729600,1728000,schedutil,306000000,306000000,1020000000,nvhost_podgov,0,3,,47062,48281,48062,47562,47406,48281,5055,756,1433,0.367,19.280,7.090
3903045789857,9981957,100.181,100.000,729600,729600,1728000,schedutil,306000000,306000000,1020000000,nvhost_podgov,0,3,,47093,48281,47968,47531,47375,48281,5055,756,1433,0.391,19.277,7.510
3903055796070,10006213,99.938,100.000,729600,729600,1728000,schedutil,306000000,306000000,1020000000,nvhost_podgov,0,3,,47000,48125,48031,47625,47406,48125,5055,756,1433,0.365,19.284,7.040
3903065792235,9996165,100.038,100.000,729600,729600,1728000,schedutil,306000000,306000000,1020000000,nvhost_podgov,0,3,,46937,48500,48062,47562,47406,48500,5055,756,1433,0.389,19.275,7.540
3903075809616,10017381,99.826,100.000,729600,729600,1728000,schedutil,306000000,306000000,1020000000,nvhost_podgov,0,3,,47031,48156,48062,47500,47375,48156,5055,756,1433,0.362,19.276,6.990
3903085790549,9980933,100.191,100.000,729600,729600,1728000,schedutil,306000000,306000000,1020000000,nvhost_podgov,0,3,,47031,48187,47968,47468,47343,48375,5055,756,1433,0.393,19.270,7.560
3903095798170,10007621,99.924,100.000,729600,729600,1728000,schedutil,306000000,306000000,1020000000,nvhost_podgov,0,3,,46906,48312,48125,47562,47281,48312,5055,716,1433,0.360,19.280,6.940
3903105810911,10012741,99.873,100.000,729600,729600,1728000,schedutil,306000000,306000000,1020000000,nvhost_podgov,0,3,,46968,48250,47968,47562,47375,48218,5055,716,1433,0.378,19.280,7.280
3903115796196,9985285,100.147,100.000,729600,729600,1728000,schedutil,306000000,306000000,1020000000,nvhost_podgov,0,3,,47000,48187,48031,47343,47406,48187,5055,756,1433,0.369,19.277,7.100
3903125794953,9998757,100.012,100.000,729600,729600,1728000,schedutil,306000000,306000000,1020000000,nvhost_podgov,0,3,,46937,48281,47968,47593,47375,48281,5055,756,1433,0.372,19.280,7.180
3903135793006,9998053,100.019,100.000,729600,729600,1728000,schedutil,306000000,306000000,1020000000,nvhost_podgov,0,3,,47125,48218,48093,47437,47343,48218,5055,756,1433,0.390,19.281,7.510
3903145794227,10001221,99.988,100.000,729600,729600,1728000,schedutil,306000000,306000000,1020000000,nvhost_podgov,0,3,,47093,48250,47968,47406,47343,48468,5055,716,1433,0.367,19.277,7.080
3903155789944,9995717,100.043,100.000,729600,729600,1728000,schedutil,306000000,306000000,1020000000,nvhost_podgov,0,3,,46906,48343,48000,47593,47375,48343,5055,716,1433,0.374,19.277,7.690
3903165794077,10004133,99.959,100.000,729600,729600,1728000,schedutil,306000000,306000000,1020000000,nvhost_podgov,0,3,,47187,48250,48062,47531,47468,48250,5055,756,1433,0.367,19.282,7.090
3903175786274,9992197,100.078,100.000,729600,729600,1728000,schedutil,306000000,306000000,1020000000,nvhost_podgov,0,3,,47062,48250,47968,47500,47437,48250,5055,756,1433,0.379,19.276,7.300
3903185796295,10010021,99.900,100.000,729600,729600,1728000,schedutil,306000000,306000000,1020000000,nvhost_podgov,0,3,,46937,48312,48031,47593,47343,48312,5055,756,1433,0.360,19.282,6.940
3903195793004,9996709,100.033,100.000,729600,729600,1728000,schedutil,306000000,306000000,1020000000,nvhost_podgov,0,3,,46937,48250,48125,47593,47281,48250,5055,756,1433,0.370,19.274,7.260
3903205795185,10002181,99.978,100.000,729600,729600,1728000,schedutil,306000000,306000000,1020000000,nvhost_podgov,0,3,,47093,48125,48031,47625,47375,48125,5055,716,1433,0.356,19.282,6.870
3903215793398,9998213,100.018,100.000,729600,729600,1728000,schedutil,306000000,306000000,1020000000,nvhost_podgov,0,3,,47000,48062,48031,47406,47343,48062,5055,716,1433,0.372,19.282,7.120
3903225792282,9998884,100.011,100.000,729600,729600,1728000,schedutil,306000000,306000000,1020000000,nvhost_podgov,0,3,,46906,48218,48125,47562,47343,48218,5055,716,1433,0.399,19.279,7.690
3903235808288,10016006,99.840,100.000,729600,729600,1728000,schedutil,306000000,306000000,1020000000,nvhost_podgov,0,3,,47000,48187,48000,47562,47375,48187,5055,716,1433,0.385,19.282,7.400
3903245792580,9984292,100.157,100.000,729600,729600,1728000,schedutil,306000000,306000000,1020000000,nvhost_podgov,0,3,,47062,48312,48031,47468,47406,48312,5055,716,1433,0.393,19.282,7.640
3903255809226,10016646,99.834,100.000,729600,729600,1728000,schedutil,306000000,306000000,1020000000,nvhost_podgov,0,3,,47031,48312,48000,47500,47375,48187,5055,756,1433,0.430,19.273,8.280
3903265795534,9986308,100.137,100.000,729600,729600,1728000,schedutil,306000000,306000000,1020000000,nvhost_podgov,0,3,,47187,48156,48062,47500,47343,48156,5055,756,1433,0.370,19.277,7.130
3903275793171,9997637,100.024,100.000,729600,729600,1728000,schedutil,306000000,306000000,1020000000,nvhost_podgov,0,3,,47062,48062,47968,47375,47375,48218,5055,756,1433,0.383,19.285,7.370
3903285787096,9993925,100.061,100.000,729600,729600,1728000,schedutil,306000000,306000000,1020000000,nvhost_podgov,0,3,,46906,48281,47968,47593,47437,48281,5055,756,1433,0.381,19.271,7.590
3903295797565,10010469,99.895,100.000,729600,729600,1728000,schedutil,306000000,306000000,1020000000,nvhost_podgov,0,3,,47187,48437,47968,47531,47437,48437,5055,756,1433,0.362,19.276,6.990
3903305794946,9997381,100.026,100.000,729600,729600,1728000,schedutil,306000000,306000000,1020000000,nvhost_podgov,0,3,,47125,48468,47968,47468,47406,48468,5055,756,1433,0.394,19.277,7.040
3903315794375,9999429,100.006,100.000,729600,729600,1728000,schedutil,306000000,306000000,1020000000,nvhost_podgov,0,3,,46968,48093,48000,47625,47312,48093,5055,756,1433,0.360,19.279,6.940
3903325793292,9998917,100.011,100.000,729600,729600,1728000,schedutil,306000000,306000000,1020000000,nvhost_podgov,0,3,,46906,48125,48125,47468,47406,48125,5055,756,1433,0.371,19.281,7.130
3903335792785,9999493,100.005,100.000,729600,729600,1728000,schedutil,306000000,306000000,1020000000,nvhost_podgov,0,3,,47062,48281,48031,47437,47375,48281,5055,756,1433,0.367,19.281,7.090
3903345793334,10000549,99.995,100.000,729600,729600,1728000,schedutil,306000000,306000000,1020000000,nvhost_podgov,0,3,,47000,48312,48000,47625,47375,48312,5055,756,1433,0.383,19.285,7.090
3903355792059,9998725,100.013,100.000,729600,729600,1728000,schedutil,306000000,306000000,1020000000,nvhost_podgov,0,3,,46906,48218,48062,47593,47343,48218,5055,756,1433,0.380,19.279,7.320
3903365793152,10001093,99.989,100.000,729600,729600,1728000,schedutil,306000000,306000000,1020000000,nvhost_podgov,0,3,,47062,48156,48031,47500,47468,48156,5055,756,1433,0.378,19.282,7.120
3903375786757,9993605,100.064,100.000,729600,729600,1728000,schedutil,306000000,306000000,1020000000,nvhost_podgov,0,3,,47000,48250,48031,47468,47343,48250,5055,756,1433,0.386,19.273,7.270
3903385809802,10023045,99.770,100.000,729600,729600,1728000,schedutil,306000000,306000000,1020000000,nvhost_podgov,0,3,,46968,48218,47937,47593,47312,48218,5055,756,1433,0.379,19.286,7.330
3903395794991,9985189,100.148,100.000,729600,729600,1728000,schedutil,306000000,306000000,1020000000,nvhost_podgov,0,3,,47125,48312,47937,47468,47343,48312,5055,756,1433,0.369,19.277,7.100
3903405792820,9997829,100.022,100.000,729600,729600,1728000,schedutil,306000000,306000000,1020000000,nvhost_podgov,0,3,,47000,48312,48000,47375,47406,48218,5055,756,1433,0.384,19.286,7.450
3903415788889,9996069,100.039,100.000,729600,729600,1728000,schedutil,306000000,306000000,1020000000,nvhost_podgov,0,3,,46968,48218,48000,47625,47406,48218,5055,756,1433,0.384,19.276,7.400
3903425786174,9997285,100.027,100.000,729600,729600,1728000,schedutil,306000000,306000000,1020000000,nvhost_podgov,0,3,,47250,48125,48062,47562,47500,48250,5055,756,1433,0.400,19.284,7.720
3903435794883,10008709,99.913,100.000,729600,729600,1728000,schedutil,306000000,306000000,1020000000,nvhost_podgov,0,3,,47093,48312,47968,47375,47375,48312,5055,756,1433,0.360,19.280,6.940
3903445791112,9996229,100.038,100.000,729600,729600,1728000,schedutil,306000000,306000000,1020000000,nvhost_podgov,0,3,,46968,48125,48000,47562,47375,48125,5055,756,1433,0.394,19.281,7.590
3903455794861,10003749,99.963,100.000,729600,729600,1728000,schedutil,306000000,306000000,1020000000,nvhost_podgov,0,3,,47093,48437,48062,47562,47375,48437,5055,756,1433,0.360,19.282,6.940
3903465792082,9997221,100.028,100.000,729600,729600,1728000,schedutil,306000000,306000000,1020000000,nvhost_podgov,0,3,,47062,48218,47937,47500,47312,48218,5055,756,1433,0.407,19.281,7.860
3903475796343,10004261,99.957,100.000,729600,729600,1728000,schedutil,306000000,306000000,1020000000,nvhost_podgov,0,3,,47031,48187,48000,47656,47312,48187,5055,756,1433,0.380,19.277,6.870
3903485796028,9999685,100.003,100.000,729600,729600,1728000,schedutil,306000000,306000000,1020000000,nvhost_podgov,0,3,,46937,48312,48156,47437,47343,48312,5055,756,1433,0.379,19.277,7.300
3903495796097,10000069,99.999,100.000,729600,729600,1728000,schedutil,306000000,306000000,1020000000,nvhost_podgov,0,3,,47000,48312,48000,47437,47375,48312,5055,756,1433,0.370,19.282,7.210
3903505795046,9998949,100.011,100.000,729600,729600,1728000,schedutil,306000000,306000000,1020000000,nvhost_podgov,0,3,,47031,48062,48000,47625,47375,48062,5055,756,1433,0.370,19.282,7.130
3903515804235,10009189,99.908,100.000,729600,729600,1728000,schedutil,306000000,306000000,1020000000,nvhost_podgov,0,3,,46906,48062,48093,47500,47312,48281,5055,756,1433,0.381,19.284,7.620
3903525794191,9989956,100.101,100.000,729600,729600,1728000,schedutil,306000000,306000000,1020000000,nvhost_podgov,0,3,,47125,48312,48031,47468,47343,48312,5055,756,1433,0.359,19.279,6.910
3903535792180,9997989,100.020,100.000,729600,729600,1728000,schedutil,306000000,306000000,1020000000,nvhost_podgov,0,3,,47031,48218,48031,47468,47250,48500,5055,756,1433,0.388,19.277,7.670
3903545796025,10003845,99.962,100.000,729600,729600,1728000,schedutil,306000000,306000000,1020000000,nvhost_podgov,0,3,,46968,48437,48156,47593,47375,48437,5055,756,1433,0.365,19.280,7.040
3903555792510,9996485,100.035,100.000,729600,729600,1728000,schedutil,306000000,306000000,1020000000,nvhost_podgov,0,3,,47218,48406,48062,47468,47437,48187,5055,756,1433,0.383,19.273,7.370
3903565792259,9999749,100.003,100.000,729600,729600,1728000,schedutil,306000000,306000000,1020000000,nvhost_podgov,0,3,,47062,48125,47968,47406,47406,48125,5055,756,1433,0.362,19.281,6.990
3903575786728,9994469,100.055,100.000,729600,729600,1728000,schedutil,306000000,306000000,1020000000,nvhost_podgov,0,3,,46937,48125,48187,47562,47343,48312,5055,756,1433,0.406,19.274,6.990
3903585799949,10013221,99.868,100.000,729600,729600,1728000,schedutil,306000000,306000000,1020000000,nvhost_podgov,0,3,,47062,48281,48000,47531,47406,48281,5055,756,1433,0.385,19.280,7.420
3903595794130,9994181,100.058,100.000,729600,729600,1728000,schedutil,306000000,306000000,1020000000,nvhost_podgov,0,3,,47093,48125,48000,47500,47375,48125,5055,756,1433,0.362,19.281,6.990
3903605793335,9999205,100.008,100.000,729600,729600,1728000,schedutil,306000000,306000000,1020000000,nvhost_podgov,0,3,,46906,48218,47937,47718,47312,48218,5055,756,1433,0.384,19.284,7.400
3903615812572,10019237,99.808,100.000,729600,729600,1728000,schedutil,306000000,306000000,1020000000,nvhost_podgov,0,3,,46937,48218,48062,47500,47406,48218,5055,756,1433,0.381,19.280,7.350
3903625794753,9982181,100.179,100.000,729600,729600,1728000,schedutil,306000000,306000000,1020000000,nvhost_podgov,0,3,,47062,48250,48031,47500,47437,48250,5055,756,1433,0.389,19.275,7.490
3903635795878,10001125,99.989,100.000,729600,729600,1728000,schedutil,306000000,306000000,1020000000,nvhost_podgov,0,3,,47000,48312,48031,47718,47375,48312,5055,756,1433,0.369,19.275,7.100
3903645791979,9996101,100.039,100.000,729600,729600,1728000,schedutil,306000000,306000000,1020000000,nvhost_podgov,0,3,,46937,48312,48093,47531,47406,48312,5055,756,1433,0.401,19.279,7.730
3903655792784,10000805,99.992,100.000,729600,729600,1728000,schedutil,306000000,306000000,1020000000,nvhost_podgov,0,3,,46968,48125,48000,47500,47375,48125,5055,756,1433,0.365,19.277,7.040
3903665789077,9996293,100.037,100.000,729600,729600,1728000,schedutil,306000000,306000000,1020000000,nvhost_podgov,0,3,,47031,48187,47968,47500,47406,48312,5055,756,1433,0.398,19.276,7.640
3903675796122,10007045,99.930,100.000,729600,729600,1728000,schedutil,306000000,306000000,1020000000,nvhost_podgov,0,3,,46968,48312,48062,47625,47312,48312,5055,756,1433,0.362,19.277,6.990
3903685785855,9989733,100.103,100.000,729600,729600,1728000,schedutil,306000000,306000000,1020000000,nvhost_podgov,0,3,,47062,48531,48031,47562,47437,48531,5055,756,1433,0.399,19.280,7.070
3903695796324,10010469,99.895,100.000,729600,729600,1728000,schedutil,306000000,306000000,1020000000,nvhost_podgov,0,3,,46937,48406,48062,47468,47375,48406,5055,756,1433,0.361,19.279,6.960
3903705795369,9999045,100.010,100.000,729600,729600,1728000,schedutil,306000000,306000000,1020000000,nvhost_podgov,0,3,,46968,48218,48031,47531,47312,48218,5055,756,1433,0.367,19.279,7.090
3903715806702,10011333,99.887,100.000,729600,729600,1728000,schedutil,306000000,306000000,1020000000,nvhost_podgov,0,3,,47125,48187,47968,47468,47312,48187,5055,756,1433,0.366,19.284,7.070
3903725796211,9989509,100.105,100.000,729600,729600,1728000,schedutil,306000000,306000000,1020000000,nvhost_podgov,0,3,,47031,48312,48000,47406,47375,48312,5055,756,1433,0.375,19.281,7.100
3903735793239,9997028,100.030,100.000,729600,729600,1728000,schedutil,306000000,306000000,1020000000,nvhost_podgov,0,3,,46968,48281,47968,47593,47281,48281,5055,756,1433,0.394,19.281,7.590
3903745794460,10001221,99.988,100.000,729600,729600,1728000,schedutil,306000000,306000000,1020000000,nvhost_podgov,0,3,,47000,48187,48031,47437,47406,48187,5055,756,1433,0.371,19.281,7.160
3903755786241,9991781,100.082,100.000,729600,729600,1728000,schedutil,306000000,306000000,1020000000,nvhost_podgov,0,3,,47062,48156,48000,47437,47375,48156,5055,756,1433,0.388,19.275,7.480
3903765806151,10019910,99.801,100.000,729600,729600,1728000,schedutil,306000000,306000000,1020000000,nvhost_podgov,0,3,,46968,48218,48031,47531,47406,48218,5055,756,1433,0.372,19.279,7.180
3903775787915,9981764,100.183,100.000,729600,729600,1728000,schedutil,306000000,306000000,1020000000,nvhost_podgov,0,3,,46875,48250,48062,47531,47343,48250,5055,756,1433,0.374,19.271,7.210
3903785798128,10010213,99.898,100.000,729600,729600,1728000,schedutil,306000000,306000000,1020000000,nvhost_podgov,0,3,,47000,48343,47937,47406,47343,48343,5055,756,1433,0.365,19.280,7.040
3903795803285,10005157,99.948,100.000,729600,729600,1728000,schedutil,306000000,306000000,1020000000,nvhost_podgov,0,3,,46968,48375,47968,47625,47437,48187,5055,756,1433,0.375,19.273,7.260
3903805795322,9992037,100.080,100.000,729600,729600,1728000,schedutil,306000000,306000000,1020000000,nvhost_podgov,0,3,,47125,48187,48062,47562,47343,48187,5055,756,1433,0.360,19.279,6.940
3903815789311,9993989,100.060,100.000,729600,729600,1728000,schedutil,306000000,306000000,1020000000,nvhost_podgov,0,3,,47093,48250,48000,47500,47406,48250,5055,756,1433,0.371,19.280,7.090
3903825797252,10007941,99.921,100.000,729600,729600,1728000,schedutil,306000000,306000000,1020000000,nvhost_podgov,0,3,,47000,48218,47968,47562,47312,48218,5055,716,1433,0.357,19.279,6.890
3903835793481,9996229,100.038,100.000,729600,729600,1728000,schedutil,306000000,306000000,1020000000,nvhost_podgov,0,3,,46906,48093,48093,47531,47343,48093,5055,716,1433,0.383,19.282,7.040
3903845792174,9998693,100.013,100.000,729600,729600,1728000,schedutil,306000000,306000000,1020000000,nvhost_podgov,0,3,,47093,48468,48000,47531,47406,48468,5055,716,1433,0.362,19.281,6.990
3903855793171,10000997,99.990,100.000,729600,729600,1728000,schedutil,306000000,306000000,1020000000,nvhost_podgov,0,3,,47031,48250,48031,47312,47406,48250,5055,716,1433,0.384,19.281,6.960
3903865792504,9999333,100.007,100.000,729600,729600,1728000,schedutil,306000000,306000000,1020000000,nvhost_podgov,0,3,,47000,48187,48187,47531,47312,48187,5055,756,1433,0.404,19.281,7.780
3903875795229,10002725,99.973,100.000,729600,729600,1728000,schedutil,306000000,306000000,1020000000,nvhost_podgov,0,3,,47062,48343,48062,47593,47406,48343,5055,756,1433,0.383,19.282,7.370
3903885792194,9996965,100.030,100.000,729600,729600,1728000,schedutil,306000000,306000000,1020000000,nvhost_podgov,0,3,,47062,48312,48062,47406,47343,48312,5055,756,1433,0.400,19.282,7.720
3903895800871,10008677,99.913,100.000,729600,729600,1728000,schedutil,306000000,306000000,1020000000,nvhost_podgov,0,3,,46937,48125,48156,47593,47312,48125,5055,756,1433,0.370,19.284,7.130
3903905792460,9991589,100.084,100.000,729600,729600,1728000,schedutil,306000000,306000000,1020000000,nvhost_podgov,0,3,,46906,48187,48093,47468,47406,48187,5055,756,1433,0.388,19.282,7.480
3903915795921,10003461,99.965,100.000,729600,729600,1728000,schedutil,306000000,306000000,1020000000,nvhost_podgov,0,3,,47093,48187,48000,47406,47406,48187,5055,756,1433,0.369,19.285,7.120
3903925791702,9995781,100.042,100.000,729600,729600,1728000,schedutil,306000000,306000000,1020000000,nvhost_podgov,0,3,,47031,48156,48000,47687,47375,48156,5055,756,1433,0.401,19.280,7.730
3903935794235,10002533,99.975,100.000,729600,729600,1728000,schedutil,306000000,306000000,1020000000,nvhost_podgov,0,3,,47218,48343,48093,47531,47437,48343,5055,756,1433,0.367,19.281,7.090
3903945793984,9999749,100.003,100.000,729600,729600,1728000,schedutil,306000000,306000000,1020000000,nvhost_podgov,0,3,,47093,48312,48031,47468,47312,48156,5055,756,1433,0.380,19.274,7.320
3903955797861,10003877,99.961,100.000,729600,729600,1728000,schedutil,306000000,306000000,1020000000,nvhost_podgov,0,3,,46937,48156,47968,47625,47343,48156,5055,756,1433,0.370,19.279,7.130
3903965788617,9990756,100.093,100.000,729600,729600,1728000,schedutil,306000000,306000000,1020000000,nvhost_podgov,0,3,,47250,48312,48093,47468,47343,48312,5055,756,1433,0.389,19.275,7.230
3903975796014,10007397,99.926,100.000,729600,729600,1728000,schedutil,306000000,306000000,1020000000,nvhost_podgov,0,3,,47156,48281,48031,47500,47437,48281,5055,756,1433,0.366,19.279,7.070
3903985793715,9997701,100.023,100.000,729600,729600,1728000,schedutil,306000000,306000000,1020000000,nvhost_podgov,0,3,,47062,48125,48000,47375,47375,48125,5055,756,1433,0.376,19.281,7.160
3903995792984,9999269,100.007,100.000,729600,729600,1728000,schedutil,306000000,306000000,1020000000,nvhost_podgov,0,3,,46937,48093,48093,47468,47312,48093,5055,756,1433,0.370,19.281,7.130
3904005808126,10015142,99.849,100.000,729600,729600,1728000,schedutil,306000000,306000000,1020000000,nvhost_podgov,0,3,,47062,48187,48000,47468,47437,48187,5055,756,1433,0.374,19.284,6.960
3904015793314,9985188,100.148,100.000,729600,729600,1728000,schedutil,306000000,306000000,1020000000,nvhost_podgov,0,3,,47062,48187,48000,47406,47375,48187,5055,756,1433,0.399,19.281,7.690
3904025791975,9998661,100.013,100.000,729600,729600,1728000,schedutil,306000000,306000000,1020000000,nvhost_podgov,0,3,,46906,48312,47937,47500,47375,48312,5055,756,1433,0.378,19.281,6.990
3904035792812,10000837,99.992,100.000,729600,729600,1728000,schedutil,306000000,306000000,1020000000,nvhost_podgov,0,3,,47000,48312,48062,47468,47437,48312,5055,756,1433,0.375,19.280,7.230
3904045802161,10009349,99.907,100.000,729600,729600,1728000,schedutil,306000000,306000000,1020000000,nvhost_podgov,0,3,,47031,48125,48031,47375,47437,48125,5055,756,1433,0.376,19.284,7.090
3904055787126,9984965,100.151,100.000,729600,729600,1728000,schedutil,306000000,306000000,1020000000,nvhost_podgov,0,3,,46968,48062,48031,47531,47406,48281,5055,756,1433,0.389,19.275,7.490
3904065795259,10008133,99.919,100.000,729600,729600,1728000,schedutil,306000000,306000000,1020000000,nvhost_podgov,0,3,,46906,48156,48062,47500,47468,48156,5055,756,1433,0.384,19.284,7.160
3904075794816,9999557,100.004,100.000,729600,729600,1728000,schedutil,306000000,306000000,1020000000,nvhost_podgov,0,3,,47156,48187,48062,47468,47468,48437,5055,756,1433,0.367,19.277,7.080
3904085792261,9997445,100.026,100.000,729600,729600,1728000,schedutil,306000000,306000000,1020000000,nvhost_podgov,0,3,,47031,48375,48000,47562,47406,48375,5055,716,1433,0.375,19.280,7.230
3904095792746,10000485,99.995,100.000,729600,729600,1728000,schedutil,306000000,306000000,1020000000,nvhost_podgov,0,3,,47125,48156,48125,47500,47406,48156,5055,716,1433,0.369,19.276,6.960
3904105793807,10001061,99.989,100.000,729600,729600,1728000,schedutil,306000000,306000000,1020000000,nvhost_podgov,0,3,,47218,48156,48031,47562,47375,48156,5055,716,1433,0.372,19.281,7.180
3904115793140,9999333,100.007,100.000,729600,729600,1728000,schedutil,306000000,306000000,1020000000,nvhost_podgov,0,3,,46937,48312,47968,47593,47343,48312,5055,756,1433,0.361,19.280,6.960
3904125795353,10002213,99.978,100.000,729600,729600,1728000,schedutil,306000000,306000000,1020000000,nvhost_podgov,0,3,,47062,48281,48093,47562,47468,48281,5055,756,1433,0.405,19.277,7.810
3904135798846,10003493,99.965,100.000,729600,729600,1728000,schedutil,306000000,306000000,1020000000,nvhost_podgov,0,3,,47125,48062,47968,47437,47343,48062,5055,756,1433,0.380,19.280,7.010
3904145802019,10003173,99.968,100.000,729600,729600,1728000,schedutil,306000000,306000000,1020000000,nvhost_podgov,0,3,,47062,48093,47937,47593,47375,48093,5055,756,1433,0.405,19.282,7.810
3904155799016,9996997,100.030,100.000,729600,729600,1728000,schedutil,306000000,306000000,1020000000,nvhost_podgov,0,3,,46937,48250,48093,47593,47375,48250,5055,756,1433,0.381,19.286,6.940
3904165787244,9988228,100.118,100.000,729600,729600,1728000,schedutil,306000000,306000000,1020000000,nvhost_podgov,0,3,,47093,48187,48062,47406,47375,48187,5055,756,1433,0.396,19.270,7.640
3904175796306,10009062,99.909,100.000,729600,729600,1728000,schedutil,306000000,306000000,1020000000,nvhost_podgov,0,3,,47062,48343,48031,47406,47406,48343,5055,756,1433,0.375,19.286,7.070
3904185793847,9997541,100.025,100.000,729600,729600,1728000,schedutil,306000000,306000000,1020000000,nvhost_podgov,0,3,,46937,48375,48156,47593,47375,48375,5055,756,1433,0.361,19.277,6.960
3904195792955,9999108,100.009,100.000,729600,729600,1728000,schedutil,306000000,306000000,1020000000,nvhost_podgov,0,3,,46906,48156,48062,47468,47468,48156,5055,756,1433,0.389,19.275,7.480
3904205793280,10000325,99.997,100.000,729600,729600,1728000,schedutil,306000000,306000000,1020000000,nvhost_podgov,0,3,,46968,48125,48000,47468,47375,48187,5055,756,1433,0.355,19.280,6.850
3904215786885,9993605,100.064,100.000,729600,729600,1728000,schedutil,306000000,306000000,1020000000,nvhost_podgov,0,3,,46968,48281,48156,47531,47406,48281,5055,756,1433,0.404,19.275,7.780
3904225795914,10009029,99.910,100.000,729600,729600,1728000,schedutil,306000000,306000000,1020000000,nvhost_podgov,0,3,,47125,48218,48031,47593,47406,48093,5055,756,1433,0.365,19.279,7.040
3904235798703,10002789,99.972,100.000,729600,729600,1728000,schedutil,306000000,306000000,1020000000,nvhost_podgov,0,3,,47093,48437,48000,47500,47312,48437,5055,756,1433,0.381,19.271,7.490
3904245796404,9997701,100.023,100.000,729600,729600,1728000,schedutil,306000000,306000000,1020000000,nvhost_podgov,0,3,,46968,48187,47968,47562,47468,48187,5055,756,1433,0.361,19.282,6.960
3904255790201,9993797,100.062,100.000,729600,729600,1728000,schedutil,306000000,306000000,1020000000,nvhost_podgov,0,3,,47125,48218,48062,47437,47468,48218,5055,756,1433,0.409,19.279,7.040
3904265809727,10019526,99.805,100.000,729600,729600,1728000,schedutil,306000000,306000000,1020000000,nvhost_podgov,0,3,,47125,48312,48031,47500,47406,48312,5055,756,1433,0.406,19.279,7.730
3904275801667,9991940,100.081,100.000,729600,729600,1728000,schedutil,306000000,306000000,1020000000,nvhost_podgov,0,3,,47062,48312,48062,47687,47406,48187,5055,756,1433,0.374,19.280,7.210
3904285800392,9998725,100.013,100.000,729600,729600,1728000,schedutil,306000000,306000000,1020000000,nvhost_podgov,0,3,,47000,48125,48062,47531,47375,48125,5055,756,1433,0.401,19.280,7.730
3904295807245,10006853,99.932,100.000,729600,729600,1728000,schedutil,306000000,306000000,1020000000,nvhost_podgov,0,3,,47093,48125,48093,47468,47500,48312,5055,756,1433,0.381,19.280,7.130
3904305793650,9986405,100.136,100.000,729600,729600,1728000,schedutil,306000000,306000000,1020000000,nvhost_podgov,0,3,,47062,48250,47968,47375,47312,48250,5055,756,1433,0.375,19.280,7.320
3904315796407,10002757,99.972,100.000,729600,729600,1728000,schedutil,306000000,306000000,1020000000,nvhost_podgov,0,3,,46937,48187,48125,47500,47406,48187,5055,756,1433,0.359,19.277,6.910
3904325802236,10005829,99.942,100.000,729600,729600,1728000,schedutil,306000000,306000000,1020000000,nvhost_podgov,0,3,,46937,48375,48062,47531,47468,48375,5055,756,1433,0.384,19.284,7.780
3904335799745,9997509,100.025,100.000,729600,729600,1728000,schedutil,306000000,306000000,1020000000,nvhost_podgov,0,3,,46968,48375,48031,47468,47406,48375,5055,756,1433,0.359,19.277,6.910
3904345788582,9988837,100.112,100.000,729600,729600,1728000,schedutil,306000000,306000000,1020000000,nvhost_podgov,0,3,,46968,48218,48062,47562,47343,48218,5055,756,1433,0.416,19.281,7.260
3904355798187,10009605,99.904,100.000,729600,729600,1728000,schedutil,306000000,306000000,1020000000,nvhost_podgov,0,3,,47250,48125,48093,47500,47406,48250,5055,756,1433,0.360,19.280,6.940
3904365787056,9988869,100.111,100.000,729600,729600,1728000,schedutil,306000000,306000000,1020000000,nvhost_podgov,0,3,,47125,48312,47937,47406,47437,48312,5055,756,1433,0.401,19.273,7.730
3904375795861,10008805,99.912,100.000,729600,729600,1728000,schedutil,306000000,306000000,1020000000,nvhost_podgov,0,3,,47031,48125,48000,47531,47375,48125,5055,756,1433,0.367,19.280,7.090
3904385794426,9998565,100.014,100.000,729600,729600,1728000,schedutil,306000000,306000000,1020000000,nvhost_podgov,0,3,,47093,48500,48031,47437,47406,48500,5055,756,1433,0.369,19.280,7.090
3904395796319,10001893,99.981,100.000,729600,729600,1728000,schedutil,306000000,306000000,1020000000,nvhost_podgov,0,3,,47156,48312,48062,47468,47375,48312,5055,756,1433,0.369,19.277,7.100
3904405793668,9997349,100.027,100.000,729600,729600,1728000,schedutil,306000000,306000000,1020000000,nvhost_podgov,0,3,,46937,48281,47968,47656,47375,48281,5055,756,1433,0.367,19.281,7.090
3904415791720,9998052,100.019,100.000,729600,729600,1728000,schedutil,306000000,306000000,1020000000,nvhost_podgov,0,3,,46968,48343,48062,47500,47312,48343,5055,756,1433,0.393,19.279,7.560
3904425795533,10003813,99.962,100.000,729600,729600,1728000,schedutil,306000000,306000000,1020000000,nvhost_podgov,0,3,,47062,48312,48000,47531,47375,48312,5055,756,1433,0.365,19.282,7.040
3904435785842,9990309,100.097,100.000,729600,729600,1728000,schedutil,306000000,306000000,1020000000,nvhost_podgov,0,3,,47000,48156,47968,47625,47343,48156,5055,756,1433,0.388,19.275,7.480
3904445796407,10010565,99.894,100.000,729600,729600,1728000,schedutil,306000000,306000000,1020000000,nvhost_podgov,0,3,,46937,48156,48062,47500,47343,48156,5055,756,1433,0.364,19.280,7.010
3904455793148,9996741,100.033,100.000,729600,729600,1728000,schedutil,306000000,306000000,1020000000,nvhost_podgov,0,3,,47000,48281,48062,47531,47406,48281,5055,756,1433,0.403,19.285,7.760
3904465792865,9999717,100.003,100.000,729600,729600,1728000,schedutil,306000000,306000000,1020000000,nvhost_podgov,0,3,,47000,48250,48031,47500,47375,48250,5055,756,1433,0.369,19.279,7.100
3904475787366,9994501,100.055,100.000,729600,729600,1728000,schedutil,306000000,306000000,1020000000,nvhost_podgov,0,3,,46968,48437,47968,47500,47343,48437,5055,756,1433,0.420,19.276,8.100
3904485805131,10017765,99.823,100.000,729600,729600,1728000,schedutil,306000000,306000000,1020000000,nvhost_podgov,0,3,,47187,48375,48000,47500,47375,48187,5055,756,1433,0.367,19.276,7.080
3904495806864,10001733,99.983,100.000,729600,729600,1728000,schedutil,306000000,306000000,1020000000,nvhost_podgov,0,3,,47031,48093,48062,47437,47437,48093,5055,756,1433,0.381,19.279,7.070
3904505805813,9998949,100.011,100.000,729600,729600,1728000,schedutil,306000000,306000000,1020000000,nvhost_podgov,0,3,,47000,48312,47937,47562,47343,48312,5055,756,1433,0.385,19.281,7.420
3904515808474,10002661,99.973,100.000,729600,729600,1728000,schedutil,306000000,306000000,1020000000,nvhost_podgov,0,3,,47156,48250,48062,47500,47468,48250,5055,756,1433,0.381,19.284,7.350
3904525790207,9981733,100.183,100.000,729600,729600,1728000,schedutil,306000000,306000000,1020000000,nvhost_podgov,0,3,,47093,48093,48031,47562,47437,48093,5055,756,1433,0.394,19.276,7.590
3904535794564,10004357,99.956,100.000,729600,729600,1728000,schedutil,306000000,306000000,1020000000,nvhost_podgov,0,3,,46968,48218,48000,47593,47406,48218,5055,756,1433,0.372,19.285,6.990
3904545794377,9999813,100.002,100.000,729600,729600,1728000,schedutil,306000000,306000000,1020000000,nvhost_podgov,0,3,,47031,48250,48062,47437,47437,48250,5055,756,1433,0.396,19.280,7.640
3904555803086,10008709,99.913,100.000,729600,729600,1728000,schedutil,306000000,306000000,1020000000,nvhost_podgov,0,3,,47031,48187,48031,47500,47375,48187,5055,756,1433,0.375,19.282,7.230
3904565789971,9986885,100.131,100.000,729600,729600,1728000,schedutil,306000000,306000000,1020000000,nvhost_podgov,0,3,,47000,48312,47968,47593,47375,48312,5055,756,1433,0.384,19.273,7.400
3904575799320,10009349,99.907,100.000,729600,729600,1728000,schedutil,306000000,306000000,1020000000,nvhost_podgov,0,3,,46968,48312,48062,47562,47437,48312,5055,756,1433,0.371,19.285,7.160
3904585805309,10005989,99.940,100.000,729600,729600,1728000,schedutil,306000000,306000000,1020000000,nvhost_podgov,0,3,,47093,48218,48000,47468,47343,48218,5055,756,1433,0.380,19.280,7.320
3904595794082,9988773,100.112,100.000,729600,729600,1728000,schedutil,306000000,306000000,1020000000,nvhost_podgov,0,3,,47031,48187,47968,47718,47343,48187,5055,756,1433,0.371,19.282,7.160
3904605795110,10001028,99.990,100.000,729600,729600,1728000,schedutil,306000000,306000000,1020000000,nvhost_podgov,0,3,,46968,48281,48062,47500,47468,48281,5055,756,1433,0.374,19.281,7.210
3904615792235,9997125,100.029,100.000,729600,729600,1728000,schedutil,306000000,306000000,1020000000,nvhost_podgov,0,3,,47125,48312,48031,47437,47406,48531,5055,756,1433,0.388,19.277,7.480
3904625795056,10002821,99.972,100.000,729600,729600,1728000,schedutil,306000000,306000000,1020000000,nvhost_podgov,0,3,,46968,48437,47937,47375,47375,48437,5055,756,1433,0.364,19.284,7.010
3904635807798,10012742,99.873,100.000,729600,729600,1728000,schedutil,306000000,306000000,1020000000,nvhost_podgov,0,3,,47000,48187,48093,47531,47343,48187,5055,756,1433,0.385,19.281,7.420
3904645795354,9987556,100.125,100.000,729600,729600,1728000,schedutil,306000000,306000000,1020000000,nvhost_podgov,0,3,,47218,48218,48000,47531,47406,48218,5055,756,1433,0.375,19.284,7.070
3904655786335,9990981,100.090,100.000,729600,729600,1728000,schedutil,306000000,306000000,1020000000,nvhost_podgov,0,3,,47062,48250,48000,47531,47375,48250,5055,756,1433,0.391,19.274,7.540
3904665797156,10010821,99.892,100.000,729600,729600,1728000,schedutil,306000000,306000000,1020000000,nvhost_podgov,0,3,,47000,48281,48062,47656,47437,48281,5055,756,1433,0.367,19.281,7.280
3904675794569,9997413,100.026,100.000,729600,729600,1728000,schedutil,306000000,306000000,1020000000,nvhost_podgov,0,3,,47062,48125,48093,47531,47437,48125,5055,756,1433,0.369,19.276,7.100
3904685793486,9998917,100.011,100.000,729600,729600,1728000,schedutil,306000000,306000000,1020000000,nvhost_podgov,0,3,,47125,48187,47968,47437,47437,48187,5055,756,1433,0.385,19.277,7.070
3904695793747,10000261,99.997,100.000,729600,729600,1728000,schedutil,306000000,306000000,1020000000,nvhost_podgov,0,3,,46968,48218,48000,47625,47312,48468,5055,756,1433,0.375,19.280,7.540
3904705792312,9998565,100.014,100.000,729600,729600,1728000,schedutil,306000000,306000000,1020000000,nvhost_podgov,0,3,,47062,48156,48062,47437,47468,48468,5055,756,1433,0.369,19.277,7.100
3904715792861,10000549,99.995,100.000,729600,729600,1728000,schedutil,306000000,306000000,1020000000,nvhost_podgov,0,3,,47125,48375,48031,47500,47375,48375,5055,756,1433,0.362,19.281,6.990
3904725786402,9993541,100.065,100.000,729600,729600,1728000,schedutil,306000000,306000000,1020000000,nvhost_podgov,0,3,,47031,48312,47968,47656,47406,48187,5055,756,1433,0.383,19.276,7.370
3904735795975,10009573,99.904,100.000,729600,729600,1728000,schedutil,306000000,306000000,1020000000,nvhost_podgov,0,3,,46906,48187,48125,47562,47375,48187,5055,756,1433,0.360,19.279,6.940
3904745807180,10011205,99.888,100.000,729600,729600,1728000,schedutil,306000000,306000000,1020000000,nvhost_podgov,0,3,,47156,48125,48062,47500,47406,48281,5055,756,1433,0.380,19.276,7.320
3904755794321,9987141,100.129,100.000,729600,729600,1728000,schedutil,306000000,306000000,1020000000,nvhost_podgov,0,3,,47031,48250,47968,47375,47343,48250,5055,756,1433,0.362,19.280,6.990
3904765791318,9996997,100.030,100.000,729600,729600,1728000,schedutil,306000000,306000000,1020000000,nvhost_podgov,0,3,,46968,48093,48093,47625,47343,48093,5055,756,1433,0.407,19.284,7.860
3904775807131,10015813,99.842,100.000,729600,729600,1728000,schedutil,306000000,306000000,1020000000,nvhost_podgov,0,3,,47218,48531,48031,47406,47343,48531,5055,756,1433,0.383,19.281,7.210
3904785802560,9995429,100.046,100.000,729600,729600,1728000,schedutil,306000000,306000000,1020000000,nvhost_podgov,0,3,,47062,48156,48000,47406,47437,48156,5055,756,1433,0.381,19.284,7.280
3904795794724,9992164,100.078,100.000,729600,729600,1728000,schedutil,306000000,306000000,1020000000,nvhost_podgov,0,3,,47000,48218,48000,47562,47406,48218,5055,756,1433,0.391,19.279,7.370
3904805794217,9999493,100.005,100.000,729600,729600,1728000,schedutil,306000000,306000000,1020000000,nvhost_podgov,0,3,,47156,48312,48093,47468,47468,48312,5055,756,1433,0.370,19.280,7.130
3904815786126,9991909,100.081,100.000,729600,729600,1728000,schedutil,306000000,306000000,1020000000,nvhost_podgov,0,3,,47093,48343,47968,47531,47375,48343,5055,756,1433,0.393,19.275,7.230
3904825797011,10010885,99.891,100.000,729600,729600,1728000,schedutil,306000000,306000000,1020000000,nvhost_podgov,0,3,,46968,48093,48000,47500,47406,48093,5055,756,1433,0.357,19.280,6.890
3904835785944,9988933,100.111,100.000,729600,729600,1728000,schedutil,306000000,306000000,1020000000,nvhost_podgov,0,3,,47031,48156,48031,47437,47437,48156,5055,756,1433,0.401,19.276,7.260
3904845795005,10009061,99.909,100.000,729600,729600,1728000,schedutil,306000000,306000000,1020000000,nvhost_podgov,0,3,,47062,48250,48000,47437,47375,48250,5055,756,1433,0.362,19.280,6.990
3904855792386,9997381,100.026,100.000,729600,729600,1728000,schedutil,306000000,306000000,1020000000,nvhost_podgov,0,3,,46968,48281,47906,47593,47343,48281,5055,756,1433,0.374,19.270,7.180
3904865793479,10001093,99.989,100.000,729600,729600,1728000,schedutil,306000000,306000000,1020000000,nvhost_podgov,0,3,,46812,48468,48062,47562,47375,48468,5055,756,1433,0.362,19.285,6.990
3904875797292,10003813,99.962,100.000,729600,729600,1728000,schedutil,306000000,306000000,1020000000,nvhost_podgov,0,3,,46968,48343,48031,47500,47406,48187,5055,756,1433,0.389,19.282,7.500
3904885797137,9999845,100.002,100.000,729600,729600,1728000,schedutil,306000000,306000000,1020000000,nvhost_podgov,0,3,,47062,48156,48000,47593,47406,48156,5055,716,1433,0.378,19.280,7.280
3904895793590,9996453,100.035,100.000,729600,729600,1728000,schedutil,306000000,306000000,1020000000,nvhost_podgov,0,3,,47187,48093,48062,47500,47406,48281,5055,716,1433,0.385,19.280,7.010
3904905794203,10000613,99.994,100.000,729600,729600,1728000,schedutil,306000000,306000000,1020000000,nvhost_podgov,0,3,,47156,48312,48000,47406,47375,48312,5055,716,1433,0.386,19.279,7.450
3904915799136,10004933,99.951,100.000,729600,729600,1728000,schedutil,306000000,306000000,1020000000,nvhost_podgov,0,3,,47031,48062,48031,47656,47406,48062,5055,716,1433,0.374,19.279,7.210
3904925793925,9994789,100.052,100.000,729600,729600,1728000,schedutil,306000000,306000000,1020000000,nvhost_podgov,0,3,,47031,48218,48062,47562,47343,48218,5055,716,1433,0.396,19.274,7.640
3904935800938,10007013,99.930,100.000,729600,729600,1728000,schedutil,306000000,306000000,1020000000,nvhost_podgov,0,3,,47062,48218,48062,47500,47406,48218,5055,756,1433,0.366,19.281,7.070
3904945793711,9992773,100.072,100.000,729600,729600,1728000,schedutil,306000000,306000000,1020000000,nvhost_podgov,0,3,,47031,48281,48000,47468,47437,48281,5055,756,1433,0.412,19.281,7.950
3904955793940,10000229,99.998,100.000,729600,729600,1728000,schedutil,306000000,306000000,1020000000,nvhost_podgov,0,3,,46968,48375,48125,47593,47437,48375,5055,716,1433,0.361,19.276,6.960
3904965786840,9992900,100.071,100.000,729600,729600,1728000,schedutil,306000000,306000000,1020000000,nvhost_podgov,0,3,,47093,48343,48000,47531,47375,48343,5055,716,1433,0.380,19.274,7.320
3904975796606,10009766,99.902,100.000,729600,729600,1728000,schedutil,306000000,306000000,1020000000,nvhost_podgov,0,3,,47000,48125,48000,47406,47343,48125,5055,716,1433,0.364,19.280,7.010
3904985812547,10015941,99.841,100.000,729600,729600,1728000,schedutil,306000000,306000000,1020000000,nvhost_podgov,0,3,,46968,48156,48093,47625,47343,48156,5055,716,1433,0.380,19.285,7.330
3904995794791,9982244,100.178,100.000,729600,729600,1728000,schedutil,306000000,306000000,1020000000,nvhost_podgov,0,3,,46937,48250,48062,47500,47468,48250,5055,716,1433,0.386,19.280,7.450
3905005793164,9998373,100.016,100.000,729600,729600,1728000,schedutil,306000000,306000000,1020000000,nvhost_podgov,0,3,,47062,48437,48000,47468,47468,48437,5055,716,1433,0.371,19.277,7.160
3905015790161,9996997,100.030,100.000,729600,729600,1728000,schedutil,306000000,306000000,1020000000,nvhost_podgov,0,3,,47000,48437,48031,47500,47343,48437,5055,716,1433,0.376,19.275,7.260
3905025794934,10004773,99.952,100.000,729600,729600,1728000,schedutil,306000000,306000000,1020000000,nvhost_podgov,0,3,,47187,48312,48000,47500,47406,48093,5055,716,1433,0.372,19.285,7.010
3905035786491,9991557,100.085,100.000,729600,729600,1728000,schedutil,306000000,306000000,1020000000,nvhost_podgov,0,3,,47093,48187,48000,47406,47343,48187,5055,716,1433,0.393,19.276,7.560
3905045797056,10010565,99.894,100.000,729600,729600,1728000,schedutil,306000000,306000000,1020000000,nvhost_podgov,0,3,,47000,48312,47968,47625,47406,48312,5055,716,1433,0.366,19.284,7.010
3905055792837,9995781,100.042,100.000,729600,729600,1728000,schedutil,306000000,306000000,1020000000,nvhost_podgov,0,3,,47156,48312,48031,47468,47375,48312,5055,716,1433,0.399,19.279,7.690
3905065795338,10002501,99.975,100.000,729600,729600,1728000,schedutil,306000000,306000000,1020000000,nvhost_podgov,0,3,,47093,48125,47968,47437,47375,48125,5055,716,1433,0.372,19.286,7.130
3905075793167,9997829,100.022,100.000,729600,729600,1728000,schedutil,306000000,306000000,1020000000,nvhost_podgov,0,3,,47062,48093,47968,47312,47375,48093,5055,716,1433,0.369,19.282,7.120
3905085793076,9999909,100.001,100.000,729600,729600,1728000,schedutil,306000000,306000000,1020000000,nvhost_podgov,0,3,,47000,48250,48062,47437,47343,48250,5055,716,1433,0.371,19.282,7.160
3905095793849,10000773,99.992,100.000,729600,729600,1728000,schedutil,306000000,306000000,1020000000,nvhost_podgov,0,3,,47093,48312,48031,47531,47406,48312,5055,716,1433,0.365,19.277,7.040
3905105793854,10000005,100.000,100.000,729600,729600,1728000,schedutil,306000000,306000000,1020000000,nvhost_podgov,0,3,,47093,48468,48031,47468,47406,48468,5055,716,1433,0.406,19.284,7.830
3905115795395,10001541,99.985,100.000,729600,729600,1728000,schedutil,306000000,306000000,1020000000,nvhost_podgov,0,3,,46875,48375,48062,47531,47375,48375,5055,716,1433,0.385,19.280,6.940
3905125801480,10006085,99.939,100.000,729600,729600,1728000,schedutil,306000000,306000000,1020000000,nvhost_podgov,0,3,,46906,48125,48000,47468,47343,48125,5055,716,1433,0.378,19.280,7.280
3905135791085,9989605,100.104,100.000,729600,729600,1728000,schedutil,306000000,306000000,1020000000,nvhost_podgov,0,3,,47093,48156,48000,47406,47406,48250,5055,716,1433,0.380,19.277,7.370
3905145795282,10004197,99.958,100.000,729600,729600,1728000,schedutil,306000000,306000000,1020000000,nvhost_podgov,0,3,,46968,48281,48062,47531,47406,48281,5055,716,1433,0.371,19.275,7.160
3905155794358,9999076,100.009,100.000,729600,729600,1728000,schedutil,306000000,306000000,1020000000,nvhost_podgov,0,3,,47250,48250,48062,47468,47406,48125,5055,716,1433,0.381,19.285,7.120
3905165788091,9993733,100.063,100.000,729600,729600,1728000,schedutil,306000000,306000000,1020000000,nvhost_podgov,0,3,,47062,48500,48062,47468,47375,48500,5055,716,1433,0.391,19.273,7.540
3905175796160,10008069,99.919,100.000,729600,729600,1728000,schedutil,306000000,306000000,1020000000,nvhost_podgov,0,3,,46937,48375,47968,47593,47437,48218,5055,716,1433,0.376,19.284,7.070
3905185788677,9992517,100.075,100.000,729600,729600,1728000,schedutil,306000000,306000000,1020000000,nvhost_podgov,0,3,,47218,48218,48093,47531,47406,48218,5055,716,1433,0.375,19.275,7.230
3905195795050,10006373,99.936,100.000,729600,729600,1728000,schedutil,306000000,306000000,1020000000,nvhost_podgov,0,3,,47093,48343,48031,47437,47406,48343,5055,716,1433,0.380,19.281,7.130
3905205793167,9998117,100.019,100.000,729600,729600,1728000,schedutil,306000000,306000000,1020000000,nvhost_podgov,0,3,,46937,48312,47968,47593,47281,48312,5055,716,1433,0.365,19.282,7.040
3905215793012,9999845,100.002,100.000,729600,729600,1728000,schedutil,306000000,306000000,1020000000,nvhost_podgov,0,3,,46968,48187,48031,47531,47437,48187,5055,716,1433,0.365,19.277,7.490
3905225795001,10001989,99.980,100.000,729600,729600,1728000,schedutil,306000000,306000000,1020000000,nvhost_podgov,0,3,,47062,48218,48062,47468,47343,48218,5055,716,1433,0.364,19.277,7.010
3905235792894,9997893,100.021,100.000,729600,729600,1728000,schedutil,306000000,306000000,1020000000,nvhost_podgov,0,3,,47062,48187,48062,47375,47437,48187,5055,716,1433,0.391,19.277,7.540
3905245794883,10001989,99.980,100.000,729600,729600,1728000,schedutil,306000000,306000000,1020000000,nvhost_podgov,0,3,,46875,48281,48062,47500,47437,48281,5055,716,1433,0.357,19.284,6.900
3905255786792,9991909,100.081,100.000,729600,729600,1728000,schedutil,306000000,306000000,1020000000,nvhost_podgov,0,3,,47031,48437,48000,47406,47343,48437,5055,716,1433,0.400,19.279,7.300
3905265795597,10008805,99.912,100.000,729600,729600,1728000,schedutil,306000000,306000000,1020000000,nvhost_podgov,0,3,,47000,48343,47968,47437,47406,48343,5055,716,1433,0.362,19.280,6.990
3905275813458,10017861,99.822,100.000,729600,729600,1728000,schedutil,306000000,306000000,1020000000,nvhost_podgov,0,3,,46968,48156,47937,47562,47437,48156,5055,716,1433,0.417,19.271,8.050
3905285803767,9990309,100.097,100.000,729600,729600,1728000,schedutil,306000000,306000000,1020000000,nvhost_podgov,0,3,,46937,48156,48062,47468,47437,48343,5055,756,1433,0.376,19.282,7.260
3905295793660,9989893,100.101,100.000,729600,729600,1728000,schedutil,306000000,306000000,1020000000,nvhost_podgov,0,3,,47062,48250,48000,47468,47406,48250,5055,756,1433,0.369,19.276,7.100
3905305793121,9999461,100.005,100.000,729600,729600,1728000,schedutil,306000000,306000000,1020000000,nvhost_podgov,0,3,,47031,48312,47968,47625,47343,48125,5055,756,1433,0.376,19.284,7.010
3905315794630,10001509,99.985,100.000,729600,729600,1728000,schedutil,306000000,306000000,1020000000,nvhost_podgov,0,3,,47218,48468,48125,47468,47375,48468,5055,756,1433,0.372,19.279,7.180
3905325792555,9997925,100.021,100.000,729600,729600,1728000,schedutil,306000000,306000000,1020000000,nvhost_podgov,0,3,,47250,48218,47937,47468,47437,48218,5055,756,1433,0.390,19.285,7.620
3905335794576,10002021,99.980,100.000,729600,729600,1728000,schedutil,306000000,306000000,1020000000,nvhost_podgov,0,3,,47000,48187,48000,47656,47375,48187,5055,756,1433,0.362,19.281,6.990
3905345792244,9997668,100.023,100.000,729600,729600,1728000,schedutil,306000000,306000000,1020000000,nvhost_podgov,0,3,,47156,48375,48062,47406,47343,48375,5055,756,1433,0.394,19.276,7.510
3905355794393,10002149,99.979,100.000,729600,729600,1728000,schedutil,306000000,306000000,1020000000,nvhost_podgov,0,3,,47062,48281,48000,47500,47375,48281,5055,756,1433,0.364,19.282,7.010
3905365791646,9997253,100.027,100.000,729600,729600,1728000,schedutil,306000000,306000000,1020000000,nvhost_podgov,0,3,,47062,48125,47968,47656,47406,48125,5055,756,1433,0.385,19.281,7.880
3905375793923,10002277,99.977,100.000,729600,729600,1728000,schedutil,306000000,306000000,1020000000,nvhost_podgov,0,3,,46968,48125,48093,47500,47312,48125,5055,756,1433,0.362,19.279,6.990
3905385786408,9992485,100.075,100.000,729600,729600,1728000,schedutil,306000000,306000000,1020000000,nvhost_podgov,0,3,,47062,48218,48031,47437,47343,48218,5055,756,1433,0.407,19.279,7.860
3905395793645,10007237,99.928,100.000,729600,729600,1728000,schedutil,306000000,306000000,1020000000,nvhost_podgov,0,3,,47031,48281,48031,47468,47343,48281,5055,756,1433,0.367,19.280,7.090
3905405792850,9999205,100.008,100.000,729600,729600,1728000,schedutil,306000000,306000000,1020000000,nvhost_podgov,0,3,,46968,48343,48093,47562,47375,48343,5055,756,1433,0.374,19.279,7.210
3905415792215,9999365,100.006,100.000,729600,729600,1728000,schedutil,306000000,306000000,1020000000,nvhost_podgov,0,3,,46937,48468,48000,47437,47375,48218,5055,756,1433,0.396,19.277,7.640
3905425793532,10001317,99.987,100.000,729600,729600,1728000,schedutil,306000000,306000000,1020000000,nvhost_podgov,0,3,,46937,48218,48062,47468,47406,48218,5055,756,1433,0.371,19.282,7.160
3905435792129,9998597,100.014,100.000,729600,729600,1728000,schedutil,306000000,306000000,1020000000,nvhost_podgov,0,3,,47093,48187,48062,47593,47375,48281,5055,756,1433,0.383,19.280,7.370
3905445793990,10001861,99.981,100.000,729600,729600,1728000,schedutil,306000000,306000000,1020000000,nvhost_podgov,0,3,,47125,48281,48062,47500,47406,48281,5055,756,1433,0.372,19.279,7.180
3905455786283,9992293,100.077,100.000,729600,729600,1728000,schedutil,306000000,306000000,1020000000,nvhost_podgov,0,3,,47062,48312,48062,47375,47406,48156,5055,756,1433,0.388,19.276,7.510
3905465795856,10009573,99.904,100.000,729600,729600,1728000,schedutil,306000000,306000000,1020000000,nvhost_podgov,0,3,,46906,48125,47968,47531,47437,48125,5055,756,1433,0.360,19.279,6.940
3905475792405,9996549,100.035,100.000,729600,729600,1728000,schedutil,306000000,306000000,1020000000,nvhost_podgov,0,3,,47218,48156,48062,47531,47437,48156,5055,756,1433,0.389,19.275,7.620
3905485806970,10014565,99.855,100.000,729600,729600,1728000,schedutil,306000000,306000000,1020000000,nvhost_podgov,0,3,,47031,48250,47968,47468,47406,48250,5055,756,1433,0.366,19.281,7.070
3905495796319,9989349,100.107,100.000,729600,729600,1728000,schedutil,306000000,306000000,1020000000,nvhost_podgov,0,3,,47000,48437,47968,47562,47375,48437,5055,756,1433,0.389,19.276,7.710
3905505802820,10006501,99.935,100.000,729600,729600,1728000,schedutil,306000000,306000000,1020000000,nvhost_podgov,0,3,,46968,48312,48031,47531,47343,48312,5055,756,1433,0.395,19.279,7.620
3905515805225,10002405,99.976,100.000,729600,729600,1728000,schedutil,306000000,306000000,1020000000,nvhost_podgov,0,3,,47000,48125,48031,47406,47343,48125,5055,756,1433,0.375,19.281,6.990
3905525786701,9981476,100.186,100.000,729600,729600,1728000,schedutil,306000000,306000000,1020000000,nvhost_podgov,0,3,,47031,48156,47968,47406,47375,48312,5055,756,1433,0.396,19.279,7.640
3905535796626,10009925,99.901,100.000,729600,729600,1728000,schedutil,306000000,306000000,1020000000,nvhost_podgov,0,3,,46875,48281,48093,47468,47312,48281,5055,756,1433,0.367,19.284,6.910
3905545791543,9994917,100.051,100.000,729600,729600,1728000,schedutil,306000000,306000000,1020000000,nvhost_podgov,0,3,,47062,48218,48031,47500,47375,48218,5055,756,1433,0.391,19.280,7.540
3905555796220,10004677,99.953,100.000,729600,729600,1728000,schedutil,306000000,306000000,1020000000,nvhost_podgov,0,3,,47031,48437,47968,47437,47375,48437,5055,756,1433,0.372,19.286,7.180
3905565785985,9989765,100.102,100.000,729600,729600,1728000,schedutil,306000000,306000000,1020000000,nvhost_podgov,0,3,,46937,48406,48000,47625,47437,48406,5055,756,1433,0.378,19.273,7.270
3905575795302,10009317,99.907,100.000,729600,729600,1728000,schedutil,306000000,306000000,1020000000,nvhost_podgov,0,3,,47187,48156,48093,47437,47437,48156,5055,756,1433,0.376,19.285,7.260
3905585792587,9997285,100.027,100.000,729600,729600,1728000,schedutil,306000000,306000000,1020000000,nvhost_podgov,0,3,,47125,48281,47937,47468,47437,48281,5055,756,1433,0.367,19.280,7.090
3905595793008,10000421,99.996,100.000,729600,729600,1728000,schedutil,306000000,306000000,1020000000,nvhost_podgov,0,3,,46968,48281,48000,47593,47406,48281,5055,756,1433,0.381,19.281,7.350
3905605793653,10000645,99.994,100.000,729600,729600,1728000,schedutil,306000000,306000000,1020000000,nvhost_podgov,0,3,,47156,48093,48031,47500,47437,48093,5055,756,1433,0.371,19.280,7.160
3905615804122,10010469,99.895,100.000,729600,729600,1728000,schedutil,306000000,306000000,1020000000,nvhost_podgov,0,3,,47156,48156,48062,47437,47343,48156,5055,756,1433,0.374,19.276,7.210
3905625794623,9990501,100.095,100.000,729600,729600,1728000,schedutil,306000000,306000000,1020000000,nvhost_podgov,0,3,,47000,48218,48000,47468,47281,48218,5055,756,1433,0.376,19.284,6.990
3905635787235,9992612,100.074,100.000,729600,729600,1728000,schedutil,306000000,306000000,1020000000,nvhost_podgov,0,3,,47062,48187,48062,47531,47468,48187,5055,756,1433,0.383,19.277,7.370
3905645795113,10007878,99.921,100.000,729600,729600,1728000,schedutil,306000000,306000000,1020000000,nvhost_podgov,0,3,,47062,48343,47968,47375,47343,48343,5055,756,1433,0.371,19.281,6.940
3905655804942,10009829,99.902,100.000,729600,729600,1728000,schedutil,306000000,306000000,1020000000,nvhost_podgov,0,3,,47062,48312,47937,47531,47375,48312,5055,756,1433,0.426,19.277,8.220
3905665799059,9994117,100.059,100.000,729600,729600,1728000,schedutil,306000000,306000000,1020000000,nvhost_podgov,0,3,,46906,48125,48062,47562,47437,48125,5055,756,1433,0.381,19.284,7.070
3905675787479,9988420,100.116,100.000,729600,729600,1728000,schedutil,306000000,306000000,1020000000,nvhost_podgov,0,3,,47062,48125,48062,47406,47406,48281,5055,756,1433,0.427,19.262,8.230
3905697080219,21292740,46.964,99.953,729600,729600,1728000,schedutil,306000000,306000000,1020000000,nvhost_podgov,0,3,,46937,48125,47937,47531,47375,48125,5055,756,1433,0.434,19.273,7.900
3905698668026,1587807,629.799,99.988,729600,729600,1728000,schedutil,306000000,306000000,1020000000,nvhost_podgov,0,3,,46968,48125,47937,47718,47375,48250,5055,756,1433,0.441,19.266,8.500
3905705795110,7127084,140.310,100.000,729600,729600,1728000,schedutil,306000000,306000000,1020000000,nvhost_podgov,0,3,,47093,48562,48093,47500,47406,48562,5055,756,1433,0.429,19.273,8.190
3905715793451,9998341,100.017,100.000,729600,729600,1728000,schedutil,306000000,306000000,1020000000,nvhost_podgov,0,3,,47031,48125,47906,47500,47375,48125,5055,756,1433,0.414,19.271,7.970
3905725790704,9997253,100.027,100.000,729600,729600,1728000,schedutil,306000000,306000000,1020000000,nvhost_podgov,0,3,,47062,48218,48062,47593,47375,48218,5055,756,1433,0.434,19.273,8.360
3905735795957,10005253,99.947,100.000,729600,729600,1728000,schedutil,306000000,306000000,1020000000,nvhost_podgov,0,3,,47125,48312,48000,47468,47343,48312,5055,756,1433,0.351,19.288,6.770
3905745799674,10003717,99.963,100.000,729600,729600,1728000,schedutil,306000000,306000000,1020000000,nvhost_podgov,0,3,,47062,48343,48062,47406,47312,48343,5055,756,1433,0.376,19.280,7.260
3905755798623,9998949,100.011,100.000,729600,729600,1728000,schedutil,306000000,306000000,1020000000,nvhost_podgov,0,3,,46937,48156,48093,47531,47343,48156,5055,756,1433,0.345,19.290,6.660
3905765795812,9997189,100.028,100.000,729600,729600,1728000,schedutil,306000000,306000000,1020000000,nvhost_podgov,0,3,,47125,48156,48031,47500,47375,48156,5055,756,1433,0.361,19.281,6.960
3905775799305,10003493,99.965,100.000,729600,729600,1728000,schedutil,306000000,306000000,1020000000,nvhost_podgov,0,3,,47062,48218,48062,47406,47375,48218,5055,756,1433,0.352,19.286,6.720
3905785794798,9995493,100.045,100.000,729600,729600,1728000,schedutil,306000000,306000000,1020000000,nvhost_podgov,0,3,,46968,48250,47937,47656,47343,48250,5055,756,1433,0.355,19.284,6.850
3905795794419,9999621,100.004,100.000,729600,729600,1728000,schedutil,306000000,306000000,1020000000,nvhost_podgov,0,3,,46937,48406,48062,47562,47375,48406,5055,716,1433,0.356,19.285,7.330
3905805793591,9999172,100.008,100.000,729600,729600,1728000,schedutil,306000000,306000000,1020000000,nvhost_podgov,0,3,,47062,48406,48031,47531,47437,48406,5055,716,1433,0.351,19.286,6.770
3905815791964,9998373,100.016,100.000,729600,729600,1728000,schedutil,306000000,306000000,1020000000,nvhost_podgov,0,3,,46968,48156,47968,47625,47343,48156,5055,716,1433,0.365,19.286,7.070
3905825791745,9999781,100.002,100.000,729600,729600,1728000,schedutil,306000000,306000000,1020000000,nvhost_podgov,0,3,,46968,48281,48156,47468,47343,48250,5055,716,1433,0.338,19.286,6.520
3905835785798,9994053,100.060,100.000,729600,729600,1728000,schedutil,306000000,306000000,1020000000,nvhost_podgov,0,3,,47218,48312,48031,47468,47343,48312,5055,716,1433,0.370,19.281,6.940
3905845795915,10010117,99.899,100.000,729600,729600,1728000,schedutil,306000000,306000000,1020000000,nvhost_podgov,0,3,,46968,48312,48031,47406,47375,48125,5055,716,1433,0.341,19.285,6.580
3905855795568,9999653,100.003,100.000,729600,729600,1728000,schedutil,306000000,306000000,1020000000,nvhost_podgov,0,3,,46906,48125,48093,47500,47281,48125,5055,716,1433,0.369,19.279,6.690
3905865796885,10001317,99.987,100.000,729600,729600,1728000,schedutil,306000000,306000000,1020000000,nvhost_podgov,0,3,,47156,48218,48000,47500,47375,48218,5055,716,1433,0.340,19.289,6.550
3905875786202,9989317,100.107,100.000,729600,729600,1728000,schedutil,306000000,306000000,1020000000,nvhost_podgov,0,3,,47031,48218,47937,47375,47312,48218,5055,716,1433,0.376,19.285,7.260
3905885794783,10008581,99.914,100.000,729600,729600,1728000,schedutil,306000000,306000000,1020000000,nvhost_podgov,0,3,,46968,48343,48187,47531,47375,48343,5055,716,1433,0.344,19.286,6.630
3905895789412,9994629,100.054,100.000,729600,729600,1728000,schedutil,306000000,306000000,1020000000,nvhost_podgov,0,3,,47156,48375,48062,47437,47406,48375,5055,716,1433,0.360,19.280,6.940
3905905795497,10006085,99.939,100.000,729600,729600,1728000,schedutil,306000000,306000000,1020000000,nvhost_podgov,0,3,,47062,48125,48062,47406,47375,48125,5055,716,1433,0.345,19.290,6.660
3905915792398,9996901,100.031,100.000,729600,729600,1728000,schedutil,306000000,306000000,1020000000,nvhost_podgov,0,3,,46937,48125,48031,47625,47312,48125,5055,716,1433,0.359,19.286,6.920
3905925791411,9999013,100.010,100.000,729600,729600,1728000,schedutil,306000000,306000000,1020000000,nvhost_podgov,0,3,,46968,48312,48125,47562,47500,48312,5055,716,1433,0.357,19.289,7.140
3905935793208,10001797,99.982,100.000,729600,729600,1728000,schedutil,306000000,306000000,1020000000,nvhost_podgov,0,3,,47062,48250,48031,47500,47437,48250,5055,716,1433,0.349,19.284,6.720
3905945787996,9994788,100.052,100.000,729600,729600,1728000,schedutil,306000000,306000000,1020000000,nvhost_podgov,0,3,,46968,48406,47968,47531,47343,48406,5055,716,1433,0.352,19.281,7.210
3905955794562,10006566,99.934,100.000,729600,729600,1728000,schedutil,306000000,306000000,1020000000,nvhost_podgov,0,3,,46906,48343,48062,47531,47406,48187,5055,716,1433,0.344,19.288,6.630
3905965791686,9997124,100.029,100.000,729600,729600,1728000,schedutil,306000000,306000000,1020000000,nvhost_podgov,0,3,,47187,48125,48000,47531,47343,48125,5055,716,1433,0.360,19.290,7.450
3905975792555,10000869,99.991,100.000,729600,729600,1728000,schedutil,306000000,306000000,1020000000,nvhost_podgov,0,3,,46906,48218,48000,47562,47375,48250,5055,716,1433,0.339,19.285,6.530
3905985791536,9998981,100.010,100.000,729600,729600,1728000,schedutil,306000000,306000000,1020000000,nvhost_podgov,0,3,,47062,48250,48125,47593,47406,48250,5055,716,1433,0.372,19.285,7.180
3905995798517,10006981,99.930,100.000,729600,729600,1728000,schedutil,306000000,306000000,1020000000,nvhost_podgov,0,3,,47062,48156,48000,47500,47375,48156,5055,716,1433,0.347,19.288,6.710
3906005795866,9997349,100.027,100.000,729600,729600,1728000,schedutil,306000000,306000000,1020000000,nvhost_podgov,0,3,,47000,48062,48000,47468,47375,48062,5055,716,1433,0.362,19.281,6.990
3906015798079,10002213,99.978,100.000,729600,729600,1728000,schedutil,306000000,306000000,1020000000,nvhost_podgov,0,3,,46968,48156,48062,47593,47375,48156,5055,716,1433,0.340,19.285,6.550
3906025795940,9997861,100.021,100.000,729600,729600,1728000,schedutil,306000000,306000000,1020000000,nvhost_podgov,0,3,,47156,48312,48062,47375,47437,48312,5055,716,1433,0.356,19.286,6.870
3906035791977,9996037,100.040,100.000,729600,729600,1728000,schedutil,306000000,306000000,1020000000,nvhost_podgov,0,3,,47062,48375,47968,47437,47375,48375,5055,716,1433,0.375,19.291,7.230
3906045798446,10006469,99.935,100.000,729600,729600,1728000,schedutil,306000000,306000000,1020000000,nvhost_podgov,0,3,,46937,48312,48062,47562,47375,48312,5015,716,1433,0.352,19.289,6.550
3906055790643,9992197,100.078,100.000,729600,729600,1728000,schedutil,306000000,306000000,1020000000,nvhost_podgov,0,3,,47093,48125,48062,47406,47437,48125,5015,716,1433,0.371,19.281,7.160
3906065795384,10004741,99.953,100.000,729600,729600,1728000,schedutil,306000000,306000000,1020000000,nvhost_podgov,0,3,,47062,48156,48062,47468,47281,48156,5015,716,1433,0.351,19.289,6.770
3906075786429,9991045,100.090,100.000,729600,729600,1728000,schedutil,306000000,306000000,1020000000,nvhost_podgov,0,3,,46968,48281,48125,47625,47343,48281,5015,716,1433,0.366,19.277,7.070
3906085795618,10009189,99.908,100.000,729600,729600,1728000,schedutil,306000000,306000000,1020000000,nvhost_podgov,0,3,,46875,48250,48062,47468,47468,48250,5015,715,1433,0.350,19.288,6.750
3906095792263,9996645,100.034,100.000,729600,729600,1728000,schedutil,306000000,306000000,1020000000,nvhost_podgov,0,3,,46968,48468,48000,47468,47500,48468,5015,715,1433,0.357,19.280,6.890
3906105794316,10002053,99.979,100.000,729600,729600,1728000,schedutil,306000000,306000000,1020000000,nvhost_podgov,0,3,,46968,48468,48031,47625,47406,48187,5015,715,1433,0.351,19.285,6.770
3906115786192,9991876,100.081,100.000,729600,729600,1728000,schedutil,306000000,306000000,1020000000,nvhost_podgov,0,3,,47125,48250,48062,47531,47500,48250,5015,715,1433,0.340,19.280,6.550
3906125796405,10010213,99.898,100.000,729600,729600,1728000,schedutil,306000000,306000000,1020000000,nvhost_podgov,0,3,,47187,48312,47968,47437,47437,48312,5015,715,1433,0.340,19.288,6.550
3906135795354,9998949,100.011,100.000,729600,729600,1728000,schedutil,306000000,306000000,1020000000,nvhost_podgov,0,3,,47000,48250,48031,47687,47437,48250,5015,715,1433,0.355,19.288,6.600
3906145791615,9996261,100.037,100.000,729600,729600,1728000,schedutil,306000000,306000000,1020000000,nvhost_podgov,0,3,,47218,48125,48062,47500,47437,48125,5015,716,1433,0.345,19.285,6.660
3906155793380,10001765,99.982,100.000,729600,729600,1728000,schedutil,306000000,306000000,1020000000,nvhost_podgov,0,3,,47093,48093,48031,47437,47375,48093,5015,716,1433,0.352,19.291,6.630
3906165799849,10006469,99.935,100.000,729600,729600,1728000,schedutil,306000000,306000000,1020000000,nvhost_podgov,0,3,,47031,48250,48000,47375,47312,48250,5015,716,1433,0.378,19.279,7.280
3906175802702,10002853,99.971,100.000,729600,729600,1728000,schedutil,306000000,306000000,1020000000,nvhost_podgov,0,3,,46968,48312,48062,47531,47437,48312,5055,716,1433,0.375,19.285,7.010
3906185792819,9990117,100.099,100.000,729600,729600,1728000,schedutil,306000000,306000000,1020000000,nvhost_podgov,0,3,,47093,48343,48000,47500,47343,48343,5055,716,1433,0.399,19.277,7.690
3906195797784,10004965,99.950,100.000,729600,729600,1728000,schedutil,306000000,306000000,1020000000,nvhost_podgov,0,3,,47062,48375,48000,47437,47437,48375,5055,756,1433,0.378,19.280,7.090
3906205788637,9990853,100.092,100.000,729600,729600,1728000,schedutil,306000000,306000000,1020000000,nvhost_podgov,0,3,,46968,48187,48031,47531,47375,48187,5055,756,1433,0.367,19.282,7.090
3906215810562,10021925,99.781,100.000,729600,729600,1728000,schedutil,306000000,306000000,1020000000,nvhost_podgov,0,3,,47031,48187,48031,47406,47468,48250,5095,756,1433,0.357,19.285,6.900
3906225794311,9983749,100.163,100.000,729600,729600,1728000,schedutil,306000000,306000000,1020000000,nvhost_podgov,0,3,,47062,48218,48062,47437,47375,48218,5095,756,1433,0.350,19.285,6.750
3906235793036,9998725,100.013,100.000,729600,729600,1728000,schedutil,306000000,306000000,1020000000,nvhost_podgov,0,3,,47000,48218,47968,47562,47343,48125,5095,756,1433,0.359,19.284,6.910
3906245792849,9999813,100.002,100.000,729600,729600,1728000,schedutil,306000000,306000000,1020000000,nvhost_podgov,0,3,,47187,48156,48062,47562,47500,48156,5095,756,1433,0.341,19.286,6.580
3906255786229,9993380,100.066,100.000,729600,729600,1728000,schedutil,306000000,306000000,1020000000,nvhost_podgov,0,3,,47093,48531,48062,47406,47437,48312,5095,756,1433,0.376,19.285,7.260
3906265794234,10008005,99.920,100.000,729600,729600,1728000,schedutil,306000000,306000000,1020000000,nvhost_podgov,0,3,,47000,48156,48000,47687,47375,48156,5095,756,1433,0.343,19.286,6.600
3906275792799,9998565,100.014,100.000,729600,729600,1728000,schedutil,306000000,306000000,1020000000,nvhost_podgov,0,3,,47250,48343,48031,47531,47406,48343,5095,756,1433,0.361,19.285,6.960
3906285800996,10008197,99.918,100.000,729600,729600,1728000,schedutil,306000000,306000000,1020000000,nvhost_podgov,0,3,,47125,48312,47968,47437,47406,48312,5095,756,1433,0.394,19.284,7.620
3906295807242,10006246,99.938,100.000,729600,729600,1728000,schedutil,306000000,306000000,1020000000,nvhost_podgov,0,3,,47062,48156,47968,47406,47406,48156,5095,756,1433,0.372,19.284,7.180
3906305791758,9984516,100.155,100.000,729600,729600,1728000,schedutil,306000000,306000000,1020000000,nvhost_podgov,0,3,,47031,48125,48062,47531,47406,48125,5095,756,1433,0.365,19.293,6.800
3906315791411,9999653,100.003,100.000,729600,729600,1728000,schedutil,306000000,306000000,1020000000,nvhost_podgov,0,3,,47062,48281,48031,47468,47437,48281,5095,756,1433,0.361,19.274,6.960
3906325795416,10004005,99.960,100.000,729600,729600,1728000,schedutil,306000000,306000000,1020000000,nvhost_podgov,0,3,,47125,48281,48062,47500,47375,48281,5095,756,1433,0.355,19.290,7.070
3906335806749,10011333,99.887,100.000,729600,729600,1728000,schedutil,306000000,306000000,1020000000,nvhost_podgov,0,3,,46968,48375,48031,47562,47375,48375,5095,756,1433,0.349,19.288,6.730
3906345798626,9991877,100.081,100.000,729600,729600,1728000,schedutil,306000000,306000000,1020000000,nvhost_podgov,0,3,,47062,48312,48000,47406,47375,48312,5095,756,1433,0.346,19.277,6.910
3906355794119,9995493,100.045,100.000,729600,729600,1728000,schedutil,306000000,306000000,1020000000,nvhost_podgov,0,3,,47062,48125,48031,47468,47406,48125,5095,756,1433,0.351,19.284,6.580
3906365792556,9998437,100.016,100.000,729600,729600,1728000,schedutil,306000000,306000000,1020000000,nvhost_podgov,0,3,,46937,48156,47968,47562,47375,48281,5095,756,1433,0.374,19.282,7.210
3906375806321,10013765,99.863,100.000,729600,729600,1728000,schedutil,306000000,306000000,1020000000,nvhost_podgov,0,3,,47187,48281,48062,47468,47437,48281,5095,756,1433,0.369,19.285,7.120
3906385810198,10003877,99.961,100.000,729600,729600,1728000,schedutil,306000000,306000000,1020000000,nvhost_podgov,0,3,,47156,48125,48031,47437,47343,48125,5095,756,1433,0.352,19.285,6.800
3906395797211,9987013,100.130,100.000,729600,729600,1728000,schedutil,306000000,306000000,1020000000,nvhost_podgov,0,3,,47031,48031,47937,47562,47468,48031,5095,756,1433,0.344,19.284,6.630
3906405786527,9989316,100.107,100.000,729600,729600,1728000,schedutil,306000000,306000000,1020000000,nvhost_podgov,0,3,,47187,48187,48093,47593,47375,48187,5095,756,1433,0.398,19.280,7.670
3906415796005,10009478,99.905,100.000,729600,729600,1728000,schedutil,306000000,306000000,1020000000,nvhost_podgov,0,3,,47156,48187,47937,47468,47375,48187,5095,756,1433,0.343,19.286,6.600
3906425794249,9998244,100.018,100.000,729600,729600,1728000,schedutil,306000000,306000000,1020000000,nvhost_podgov,0,3,,46968,48375,47968,47625,47406,48375,5095,756,1433,0.361,19.284,6.960
3906435793966,9999717,100.003,100.000,729600,729600,1728000,schedutil,306000000,306000000,1020000000,nvhost_podgov,0,3,,47031,48312,48062,47437,47437,48312,5095,756,1433,0.366,19.288,6.870
3906445793811,9999845,100.002,100.000,729600,729600,1728000,schedutil,306000000,306000000,1020000000,nvhost_podgov,0,3,,47093,48156,47968,47500,47406,48156,5095,756,1433,0.351,19.284,6.770
3906455794968,10001157,99.988,100.000,729600,729600,1728000,schedutil,306000000,306000000,1020000000,nvhost_podgov,0,3,,47062,48093,47968,47625,47375,48093,5095,756,1433,0.356,19.285,7.090
3906465804925,10009957,99.901,100.000,729600,729600,1728000,schedutil,306000000,306000000,1020000000,nvhost_podgov,0,3,,46906,48250,48093,47562,47406,48250,5095,756,1433,0.349,19.285,6.720
3906475793058,9988133,100.119,100.000,729600,729600,1728000,schedutil,306000000,306000000,1020000000,nvhost_podgov,0,3,,47062,48281,48062,47531,47312,48281,5095,756,1433,0.360,19.281,7.100
3906485795527,10002469,99.975,100.000,729600,729600,1728000,schedutil,306000000,306000000,1020000000,nvhost_podgov,0,3,,47000,48500,48031,47437,47343,48500,5095,756,1433,0.343,19.285,6.600
3906495786188,9990661,100.093,100.000,729600,729600,1728000,schedutil,306000000,306000000,1020000000,nvhost_podgov,0,3,,46937,48406,48093,47531,47375,48406,5095,756,1433,0.379,19.279,6.940
3906505795505,10009317,99.907,100.000,729600,729600,1728000,schedutil,306000000,306000000,1020000000,nvhost_podgov,0,3,,46906,48187,48031,47468,47375,48187,5095,756,1433,0.346,19.286,6.680
3906515793526,9998021,100.020,100.000,729600,729600,1728000,schedutil,306000000,306000000,1020000000,nvhost_podgov,0,3,,47062,48156,48031,47468,47343,48312,5095,756,1433,0.386,19.284,7.450
3906525794043,10000517,99.995,100.000,729600,729600,1728000,schedutil,306000000,306000000,1020000000,nvhost_podgov,0,3,,47000,48375,48156,47500,47437,48375,5055,756,1433,0.351,19.288,6.770
3906535794112,10000069,99.999,100.000,729600,729600,1728000,schedutil,306000000,306000000,1020000000,nvhost_podgov,0,3,,47218,48093,48000,47500,47437,48093,5055,756,1433,0.370,19.280,7.130
3906545794340,10000228,99.998,100.000,729600,729600,1728000,schedutil,306000000,306000000,1020000000,nvhost_podgov,0,3,,47125,48187,48000,47437,47406,48187,5055,755,1433,0.345,19.290,6.660
3906555796201,10001861,99.981,100.000,729600,729600,1728000,schedutil,306000000,306000000,1020000000,nvhost_podgov,0,3,,47000,48125,47968,47656,47375,48125,5055,755,1433,0.355,19.290,6.850
3906565791950,9995749,100.043,100.000,729600,729600,1728000,schedutil,306000000,306000000,1020000000,nvhost_podgov,0,3,,47218,48218,48062,47593,47437,48218,5055,755,1433,0.357,19.288,7.280
3906575794195,10002245,99.978,100.000,729600,729600,1728000,schedutil,306000000,306000000,1020000000,nvhost_podgov,0,3,,47062,48406,48062,47375,47343,48406,5055,756,1433,0.351,19.286,6.770
3906585786488,9992293,100.077,100.000,729600,729600,1728000,schedutil,306000000,306000000,1020000000,nvhost_podgov,0,3,,46937,48375,47968,47687,47406,48375,5055,756,1433,0.344,19.275,7.100
3906595806557,10020069,99.800,100.000,729600,729600,1728000,schedutil,306000000,306000000,1020000000,nvhost_podgov,0,3,,46968,48187,48062,47468,47468,48187,5055,756,1433,0.344,19.289,6.630
3906605802562,9996005,100.040,100.000,729600,729600,1728000,schedutil,306000000,306000000,1020000000,nvhost_podgov,0,3,,47000,48156,48062,47468,47406,48156,5055,756,1433,0.366,19.282,7.210
3906615803303,10000741,99.993,100.000,729600,729600,1728000,schedutil,306000000,306000000,1020000000,nvhost_podgov,0,3,,47062,48250,47968,47468,47375,48250,5055,756,1433,0.340,19.285,6.550
3906625789676,9986373,100.136,100.000,729600,729600,1728000,schedutil,306000000,306000000,1020000000,nvhost_podgov,0,3,,46968,48093,48062,47593,47312,48093,5055,756,1433,0.361,19.281,6.960
3906635797745,10008069,99.919,100.000,729600,729600,1728000,schedutil,306000000,306000000,1020000000,nvhost_podgov,0,3,,46968,48531,48031,47562,47500,48531,5055,756,1433,0.341,19.285,6.580
3906645795318,9997573,100.024,100.000,729600,729600,1728000,schedutil,306000000,306000000,1020000000,nvhost_podgov,0,3,,47031,48468,47937,47468,47437,48218,5055,756,1433,0.350,19.285,6.750
3906655795355,10000037,100.000,100.000,729600,729600,1728000,schedutil,306000000,306000000,1020000000,nvhost_podgov,0,3,,46968,48156,48125,47531,47375,48156,5055,756,1433,0.360,19.285,6.940
3906665812576,10017221,99.828,100.000,729600,729600,1728000,schedutil,306000000,306000000,1020000000,nvhost_podgov,0,3,,47156,48343,48062,47468,47437,48343,5055,756,1433,0.354,19.284,6.820
3906675806661,9994085,100.059,100.000,729600,729600,1728000,schedutil,306000000,306000000,1020000000,nvhost_podgov,0,3,,47156,48281,48031,47500,47406,48281,5055,756,1433,0.360,19.281,6.990
3906685795049,9988388,100.116,100.000,729600,729600,1728000,schedutil,306000000,306000000,1020000000,nvhost_podgov,0,3,,47000,48156,48000,47562,47468,48156,5055,756,1433,0.350,19.289,6.600
3906695793358,9998309,100.017,100.000,729600,729600,1728000,schedutil,306000000,306000000,1020000000,nvhost_podgov,0,3,,47125,48156,48062,47562,47437,48156,5055,756,1433,0.386,19.281,7.450
3906705807828,10014470,99.856,100.000,729600,729600,1728000,schedutil,306000000,306000000,1020000000,nvhost_podgov,0,3,,47062,48250,47968,47500,47375,48250,5055,756,1433,0.354,19.286,6.820
3906715797080,9989252,100.108,100.000,729600,729600,1728000,schedutil,306000000,306000000,1020000000,nvhost_podgov,0,3,,46968,48218,48031,47625,47437,48218,5055,756,1433,0.372,19.280,7.180
3906725797245,10000165,99.998,100.000,729600,729600,1728000,schedutil,306000000,306000000,1020000000,nvhost_podgov,0,3,,47031,48468,48062,47500,47468,48468,5055,756,1433,0.341,19.289,6.580
3906735795586,9998341,100.017,100.000,729600,729600,1728000,schedutil,306000000,306000000,1020000000,nvhost_podgov,0,3,,47093,48437,48062,47437,47468,48250,5055,756,1433,0.361,19.280,6.800
3906745797415,10001829,99.982,100.000,729600,729600,1728000,schedutil,306000000,306000000,1020000000,nvhost_podgov,0,3,,47062,48218,47906,47625,47500,48218,5055,756,1433,0.347,19.284,6.710
3906755796076,9998661,100.013,100.000,729600,729600,1728000,schedutil,306000000,306000000,1020000000,nvhost_podgov,0,3,,46937,48156,48062,47562,47468,48281,5055,756,1433,0.341,19.288,6.580
3906765792625,9996549,100.035,100.000,729600,729600,1728000,schedutil,306000000,306000000,1020000000,nvhost_podgov,0,3,,47062,48250,47968,47437,47375,48250,5055,756,1433,0.352,19.288,6.800
3906775796086,10003461,99.965,100.000,729600,729600,1728000,schedutil,306000000,306000000,1020000000,nvhost_podgov,0,3,,47062,48218,47937,47718,47375,48125,5055,756,1433,0.351,19.289,6.520
3906785786171,9990085,100.099,100.000,729600,729600,1728000,schedutil,306000000,306000000,1020000000,nvhost_podgov,0,3,,47000,48062,48062,47625,47343,48062,5055,756,1433,0.372,19.284,7.180
3906795795264,10009093,99.909,100.000,729600,729600,1728000,schedutil,306000000,306000000,1020000000,nvhost_podgov,0,3,,47125,48218,48093,47500,47437,48218,5055,756,1433,0.359,19.291,6.630
3906805794373,9999109,100.009,100.000,729600,729600,1728000,schedutil,306000000,306000000,1020000000,nvhost_podgov,0,3,,46968,48218,48000,47468,47375,48218,5055,756,1433,0.378,19.284,7.280
3906815797065,10002692,99.973,100.000,729600,729600,1728000,schedutil,306000000,306000000,1020000000,nvhost_podgov,0,3,,47031,48375,48125,47562,47375,48375,5055,756,1433,0.350,19.290,6.580
3906825786126,9989061,100.110,100.000,729600,729600,1728000,schedutil,306000000,306000000,1020000000,nvhost_podgov,0,3,,47125,48281,48093,47500,47406,48281,5055,756,1433,0.366,19.273,7.050
3906835811092,10024966,99.751,100.000,729600,729600,1728000,schedutil,306000000,306000000,1020000000,nvhost_podgov,0,3,,47156,48125,48062,47468,47375,48125,5055,755,1433,0.356,19.288,6.710
3906845794200,9983108,100.169,100.000,729600,729600,1728000,schedutil,306000000,306000000,1020000000,nvhost_podgov,0,3,,46937,48156,48125,47562,47406,48156,5055,755,1433,0.351,19.286,6.770
3906855794973,10000773,99.992,100.000,729600,729600,1728000,schedutil,306000000,306000000,1020000000,nvhost_podgov,0,3,,47031,48187,48062,47531,47406,48187,5055,755,1433,0.349,19.288,6.660
3906865793890,9998917,100.011,100.000,729600,729600,1728000,schedutil,306000000,306000000,1020000000,nvhost_podgov,0,3,,47062,48218,48062,47500,47406,48218,5055,755,1433,0.346,19.286,6.680
3906875791495,9997605,100.024,100.000,729600,729600,1728000,schedutil,306000000,306000000,1020000000,nvhost_podgov,0,3,,47000,48468,48000,47593,47375,48468,5055,755,1433,0.355,19.282,6.850
3906885793708,10002213,99.978,100.000,729600,729600,1728000,schedutil,306000000,306000000,1020000000,nvhost_podgov,0,3,,46968,48343,48062,47500,47406,48343,5055,756,1433,0.343,19.288,6.600
3906895791793,9998085,100.019,100.000,729600,729600,1728000,schedutil,306000000,306000000,1020000000,nvhost_podgov,0,3,,47093,48187,48000,47468,47468,48187,5055,756,1433,0.383,19.286,7.370
3906905807958,10016165,99.839,100.000,729600,729600,1728000,schedutil,306000000,306000000,1020000000,nvhost_podgov,0,3,,46968,48156,47968,47656,47406,48312,5055,756,1433,0.359,19.285,6.920
3906915787195,9979237,100.208,100.000,729600,729600,1728000,schedutil,306000000,306000000,1020000000,nvhost_podgov,0,3,,46937,48312,48093,47593,47437,48312,5055,756,1433,0.381,19.284,7.350
3906925793920,10006725,99.933,100.000,729600,729600,1728000,schedutil,306000000,306000000,1020000000,nvhost_podgov,0,3,,47187,48250,48062,47437,47406,48187,5055,756,1433,0.343,19.286,6.600
3906935791236,9997316,100.027,100.000,729600,729600,1728000,schedutil,306000000,306000000,1020000000,nvhost_podgov,0,3,,47000,48187,48031,47468,47375,48187,5055,756,1433,0.385,19.285,7.420
3906945795625,10004389,99.956,100.000,729600,729600,1728000,schedutil,306000000,306000000,1020000000,nvhost_podgov,0,3,,46968,48281,48125,47593,47312,48281,5055,756,1433,0.356,19.289,6.750
3906955797230,10001605,99.984,100.000,729600,729600,1728000,schedutil,306000000,306000000,1020000000,nvhost_podgov,0,3,,47125,48250,48031,47468,47468,48250,5055,756,1433,0.357,19.281,6.900
3906965796659,9999429,100.006,100.000,729600,729600,1728000,schedutil,306000000,306000000,1020000000,nvhost_podgov,0,3,,47093,48437,48062,47531,47437,48437,5055,756,1433,0.352,19.289,6.820
3906975793816,9997157,100.028,100.000,729600,729600,1728000,schedutil,306000000,306000000,1020000000,nvhost_podgov,0,3,,47000,48312,48062,47562,47437,48312,5055,756,1433,0.347,19.284,6.710
3906985792221,9998405,100.016,100.000,729600,729600,1728000,schedutil,306000000,306000000,1020000000,nvhost_podgov,0,3,,47062,48218,48062,47468,47500,48218,5055,756,1433,0.364,19.286,7.260
3906995794562,10002341,99.977,100.000,729600,729600,1728000,schedutil,306000000,306000000,1020000000,nvhost_podgov,0,3,,47062,48156,48000,47437,47406,48156,5055,756,1433,0.352,19.282,6.550
3907005788967,9994405,100.056,100.000,729600,729600,1728000,schedutil,306000000,306000000,1020000000,nvhost_podgov,0,3,,46968,48312,48031,47531,47312,48312,5055,756,1433,0.372,19.280,7.180
3907015793356,10004389,99.956,100.000,729600,729600,1728000,schedutil,306000000,306000000,1020000000,nvhost_podgov,0,3,,46968,48312,48062,47500,47437,48312,5055,756,1433,0.339,19.286,6.530
3907025789233,9995877,100.041,100.000,729600,729600,1728000,schedutil,306000000,306000000,1020000000,nvhost_podgov,0,3,,47062,48531,47937,47437,47375,48531,5055,756,1433,0.372,19.276,7.130
3907035795062,10005829,99.942,100.000,729600,729600,1728000,schedutil,306000000,306000000,1020000000,nvhost_podgov,0,3,,47031,48437,48000,47625,47343,48250,5055,756,1433,0.338,19.286,6.520
3907045786203,9991141,100.089,100.000,729600,729600,1728000,schedutil,306000000,306000000,1020000000,nvhost_podgov,0,3,,46906,48218,48062,47562,47468,48218,5055,756,1433,0.389,19.281,7.500
3907055795552,10009349,99.907,100.000,729600,729600,1728000,schedutil,306000000,306000000,1020000000,nvhost_podgov,0,3,,47250,48250,48000,47468,47375,48312,5055,756,1433,0.350,19.284,6.750
3907065792741,9997189,100.028,100.000,729600,729600,1728000,schedutil,306000000,306000000,1020000000,nvhost_podgov,0,3,,46937,48312,48062,47468,47406,48312,5055,756,1433,0.349,19.280,6.720
3907075792425,9999684,100.003,100.000,729600,729600,1728000,schedutil,306000000,306000000,1020000000,nvhost_podgov,0,3,,47218,48218,48000,47562,47281,48218,5055,756,1433,0.376,19.284,7.260
3907085792398,9999973,100.000,100.000,729600,729600,1728000,schedutil,306000000,306000000,1020000000,nvhost_podgov,0,3,,47156,48187,48062,47468,47500,48187,5055,756,1433,0.354,19.284,6.820
3907095792851,10000453,99.995,100.000,729600,729600,1728000,schedutil,306000000,306000000,1020000000,nvhost_podgov,0,3,,46968,48281,48031,47375,47437,48281,5055,756,1433,0.371,19.285,6.960
3907105806584,10013733,99.863,100.000,729600,729600,1728000,schedutil,306000000,306000000,1020000000,nvhost_podgov,0,3,,46968,48218,48125,47625,47343,48406,5055,756,1433,0.352,19.286,6.630
3907115786941,9980357,100.197,100.000,729600,729600,1728000,schedutil,306000000,306000000,1020000000,nvhost_podgov,0,3,,47062,48406,48031,47437,47500,48406,5055,756,1433,0.372,19.285,7.230
3907125793474,10006533,99.935,100.000,729600,729600,1728000,schedutil,306000000,306000000,1020000000,nvhost_podgov,0,3,,47062,48312,47937,47375,47343,48312,5055,756,1433,0.343,19.284,6.600
3907135792103,9998629,100.014,100.000,729600,729600,1728000,schedutil,306000000,306000000,1020000000,nvhost_podgov,0,3,,46968,48250,48031,47625,47375,48250,5055,756,1433,0.361,19.284,7.260
3907145793676,10001573,99.984,100.000,729600,729600,1728000,schedutil,306000000,306000000,1020000000,nvhost_podgov,0,3,,47062,48187,48031,47406,47437,48187,5055,716,1433,0.338,19.284,6.500
3907155788817,9995141,100.049,100.000,729600,729600,1728000,schedutil,306000000,306000000,1020000000,nvhost_podgov,0,3,,47062,48281,48000,47562,47375,48281,5055,716,1433,0.369,19.284,7.120
3907165793846,10005029,99.950,100.000,729600,729600,1728000,schedutil,306000000,306000000,1020000000,nvhost_podgov,0,3,,46968,48312,47906,47500,47406,48156,5055,716,1433,0.340,19.288,6.550
3907175794811,10000965,99.990,100.000,729600,729600,1728000,schedutil,306000000,306000000,1020000000,nvhost_podgov,0,3,,46937,48125,48000,47500,47343,48125,5055,716,1433,0.388,19.277,6.990
3907185799328,10004517,99.955,100.000,729600,729600,1728000,schedutil,306000000,306000000,1020000000,nvhost_podgov,0,3,,47031,48437,48031,47562,47375,48218,5055,716,1433,0.340,19.285,6.550
3907195804805,10005477,99.945,100.000,729600,729600,1728000,schedutil,306000000,306000000,1020000000,nvhost_podgov,0,3,,47000,48218,48031,47625,47375,48218,5055,716,1433,0.352,19.285,6.800
3907205794441,9989636,100.104,100.000,729600,729600,1728000,schedutil,306000000,306000000,1020000000,nvhost_podgov,0,3,,47187,48406,48062,47500,47437,48406,5055,716,1433,0.376,19.290,7.260
3907215793742,9999301,100.007,100.000,729600,729600,1728000,schedutil,306000000,306000000,1020000000,nvhost_podgov,0,3,,47156,48312,48000,47500,47406,48312,5055,716,1433,0.357,19.286,6.900
3907225792627,9998885,100.011,100.000,729600,729600,1728000,schedutil,306000000,306000000,1020000000,nvhost_podgov,0,3,,47062,48125,48000,47625,47406,48125,5055,716,1433,0.367,19.279,7.090
3907235794552,10001925,99.981,100.000,729600,729600,1728000,schedutil,306000000,306000000,1020000000,nvhost_podgov,0,3,,46968,48218,48156,47531,47437,48218,5055,716,1433,0.347,19.285,6.710
3907245789213,9994661,100.053,100.000,729600,729600,1728000,schedutil,306000000,306000000,1020000000,nvhost_podgov,0,3,,47093,48250,48031,47531,47375,48250,5055,716,1433,0.354,19.279,7.040
3907255794274,10005061,99.949,100.000,729600,729600,1728000,schedutil,306000000,306000000,1020000000,nvhost_podgov,0,3,,47062,48250,48000,47500,47343,48250,5055,756,1433,0.344,19.284,6.630
3907265793543,9999269,100.007,100.000,729600,729600,1728000,schedutil,306000000,306000000,1020000000,nvhost_podgov,0,3,,46937,48406,48093,47562,47312,48406,5055,756,1433,0.389,19.290,7.500
3907275794380,10000837,99.992,100.000,729600,729600,1728000,schedutil,306000000,306000000,1020000000,nvhost_podgov,0,3,,47125,48312,48062,47531,47406,48312,5055,716,1433,0.340,19.285,6.550
3907285788561,9994181,100.058,100.000,729600,729600,1728000,schedutil,306000000,306000000,1020000000,nvhost_podgov,0,3,,47000,48187,48062,47500,47375,48187,5055,716,1433,0.371,19.289,6.900
3907295810902,10022341,99.777,100.000,729600,729600,1728000,schedutil,306000000,306000000,1020000000,nvhost_podgov,0,3,,47062,48156,48125,47687,47343,48312,5055,716,1433,0.380,19.273,7.320
3907305813019,10002117,99.979,100.000,729600,729600,1728000,schedutil,306000000,306000000,1020000000,nvhost_podgov,0,3,,47031,48281,48031,47437,47406,48281,5055,716,1433,0.371,19.285,7.160
3907315795104,9982085,100.179,100.000,729600,729600,1728000,schedutil,306000000,306000000,1020000000,nvhost_podgov,0,3,,47093,48187,48031,47468,47343,48125,5055,756,1433,0.375,19.285,7.230
3907325793733,9998629,100.014,100.000,729600,729600,1728000,schedutil,306000000,306000000,1020000000,nvhost_podgov,0,3,,47062,48125,47968,47656,47343,48125,5055,756,1433,0.361,19.288,6.960
3907335796074,10002341,99.977,100.000,729600,729600,1728000,schedutil,306000000,306000000,1020000000,nvhost_podgov,0,3,,47218,48218,48062,47562,47500,48218,5055,756,1433,0.341,19.286,6.580
3907345794350,9998276,100.017,100.000,729600,729600,1728000,schedutil,306000000,306000000,1020000000,nvhost_podgov,0,3,,47125,48218,48000,47500,47375,48218,5055,756,1433,0.351,19.290,6.660
3907355792403,9998053,100.019,100.000,729600,729600,1728000,schedutil,306000000,306000000,1020000000,nvhost_podgov,0,3,,47062,48375,47968,47656,47375,48375,5055,756,1433,0.362,19.281,6.990
3907365793976,10001573,99.984,100.000,729600,729600,1728000,schedutil,306000000,306000000,1020000000,nvhost_podgov,0,3,,47156,48312,48062,47500,47468,48312,5055,756,1433,0.345,19.289,6.580
3907375787517,9993541,100.065,100.000,729600,729600,1728000,schedutil,306000000,306000000,1020000000,nvhost_podgov,0,3,,47125,48218,48062,47468,47375,48218,5055,756,1433,0.365,19.275,7.040
3907385795522,10008005,99.920,100.000,729600,729600,1728000,schedutil,306000000,306000000,1020000000,nvhost_podgov,0,3,,46937,48125,47937,47531,47406,48125,5055,716,1433,0.350,19.288,6.750
3907395804199,10008677,99.913,100.000,729600,729600,1728000,schedutil,306000000,306000000,1020000000,nvhost_podgov,0,3,,46968,48312,48156,47468,47437,48312,5055,716,1433,0.346,19.279,6.680
3907405797836,9993637,100.064,100.000,729600,729600,1728000,schedutil,306000000,306000000,1020000000,nvhost_podgov,0,3,,47062,48250,48062,47531,47468,48250,5055,716,1433,0.352,19.288,6.800
3907415786545,9988709,100.113,100.000,729600,729600,1728000,schedutil,306000000,306000000,1020000000,nvhost_podgov,0,3,,47031,48593,47968,47468,47406,48593,5055,716,1433,0.378,19.279,6.850
3907425803254,10016709,99.833,100.000,729600,729600,1728000,schedutil,306000000,306000000,1020000000,nvhost_podgov,0,3,,46968,48468,48218,47531,47406,48218,5055,716,1433,0.349,19.285,6.720
3907435793947,9990693,100.093,100.000,729600,729600,1728000,schedutil,306000000,306000000,1020000000,nvhost_podgov,0,3,,46937,48218,48062,47593,47437,48218,5055,716,1433,0.351,19.290,6.730
3907445802240,10008293,99.917,100.000,729600,729600,1728000,schedutil,306000000,306000000,1020000000,nvhost_podgov,0,3,,47062,48187,48000,47406,47437,48375,5055,716,1433,0.350,19.286,6.750
3907455796901,9994661,100.053,100.000,729600,729600,1728000,schedutil,306000000,306000000,1020000000,nvhost_podgov,0,3,,47031,48312,48031,47687,47312,48312,5055,716,1433,0.351,19.286,6.550
3907465794249,9997348,100.027,100.000,729600,729600,1728000,schedutil,306000000,306000000,1020000000,nvhost_podgov,0,3,,47156,48187,48031,47562,47406,48187,5055,716,1433,0.356,19.286,6.870
3907475796814,10002565,99.974,100.000,729600,729600,1728000,schedutil,306000000,306000000,1020000000,nvhost_podgov,0,3,,47187,48156,48031,47406,47468,48156,5055,716,1433,0.354,19.286,6.660
3907485794803,9997989,100.020,100.000,729600,729600,1728000,schedutil,306000000,306000000,1020000000,nvhost_podgov,0,3,,47000,48281,47937,47656,47375,48281,5055,716,1433,0.369,19.276,7.100
3907495809656,10014853,99.852,100.000,729600,729600,1728000,schedutil,306000000,306000000,1020000000,nvhost_podgov,0,3,,47250,48187,48031,47500,47437,48187,5055,716,1433,0.356,19.286,6.550
3907505788541,9978885,100.212,100.000,729600,729600,1728000,schedutil,306000000,306000000,1020000000,nvhost_podgov,0,3,,47093,48406,48031,47500,47312,48406,5055,716,1433,0.375,19.277,7.230
3907515796674,10008133,99.919,100.000,729600,729600,1728000,schedutil,306000000,306000000,1020000000,nvhost_podgov,0,3,,47000,48406,47937,47562,47437,48406,5055,716,1433,0.350,19.288,6.550
3907525788871,9992197,100.078,100.000,729600,729600,1728000,schedutil,306000000,306000000,1020000000,nvhost_podgov,0,3,,47062,48156,48125,47531,47375,48156,5055,716,1433,0.371,19.281,6.680
3907535794668,10005797,99.942,100.000,729600,729600,1728000,schedutil,306000000,306000000,1020000000,nvhost_podgov,0,3,,47093,48187,48031,47437,47406,48187,5055,716,1433,0.347,19.289,6.710
3907545793809,9999141,100.009,100.000,729600,729600,1728000,schedutil,306000000,306000000,1020000000,nvhost_podgov,0,3,,47031,48312,48000,47593,47312,48312,5055,716,1433,0.347,19.282,6.690
3907555792694,9998885,100.011,100.000,729600,729600,1728000,schedutil,306000000,306000000,1020000000,nvhost_podgov,0,3,,46937,48281,48093,47625,47375,48281,5055,716,1433,0.354,19.286,6.820
3907565793050,10000356,99.996,100.000,729600,729600,1728000,schedutil,306000000,306000000,1020000000,nvhost_podgov,0,3,,47062,48500,48062,47468,47437,48500,5055,716,1433,0.336,19.288,6.490
3907575788831,9995781,100.042,100.000,729600,729600,1728000,schedutil,306000000,306000000,1020000000,nvhost_podgov,0,3,,47000,48468,47906,47375,47406,48218,5055,716,1433,0.379,19.286,7.310
3907585794244,10005413,99.946,100.000,729600,729600,1728000,schedutil,306000000,306000000,1020000000,nvhost_podgov,0,3,,46906,48125,48125,47593,47343,48125,5055,716,1433,0.360,19.285,6.550
3907595803881,10009637,99.904,100.000,729600,729600,1728000,schedutil,306000000,306000000,1020000000,nvhost_podgov,0,3,,46937,48312,48062,47500,47375,48312,5055,716,1433,0.371,19.282,7.160
3907605808334,10004453,99.955,100.000,729600,729600,1728000,schedutil,306000000,306000000,1020000000,nvhost_podgov,0,3,,47000,48312,48062,47468,47468,48312,5055,716,1433,0.360,19.290,6.630
3907615790707,9982373,100.177,100.000,729600,729600,1728000,schedutil,306000000,306000000,1020000000,nvhost_podgov,0,3,,47000,48156,48156,47625,47343,48156,5055,716,1433,0.372,19.276,7.180
3907625795992,10005285,99.947,100.000,729600,729600,1728000,schedutil,306000000,306000000,1020000000,nvhost_podgov,0,3,,47156,48093,48062,47343,47437,48093,5055,716,1433,0.351,19.289,6.580
3907635794653,9998661,100.013,100.000,729600,729600,1728000,schedutil,306000000,306000000,1020000000,nvhost_podgov,0,3,,47125,48218,48062,47468,47437,48218,5055,716,1433,0.339,19.281,6.530
3907645793122,9998469,100.015,100.000,729600,729600,1728000,schedutil,306000000,306000000,1020000000,nvhost_podgov,0,3,,46968,48250,47968,47625,47312,48250,5055,716,1433,0.352,19.293,7.550
3907655793255,10000133,99.999,100.000,729600,729600,1728000,schedutil,306000000,306000000,1020000000,nvhost_podgov,0,3,,47218,48406,48125,47562,47406,48406,5055,716,1433,0.346,19.289,6.710
3907665794124,10000869,99.991,100.000,729600,729600,1728000,schedutil,306000000,306000000,1020000000,nvhost_podgov,0,3,,47093,48312,48000,47500,47437,48312,5055,716,1433,0.357,19.288,7.040
3907675816721,10022597,99.775,100.000,729600,729600,1728000,schedutil,306000000,306000000,1020000000,nvhost_podgov,0,3,,47031,48281,47937,47718,47375,48281,5055,716,1433,0.376,19.284,7.160
3907685794485,9977764,100.223,100.000,729600,729600,1728000,schedutil,306000000,306000000,1020000000,nvhost_podgov,0,3,,47062,48156,48093,47500,47437,48312,5055,716,1433,0.376,19.285,7.260
3907695795130,10000645,99.994,100.000,729600,729600,1728000,schedutil,306000000,306000000,1020000000,nvhost_podgov,0,3,,47062,48281,48031,47468,47437,48281,5055,756,1433,0.345,19.285,6.660
3907705788959,9993829,100.062,100.000,729600,729600,1728000,schedutil,306000000,306000000,1020000000,nvhost_podgov,0,3,,47125,48250,47937,47531,47406,48093,5055,756,1433,0.367,19.281,7.160
3907715793380,10004421,99.956,100.000,729600,729600,1728000,schedutil,306000000,306000000,1020000000,nvhost_podgov,0,3,,46937,48125,48062,47593,47437,48125,5055,756,1433,0.346,19.285,6.680
3907725786537,9993157,100.068,100.000,729600,729600,1728000,schedutil,306000000,306000000,1020000000,nvhost_podgov,0,3,,46937,48531,48031,47593,47406,48218,5055,756,1433,0.364,19.281,7.010
3907735797038,10010501,99.895,100.000,729600,729600,1728000,schedutil,306000000,306000000,1020000000,nvhost_podgov,0,3,,47031,48218,48031,47531,47375,48218,5055,756,1433,0.345,19.285,6.660
3907745793107,9996069,100.039,100.000,729600,729600,1728000,schedutil,306000000,306000000,1020000000,nvhost_podgov,0,3,,47031,48312,48125,47562,47406,48312,5055,756,1433,0.351,19.284,6.770
3907755794776,10001669,99.983,100.000,729600,729600,1728000,schedutil,306000000,306000000,1020000000,nvhost_podgov,0,3,,47187,48312,48000,47562,47406,48312,5055,716,1433,0.365,19.291,7.260
3907765794589,9999813,100.002,100.000,729600,729600,1728000,schedutil,306000000,306000000,1020000000,nvhost_podgov,0,3,,47062,48062,48000,47375,47406,48062,5055,716,1433,0.366,19.279,7.070
3907775792290,9997701,100.023,100.000,729600,729600,1728000,schedutil,306000000,306000000,1020000000,nvhost_podgov,0,3,,46968,48187,48031,47687,47437,48187,5055,756,1433,0.378,19.280,7.450
3907785792807,10000517,99.995,100.000,729600,729600,1728000,schedutil,306000000,306000000,1020000000,nvhost_podgov,0,3,,47187,48281,48031,47562,47468,48281,5055,756,1433,0.371,19.280,7.160
3907795793900,10001093,99.989,100.000,729600,729600,1728000,schedutil,306000000,306000000,1020000000,nvhost_podgov,0,3,,47062,48250,48031,47500,47375,48250,5055,756,1433,0.379,19.273,7.420
3907805794992,10001092,99.989,100.000,729600,729600,1728000,schedutil,306000000,306000000,1020000000,nvhost_podgov,0,3,,46937,48468,47937,47593,47375,48468,5055,716,1433,0.360,19.280,6.940
3907815786837,9991845,100.082,100.000,729600,729600,1728000,schedutil,306000000,306000000,1020000000,nvhost_podgov,0,3,,47062,48437,48062,47562,47375,48437,5055,716,1433,0.398,19.274,7.350
3907825795930,10009093,99.909,100.000,729600,729600,1728000,schedutil,306000000,306000000,1020000000,nvhost_podgov,0,3,,47062,48218,48062,47437,47437,48218,5055,716,1433,0.361,19.282,6.960
3907835793023,9997093,100.029,100.000,729600,729600,1728000,schedutil,306000000,306000000,1020000000,nvhost_podgov,0,3,,46937,48187,47968,47625,47312,48343,5055,716,1433,0.399,19.277,7.480
3907845808996,10015973,99.841,100.000,729600,729600,1728000,schedutil,306000000,306000000,1020000000,nvhost_podgov,0,3,,46937,48312,48062,47500,47406,48312,5055,716,1433,0.359,19.281,6.910
3907855797737,9988741,100.113,100.000,729600,729600,1728000,schedutil,306000000,306000000,1020000000,nvhost_podgov,0,3,,47093,48218,48062,47562,47343,48218,5055,716,1433,0.370,19.281,7.130
3907865796078,9998341,100.017,100.000,729600,729600,1728000,schedutil,306000000,306000000,1020000000,nvhost_podgov,0,3,,47000,48156,47968,47656,47375,48156,5055,716,1433,0.372,19.282,7.180
3907875794003,9997925,100.021,100.000,729600,729600,1728000,schedutil,306000000,306000000,1020000000,nvhost_podgov,0,3,,47000,48250,48062,47531,47375,48250,5055,716,1433,0.374,19.284,7.210
3907885793016,9999013,100.010,100.000,729600,729600,1728000,schedutil,306000000,306000000,1020000000,nvhost_podgov,0,3,,47156,48218,48093,47468,47437,48218,5055,716,1433,0.379,19.281,7.540
3907895794557,10001541,99.985,100.000,729600,729600,1728000,schedutil,306000000,306000000,1020000000,nvhost_podgov,0,3,,47093,48406,48031,47718,47406,48406,5055,716,1433,0.371,19.280,7.160
3907905789633,9995076,100.049,100.000,729600,729600,1728000,schedutil,306000000,306000000,1020000000,nvhost_podgov,0,3,,47031,48343,48031,47562,47343,48343,5055,716,1433,0.367,19.274,7.540
3907915794502,10004869,99.951,100.000,729600,729600,1728000,schedutil,306000000,306000000,1020000000,nvhost_podgov,0,3,,47250,48218,48062,47500,47468,48218,5055,716,1433,0.364,19.277,7.010
3907925791755,9997253,100.027,100.000,729600,729600,1728000,schedutil,306000000,306000000,1020000000,nvhost_podgov,0,3,,47187,48125,48031,47468,47375,48125,5055,716,1433,0.398,19.280,7.670
3907935793840,10002085,99.979,100.000,729600,729600,1728000,schedutil,306000000,306000000,1020000000,nvhost_podgov,0,3,,46968,48281,48000,47656,47375,48281,5055,756,1433,0.360,19.279,6.940
3907945797173,10003333,99.967,100.000,729600,729600,1728000,schedutil,306000000,306000000,1020000000,nvhost_podgov,0,3,,47062,48281,48031,47500,47437,48281,5055,756,1433,0.380,19.282,7.070
3907955795930,9998757,100.012,100.000,729600,729600,1728000,schedutil,306000000,306000000,1020000000,nvhost_podgov,0,3,,47062,48500,48062,47406,47437,48500,5055,716,1433,0.347,19.280,6.690
3907965794047,9998117,100.019,100.000,729600,729600,1728000,schedutil,306000000,306000000,1020000000,nvhost_podgov,0,3,,47000,48406,48062,47500,47343,48218,5055,716,1433,0.391,19.277,7.350
3907975794372,10000325,99.997,100.000,729600,729600,1728000,schedutil,306000000,306000000,1020000000,nvhost_podgov,0,3,,46968,48218,48062,47531,47437,48218,5055,716,1433,0.361,19.280,6.960
3907985794569,10000197,99.998,100.000,729600,729600,1728000,schedutil,306000000,306000000,1020000000,nvhost_podgov,0,3,,47062,48250,48000,47437,47406,48312,5055,716,1433,0.367,19.281,7.010
3907995794382,9999813,100.002,100.000,729600,729600,1728000,schedutil,306000000,306000000,1020000000,nvhost_podgov,0,3,,47062,48281,47906,47625,47343,48281,5055,716,1433,0.366,19.279,7.070
3908005793555,9999173,100.008,100.000,729600,729600,1728000,schedutil,306000000,306000000,1020000000,nvhost_podgov,0,3,,46875,48156,48187,47500,47343,48187,5055,716,1433,0.374,19.285,7.090
3908015788791,9995236,100.048,100.000,729600,729600,1728000,schedutil,306000000,306000000,1020000000,nvhost_podgov,0,3,,47187,48156,48062,47437,47343,48156,5055,716,1433,0.393,19.280,7.560
3908025795293,10006502,99.935,100.000,729600,729600,1728000,schedutil,306000000,306000000,1020000000,nvhost_podgov,0,3,,47062,48250,47968,47500,47343,48250,5055,716,1433,0.366,19.284,7.040
3908035787169,9991876,100.081,100.000,729600,729600,1728000,schedutil,306000000,306000000,1020000000,nvhost_podgov,0,3,,46968,48218,48187,47531,47281,48218,5055,716,1433,0.385,19.274,7.420
3908045808839,10021670,99.784,100.000,729600,729600,1728000,schedutil,306000000,306000000,1020000000,nvhost_podgov,0,3,,47218,48406,48031,47593,47406,48406,5055,716,1433,0.362,19.276,6.990
3908055801035,9992196,100.078,100.000,729600,729600,1728000,schedutil,306000000,306000000,1020000000,nvhost_podgov,0,3,,47062,48343,48031,47531,47343,48343,5055,716,1433,0.378,19.275,7.640
3908065798096,9997061,100.029,100.000,729600,729600,1728000,schedutil,306000000,306000000,1020000000,nvhost_podgov,0,3,,47000,48281,48156,47500,47406,48281,5055,716,1433,0.370,19.280,7.130
3908075795221,9997125,100.029,100.000,729600,729600,1728000,schedutil,306000000,306000000,1020000000,nvhost_podgov,0,3,,47125,48156,48062,47500,47343,48343,5055,716,1433,0.401,19.279,7.300
3908085804026,10008805,99.912,100.000,729600,729600,1728000,schedutil,306000000,306000000,1020000000,nvhost_podgov,0,3,,47156,48312,48031,47468,47375,48312,5055,716,1433,0.369,19.281,7.100
3908095794687,9990661,100.093,100.000,729600,729600,1728000,schedutil,306000000,306000000,1020000000,nvhost_podgov,0,3,,46937,48312,47968,47593,47406,48312,5055,716,1433,0.375,19.280,6.960
3908105792356,9997669,100.023,100.000,729600,729600,1728000,schedutil,306000000,306000000,1020000000,nvhost_podgov,0,3,,46968,48093,48062,47562,47437,48093,5055,716,1433,0.390,19.280,7.510
3908115806921,10014565,99.855,100.000,729600,729600,1728000,schedutil,306000000,306000000,1020000000,nvhost_podgov,0,3,,47062,48500,48062,47468,47437,48281,5055,716,1433,0.381,19.284,6.990
3908125795310,9988389,100.116,100.000,729600,729600,1728000,schedutil,306000000,306000000,1020000000,nvhost_podgov,0,3,,47062,48218,47968,47625,47375,48218,5055,716,1433,0.406,19.280,7.830
3908135795379,10000069,99.999,100.000,729600,729600,1728000,schedutil,306000000,306000000,1020000000,nvhost_podgov,0,3,,46968,48375,48062,47500,47500,48375,5055,716,1433,0.372,19.281,6.940
3908145792407,9997028,100.030,100.000,729600,729600,1728000,schedutil,306000000,306000000,1020000000,nvhost_podgov,0,3,,47156,48312,48000,47500,47437,48312,5055,716,1433,0.385,19.271,7.420
3908155796636,10004229,99.958,100.000,729600,729600,1728000,schedutil,306000000,306000000,1020000000,nvhost_podgov,0,3,,47031,48187,48000,47468,47468,48187,5055,716,1433,0.374,19.286,6.960
3908165788385,9991749,100.083,100.000,729600,729600,1728000,schedutil,306000000,306000000,1020000000,nvhost_podgov,0,3,,46906,48187,48125,47562,47406,48187,5055,716,1433,0.388,19.280,7.180
3908175799462,10011077,99.889,100.000,729600,729600,1728000,schedutil,306000000,306000000,1020000000,nvhost_podgov,0,3,,47156,48281,48062,47406,47437,48281,5055,716,1433,0.376,19.285,7.350
3908185807883,10008421,99.916,100.000,729600,729600,1728000,schedutil,306000000,306000000,1020000000,nvhost_podgov,0,3,,47031,48312,48000,47468,47468,48312,5055,716,1433,0.383,19.281,7.370
3908195795824,9987941,100.121,100.000,729600,729600,1728000,schedutil,306000000,306000000,1020000000,nvhost_podgov,0,3,,46968,48406,48062,47562,47406,48406,5055,716,1433,0.378,19.279,7.280
3908205793973,9998149,100.019,100.000,729600,729600,1728000,schedutil,306000000,306000000,1020000000,nvhost_podgov,0,3,,47093,48437,48031,47375,47500,48437,5055,716,1433,0.365,19.284,7.040
3908215786490,9992517,100.075,100.000,729600,729600,1728000,schedutil,306000000,306000000,1020000000,nvhost_podgov,0,3,,47093,48156,48000,47468,47406,48156,5055,716,1433,0.407,19.285,7.860
3908225810879,10024389,99.757,100.000,729600,729600,1728000,schedutil,306000000,306000000,1020000000,nvhost_podgov,0,3,,47000,48218,47968,47656,47343,48218,5055,716,1433,0.388,19.281,7.260
3908235786692,9975813,100.242,100.000,729600,729600,1728000,schedutil,306000000,306000000,1020000000,nvhost_podgov,0,3,,47093,48250,48093,47437,47406,48250,5055,716,1433,0.401,19.281,7.730
3908245793577,10006885,99.931,100.000,729600,729600,1728000,schedutil,306000000,306000000,1020000000,nvhost_podgov,0,3,,47062,48312,47968,47500,47437,48156,5055,716,1433,0.361,19.282,6.960
3908255793037,9999460,100.005,100.000,729600,729600,1728000,schedutil,306000000,306000000,1020000000,nvhost_podgov,0,3,,47000,48062,48000,47562,47406,48062,5055,716,1433,0.400,19.284,7.720
3908265795346,10002309,99.977,100.000,729600,729600,1728000,schedutil,306000000,306000000,1020000000,nvhost_podgov,0,3,,46937,48125,48125,47500,47406,48187,5055,716,1433,0.381,19.286,6.940
3908275794263,9998917,100.011,100.000,729600,729600,1728000,schedutil,306000000,306000000,1020000000,nvhost_podgov,0,3,,47250,48250,48093,47468,47343,48250,5055,716,1433,0.371,19.274,7.160
3908285795612,10001349,99.987,100.000,729600,729600,1728000,schedutil,306000000,306000000,1020000000,nvhost_podgov,0,3,,47031,48406,48031,47656,47500,48406,5055,716,1433,0.371,19.286,7.780
3908295793729,9998117,100.019,100.000,729600,729600,1728000,schedutil,306000000,306000000,1020000000,nvhost_podgov,0,3,,47281,48343,48062,47593,47406,48343,5055,716,1433,0.369,19.280,7.100
3908305792326,9998597,100.014,100.000,729600,729600,1728000,schedutil,306000000,306000000,1020000000,nvhost_podgov,0,3,,47218,48156,48031,47531,47437,48156,5055,716,1433,0.403,19.280,7.690
3908315818955,10026629,99.734,100.000,729600,729600,1728000,schedutil,306000000,306000000,1020000000,nvhost_podgov,0,3,,47062,48156,47968,47687,47406,48156,5055,716,1433,0.405,19.273,7.810
3908325794224,9975269,100.248,100.000,729600,729600,1728000,schedutil,306000000,306000000,1020000000,nvhost_podgov,0,3,,47093,48281,48062,47562,47468,48281,5055,716,1433,0.380,19.275,7.860
3908335792917,9998693,100.013,100.000,729600,729600,1728000,schedutil,306000000,306000000,1020000000,nvhost_podgov,0,3,,47093,48250,48031,47531,47406,48093,5055,756,1433,0.366,19.280,7.070
3908345788570,9995653,100.043,100.000,729600,729600,1728000,schedutil,306000000,306000000,1020000000,nvhost_podgov,0,3,,47062,48437,48000,47656,47375,48437,5055,756,1433,0.404,19.276,7.780
3908355808575,10020005,99.800,100.000,729600,729600,1728000,schedutil,306000000,306000000,1020000000,nvhost_podgov,0,3,,47000,48437,48062,47562,47312,48437,5055,716,1433,0.360,19.282,6.940
3908365795204,9986629,100.134,100.000,729600,729600,1728000,schedutil,306000000,306000000,1020000000,nvhost_podgov,0,3,,47093,48187,48062,47500,47437,48187,5055,716,1433,0.391,19.277,7.180
3908375792936,9997732,100.023,100.000,729600,729600,1728000,schedutil,306000000,306000000,1020000000,nvhost_podgov,0,3,,47062,48281,48062,47468,47375,48343,5055,716,1433,0.366,19.279,7.070
3908385794317,10001381,99.986,100.000,729600,729600,1728000,schedutil,306000000,306000000,1020000000,nvhost_podgov,0,3,,46937,48343,47968,47593,47375,48343,5055,716,1433,0.378,19.282,7.280
3908395793042,9998725,100.013,100.000,729600,729600,1728000,schedutil,306000000,306000000,1020000000,nvhost_podgov,0,3,,46937,48281,48062,47437,47437,48187,5055,716,1433,0.375,19.276,7.490
3908405796919,10003877,99.961,100.000,729600,729600,1728000,schedutil,306000000,306000000,1020000000,nvhost_podgov,0,3,,47062,48156,48062,47468,47437,48156,5055,716,1433,0.365,19.280,7.040
3908415790716,9993797,100.062,100.000,729600,729600,1728000,schedutil,306000000,306000000,1020000000,nvhost_podgov,0,3,,46937,48187,47968,47718,47437,48187,5055,716,1433,0.395,19.276,7.260
3908425799393,10008677,99.913,100.000,729600,729600,1728000,schedutil,306000000,306000000,1020000000,nvhost_podgov,0,3,,47187,48156,48062,47562,47437,48156,5055,716,1433,0.364,19.281,7.010
3908435793158,9993765,100.062,100.000,729600,729600,1728000,schedutil,306000000,306000000,1020000000,nvhost_podgov,0,3,,47156,48375,48062,47500,47437,48375,5055,716,1433,0.379,19.269,7.050
3908445796267,10003109,99.969,100.000,729600,729600,1728000,schedutil,306000000,306000000,1020000000,nvhost_podgov,0,3,,46968,48343,48062,47625,47406,48343,5055,716,1433,0.356,19.281,6.870
3908455789232,9992965,100.070,100.000,729600,729600,1728000,schedutil,306000000,306000000,1020000000,nvhost_podgov,0,3,,47218,48156,48062,47531,47406,48156,5055,716,1433,0.390,19.279,7.300
3908465795221,10005989,99.940,100.000,729600,729600,1728000,schedutil,306000000,306000000,1020000000,nvhost_podgov,0,3,,47062,48125,47968,47500,47468,48125,5055,716,1433,0.365,19.285,7.040
3908475795834,10000613,99.994,100.000,729600,729600,1728000,schedutil,306000000,306000000,1020000000,nvhost_podgov,0,3,,47093,48281,48062,47500,47406,48281,5055,716,1433,0.384,19.281,7.400
3908485796478,10000644,99.994,100.000,729600,729600,1728000,schedutil,306000000,306000000,1020000000,nvhost_podgov,0,3,,46968,48187,48093,47593,47375,48187,5055,716,1433,0.370,19.282,7.130
3908495794979,9998501,100.015,100.000,729600,729600,1728000,schedutil,306000000,306000000,1020000000,nvhost_podgov,0,3,,47093,48031,48000,47500,47375,48031,5055,716,1433,0.372,19.284,7.040
3908505792168,9997189,100.028,100.000,729600,729600,1728000,schedutil,306000000,306000000,1020000000,nvhost_podgov,0,3,,47031,48500,48031,47500,47375,48156,5055,716,1433,0.378,19.284,7.280
3908515793677,10001509,99.985,100.000,729600,729600,1728000,schedutil,306000000,306000000,1020000000,nvhost_podgov,0,3,,46968,48187,48125,47531,47375,48187,5055,716,1433,0.371,19.282,7.160
3908525794770,10001093,99.989,100.000,729600,729600,1728000,schedutil,306000000,306000000,1020000000,nvhost_podgov,0,3,,46968,48218,48031,47500,47437,48312,5055,716,1433,0.401,19.281,7.730
3908535795511,10000741,99.993,100.000,729600,729600,1728000,schedutil,306000000,306000000,1020000000,nvhost_podgov,0,3,,47000,48312,48062,47500,47375,48312,5055,716,1433,0.376,19.286,7.260
3908545801276,10005765,99.942,100.000,729600,729600,1728000,schedutil,306000000,306000000,1020000000,nvhost_podgov,0,3,,47000,48187,48031,47562,47375,48187,5055,716,1433,0.398,19.284,7.670
3908555797345,9996069,100.039,100.000,729600,729600,1728000,schedutil,306000000,306000000,1020000000,nvhost_podgov,0,3,,47187,48187,48062,47531,47468,48187,5055,716,1433,0.365,19.279,7.040
3908565786181,9988836,100.112,100.000,729600,729600,1728000,schedutil,306000000,306000000,1020000000,nvhost_podgov,0,3,,47125,48250,48031,47468,47406,48250,5055,716,1433,0.389,19.277,7.490
3908575796651,10010470,99.895,100.000,729600,729600,1728000,schedutil,306000000,306000000,1020000000,nvhost_podgov,0,3,,47000,48218,48062,47562,47406,48218,5055,716,1433,0.366,19.280,7.070
3908585803440,10006789,99.932,100.000,729600,729600,1728000,schedutil,306000000,306000000,1020000000,nvhost_podgov,0,3,,47187,48375,48062,47625,47437,48375,5055,716,1433,0.376,19.281,7.230
3908595794836,9991396,100.086,100.000,729600,729600,1728000,schedutil,306000000,306000000,1020000000,nvhost_podgov,0,3,,47156,48406,48062,47468,47406,48406,5055,716,1433,0.376,19.281,7.260
3908605795353,10000517,99.995,100.000,729600,729600,1728000,schedutil,306000000,306000000,1020000000,nvhost_podgov,0,3,,46968,48093,47937,47656,47406,48093,5055,716,1433,0.376,19.282,6.940
3908615792766,9997413,100.026,100.000,729600,729600,1728000,schedutil,306000000,306000000,1020000000,nvhost_podgov,0,3,,47031,48125,48062,47562,47468,48312,5055,716,1433,0.379,19.279,7.300
3908625793443,10000677,99.993,100.000,729600,729600,1728000,schedutil,306000000,306000000,1020000000,nvhost_podgov,0,3,,47093,48187,48031,47468,47468,48187,5055,716,1433,0.367,19.281,7.040
3908635787240,9993797,100.062,100.000,729600,729600,1728000,schedutil,306000000,306000000,1020000000,nvhost_podgov,0,3,,47031,48250,48031,47625,47406,48250,5055,716,1433,0.390,19.274,7.510
3908645796365,10009125,99.909,100.000,729600,729600,1728000,schedutil,306000000,306000000,1020000000,nvhost_podgov,0,3,,46906,48218,48062,47468,47437,48218,5055,716,1433,0.374,19.281,6.910
3908655794194,9997829,100.022,100.000,729600,729600,1728000,schedutil,306000000,306000000,1020000000,nvhost_podgov,0,3,,47062,48500,48062,47562,47468,48187,5055,716,1433,0.400,19.281,7.720
3908665796983,10002789,99.972,100.000,729600,729600,1728000,schedutil,306000000,306000000,1020000000,nvhost_podgov,0,3,,47031,48343,48000,47781,47468,48343,5055,716,1433,0.364,19.284,6.940
3908675821084,10024101,99.760,100.000,729600,729600,1728000,schedutil,306000000,306000000,1020000000,nvhost_podgov,0,3,,47031,48343,47968,47593,47375,48343,5055,716,1433,0.389,19.276,7.490
3908685796608,9975524,100.245,100.000,729600,729600,1728000,schedutil,306000000,306000000,1020000000,nvhost_podgov,0,3,,47187,48343,48031,47562,47437,48343,5055,716,1433,0.367,19.289,7.090
3908695811814,10015206,99.848,100.000,729600,729600,1728000,schedutil,306000000,306000000,1020000000,nvhost_podgov,0,3,,47062,48250,47968,47468,47468,48250,5055,716,1433,0.372,19.276,7.180
3908705794730,9982916,100.171,100.000,729600,729600,1728000,schedutil,306000000,306000000,1020000000,nvhost_podgov,0,3,,47000,48125,48062,47625,47406,48125,5055,756,1433,0.380,19.270,7.320
3908715795279,10000549,99.995,100.000,729600,729600,1728000,schedutil,306000000,306000000,1020000000,nvhost_podgov,0,3,,47312,48312,48062,47468,47437,48312,5055,756,1433,0.376,19.280,7.040
3908725786324,9991045,100.090,100.000,729600,729600,1728000,schedutil,306000000,306000000,1020000000,nvhost_podgov,0,3,,47156,48250,47937,47437,47375,48250,5055,756,1433,0.395,19.284,7.620
3908735794713,10008389,99.916,100.000,729600,729600,1728000,schedutil,306000000,306000000,1020000000,nvhost_podgov,0,3,,46937,48562,48031,47625,47437,48562,5055,756,1433,0.364,19.281,7.010
3908745792478,9997765,100.022,100.000,729600,729600,1728000,schedutil,306000000,306000000,1020000000,nvhost_podgov,0,3,,47156,48406,48062,47437,47437,48406,5055,756,1433,0.378,19.279,7.280
3908755793571,10001093,99.989,100.000,729600,729600,1728000,schedutil,306000000,306000000,1020000000,nvhost_podgov,0,3,,47093,48187,48062,47500,47437,48187,5055,756,1433,0.372,19.285,6.940
3908765786727,9993156,100.068,100.000,729600,729600,1728000,schedutil,306000000,306000000,1020000000,nvhost_podgov,0,3,,47062,48250,47906,47687,47375,48312,5055,756,1433,0.403,19.274,7.760
3908775795885,10009158,99.909,100.000,729600,729600,1728000,schedutil,306000000,306000000,1020000000,nvhost_podgov,0,3,,46968,48312,48093,47531,47500,48312,5055,756,1433,0.375,19.284,7.040
3908785792401,9996516,100.035,100.000,729600,729600,1728000,schedutil,306000000,306000000,1020000000,nvhost_podgov,0,3,,47031,48312,48062,47500,47406,48250,5055,756,1433,0.366,19.281,7.070
3908795793014,10000613,99.994,100.000,729600,729600,1728000,schedutil,306000000,306000000,1020000000,nvhost_podgov,0,3,,47000,48250,48031,47437,47406,48250,5055,716,1433,0.370,19.276,7.590
3908805792731,9999717,100.003,100.000,729600,729600,1728000,schedutil,306000000,306000000,1020000000,nvhost_podgov,0,3,,46937,48156,48093,47531,47406,48218,5055,716,1433,0.361,19.282,6.960
3908815793184,10000453,99.995,100.000,729600,729600,1728000,schedutil,306000000,306000000,1020000000,nvhost_podgov,0,3,,46968,48156,48000,47500,47375,48156,5055,716,1433,0.379,19.281,7.420
3908825793061,9999877,100.001,100.000,729600,729600,1728000,schedutil,306000000,306000000,1020000000,nvhost_podgov,0,3,,46968,48437,48000,47468,47468,48437,5055,716,1433,0.362,19.281,6.990
3908835785962,9992901,100.071,100.000,729600,729600,1728000,schedutil,306000000,306000000,1020000000,nvhost_podgov,0,3,,46937,48437,48125,47562,47406,48437,5055,716,1433,0.390,19.281,7.510
3908845796975,10011013,99.890,100.000,729600,729600,1728000,schedutil,306000000,306000000,1020000000,nvhost_podgov,0,3,,47156,48187,48062,47593,47343,48187,5055,716,1433,0.360,19.281,6.940
3908855792052,9995077,100.049,100.000,729600,729600,1728000,schedutil,306000000,306000000,1020000000,nvhost_podgov,0,3,,47156,48187,48000,47468,47375,48187,5055,716,1433,0.380,19.277,7.320
3908865794233,10002181,99.978,100.000,729600,729600,1728000,schedutil,306000000,306000000,1020000000,nvhost_podgov,0,3,,46968,48312,48000,47593,47375,48312,5055,716,1433,0.359,19.282,6.910
3908875788765,9994532,100.055,100.000,729600,729600,1728000,schedutil,306000000,306000000,1020000000,nvhost_podgov,0,3,,47125,48312,48125,47562,47437,48312,5055,716,1433,0.384,19.276,7.400
3908885794658,10005893,99.941,100.000,729600,729600,1728000,schedutil,306000000,306000000,1020000000,nvhost_podgov,0,3,,47062,48562,48031,47406,47468,48562,5055,716,1433,0.372,19.281,7.180
3908895793223,9998565,100.014,100.000,729600,729600,1728000,schedutil,306000000,306000000,1020000000,nvhost_podgov,0,3,,47000,48500,47968,47625,47468,48500,5055,716,1433,0.374,19.279,7.210
3908905792300,9999077,100.009,100.000,729600,729600,1728000,schedutil,306000000,306000000,1020000000,nvhost_podgov,0,3,,47062,48218,48031,47562,47406,48218,5055,716,1433,0.383,19.279,7.670
3908915793521,10001221,99.988,100.000,729600,729600,1728000,schedutil,306000000,306000000,1020000000,nvhost_podgov,0,3,,47062,48156,48093,47500,47406,48343,5055,716,1433,0.367,19.277,7.080
3908925792886,9999365,100.006,100.000,729600,729600,1728000,schedutil,306000000,306000000,1020000000,nvhost_podgov,0,3,,47031,48343,48031,47468,47406,48343,5055,716,1433,0.384,19.275,7.710
3908935796475,10003589,99.964,100.000,729600,729600,1728000,schedutil,306000000,306000000,1020000000,nvhost_podgov,0,3,,47000,48312,48093,47562,47500,48250,5055,716,1433,0.362,19.282,6.990
3908945787552,9991077,100.089,100.000,729600,729600,1728000,schedutil,306000000,306000000,1020000000,nvhost_podgov,0,3,,47031,48093,48031,47531,47437,48093,5055,716,1433,0.406,19.275,7.300
3908955795493,10007941,99.921,100.000,729600,729600,1728000,schedutil,306000000,306000000,1020000000,nvhost_podgov,0,3,,47031,48250,48031,47406,47406,48250,5055,716,1433,0.361,19.281,6.960
3908965791594,9996101,100.039,100.000,729600,729600,1728000,schedutil,306000000,306000000,1020000000,nvhost_podgov,0,3,,47000,48218,48156,47593,47375,48218,5055,716,1433,0.378,19.275,7.420
3908975796527,10004933,99.951,100.000,729600,729600,1728000,schedutil,306000000,306000000,1020000000,nvhost_podgov,0,3,,47156,48406,48031,47531,47500,48406,5055,716,1433,0.362,19.277,6.990
3908985788883,9992356,100.076,100.000,729600,729600,1728000,schedutil,306000000,306000000,1020000000,nvhost_podgov,0,3,,47093,48406,48000,47531,47437,48406,5055,716,1433,0.380,19.277,7.320
3908995795736,10006853,99.932,100.000,729600,729600,1728000,schedutil,306000000,306000000,1020000000,nvhost_podgov,0,3,,47000,48187,47906,47500,47343,48187,5055,716,1433,0.360,19.281,6.940
3909005809470,10013734,99.863,100.000,729600,729600,1728000,schedutil,306000000,306000000,1020000000,nvhost_podgov,0,3,,47125,48187,48062,47468,47406,48187,5055,716,1433,0.376,19.280,7.260
3909015794658,9985188,100.148,100.000,729600,729600,1728000,schedutil,306000000,306000000,1020000000,nvhost_podgov,0,3,,47125,48312,48031,47500,47406,48312,5055,716,1433,0.395,19.276,7.620
3909025793223,9998565,100.014,100.000,729600,729600,1728000,schedutil,306000000,306000000,1020000000,nvhost_podgov,0,3,,46937,48312,48031,47656,47406,48218,5055,716,1433,0.369,19.280,7.100
3909035789516,9996293,100.037,100.000,729600,729600,1728000,schedutil,306000000,306000000,1020000000,nvhost_podgov,0,3,,47031,48125,48093,47593,47406,48125,5055,716,1433,0.366,19.274,7.640
3909045796049,10006533,99.935,100.000,729600,729600,1728000,schedutil,306000000,306000000,1020000000,nvhost_podgov,0,3,,47062,48531,48031,47562,47406,48187,5055,716,1433,0.372,19.279,7.180
3909055787638,9991589,100.084,100.000,729600,729600,1728000,schedutil,306000000,306000000,1020000000,nvhost_podgov,0,3,,47031,48218,47968,47593,47437,48218,5055,716,1433,0.393,19.275,7.540
3909065795131,10007493,99.925,100.000,729600,729600,1728000,schedutil,306000000,306000000,1020000000,nvhost_podgov,0,3,,46937,48218,48031,47437,47468,48343,5055,716,1433,0.367,19.280,7.090
3909075792768,9997637,100.024,100.000,729600,729600,1728000,schedutil,306000000,306000000,1020000000,nvhost_podgov,0,3,,47062,48343,48093,47406,47406,48343,5055,716,1433,0.370,19.271,7.130
3909085793508,10000740,99.993,100.000,729600,729600,1728000,schedutil,306000000,306000000,1020000000,nvhost_podgov,0,3,,47000,48187,48000,47593,47406,48187,5055,716,1433,0.365,19.281,7.040
3909095788649,9995141,100.049,100.000,729600,729600,1728000,schedutil,306000000,306000000,1020000000,nvhost_podgov,0,3,,47281,48187,48062,47562,47406,48187,5055,716,1433,0.391,19.275,7.560
3909105794958,10006309,99.937,100.000,729600,729600,1728000,schedutil,306000000,306000000,1020000000,nvhost_podgov,0,3,,47156,48312,48062,47531,47468,48312,5055,716,1433,0.366,19.284,7.070
3909115788531,9993573,100.064,100.000,729600,729600,1728000,schedutil,306000000,306000000,1020000000,nvhost_podgov,0,3,,47031,48218,48093,47625,47406,48218,5055,716,1433,0.398,19.282,7.090
3909125795800,10007269,99.927,100.000,729600,729600,1728000,schedutil,306000000,306000000,1020000000,nvhost_podgov,0,3,,47000,48406,48093,47562,47406,48406,5055,716,1433,0.365,19.280,7.040
3909135809917,10014117,99.859,100.000,729600,729600,1728000,schedutil,306000000,306000000,1020000000,nvhost_podgov,0,3,,47218,48437,48031,47500,47437,48437,5055,716,1433,0.381,19.282,6.960
3909145793922,9984005,100.160,100.000,729600,729600,1728000,schedutil,306000000,306000000,1020000000,nvhost_podgov,0,3,,47125,48218,47968,47562,47437,48218,5055,716,1433,0.376,19.280,7.260
3909155795399,10001477,99.985,100.000,729600,729600,1728000,schedutil,306000000,306000000,1020000000,nvhost_podgov,0,3,,47000,48218,48093,47593,47406,48218,5055,716,1433,0.366,19.285,6.850
3909165791884,9996485,100.035,100.000,729600,729600,1728000,schedutil,306000000,306000000,1020000000,nvhost_podgov,0,3,,47062,48312,48093,47468,47437,48312,5055,716,1433,0.386,19.281,7.450
3909175794353,10002469,99.975,100.000,729600,729600,1728000,schedutil,306000000,306000000,1020000000,nvhost_podgov,0,3,,47062,48312,48031,47531,47406,48312,5055,716,1433,0.374,19.284,7.070
3909185791893,9997540,100.025,100.000,729600,729600,1728000,schedutil,306000000,306000000,1020000000,nvhost_podgov,0,3,,46968,48218,47968,47687,47375,48218,5055,716,1433,0.405,19.281,7.810
3909195813307,10021414,99.786,100.000,729600,729600,1728000,schedutil,306000000,306000000,1020000000,nvhost_podgov,0,3,,46937,48125,48062,47531,47468,48187,5055,716,1433,0.370,19.279,7.130
3909205794047,9980740,100.193,100.000,729600,729600,1728000,schedutil,306000000,306000000,1020000000,nvhost_podgov,0,3,,47062,48218,48062,47531,47312,48500,5055,716,1433,0.403,19.274,7.760
3909215800644,10006597,99.934,100.000,729600,729600,1728000,schedutil,306000000,306000000,1020000000,nvhost_podgov,0,3,,47000,48406,47968,47625,47343,48406,5055,716,1433,0.375,19.277,7.230
3909225793193,9992549,100.075,100.000,729600,729600,1728000,schedutil,306000000,306000000,1020000000,nvhost_podgov,0,3,,46906,48375,48125,47531,47468,48375,5055,716,1433,0.388,19.281,7.230
3909235795470,10002277,99.977,100.000,729600,729600,1728000,schedutil,306000000,306000000,1020000000,nvhost_podgov,0,3,,47093,48156,48031,47437,47375,48156,5055,716,1433,0.369,19.284,7.120
3909245792947,9997477,100.025,100.000,729600,729600,1728000,schedutil,306000000,306000000,1020000000,nvhost_podgov,0,3,,46906,48218,47968,47468,47406,48218,5055,716,1433,0.386,19.279,7.010
3909255792952,10000005,100.000,100.000,729600,729600,1728000,schedutil,306000000,306000000,1020000000,nvhost_podgov,0,3,,47156,48312,48093,47562,47312,48312,5055,716,1433,0.367,19.279,7.090
3909265795933,10002981,99.970,100.000,729600,729600,1728000,schedutil,306000000,306000000,1020000000,nvhost_podgov,0,3,,47125,48312,48031,47468,47406,48312,5055,716,1433,0.376,19.286,6.940
3909275790370,9994437,100.056,100.000,729600,729600,1728000,schedutil,306000000,306000000,1020000000,nvhost_podgov,0,3,,47062,48625,48000,47468,47531,48625,5055,716,1433,0.389,19.275,7.490
3909285794439,10004069,99.959,100.000,729600,729600,1728000,schedutil,306000000,306000000,1020000000,nvhost_podgov,0,3,,47000,48500,48218,47593,47406,48500,5055,716,1433,0.374,19.285,7.010
3909295794923,10000484,99.995,100.000,729600,729600,1728000,schedutil,306000000,306000000,1020000000,nvhost_podgov,0,3,,47062,48156,48031,47531,47375,48156,5055,716,1433,0.380,19.277,7.320
3909305795952,10001029,99.990,100.000,729600,729600,1728000,schedutil,306000000,306000000,1020000000,nvhost_podgov,0,3,,47062,48218,48000,47531,47375,48218,5055,716,1433,0.369,19.284,6.990
3909315786229,9990277,100.097,100.000,729600,729600,1728000,schedutil,306000000,306000000,1020000000,nvhost_podgov,0,3,,46906,48406,48031,47593,47406,48406,5055,716,1433,0.391,19.277,7.540
3909325805082,10018853,99.812,100.000,729600,729600,1728000,schedutil,306000000,306000000,1020000000,nvhost_podgov,0,3,,47031,48250,48062,47562,47468,48125,5055,716,1433,0.396,19.276,7.640
3909335803679,9998597,100.014,100.000,729600,729600,1728000,schedutil,306000000,306000000,1020000000,nvhost_podgov,0,3,,47062,48125,48031,47437,47468,48125,5055,716,1433,0.379,19.281,7.310
3909345792708,9989029,100.110,100.000,729600,729600,1728000,schedutil,306000000,306000000,1020000000,nvhost_podgov,0,3,,47031,48218,48062,47687,47531,48250,5055,716,1433,0.372,19.281,7.560
3909355795337,10002629,99.974,100.000,729600,729600,1728000,schedutil,306000000,306000000,1020000000,nvhost_podgov,0,3,,47031,48281,48093,47468,47375,48281,5055,716,1433,0.370,19.279,7.130
3909365794766,9999429,100.006,100.000,729600,729600,1728000,schedutil,306000000,306000000,1020000000,nvhost_podgov,0,3,,47187,48437,48062,47500,47406,48437,5055,716,1433,0.376,19.280,7.260
3909375794931,10000165,99.998,100.000,729600,729600,1728000,schedutil,306000000,306000000,1020000000,nvhost_podgov,0,3,,47062,48406,48000,47625,47406,48406,5055,716,1433,0.364,19.281,7.010
3909385787415,9992484,100.075,100.000,729600,729600,1728000,schedutil,306000000,306000000,1020000000,nvhost_podgov,0,3,,47156,48187,48125,47593,47468,48187,5055,716,1433,0.398,19.284,7.670
3909395797597,10010182,99.898,100.000,729600,729600,1728000,schedutil,306000000,306000000,1020000000,nvhost_podgov,0,3,,47187,48187,48062,47468,47375,48187,5055,716,1433,0.365,19.281,7.040
3909405807522,10009925,99.901,100.000,729600,729600,1728000,schedutil,306000000,306000000,1020000000,nvhost_podgov,0,3,,46968,48218,48062,47625,47468,48218,5055,716,1433,0.388,19.276,7.480
3909415797926,9990404,100.096,100.000,729600,729600,1728000,schedutil,306000000,306000000,1020000000,nvhost_podgov,0,3,,47031,48281,48187,47593,47375,48281,5055,716,1433,0.369,19.282,6.940
3909425788075,9990149,100.099,100.000,729600,729600,1728000,schedutil,306000000,306000000,1020000000,nvhost_podgov,0,3,,47093,48093,48125,47531,47468,48125,5055,716,1433,0.391,19.270,7.540
3909435798288,10010213,99.898,100.000,729600,729600,1728000,schedutil,306000000,306000000,1020000000,nvhost_podgov,0,3,,47062,48437,48031,47718,47468,48437,5055,716,1433,0.381,19.282,6.820
3909445788085,9989797,100.102,100.000,729600,729600,1728000,schedutil,306000000,306000000,1020000000,nvhost_podgov,0,3,,46968,48250,48125,47593,47375,48250,5055,716,1433,0.374,19.275,7.490
3909455796378,10008293,99.917,100.000,729600,729600,1728000,schedutil,306000000,306000000,1020000000,nvhost_podgov,0,3,,47031,48156,47937,47562,47437,48281,5055,716,1433,0.366,19.281,6.910
3909465793471,9997093,100.029,100.000,729600,729600,1728000,schedutil,306000000,306000000,1020000000,nvhost_podgov,0,3,,47031,48312,47937,47531,47375,48312,5055,716,1433,0.366,19.281,7.070
3909475794596,10001125,99.989,100.000,729600,729600,1728000,schedutil,306000000,306000000,1020000000,nvhost_podgov,0,3,,46968,48250,48156,47750,47437,48250,5055,716,1433,0.369,19.274,7.420
3909485804041,10009445,99.906,100.000,729600,729600,1728000,schedutil,306000000,306000000,1020000000,nvhost_podgov,0,3,,46937,48125,48156,47531,47375,48156,5055,716,1433,0.362,19.280,6.990
3909495794829,9990788,100.092,100.000,729600,729600,1728000,schedutil,306000000,306000000,1020000000,nvhost_podgov,0,3,,47031,48281,48062,47500,47468,48281,5055,716,1433,0.379,19.280,7.300
3909505795538,10000709,99.993,100.000,729600,729600,1728000,schedutil,306000000,306000000,1020000000,nvhost_podgov,0,3,,47000,48187,48031,47562,47406,48187,5055,716,1433,0.359,19.281,6.910
3909515793239,9997701,100.023,100.000,729600,729600,1728000,schedutil,306000000,306000000,1020000000,nvhost_podgov,0,3,,47187,48531,48062,47531,47468,48531,5055,716,1433,0.401,19.277,7.730
3909525794812,10001573,99.984,100.000,729600,729600,1728000,schedutil,306000000,306000000,1020000000,nvhost_podgov,0,3,,47125,48343,48031,47437,47406,48343,5055,716,1433,0.364,19.282,7.010
3909535794049,9999237,100.008,100.000,729600,729600,1728000,schedutil,306000000,306000000,1020000000,nvhost_podgov,0,3,,47000,48187,48062,47656,47437,48187,5055,716,1433,0.384,19.284,7.400
3909545795942,10001893,99.981,100.000,729600,729600,1728000,schedutil,306000000,306000000,1020000000,nvhost_podgov,0,3,,47187,48218,48125,47531,47531,48218,5055,716,1433,0.360,19.284,6.940
3909555787019,9991077,100.089,100.000,729600,729600,1728000,schedutil,306000000,306000000,1020000000,nvhost_podgov,0,3,,47156,48312,48062,47500,47375,48312,5055,716,1433,0.399,19.275,7.680
3909565797072,10010053,99.900,100.000,729600,729600,1728000,schedutil,306000000,306000000,1020000000,nvhost_podgov,0,3,,47062,48312,48031,47500,47343,48312,5055,716,1433,0.376,19.284,6.910
3909575793620,9996548,100.035,100.000,729600,729600,1728000,schedutil,306000000,306000000,1020000000,nvhost_podgov,0,3,,46937,48250,47968,47593,47406,48312,5055,716,1433,0.385,19.279,7.420
3909585808538,10014918,99.851,100.000,729600,729600,1728000,schedutil,306000000,306000000,1020000000,nvhost_podgov,0,3,,47062,48500,48062,47562,47437,48250,5055,716,1433,0.381,19.275,7.590
3909595797854,9989316,100.107,100.000,729600,729600,1728000,schedutil,306000000,306000000,1020000000,nvhost_podgov,0,3,,47093,48250,48000,47562,47406,48468,5055,716,1433,0.366,19.282,7.070
3909605787171,9989317,100.107,100.000,729600,729600,1728000,schedutil,306000000,306000000,1020000000,nvhost_podgov,0,3,,46968,48375,48187,47656,47343,48375,5055,716,1433,0.383,19.279,7.500
3909615808488,10021317,99.787,100.000,729600,729600,1728000,schedutil,306000000,306000000,1020000000,nvhost_podgov,0,3,,46906,48312,48062,47500,47437,48312,5055,716,1433,0.361,19.277,6.960
3909625800845,9992357,100.076,100.000,729600,729600,1728000,schedutil,306000000,306000000,1020000000,nvhost_podgov,0,3,,47031,48218,48000,47468,47312,48218,5055,716,1433,0.375,19.274,7.670
3909635797586,9996741,100.033,100.000,729600,729600,1728000,schedutil,306000000,306000000,1020000000,nvhost_podgov,0,3,,46968,48125,48031,47531,47312,48125,5055,716,1433,0.364,19.281,7.010
3909645786263,9988677,100.113,100.000,729600,729600,1728000,schedutil,306000000,306000000,1020000000,nvhost_podgov,0,3,,47250,48281,48031,47531,47468,48281,5055,716,1433,0.406,19.281,7.830
3909655814140,10027877,99.722,100.000,729600,729600,1728000,schedutil,306000000,306000000,1020000000,nvhost_podgov,0,3,,47187,48312,48031,47468,47406,48312,5055,716,1433,0.360,19.282,6.940
3909665795905,9981765,100.183,100.000,729600,729600,1728000,schedutil,306000000,306000000,1020000000,nvhost_podgov,0,3,,46968,48500,48000,47625,47437,48500,5055,716,1433,0.372,19.284,7.180
3909675805926,10010021,99.900,100.000,729600,729600,1728000,schedutil,306000000,306000000,1020000000,nvhost_podgov,0,3,,47218,48500,48062,47500,47406,48500,5055,716,1433,0.403,19.281,7.760
3909685795722,9989796,100.102,100.000,729600,729600,1728000,schedutil,306000000,306000000,1020000000,nvhost_podgov,0,3,,47125,48187,48062,47500,47375,48187,5055,716,1433,0.378,19.284,7.280
3909695786383,9990661,100.093,100.000,729600,729600,1728000,schedutil,306000000,306000000,1020000000,nvhost_podgov,0,3,,47000,48156,48031,47500,47375,48437,5055,716,1433,0.395,19.273,7.540
3909705808564,10022181,99.779,100.000,729600,729600,1728000,schedutil,306000000,306000000,1020000000,nvhost_podgov,0,3,,47000,48343,48156,47656,47500,48343,5055,716,1433,0.372,19.281,7.180
3909715787513,9978949,100.211,100.000,729600,729600,1728000,schedutil,306000000,306000000,1020000000,nvhost_podgov,0,3,,47125,48312,48062,47468,47437,48312,5055,716,1433,0.378,19.273,7.270
3909725796222,10008709,99.913,100.000,729600,729600,1728000,schedutil,306000000,306000000,1020000000,nvhost_podgov,0,3,,47062,48125,48062,47750,47406,48125,5055,716,1433,0.384,19.276,7.400
3909735787171,9990949,100.091,100.000,729600,729600,1728000,schedutil,306000000,306000000,1020000000,nvhost_podgov,0,3,,46968,48218,48093,47593,47375,48218,5055,716,1433,0.384,19.274,7.510
3909745796264,10009093,99.909,100.000,729600,729600,1728000,schedutil,306000000,306000000,1020000000,nvhost_podgov,0,3,,47000,48187,48062,47500,47375,48187,5055,716,1433,0.362,19.281,6.990
3909755787212,9990948,100.091,100.000,729600,729600,1728000,schedutil,306000000,306000000,1020000000,nvhost_podgov,0,3,,47062,48468,47937,47531,47437,48468,5055,716,1433,0.405,19.276,6.990
3909765795761,10008549,99.915,100.000,729600,729600,1728000,schedutil,306000000,306000000,1020000000,nvhost_podgov,0,3,,46906,48406,48062,47593,47375,48406,5055,716,1433,0.355,19.279,6.850
3909775794006,9998245,100.018,100.000,729600,729600,1728000,schedutil,306000000,306000000,1020000000,nvhost_podgov,0,3,,47156,48218,48125,47500,47437,48218,5055,716,1433,0.371,19.282,7.090
3909785792891,9998885,100.011,100.000,729600,729600,1728000,schedutil,306000000,306000000,1020000000,nvhost_podgov,0,3,,47062,48187,48031,47437,47343,48187,5055,716,1433,0.374,19.282,7.210
3909795794400,10001509,99.985,100.000,729600,729600,1728000,schedutil,306000000,306000000,1020000000,nvhost_podgov,0,3,,47031,48250,48000,47593,47375,48250,5055,716,1433,0.369,19.285,7.330
3909805792805,9998405,100.016,100.000,729600,729600,1728000,schedutil,306000000,306000000,1020000000,nvhost_podgov,0,3,,47281,48312,48062,47562,47468,48312,5055,716,1433,0.380,19.284,7.320
3909815794570,10001765,99.982,100.000,729600,729600,1728000,schedutil,306000000,306000000,1020000000,nvhost_podgov,0,3,,47187,48500,48031,47531,47468,48500,5055,756,1433,0.374,19.286,7.070
3909825790095,9995525,100.045,100.000,729600,729600,1728000,schedutil,306000000,306000000,1020000000,nvhost_podgov,0,3,,47000,48468,48000,47562,47406,48468,5055,756,1433,0.393,19.275,7.560
3909835798228,10008133,99.919,100.000,729600,729600,1728000,schedutil,306000000,306000000,1020000000,nvhost_podgov,0,3,,47125,48312,48093,47593,47468,48312,5055,755,1433,0.372,19.281,6.960
3909845793881,9995653,100.043,100.000,729600,729600,1728000,schedutil,306000000,306000000,1020000000,nvhost_podgov,0,3,,47062,48187,48062,47500,47437,48187,5055,755,1433,0.399,19.281,7.690
3909855794141,10000260,99.997,100.000,729600,729600,1728000,schedutil,306000000,306000000,1020000000,nvhost_podgov,0,3,,47031,48312,48031,47656,47406,48312,5055,715,1433,0.364,19.279,7.010
3909865793666,9999525,100.005,100.000,729600,729600,1728000,schedutil,306000000,306000000,1020000000,nvhost_podgov,0,3,,47000,48343,48062,47562,47468,48187,5055,715,1433,0.394,19.271,7.590
3909875797959,10004293,99.957,100.000,729600,729600,1728000,schedutil,306000000,306000000,1020000000,nvhost_podgov,0,3,,47062,48156,48093,47531,47468,48156,5055,716,1433,0.362,19.279,6.990
3909885788428,9990469,100.095,100.000,729600,729600,1728000,schedutil,306000000,306000000,1020000000,nvhost_podgov,0,3,,47000,48312,48031,47625,47375,48312,5055,716,1433,0.384,19.277,7.400
3909895809265,10020837,99.792,100.000,729600,729600,1728000,schedutil,306000000,306000000,1020000000,nvhost_podgov,0,3,,46906,48218,48156,47593,47343,48218,5055,716,1433,0.362,19.280,6.990
3909905794742,9985477,100.145,100.000,729600,729600,1728000,schedutil,306000000,306000000,1020000000,nvhost_podgov,0,3,,47187,48437,48062,47531,47406,48437,5055,716,1433,0.374,19.284,7.180
3909915794875,10000133,99.999,100.000,729600,729600,1728000,schedutil,306000000,306000000,1020000000,nvhost_podgov,0,3,,46968,48406,48000,47531,47406,48406,5055,716,1433,0.366,19.282,7.070
3909925793440,9998565,100.014,100.000,729600,729600,1728000,schedutil,306000000,306000000,1020000000,nvhost_podgov,0,3,,47000,48125,48187,47656,47437,48187,5055,716,1433,0.371,19.281,7.010
3909935790948,9997508,100.025,100.000,729600,729600,1728000,schedutil,306000000,306000000,1020000000,nvhost_podgov,0,3,,47125,48093,48125,47562,47375,48093,5055,716,1433,0.388,19.284,7.480
3909945793801,10002853,99.971,100.000,729600,729600,1728000,schedutil,306000000,306000000,1020000000,nvhost_podgov,0,3,,47125,48312,48000,47531,47343,48312,5055,716,1433,0.374,19.282,6.940
3909955786734,9992933,100.071,100.000,729600,729600,1728000,schedutil,306000000,306000000,1020000000,nvhost_podgov,0,3,,47062,48281,47968,47718,47406,48281,5055,716,1433,0.380,19.275,7.320
3909965795187,10008453,99.916,100.000,729600,729600,1728000,schedutil,306000000,306000000,1020000000,nvhost_podgov,0,3,,47187,48187,48062,47562,47437,48187,5055,716,1433,0.372,19.284,6.910
3909975793592,9998405,100.016,100.000,729600,729600,1728000,schedutil,306000000,306000000,1020000000,nvhost_podgov,0,3,,47093,48531,48031,47468,47375,48531,5055,716,1433,0.385,19.279,7.420
3909985795101,10001509,99.985,100.000,729600,729600,1728000,schedutil,306000000,306000000,1020000000,nvhost_podgov,0,3,,47031,48281,48031,47593,47375,48281,5015,716,1433,0.366,19.281,7.010
3909995787042,9991941,100.081,100.000,729600,729600,1728000,schedutil,306000000,306000000,1020000000,nvhost_podgov,0,3,,47062,48218,48125,47593,47437,48406,5015,716,1433,0.399,19.275,7.680
3910005796935,10009893,99.901,100.000,729600,729600,1728000,schedutil,306000000,306000000,1020000000,nvhost_podgov,0,3,,47093,48281,48062,47593,47375,48281,5055,716,1433,0.366,19.285,7.070
3910015793740,9996805,100.032,100.000,729600,729600,1728000,schedutil,306000000,306000000,1020000000,nvhost_podgov,0,3,,47062,48187,48000,47468,47375,48187,5055,716,1433,0.374,19.280,7.180
3910025798225,10004485,99.955,100.000,729600,729600,1728000,schedutil,306000000,306000000,1020000000,nvhost_podgov,0,3,,47000,48156,48093,47687,47375,48156,5015,716,1433,0.370,19.279,7.130
3910035793205,9994980,100.050,100.000,729600,729600,1728000,schedutil,306000000,306000000,1020000000,nvhost_podgov,0,3,,47062,48281,48062,47500,47437,48281,5015,716,1433,0.367,19.281,7.090
3910045793658,10000453,99.995,100.000,729600,729600,1728000,schedutil,306000000,306000000,1020000000,nvhost_podgov,0,3,,47031,48250,48062,47562,47406,48250,5015,716,1433,0.371,19.281,7.160
3910055794079,10000421,99.996,100.000,729600,729600,1728000,schedutil,306000000,306000000,1020000000,nvhost_podgov,0,3,,47031,48531,48156,47562,47437,48531,5015,716,1433,0.385,19.282,6.960
3910065790884,9996805,100.032,100.000,729600,729600,1728000,schedutil,306000000,306000000,1020000000,nvhost_podgov,0,3,,47125,48343,48062,47500,47468,48343,5015,716,1433,0.383,19.282,7.370
3910075791433,10000549,99.995,100.000,729600,729600,1728000,schedutil,306000000,306000000,1020000000,nvhost_podgov,0,3,,47062,48156,48062,47437,47437,48156,5055,716,1433,0.372,19.285,6.990
3910085793166,10001733,99.983,100.000,729600,729600,1728000,schedutil,306000000,306000000,1020000000,nvhost_podgov,0,3,,46968,48125,48031,47531,47343,48125,5055,716,1433,0.395,19.281,7.620
3910095797363,10004197,99.958,100.000,729600,729600,1728000,schedutil,306000000,306000000,1020000000,nvhost_podgov,0,3,,47187,48312,48093,47593,47406,48312,5055,716,1433,0.376,19.284,7.010
3910105786776,9989413,100.106,100.000,729600,729600,1728000,schedutil,306000000,306000000,1020000000,nvhost_podgov,0,3,,47156,48312,48062,47468,47437,48156,5055,716,1433,0.400,19.277,7.540
3910115797437,10010661,99.894,100.000,729600,729600,1728000,schedutil,306000000,306000000,1020000000,nvhost_podgov,0,3,,46968,48125,48062,47593,47437,48125,5055,716,1433,0.376,19.286,7.040
3910125792481,9995044,100.050,100.000,729600,729600,1728000,schedutil,306000000,306000000,1020000000,nvhost_podgov,0,3,,47062,48093,48062,47406,47437,48250,5055,716,1433,0.362,19.280,6.990
3910135795526,10003045,99.970,100.000,729600,729600,1728000,schedutil,306000000,306000000,1020000000,nvhost_podgov,0,3,,47125,48218,48093,47468,47406,48218,5055,715,1433,0.370,19.276,7.080
3910145809292,10013766,99.863,100.000,729600,729600,1728000,schedutil,306000000,306000000,1020000000,nvhost_podgov,0,3,,47000,48343,47937,47562,47437,48343,5055,715,1433,0.369,19.277,6.990
3910155795856,9986564,100.135,100.000,729600,729600,1728000,schedutil,306000000,306000000,1020000000,nvhost_podgov,0,3,,46937,48312,48062,47531,47343,48312,5055,715,1433,0.398,19.280,7.670
3910165795541,9999685,100.003,100.000,729600,729600,1728000,schedutil,306000000,306000000,1020000000,nvhost_podgov,0,3,,47062,48218,48031,47531,47406,48218,5015,715,1433,0.360,19.281,6.940
3910175786330,9990789,100.092,100.000,729600,729600,1728000,schedutil,306000000,306000000,1020000000,nvhost_podgov,0,3,,47000,48156,48031,47718,47375,48156,5015,715,1433,0.398,19.275,7.670
3910185796511,10010181,99.898,100.000,729600,729600,1728000,schedutil,306000000,306000000,1020000000,nvhost_podgov,0,3,,47187,48312,48062,47593,47531,48312,5055,716,1433,0.361,19.282,6.960
3910195795268,9998757,100.012,100.000,729600,729600,1728000,schedutil,306000000,306000000,1020000000,nvhost_podgov,0,3,,47218,48312,48093,47562,47468,48312,5055,716,1433,0.396,19.281,7.640
3910205798121,10002853,99.971,100.000,729600,729600,1728000,schedutil,306000000,306000000,1020000000,nvhost_podgov,0,3,,47062,48625,48031,47718,47406,48625,5015,715,1433,0.365,19.284,7.040
3910215795022,9996901,100.031,100.000,729600,729600,1728000,schedutil,306000000,306000000,1020000000,nvhost_podgov,0,3,,47031,48406,48125,47625,47343,48281,5015,715,1433,0.365,19.274,7.040
3910225795538,10000516,99.995,100.000,729600,729600,1728000,schedutil,306000000,306000000,1020000000,nvhost_podgov,0,3,,47093,48187,48062,47468,47375,48187,5055,716,1433,0.378,19.284,7.950
3910235794679,9999141,100.009,100.000,729600,729600,1728000,schedutil,306000000,306000000,1020000000,nvhost_podgov,0,3,,47062,48187,48000,47562,47343,48187,5055,716,1433,0.372,19.280,7.180
3910245793596,9998917,100.011,100.000,729600,729600,1728000,schedutil,306000000,306000000,1020000000,nvhost_podgov,0,3,,46968,48312,48125,47687,47375,48312,5055,716,1433,0.381,19.279,7.350
3910255793825,10000229,99.998,100.000,729600,729600,1728000,schedutil,306000000,306000000,1020000000,nvhost_podgov,0,3,,47093,48375,48062,47562,47406,48250,5055,716,1433,0.361,19.277,6.960
3910265786854,9993029,100.070,100.000,729600,729600,1728000,schedutil,306000000,306000000,1020000000,nvhost_podgov,0,3,,47062,48187,48031,47500,47468,48187,5055,716,1433,0.404,19.280,7.420
3910275797291,10010437,99.896,100.000,729600,729600,1728000,schedutil,306000000,306000000,1020000000,nvhost_podgov,0,3,,46906,48093,48031,47656,47406,48250,5055,715,1433,0.360,19.280,6.940
3910285793968,9996677,100.033,100.000,729600,729600,1728000,schedutil,306000000,306000000,1020000000,nvhost_podgov,0,3,,46937,48250,48062,47562,47406,48250,5055,715,1433,0.372,19.270,7.210
3910295796629,10002661,99.973,100.000,729600,729600,1728000,schedutil,306000000,306000000,1020000000,nvhost_podgov,0,3,,47062,48375,48062,47593,47468,48375,5055,715,1433,0.362,19.280,6.990
3910305786681,9990052,100.100,100.000,729600,729600,1728000,schedutil,306000000,306000000,1020000000,nvhost_podgov,0,3,,47062,48375,48062,47687,47375,48375,5055,715,1433,0.398,19.281,7.670
3910315798719,10012038,99.880,100.000,729600,729600,1728000,schedutil,306000000,306000000,1020000000,nvhost_podgov,0,3,,46968,48187,48093,47562,47531,48187,5055,715,1433,0.362,19.281,6.990
3910325790915,9992196,100.078,100.000,729600,729600,1728000,schedutil,306000000,306000000,1020000000,nvhost_podgov,0,3,,47187,48218,48031,47437,47312,48218,5055,715,1433,0.384,19.279,7.400
3910335989228,10198313,98.055,99.999,729600,729600,1728000,schedutil,306000000,306000000,1020000000,nvhost_podgov,0,3,,47031,48312,47937,47437,47375,48312,5055,715,1433,0.403,19.271,7.760
3910345807949,9818721,101.846,100.000,729600,729600,1728000,schedutil,306000000,306000000,1020000000,nvhost_podgov,0,3,,47031,48218,48218,47562,47468,48218,5055,715,1433,0.383,19.284,7.370
3910355793650,9985701,100.143,100.000,729600,729600,1728000,schedutil,306000000,306000000,1020000000,nvhost_podgov,0,3,,47187,48187,48031,47562,47500,48187,5055,716,1433,0.384,19.274,7.400
3910365798359,10004709,99.953,100.000,729600,729600,1728000,schedutil,306000000,306000000,1020000000,nvhost_podgov,0,3,,47062,48218,48031,47437,47500,48218,5055,716,1433,0.366,19.281,7.070
3910375797852,9999493,100.005,100.000,729600,729600,1728000,schedutil,306000000,306000000,1020000000,nvhost_podgov,0,3,,46937,48218,48187,47656,47437,48218,5055,716,1433,0.378,19.273,7.640
3910385806369,10008517,99.915,100.000,729600,729600,1728000,schedutil,306000000,306000000,1020000000,nvhost_podgov,0,3,,47218,48187,48093,47562,47437,48343,5055,716,1433,0.364,19.280,7.010
3910395788997,9982628,100.174,100.000,729600,729600,1728000,schedutil,306000000,306000000,1020000000,nvhost_podgov,0,3,,47093,48312,48062,47531,47437,48312,5055,716,1433,0.396,19.279,7.640
3910405798603,10009606,99.904,100.000,729600,729600,1728000,schedutil,306000000,306000000,1020000000,nvhost_podgov,0,3,,46937,48312,48031,47562,47406,48218,5055,715,1433,0.357,19.280,6.890
3910415801775,10003172,99.968,100.000,729600,729600,1728000,schedutil,306000000,306000000,1020000000,nvhost_podgov,0,3,,47000,48218,48062,47562,47375,48218,5055,715,1433,0.398,19.275,7.210
3910425795540,9993765,100.062,100.000,729600,729600,1728000,schedutil,306000000,306000000,1020000000,nvhost_podgov,0,3,,47062,48250,48062,47437,47437,48250,5055,716,1433,0.360,19.280,6.940
3910435795289,9999749,100.003,100.000,729600,729600,1728000,schedutil,306000000,306000000,1020000000,nvhost_podgov,0,3,,47062,48218,48031,47687,47375,48218,5055,716,1433,0.380,19.274,7.320
3910445794270,9998981,100.010,100.000,729600,729600,1728000,schedutil,306000000,306000000,1020000000,nvhost_podgov,0,3,,47031,48468,48093,47500,47437,48468,5055,716,1433,0.370,19.282,7.130
3910455794307,10000037,100.000,100.000,729600,729600,1728000,schedutil,306000000,306000000,1020000000,nvhost_podgov,0,3,,47156,48343,48000,47437,47500,48218,5055,716,1433,0.378,19.280,7.280
3910465795368,10001061,99.989,100.000,729600,729600,1728000,schedutil,306000000,306000000,1020000000,nvhost_podgov,0,3,,47062,48187,48000,47687,47468,48187,5055,716,1433,0.378,19.280,7.280
3910475795469,10000101,99.999,100.000,729600,729600,1728000,schedutil,306000000,306000000,1020000000,nvhost_podgov,0,3,,47156,48125,48125,47562,47468,48156,5055,715,1433,0.374,19.284,7.210
3910485804082,10008613,99.914,100.000,729600,729600,1728000,schedutil,306000000,306000000,1020000000,nvhost_podgov,0,3,,47187,48312,48093,47531,47437,48312,5055,715,1433,0.389,19.282,7.500
3910495797462,9993380,100.066,100.000,729600,729600,1728000,schedutil,306000000,306000000,1020000000,nvhost_podgov,0,3,,46968,48312,48000,47687,47343,48312,5055,715,1433,0.366,19.285,7.070
3910505792283,9994821,100.052,100.000,729600,729600,1728000,schedutil,306000000,306000000,1020000000,nvhost_podgov,0,3,,47062,48062,48093,47531,47437,48093,5055,715,1433,0.376,19.273,7.260
3910515799648,10007365,99.926,100.000,729600,729600,1728000,schedutil,306000000,306000000,1020000000,nvhost_podgov,0,3,,47093,48093,48093,47531,47468,48093,5055,716,1433,0.374,19.281,7.210
3910525806565,10006917,99.931,100.000,729600,729600,1728000,schedutil,306000000,306000000,1020000000,nvhost_podgov,0,3,,47062,48250,48031,47468,47375,48250,5055,716,1433,0.378,19.279,7.160
3910535792746,9986181,100.138,100.000,729600,729600,1728000,schedutil,306000000,306000000,1020000000,nvhost_podgov,0,3,,46937,48375,48000,47593,47437,48375,5055,716,1433,0.412,19.281,7.950
3910545796175,10003429,99.966,100.000,729600,729600,1728000,schedutil,306000000,306000000,1020000000,nvhost_podgov,0,3,,47062,48375,48093,47531,47531,48375,5055,716,1433,0.357,19.280,6.890
3910555786995,9990820,100.092,100.000,729600,729600,1728000,schedutil,306000000,306000000,1020000000,nvhost_podgov,0,3,,47062,48156,48000,47500,47406,48156,5055,716,1433,0.396,19.279,7.640
3910565797305,10010310,99.897,100.000,729600,729600,1728000,schedutil,306000000,306000000,1020000000,nvhost_podgov,0,3,,46968,48156,48187,47593,47343,48156,5055,716,1433,0.375,19.281,6.900
3910575786973,9989668,100.103,100.000,729600,729600,1728000,schedutil,306000000,306000000,1020000000,nvhost_podgov,0,3,,46968,48250,48031,47531,47437,48250,5055,716,1433,0.380,19.271,7.320
3910585803682,10016709,99.833,100.000,729600,729600,1728000,schedutil,306000000,306000000,1020000000,nvhost_podgov,0,3,,47000,48250,48000,47468,47406,48250,5055,716,1433,0.374,19.288,6.960
3910595795591,9991909,100.081,100.000,729600,729600,1728000,schedutil,306000000,306000000,1020000000,nvhost_podgov,0,3,,47031,48562,48031,47625,47312,48562,5055,716,1433,0.371,19.276,7.160
3910605794476,9998885,100.011,100.000,729600,729600,1728000,schedutil,306000000,306000000,1020000000,nvhost_podgov,0,3,,47187,48406,48062,47531,47437,48406,5055,715,1433,0.374,19.285,6.960
3910615789425,9994949,100.051,100.000,729600,729600,1728000,schedutil,306000000,306000000,1020000000,nvhost_podgov,0,3,,47125,48187,48000,47437,47468,48187,5055,715,1433,0.379,19.275,7.300
3910625797334,10007909,99.921,100.000,729600,729600,1728000,schedutil,306000000,306000000,1020000000,nvhost_podgov,0,3,,47031,48250,48031,47750,47406,48250,5055,716,1433,0.403,19.270,8.170
3910635807675,10010341,99.897,100.000,729600,729600,1728000,schedutil,306000000,306000000,1020000000,nvhost_podgov,0,3,,47093,48343,48093,47562,47406,48343,5055,716,1433,0.396,19.274,7.640
3910645788127,9980452,100.196,100.000,729600,729600,1728000,schedutil,306000000,306000000,1020000000,nvhost_podgov,0,3,,47062,48375,48125,47468,47406,48156,5055,716,1433,0.430,19.267,8.280
3910655795780,10007653,99.924,100.000,729600,729600,1728000,schedutil,306000000,306000000,1020000000,nvhost_podgov,0,3,,47062,48187,48031,47687,47312,48187,5055,716,1433,0.445,19.264,8.580
3910665792457,9996677,100.033,100.000,729600,729600,1728000,schedutil,306000000,306000000,1020000000,nvhost_podgov,0,3,,47062,48187,48093,47562,47406,48312,5055,716,1433,0.366,19.277,7.070
3910675809326,10016869,99.832,100.000,729600,729600,1728000,schedutil,306000000,306000000,1020000000,nvhost_podgov,0,3,,47062,48250,48062,47468,47375,48250,5055,716,1433,0.371,19.271,7.160
3910685788019,9978693,100.214,100.000,729600,729600,1728000,schedutil,306000000,306000000,1020000000,nvhost_podgov,0,3,,47062,48375,48000,47500,47437,48375,5055,716,1433,0.419,19.267,8.060
3910695796024,10008005,99.920,100.000,729600,729600,1728000,schedutil,306000000,306000000,1020000000,nvhost_podgov,0,3,,46968,48437,48093,47593,47375,48437,5055,716,1433,0.351,19.286,6.770
3910705795357,9999333,100.007,100.000,729600,729600,1728000,schedutil,306000000,306000000,1020000000,nvhost_podgov,0,3,,47000,48156,48062,47531,47343,48156,5055,716,1433,0.359,19.288,6.920
3910715791938,9996581,100.034,100.000,729600,729600,1728000,schedutil,306000000,306000000,1020000000,nvhost_podgov,0,3,,47031,48156,48000,47437,47406,48156,5055,716,1433,0.381,19.284,7.230
3910725812423,10020485,99.796,100.000,729600,729600,1728000,schedutil,306000000,306000000,1020000000,nvhost_podgov,0,3,,47031,48281,48031,47562,47375,48281,5055,716,1433,0.361,19.280,6.960
3910735787979,9975556,100.245,100.000,729600,729600,1728000,schedutil,306000000,306000000,1020000000,nvhost_podgov,0,3,,47218,48250,48062,47531,47437,48250,5055,716,1433,0.394,19.277,6.990
3910745794768,10006789,99.932,100.000,729600,729600,1728000,schedutil,306000000,306000000,1020000000,nvhost_podgov,0,3,,47125,48156,48093,47500,47406,48156,5055,756,1433,0.344,19.281,6.630
3910755795285,10000517,99.995,100.000,729600,729600,1728000,schedutil,306000000,306000000,1020000000,nvhost_podgov,0,3,,47031,48468,48062,47687,47406,48468,5055,756,1433,0.383,19.281,6.770
3910765797562,10002277,99.977,100.000,729600,729600,1728000,schedutil,306000000,306000000,1020000000,nvhost_podgov,0,3,,47156,48218,48093,47593,47375,48218,5055,756,1433,0.346,19.284,6.680
3910775787167,9989605,100.104,100.000,729600,729600,1728000,schedutil,306000000,306000000,1020000000,nvhost_podgov,0,3,,47187,48250,48062,47531,47468,48250,5055,756,1433,0.386,19.284,6.770
3910785796356,10009189,99.908,100.000,729600,729600,1728000,schedutil,306000000,306000000,1020000000,nvhost_podgov,0,3,,47031,48375,47968,47562,47375,48375,5055,756,1433,0.344,19.290,6.630
3910795794121,9997765,100.022,100.000,729600,729600,1728000,schedutil,306000000,306000000,1020000000,nvhost_podgov,0,3,,46968,48312,48062,47531,47406,48187,5055,756,1433,0.360,19.285,6.630
3910805794702,10000581,99.994,100.000,729600,729600,1728000,schedutil,306000000,306000000,1020000000,nvhost_podgov,0,3,,47093,48156,48031,47468,47468,48156,5055,756,1433,0.344,19.284,6.630
3910815795187,10000485,99.995,100.000,729600,729600,1728000,schedutil,306000000,306000000,1020000000,nvhost_podgov,0,3,,47062,48187,48000,47500,47375,48312,5055,756,1433,0.355,19.288,6.850
3910825790103,9994916,100.051,100.000,729600,729600,1728000,schedutil,306000000,306000000,1020000000,nvhost_podgov,0,3,,47000,48312,48062,47531,47343,48312,5055,756,1433,0.370,19.280,7.130
3910835817117,10027014,99.731,100.000,729600,729600,1728000,schedutil,306000000,306000000,1020000000,nvhost_podgov,0,3,,47031,48437,48062,47500,47375,48437,5055,756,1433,0.347,19.289,6.710
3910845800097,9982980,100.170,100.000,729600,729600,1728000,schedutil,306000000,306000000,1020000000,nvhost_podgov,0,3,,46937,48437,48000,47500,47437,48437,5055,756,1433,0.383,19.280,7.370
3910855796806,9996709,100.033,100.000,729600,729600,1728000,schedutil,306000000,306000000,1020000000,nvhost_podgov,0,3,,46968,48250,47937,47468,47343,48250,5055,756,1433,0.349,19.284,6.720
3910865788843,9992037,100.080,100.000,729600,729600,1728000,schedutil,306000000,306000000,1020000000,nvhost_podgov,0,3,,47281,48156,48125,47531,47468,48312,5055,756,1433,0.378,19.289,7.280
3910875789680,10000837,99.992,100.000,729600,729600,1728000,schedutil,306000000,306000000,1020000000,nvhost_podgov,0,3,,46968,48343,48031,47468,47406,48343,5055,756,1433,0.372,19.288,7.180
3910885795029,10005349,99.947,100.000,729600,729600,1728000,schedutil,306000000,306000000,1020000000,nvhost_podgov,0,3,,46968,48312,48031,47656,47468,48156,5055,756,1433,0.350,19.286,6.750
3910895789753,9994724,100.053,100.000,729600,729600,1728000,schedutil,306000000,306000000,1020000000,nvhost_podgov,0,3,,47187,48156,48062,47593,47500,48156,5055,756,1433,0.371,19.277,7.160
3910905794398,10004645,99.954,100.000,729600,729600,1728000,schedutil,306000000,306000000,1020000000,nvhost_podgov,0,3,,47125,48593,48062,47437,47437,48593,5055,756,1433,0.355,19.290,6.550
3910915786659,9992261,100.077,100.000,729600,729600,1728000,schedutil,306000000,306000000,1020000000,nvhost_podgov,0,3,,47000,48250,48000,47531,47375,48250,5055,756,1433,0.366,19.285,7.070
3910925797064,10010405,99.896,100.000,729600,729600,1728000,schedutil,306000000,306000000,1020000000,nvhost_podgov,0,3,,47093,48187,48062,47531,47437,48343,5055,756,1433,0.349,19.290,6.680
3910935787661,9990597,100.094,100.000,729600,729600,1728000,schedutil,306000000,306000000,1020000000,nvhost_podgov,0,3,,47062,48312,47968,47500,47437,48312,5055,756,1433,0.365,19.279,7.040
3910945797906,10010245,99.898,100.000,729600,729600,1728000,schedutil,306000000,306000000,1020000000,nvhost_podgov,0,3,,46968,48343,48062,47625,47312,48187,5055,756,1433,0.350,19.288,6.680
3910955786999,9989093,100.109,100.000,729600,729600,1728000,schedutil,306000000,306000000,1020000000,nvhost_podgov,0,3,,46968,48218,48125,47562,47375,48218,5055,756,1433,0.372,19.277,7.180
3910965795068,10008069,99.919,100.000,729600,729600,1728000,schedutil,306000000,306000000,1020000000,nvhost_podgov,0,3,,46937,48312,48031,47531,47437,48312,5055,756,1433,0.347,19.293,7.140
3910975795105,10000037,100.000,100.000,729600,729600,1728000,schedutil,306000000,306000000,1020000000,nvhost_podgov,0,3,,47062,48156,48000,47687,47531,48156,5055,756,1433,0.354,19.284,6.550
3910985795141,10000036,100.000,100.000,729600,729600,1728000,schedutil,306000000,306000000,1020000000,nvhost_podgov,0,3,,46906,48468,48093,47562,47375,48468,5055,756,1433,0.352,19.288,7.260
3910995795978,10000837,99.992,100.000,729600,729600,1728000,schedutil,306000000,306000000,1020000000,nvhost_podgov,0,3,,47093,48437,48156,47531,47437,48437,5055,756,1433,0.339,19.284,6.530
3911005794607,9998629,100.014,100.000,729600,729600,1728000,schedutil,306000000,306000000,1020000000,nvhost_podgov,0,3,,47000,48218,48062,47437,47437,48218,5055,756,1433,0.365,19.288,7.040
3911015794612,10000005,100.000,100.000,729600,729600,1728000,schedutil,306000000,306000000,1020000000,nvhost_podgov,0,3,,46937,48218,48125,47593,47406,48218,5055,756,1433,0.340,19.286,6.550
3911025805593,10010981,99.890,100.000,729600,729600,1728000,schedutil,306000000,306000000,1020000000,nvhost_podgov,0,3,,47187,48312,48062,47500,47375,48312,5055,756,1433,0.386,19.285,7.450
3911035791838,9986245,100.138,100.000,729600,729600,1728000,schedutil,306000000,306000000,1020000000,nvhost_podgov,0,3,,47093,48375,47906,47500,47437,48156,5055,756,1433,0.354,19.280,6.820
3911045787971,9996133,100.039,100.000,729600,729600,1728000,schedutil,306000000,306000000,1020000000,nvhost_podgov,0,3,,46968,48125,48031,47531,47468,48125,5055,756,1433,0.378,19.285,7.280
3911055798024,10010053,99.900,100.000,729600,729600,1728000,schedutil,306000000,306000000,1020000000,nvhost_podgov,0,3,,47093,48250,48093,47437,47468,48250,5055,756,1433,0.356,19.285,6.530
3911065793805,9995781,100.042,100.000,729600,729600,1728000,schedutil,306000000,306000000,1020000000,nvhost_podgov,0,3,,47062,48250,48062,47500,47468,48250,5055,756,1433,0.347,19.282,6.690
3911075790097,9996292,100.037,100.000,729600,729600,1728000,schedutil,306000000,306000000,1020000000,nvhost_podgov,0,3,,47031,48468,48031,47562,47375,48468,5055,756,1433,0.357,19.277,7.100
3911085794070,10003973,99.960,100.000,729600,729600,1728000,schedutil,306000000,306000000,1020000000,nvhost_podgov,0,3,,46968,48375,48093,47562,47375,48375,5055,756,1433,0.331,19.286,6.390
3911095792603,9998533,100.015,100.000,729600,729600,1728000,schedutil,306000000,306000000,1020000000,nvhost_podgov,0,3,,47062,48218,48062,47500,47531,48218,5055,756,1433,0.369,19.282,7.090
3911105795488,10002885,99.971,100.000,729600,729600,1728000,schedutil,306000000,306000000,1020000000,nvhost_podgov,0,3,,47031,48156,47968,47468,47437,48156,5055,756,1433,0.340,19.285,6.550
3911115786725,9991237,100.088,100.000,729600,729600,1728000,schedutil,306000000,306000000,1020000000,nvhost_podgov,0,3,,46937,48281,48187,47531,47468,48281,5055,756,1433,0.393,19.286,6.870
3911125808138,10021413,99.786,100.000,729600,729600,1728000,schedutil,306000000,306000000,1020000000,nvhost_podgov,0,3,,46906,48281,48093,47500,47468,48281,5055,756,1433,0.340,19.288,6.550
3911135787247,9979109,100.209,100.000,729600,729600,1728000,schedutil,306000000,306000000,1020000000,nvhost_podgov,0,3,,47062,48531,48062,47500,47406,48531,5055,756,1433,0.381,19.284,7.350
3911145794132,10006885,99.931,100.000,729600,729600,1728000,schedutil,306000000,306000000,1020000000,nvhost_podgov,0,3,,46968,48468,48218,47562,47406,48468,5055,756,1433,0.366,19.281,7.070
3911155809561,10015429,99.846,100.000,729600,729600,1728000,schedutil,306000000,306000000,1020000000,nvhost_podgov,0,3,,47125,48187,47968,47562,47437,48187,5055,756,1433,0.355,19.284,6.850
3911165804734,9995173,100.048,100.000,729600,729600,1728000,schedutil,306000000,306000000,1020000000,nvhost_podgov,0,3,,47093,48187,48031,47593,47343,48187,5055,756,1433,0.343,19.284,6.600
3911175807458,10002724,99.973,100.000,729600,729600,1728000,schedutil,306000000,306000000,1020000000,nvhost_podgov,0,3,,47000,48343,48062,47593,47437,48343,5055,756,1433,0.346,19.284,6.680
3911185792103,9984645,100.154,100.000,729600,729600,1728000,schedutil,306000000,306000000,1020000000,nvhost_podgov,0,3,,47093,48312,48125,47500,47375,48125,5055,756,1433,0.364,19.282,7.230
3911195811052,10018949,99.811,100.000,729600,729600,1728000,schedutil,306000000,306000000,1020000000,nvhost_podgov,0,3,,47062,48218,48093,47500,47406,48218,5055,756,1433,0.352,19.286,6.800
3911205808561,9997509,100.025,100.000,729600,729600,1728000,schedutil,306000000,306000000,1020000000,nvhost_podgov,0,3,,46937,48156,47968,47625,47375,48187,5055,756,1433,0.352,19.286,6.800
3911215809110,10000549,99.995,100.000,729600,729600,1728000,schedutil,306000000,306000000,1020000000,nvhost_podgov,0,3,,47031,48187,48093,47625,47437,48187,5055,716,1433,0.343,19.285,6.600
3911225792763,9983653,100.164,100.000,729600,729600,1728000,schedutil,306000000,306000000,1020000000,nvhost_podgov,0,3,,47062,48531,48062,47531,47500,48531,5055,716,1433,0.383,19.282,7.120
3911235812192,10019429,99.806,100.000,729600,729600,1728000,schedutil,306000000,306000000,1020000000,nvhost_podgov,0,3,,47000,48375,48000,47625,47343,48375,5055,716,1433,0.341,19.284,6.580
3911245808645,9996453,100.035,100.000,729600,729600,1728000,schedutil,306000000,306000000,1020000000,nvhost_podgov,0,3,,46906,48187,48156,47531,47406,48187,5055,716,1433,0.360,19.285,6.770
3911255798409,9989764,100.102,100.000,729600,729600,1728000,schedutil,306000000,306000000,1020000000,nvhost_podgov,0,3,,47031,48187,48125,47500,47437,48187,5055,716,1433,0.375,19.280,7.230
3911265807758,10009349,99.907,100.000,729600,729600,1728000,schedutil,306000000,306000000,1020000000,nvhost_podgov,0,3,,46968,48312,48093,47656,47437,48312,5055,716,1433,0.364,19.286,6.600
3911275803411,9995653,100.043,100.000,729600,729600,1728000,schedutil,306000000,306000000,1020000000,nvhost_podgov,0,3,,47156,48218,48062,47531,47437,48218,5055,716,1433,0.370,19.281,7.130
3911285808344,10004933,99.951,100.000,729600,729600,1728000,schedutil,306000000,306000000,1020000000,nvhost_podgov,0,3,,47156,48218,48093,47500,47437,48218,5055,716,1433,0.349,19.290,6.680
3911295791613,9983269,100.168,100.000,729600,729600,1728000,schedutil,306000000,306000000,1020000000,nvhost_podgov,0,3,,46968,48437,48062,47687,47375,48437,5055,716,1433,0.369,19.279,7.100
3911305810050,10018437,99.816,100.000,729600,729600,1728000,schedutil,306000000,306000000,1020000000,nvhost_podgov,0,3,,47000,48250,48156,47500,47406,48250,5055,716,1433,0.347,19.289,6.690
3911315809415,9999365,100.006,100.000,729600,729600,1728000,schedutil,306000000,306000000,1020000000,nvhost_podgov,0,3,,47156,48312,48031,47531,47375,48343,5055,716,1433,0.359,19.285,6.920
3911325805676,9996261,100.037,100.000,729600,729600,1728000,schedutil,306000000,306000000,1020000000,nvhost_podgov,0,3,,47125,48312,48062,47468,47406,48312,5055,716,1433,0.355,19.289,6.850
3911335792912,9987236,100.128,100.000,729600,729600,1728000,schedutil,306000000,306000000,1020000000,nvhost_podgov,0,3,,46937,48312,48156,47562,47437,48312,5055,716,1433,0.350,19.277,6.750
3911345814998,10022086,99.780,100.000,729600,729600,1728000,schedutil,306000000,306000000,1020000000,nvhost_podgov,0,3,,47093,48156,48062,47500,47437,48156,5055,716,1433,0.395,19.280,7.620
3911355803866,9988868,100.111,100.000,729600,729600,1728000,schedutil,306000000,306000000,1020000000,nvhost_podgov,0,3,,47125,48250,48031,47437,47375,48250,5055,716,1433,0.360,19.282,6.940
3911365793983,9990117,100.099,100.000,729600,729600,1728000,schedutil,306000000,306000000,1020000000,nvhost_podgov,0,3,,47062,48250,48031,47656,47468,48250,5055,756,1433,0.398,19.286,7.670
3911375793636,9999653,100.003,100.000,729600,729600,1728000,schedutil,306000000,306000000,1020000000,nvhost_podgov,0,3,,46937,48531,48125,47625,47437,48531,5055,756,1433,0.361,19.286,6.960
3911385787945,9994309,100.057,100.000,729600,729600,1728000,schedutil,306000000,306000000,1020000000,nvhost_podgov,0,3,,47093,48437,48062,47406,47437,48437,5055,756,1433,0.369,19.279,7.100
3911395796238,10008293,99.917,100.000,729600,729600,1728000,schedutil,306000000,306000000,1020000000,nvhost_podgov,0,3,,46968,48187,48031,47625,47281,48187,5055,716,1433,0.356,19.286,6.770
3911405789170,9992932,100.071,100.000,729600,729600,1728000,schedutil,306000000,306000000,1020000000,nvhost_podgov,0,3,,47281,48187,48125,47593,47406,48187,5055,716,1433,0.380,19.277,7.320
3911415795159,10005989,99.940,100.000,729600,729600,1728000,schedutil,306000000,306000000,1020000000,nvhost_podgov,0,3,,47187,48312,48062,47562,47437,48312,5055,716,1433,0.359,19.286,6.680
3911425788732,9993573,100.064,100.000,729600,729600,1728000,schedutil,306000000,306000000,1020000000,nvhost_podgov,0,3,,47000,48312,48031,47687,47406,48312,5055,716,1433,0.355,19.279,6.850
3911435795553,10006821,99.932,100.000,729600,729600,1728000,schedutil,306000000,306000000,1020000000,nvhost_podgov,0,3,,47156,48125,48156,47500,47437,48156,5055,716,1433,0.359,19.288,6.770
3911445792422,9996869,100.031,100.000,729600,729600,1728000,schedutil,306000000,306000000,1020000000,nvhost_podgov,0,3,,47125,48125,48093,47562,47468,48125,5055,716,1433,0.354,19.284,6.820
3911455791851,9999429,100.006,100.000,729600,729600,1728000,schedutil,306000000,306000000,1020000000,nvhost_podgov,0,3,,47062,48281,48000,47500,47437,48281,5055,716,1433,0.366,19.282,7.070
3911465795280,10003429,99.966,100.000,729600,729600,1728000,schedutil,306000000,306000000,1020000000,nvhost_podgov,0,3,,47000,48218,48093,47500,47406,48375,5055,716,1433,0.343,19.286,6.600
3911475786004,9990724,100.093,100.000,729600,729600,1728000,schedutil,306000000,306000000,1020000000,nvhost_podgov,0,3,,47093,48375,48062,47500,47406,48375,5055,716,1433,0.380,19.280,7.320
3911485796761,10010757,99.893,100.000,729600,729600,1728000,schedutil,306000000,306000000,1020000000,nvhost_podgov,0,3,,47062,48312,48031,47531,47406,48250,5055,716,1433,0.345,19.280,6.660
3911495788798,9992037,100.080,100.000,729600,729600,1728000,schedutil,306000000,306000000,1020000000,nvhost_podgov,0,3,,47031,48156,48031,47562,47468,48156,5055,716,1433,0.371,19.282,7.160
3911505794627,10005829,99.942,100.000,729600,729600,1728000,schedutil,306000000,306000000,1020000000,nvhost_podgov,0,3,,46968,48250,48062,47531,47500,48250,5055,716,1433,0.347,19.288,6.710
3911515785704,9991077,100.089,100.000,729600,729600,1728000,schedutil,306000000,306000000,1020000000,nvhost_podgov,0,3,,47062,48281,48031,47375,47375,48281,5055,716,1433,0.385,19.288,6.770
3911525795757,10010053,99.900,100.000,729600,729600,1728000,schedutil,306000000,306000000,1020000000,nvhost_podgov,0,3,,47062,48562,48000,47625,47375,48562,5055,716,1433,0.352,19.289,6.800
3911535793394,9997637,100.024,100.000,729600,729600,1728000,schedutil,306000000,306000000,1020000000,nvhost_podgov,0,3,,46968,48468,48125,47656,47343,48468,5055,716,1433,0.351,19.286,6.770
3911545792311,9998917,100.011,100.000,729600,729600,1728000,schedutil,306000000,306000000,1020000000,nvhost_podgov,0,3,,47218,48093,48062,47437,47468,48093,5055,716,1433,0.357,19.286,7.120
3911555794107,10001796,99.982,100.000,729600,729600,1728000,schedutil,306000000,306000000,1020000000,nvhost_podgov,0,3,,47000,48218,48062,47531,47406,48375,5055,716,1433,0.352,19.285,6.710
3911565785696,9991589,100.084,100.000,729600,729600,1728000,schedutil,306000000,306000000,1020000000,nvhost_podgov,0,3,,47187,48312,48062,47562,47437,48312,5055,716,1433,0.390,19.288,6.940
3911575797317,10011621,99.884,100.000,729600,729600,1728000,schedutil,306000000,306000000,1020000000,nvhost_podgov,0,3,,47156,48281,48062,47531,47437,48281,5055,716,1433,0.338,19.284,6.500
3911585808586,10011269,99.887,100.000,729600,729600,1728000,schedutil,306000000,306000000,1020000000,nvhost_podgov,0,3,,47031,48218,48062,47468,47437,48218,5055,716,1433,0.364,19.281,7.350
3911595800463,9991877,100.081,100.000,729600,729600,1728000,schedutil,306000000,306000000,1020000000,nvhost_podgov,0,3,,46968,48125,48125,47593,47406,48312,5055,716,1433,0.340,19.285,6.550
3911605789908,9989445,100.106,100.000,729600,729600,1728000,schedutil,306000000,306000000,1020000000,nvhost_podgov,0,3,,47125,48250,48125,47437,47437,48250,5055,716,1433,0.374,19.286,6.600
3911615796665,10006757,99.932,100.000,729600,729600,1728000,schedutil,306000000,306000000,1020000000,nvhost_podgov,0,3,,47093,48187,48031,47531,47437,48437,5055,756,1433,0.346,19.289,6.680
3911625807934,10011269,99.887,100.000,729600,729600,1728000,schedutil,306000000,306000000,1020000000,nvhost_podgov,0,3,,47000,48343,48031,47562,47406,48343,5055,756,1433,0.362,19.284,6.990
3911635806051,9998117,100.019,100.000,729600,729600,1728000,schedutil,306000000,306000000,1020000000,nvhost_podgov,0,3,,47000,48250,48125,47531,47437,48250,5055,716,1433,0.362,19.288,6.990
3911645799911,9993860,100.061,100.000,729600,729600,1728000,schedutil,306000000,306000000,1020000000,nvhost_podgov,0,3,,47062,48125,48062,47468,47343,48125,5055,716,1433,0.351,19.284,6.770
3911655793644,9993733,100.063,100.000,729600,729600,1728000,schedutil,306000000,306000000,1020000000,nvhost_podgov,0,3,,47000,48312,48156,47531,47468,48312,5055,716,1433,0.366,19.276,7.100
3911665809649,10016005,99.840,100.000,729600,729600,1728000,schedutil,306000000,306000000,1020000000,nvhost_podgov,0,3,,47000,48312,48156,47531,47437,48312,5055,716,1433,0.350,19.286,6.750
3911675793654,9984005,100.160,100.000,729600,729600,1728000,schedutil,306000000,306000000,1020000000,nvhost_podgov,0,3,,47031,48125,48031,47500,47437,48125,5055,716,1433,0.361,19.280,6.960
3911685807547,10013893,99.861,100.000,729600,729600,1728000,schedutil,306000000,306000000,1020000000,nvhost_podgov,0,3,,47000,48531,48000,47625,47375,48531,5055,715,1433,0.346,19.286,6.680
3911695807648,10000101,99.999,100.000,729600,729600,1728000,schedutil,306000000,306000000,1020000000,nvhost_podgov,0,3,,47187,48218,48093,47593,47500,48218,5055,715,1433,0.357,19.288,6.770
3911705806373,9998725,100.013,100.000,729600,729600,1728000,schedutil,306000000,306000000,1020000000,nvhost_podgov,0,3,,47156,48187,48062,47531,47406,48187,5055,715,1433,0.347,19.288,6.710
3911715795561,9989188,100.108,100.000,729600,729600,1728000,schedutil,306000000,306000000,1020000000,nvhost_podgov,0,3,,47000,48343,48062,47625,47375,48343,5055,715,1433,0.371,19.285,6.630
3911725809743,10014182,99.858,100.000,729600,729600,1728000,schedutil,306000000,306000000,1020000000,nvhost_podgov,0,3,,47156,48281,48156,47562,47468,48156,5055,715,1433,0.361,19.284,6.960
3911735808307,9998564,100.014,100.000,729600,729600,1728000,schedutil,306000000,306000000,1020000000,nvhost_podgov,0,3,,47125,48250,48062,47593,47500,48250,5055,715,1433,0.357,19.288,6.770
3911745803000,9994693,100.053,100.000,729600,729600,1728000,schedutil,306000000,306000000,1020000000,nvhost_podgov,0,3,,47000,48093,48093,47718,47375,48312,5055,715,1433,0.354,19.284,6.820
3911755803293,10000293,99.997,100.000,729600,729600,1728000,schedutil,306000000,306000000,1020000000,nvhost_podgov,0,3,,47031,48218,48156,47593,47406,48218,5055,715,1433,0.362,19.288,6.680
3911765791714,9988421,100.116,100.000,729600,729600,1728000,schedutil,306000000,306000000,1020000000,nvhost_podgov,0,3,,47062,48187,48062,47531,47437,48468,5055,715,1433,0.369,19.279,7.100
3911775811015,10019301,99.807,100.000,729600,729600,1728000,schedutil,306000000,306000000,1020000000,nvhost_podgov,0,3,,46968,48343,48062,47531,47406,48343,5055,716,1433,0.354,19.281,7.280
3911785807404,9996389,100.036,100.000,729600,729600,1728000,schedutil,306000000,306000000,1020000000,nvhost_podgov,0,3,,46906,48187,48125,47625,47406,48187,5055,716,1433,0.357,19.288,6.900
3911795803312,9995908,100.041,100.000,729600,729600,1728000,schedutil,306000000,306000000,1020000000,nvhost_podgov,0,3,,47000,48218,48062,47531,47468,48218,5055,715,1433,0.357,19.288,6.900
3911805791861,9988549,100.115,100.000,729600,729600,1728000,schedutil,306000000,306000000,1020000000,nvhost_podgov,0,3,,47062,48312,48000,47531,47468,48312,5055,715,1433,0.351,19.280,6.770
3911815813786,10021925,99.781,100.000,729600,729600,1728000,schedutil,306000000,306000000,1020000000,nvhost_podgov,0,3,,47031,48343,48218,47625,47375,48343,5055,715,1433,0.349,19.284,6.720
3911825808639,9994853,100.051,100.000,729600,729600,1728000,schedutil,306000000,306000000,1020000000,nvhost_podgov,0,3,,47187,48062,48125,47437,47437,48125,5055,715,1433,0.340,19.284,6.550
3911835805892,9997253,100.027,100.000,729600,729600,1728000,schedutil,306000000,306000000,1020000000,nvhost_podgov,0,3,,47125,48500,48062,47468,47375,48500,5055,715,1433,0.354,19.288,6.820
3911845803145,9997253,100.027,100.000,729600,729600,1728000,schedutil,306000000,306000000,1020000000,nvhost_podgov,0,3,,47000,48218,48000,47656,47468,48218,5055,716,1433,0.347,19.289,6.710
3911855791981,9988836,100.112,100.000,729600,729600,1728000,schedutil,306000000,306000000,1020000000,nvhost_podgov,0,3,,47125,48218,48031,47531,47406,48218,5055,716,1433,0.375,19.284,7.230
3911865812115,10020134,99.799,100.000,729600,729600,1728000,schedutil,306000000,306000000,1020000000,nvhost_podgov,0,3,,47093,48375,48062,47500,47375,48375,5055,715,1433,0.360,19.290,6.540
3911875805751,9993636,100.064,100.000,729600,729600,1728000,schedutil,306000000,306000000,1020000000,nvhost_podgov,0,3,,47125,48187,48000,47656,47406,48187,5055,715,1433,0.356,19.281,6.870
3911885809692,10003941,99.961,100.000,729600,729600,1728000,schedutil,306000000,306000000,1020000000,nvhost_podgov,0,3,,46937,48156,48281,47625,47437,48281,5055,716,1433,0.359,19.291,6.540
3911895792161,9982469,100.176,100.000,729600,729600,1728000,schedutil,306000000,306000000,1020000000,nvhost_podgov,0,3,,47093,48312,47968,47437,47437,48312,5055,716,1433,0.372,19.279,7.180
3911905807270,10015109,99.849,100.000,729600,729600,1728000,schedutil,306000000,306000000,1020000000,nvhost_podgov,0,3,,47031,48250,48000,47468,47375,48250,5055,715,1433,0.349,19.289,6.940
3911915812011,10004741,99.953,100.000,729600,729600,1728000,schedutil,306000000,306000000,1020000000,nvhost_podgov,0,3,,46937,48562,48218,47625,47406,48562,5055,715,1433,0.350,19.285,6.750
3911925794544,9982533,100.175,100.000,729600,729600,1728000,schedutil,306000000,306000000,1020000000,nvhost_podgov,0,3,,47031,48468,48062,47500,47375,48468,5055,715,1433,0.365,19.280,7.040
3911935806037,10011493,99.885,100.000,729600,729600,1728000,schedutil,306000000,306000000,1020000000,nvhost_podgov,0,3,,47062,48218,47968,47500,47406,48218,5055,715,1433,0.351,19.286,6.770
3911945804122,9998085,100.019,100.000,729600,729600,1728000,schedutil,306000000,306000000,1020000000,nvhost_podgov,0,3,,47031,48250,48000,47625,47406,48250,5055,715,1433,0.350,19.280,6.750
3911955810047,10005925,99.941,100.000,729600,729600,1728000,schedutil,306000000,306000000,1020000000,nvhost_podgov,0,3,,47125,48312,48031,47500,47437,48312,5055,716,1433,0.338,19.284,6.500
3911965802019,9991972,100.080,100.000,729600,729600,1728000,schedutil,306000000,306000000,1020000000,nvhost_podgov,0,3,,47187,48312,48062,47468,47468,48312,5055,716,1433,0.361,19.280,6.960
3911975808648,10006629,99.934,100.000,729600,729600,1728000,schedutil,306000000,306000000,1020000000,nvhost_podgov,0,3,,47000,48125,48093,47562,47375,48125,5055,715,1433,0.339,19.288,6.530
3911985795757,9987109,100.129,100.000,729600,729600,1728000,schedutil,306000000,306000000,1020000000,nvhost_podgov,0,3,,47125,48125,48093,47562,47500,48218,5055,715,1433,0.369,19.281,7.100
3911995808978,10013221,99.868,100.000,729600,729600,1728000,schedutil,306000000,306000000,1020000000,nvhost_podgov,0,3,,47125,48281,48062,47468,47437,48281,5055,716,1433,0.352,19.286,6.800
3912005803927,9994949,100.051,100.000,729600,729600,1728000,schedutil,306000000,306000000,1020000000,nvhost_podgov,0,3,,46968,48250,48000,47625,47406,48437,5055,716,1433,0.352,19.282,6.800
3912015806588,10002661,99.973,100.000,729600,729600,1728000,schedutil,306000000,306000000,1020000000,nvhost_podgov,0,3,,47062,48437,48093,47500,47437,48437,5055,716,1433,0.357,19.290,7.210
3912025808801,10002213,99.978,100.000,729600,729600,1728000,schedutil,306000000,306000000,1020000000,nvhost_podgov,0,3,,47062,48250,48031,47437,47437,48250,5055,716,1433,0.345,19.286,6.660
3912035791909,9983108,100.169,100.000,729600,729600,1728000,schedutil,306000000,306000000,1020000000,nvhost_podgov,0,3,,47062,48156,48000,47718,47437,48156,5055,716,1433,0.361,19.281,6.960
3912045807594,10015685,99.843,100.000,729600,729600,1728000,schedutil,306000000,306000000,1020000000,nvhost_podgov,0,3,,47000,48218,48093,47656,47343,48218,5055,715,1433,0.344,19.286,6.630
3912055806159,9998565,100.014,100.000,729600,729600,1728000,schedutil,306000000,306000000,1020000000,nvhost_podgov,0,3,,47062,48250,48093,47468,47437,48250,5055,715,1433,0.379,19.282,6.720
3912065807348,10001189,99.988,100.000,729600,729600,1728000,schedutil,306000000,306000000,1020000000,nvhost_podgov,0,3,,47031,48156,48031,47718,47375,48156,5055,715,1433,0.343,19.282,6.600
3912075798009,9990661,100.093,100.000,729600,729600,1728000,schedutil,306000000,306000000,1020000000,nvhost_podgov,0,3,,47031,48562,48062,47656,47406,48562,5055,715,1433,0.356,19.282,6.870
3912085809310,10011301,99.887,100.000,729600,729600,1728000,schedutil,306000000,306000000,1020000000,nvhost_podgov,0,3,,47218,48156,48125,47562,47468,48156,5055,716,1433,0.341,19.289,6.580
3912095807203,9997893,100.021,100.000,729600,729600,1728000,schedutil,306000000,306000000,1020000000,nvhost_podgov,0,3,,47000,48125,48062,47468,47406,48125,5055,716,1433,0.347,19.285,6.630
3912105807496,10000293,99.997,100.000,729600,729600,1728000,schedutil,306000000,306000000,1020000000,nvhost_podgov,0,3,,47000,48312,48156,47625,47343,48312,5055,716,1433,0.378,19.286,7.280
3912115809388,10001892,99.981,100.000,729600,729600,1728000,schedutil,306000000,306000000,1020000000,nvhost_podgov,0,3,,47218,48312,48093,47500,47468,48125,5055,716,1433,0.351,19.288,6.770
3912125791313,9981925,100.181,100.000,729600,729600,1728000,schedutil,306000000,306000000,1020000000,nvhost_podgov,0,3,,47093,48125,48062,47531,47437,48125,5055,716,1433,0.370,19.284,7.130
3912135807798,10016485,99.835,100.000,729600,729600,1728000,schedutil,306000000,306000000,1020000000,nvhost_podgov,0,3,,47000,48125,48156,47562,47437,48250,5055,715,1433,0.349,19.290,6.720
3912145792699,9984901,100.151,100.000,729600,729600,1728000,schedutil,306000000,306000000,1020000000,nvhost_podgov,0,3,,47093,48281,48125,47593,47437,48281,5055,715,1433,0.354,19.276,6.820
3912155808992,10016293,99.837,100.000,729600,729600,1728000,schedutil,306000000,306000000,1020000000,nvhost_podgov,0,3,,47062,48437,48000,47468,47468,48437,5055,715,1433,0.354,19.284,6.820
3912165808197,9999205,100.008,100.000,729600,729600,1728000,schedutil,306000000,306000000,1020000000,nvhost_podgov,0,3,,47062,48375,48000,47656,47375,48156,5055,715,1433,0.369,19.282,7.120
3912175809258,10001061,99.989,100.000,729600,729600,1728000,schedutil,306000000,306000000,1020000000,nvhost_podgov,0,3,,47000,48250,48156,47531,47437,48250,5055,715,1433,0.356,19.280,6.870
3912185803822,9994564,100.054,100.000,729600,729600,1728000,schedutil,306000000,306000000,1020000000,nvhost_podgov,0,3,,47031,48218,48062,47500,47375,48218,5055,715,1433,0.362,19.286,6.520
3912195803347,9999525,100.005,100.000,729600,729600,1728000,schedutil,306000000,306000000,1020000000,nvhost_podgov,0,3,,47000,48312,48000,47750,47406,48312,5055,715,1433,0.369,19.285,7.120
3912205806456,10003109,99.969,100.000,729600,729600,1728000,schedutil,306000000,306000000,1020000000,nvhost_podgov,0,3,,46937,48312,48062,47625,47437,48312,5055,715,1433,0.355,19.290,6.660
3912215792253,9985797,100.142,100.000,729600,729600,1728000,schedutil,306000000,306000000,1020000000,nvhost_podgov,0,3,,47281,48093,48062,47406,47468,48093,5055,715,1433,0.367,19.279,7.090
3912225807778,10015525,99.845,100.000,729600,729600,1728000,schedutil,306000000,306000000,1020000000,nvhost_podgov,0,3,,47000,48593,47968,47468,47406,48593,5055,716,1433,0.357,19.284,6.910
3912235795719,9987941,100.121,100.000,729600,729600,1728000,schedutil,306000000,306000000,1020000000,nvhost_podgov,0,3,,47062,48218,48125,47593,47437,48218,5055,716,1433,0.372,19.282,7.180
3912245806284,10010565,99.894,100.000,729600,729600,1728000,schedutil,306000000,306000000,1020000000,nvhost_podgov,0,3,,47281,48187,48062,47562,47437,48187,5055,715,1433,0.350,19.290,7.360
3912255809521,10003237,99.968,100.000,729600,729600,1728000,schedutil,306000000,306000000,1020000000,nvhost_podgov,0,3,,47125,48312,48031,47500,47375,48312,5055,715,1433,0.344,19.281,6.630
3912265806613,9997092,100.029,100.000,729600,729600,1728000,schedutil,306000000,306000000,1020000000,nvhost_podgov,0,3,,47062,48312,48062,47562,47406,48187,5055,716,1433,0.350,19.289,7.560
3912275807994,10001381,99.986,100.000,729600,729600,1728000,schedutil,306000000,306000000,1020000000,nvhost_podgov,0,3,,47093,48187,48125,47500,47437,48187,5055,716,1433,0.344,19.282,6.630
3912285804159,9996165,100.038,100.000,729600,729600,1728000,schedutil,306000000,306000000,1020000000,nvhost_podgov,0,3,,47125,48062,47968,47500,47406,48312,5055,716,1433,0.351,19.284,6.770
3912295807908,10003749,99.963,100.000,729600,729600,1728000,schedutil,306000000,306000000,1020000000,nvhost_podgov,0,3,,46968,48250,48000,47562,47343,48250,5055,716,1433,0.340,19.285,6.550
3912305792681,9984773,100.153,100.000,729600,729600,1728000,schedutil,306000000,306000000,1020000000,nvhost_podgov,0,3,,47062,48468,48125,47562,47437,48468,5055,716,1433,0.379,19.289,7.310
3912315810958,10018277,99.818,100.000,729600,729600,1728000,schedutil,306000000,306000000,1020000000,nvhost_podgov,0,3,,47000,48531,48031,47531,47468,48531,5055,716,1433,0.343,19.286,6.600
3912325812115,10001157,99.988,100.000,729600,729600,1728000,schedutil,306000000,306000000,1020000000,nvhost_podgov,0,3,,47031,48187,48062,47687,47406,48187,5055,716,1433,0.365,19.288,7.040
3912335809368,9997253,100.027,100.000,729600,729600,1728000,schedutil,306000000,306000000,1020000000,nvhost_podgov,0,3,,46968,48250,48093,47531,47468,48250,5055,716,1433,0.355,19.286,6.550
3912345798236,9988868,100.111,100.000,729600,729600,1728000,schedutil,306000000,306000000,1020000000,nvhost_podgov,0,3,,47093,48218,48062,47468,47375,48218,5055,716,1433,0.354,19.275,6.820
3912355821825,10023589,99.765,100.000,729600,729600,1728000,schedutil,306000000,306000000,1020000000,nvhost_podgov,0,3,,47031,48281,48000,47437,47406,48281,5055,716,1433,0.380,19.279,6.850
3912365796550,9974725,100.253,100.000,729600,729600,1728000,schedutil,306000000,306000000,1020000000,nvhost_podgov,0,3,,47281,48156,48156,47562,47375,48187,5055,716,1433,0.390,19.285,6.870
3912375791403,9994853,100.051,100.000,729600,729600,1728000,schedutil,306000000,306000000,1020000000,nvhost_podgov,0,3,,47218,48093,48125,47500,47375,48125,5055,755,1433,0.364,19.284,7.260
3912385794768,10003365,99.966,100.000,729600,729600,1728000,schedutil,306000000,306000000,1020000000,nvhost_podgov,0,3,,47062,48218,48062,47625,47375,48218,5055,755,1433,0.350,19.285,6.750
3912395789588,9994820,100.052,100.000,729600,729600,1728000,schedutil,306000000,306000000,1020000000,nvhost_podgov,0,3,,47031,48218,48031,47656,47468,48500,5055,755,1433,0.380,19.282,7.010
3912405794553,10004965,99.950,100.000,729600,729600,1728000,schedutil,306000000,306000000,1020000000,nvhost_podgov,0,3,,47187,48343,48125,47531,47500,48343,5055,755,1433,0.346,19.288,6.680
3912415793438,9998885,100.011,100.000,729600,729600,1728000,schedutil,306000000,306000000,1020000000,nvhost_podgov,0,3,,47125,48375,48000,47468,47281,48125,5055,755,1433,0.398,19.281,6.750
3912425800707,10007269,99.927,100.000,729600,729600,1728000,schedutil,306000000,306000000,1020000000,nvhost_podgov,0,3,,46968,48125,48062,47625,47406,48125,5055,756,1433,0.349,19.288,6.730
3912435787688,9986981,100.130,100.000,729600,729600,1728000,schedutil,306000000,306000000,1020000000,nvhost_podgov,0,3,,47062,48125,48125,47531,47406,48218,5055,756,1433,0.403,19.285,6.870
3912445795885,10008197,99.918,100.000,729600,729600,1728000,schedutil,306000000,306000000,1020000000,nvhost_podgov,0,3,,47093,48312,48062,47500,47406,48312,5055,755,1433,0.346,19.288,6.680
3912455786513,9990628,100.094,100.000,729600,729600,1728000,schedutil,306000000,306000000,1020000000,nvhost_podgov,0,3,,47062,48375,48062,47656,47406,48375,5055,755,1433,0.390,19.281,6.960
3912465795350,10008837,99.912,100.000,729600,729600,1728000,schedutil,306000000,306000000,1020000000,nvhost_podgov,0,3,,47000,48406,48093,47437,47437,48406,5055,756,1433,0.344,19.284,6.630
3912475793211,9997861,100.021,100.000,729600,729600,1728000,schedutil,306000000,306000000,1020000000,nvhost_podgov,0,3,,47062,48156,48031,47468,47468,48156,5055,756,1433,0.356,19.286,6.870
3912485792736,9999525,100.005,100.000,729600,729600,1728000,schedutil,306000000,306000000,1020000000,nvhost_podgov,0,3,,47062,48156,48062,47687,47375,48156,5055,756,1433,0.375,19.286,7.230
3912495796741,10004005,99.960,100.000,729600,729600,1728000,schedutil,306000000,306000000,1020000000,nvhost_podgov,0,3,,47125,48375,48093,47531,47437,48375,5055,756,1433,0.350,19.284,6.750
3912505792234,9995493,100.045,100.000,729600,729600,1728000,schedutil,306000000,306000000,1020000000,nvhost_podgov,0,3,,47218,48281,48031,47437,47375,48281,5055,756,1433,0.378,19.280,7.280
3912515795215,10002981,99.970,100.000,729600,729600,1728000,schedutil,306000000,306000000,1020000000,nvhost_podgov,0,3,,46968,48156,47968,47562,47437,48156,5055,755,1433,0.343,19.282,6.600
3912525788883,9993668,100.063,100.000,729600,729600,1728000,schedutil,306000000,306000000,1020000000,nvhost_podgov,0,3,,47187,48093,48062,47562,47406,48250,5055,755,1433,0.369,19.284,7.010
3912535795544,10006661,99.933,100.000,729600,729600,1728000,schedutil,306000000,306000000,1020000000,nvhost_podgov,0,3,,47125,48250,48093,47500,47406,48250,5055,756,1433,0.340,19.286,6.550
3912545786397,9990853,100.092,100.000,729600,729600,1728000,schedutil,306000000,306000000,1020000000,nvhost_podgov,0,3,,47062,48218,48031,47500,47406,48406,5055,756,1433,0.388,19.279,7.230
3912555797986,10011589,99.884,100.000,729600,729600,1728000,schedutil,306000000,306000000,1020000000,nvhost_podgov,0,3,,47000,48406,48125,47593,47375,48406,5055,756,1433,0.344,19.286,6.630
3912565795079,9997093,100.029,100.000,729600,729600,1728000,schedutil,306000000,306000000,1020000000,nvhost_podgov,0,3,,47093,48187,48062,47531,47468,48187,5055,756,1433,0.370,19.288,7.130
3912575797804,10002725,99.973,100.000,729600,729600,1728000,schedutil,306000000,306000000,1020000000,nvhost_podgov,0,3,,47062,48218,48062,47531,47437,48218,5055,756,1433,0.344,19.284,6.630
3912585801649,10003845,99.962,100.000,729600,729600,1728000,schedutil,306000000,306000000,1020000000,nvhost_podgov,0,3,,47000,48312,48156,47531,47437,48312,5055,756,1433,0.365,19.286,6.530
3912595795414,9993765,100.062,100.000,729600,729600,1728000,schedutil,306000000,306000000,1020000000,nvhost_podgov,0,3,,47000,48281,48062,47593,47375,48281,5055,756,1433,0.367,19.286,7.160
3912605796378,10000964,99.990,100.000,729600,729600,1728000,schedutil,306000000,306000000,1020000000,nvhost_podgov,0,3,,47062,48125,48062,47500,47468,48125,5055,756,1433,0.346,19.291,6.550
3912615787391,9991013,100.090,100.000,729600,729600,1728000,schedutil,306000000,306000000,1020000000,nvhost_podgov,0,3,,47000,48437,47968,47593,47468,48437,5055,756,1433,0.378,19.277,7.280
3912625796964,10009573,99.904,100.000,729600,729600,1728000,schedutil,306000000,306000000,1020000000,nvhost_podgov,0,3,,47281,48218,48062,47562,47468,48218,5055,756,1433,0.355,19.290,6.660
3912635786345,9989381,100.106,100.000,729600,729600,1728000,schedutil,306000000,306000000,1020000000,nvhost_podgov,0,3,,47156,48218,48062,47531,47468,48218,5055,756,1433,0.361,19.280,6.960
3912645794862,10008517,99.915,100.000,729600,729600,1728000,schedutil,306000000,306000000,1020000000,nvhost_podgov,0,3,,46968,48343,48062,47718,47343,48343,5055,756,1433,0.351,19.291,6.770
3912655793683,9998821,100.012,100.000,729600,729600,1728000,schedutil,306000000,306000000,1020000000,nvhost_podgov,0,3,,47218,48343,48187,47531,47468,48343,5055,756,1433,0.349,19.281,6.720
3912665795672,10001989,99.980,100.000,729600,729600,1728000,schedutil,306000000,306000000,1020000000,nvhost_podgov,0,3,,47125,48218,48031,47500,47468,48218,5055,756,1433,0.349,19.282,6.720
3912675791996,9996324,100.037,100.000,729600,729600,1728000,schedutil,306000000,306000000,1020000000,nvhost_podgov,0,3,,47062,48281,48031,47531,47437,48281,5055,756,1433,0.375,19.276,7.010
3912685798177,10006181,99.938,100.000,729600,729600,1728000,schedutil,306000000,306000000,1020000000,nvhost_podgov,0,3,,46968,48218,48156,47593,47375,48218,5055,756,1433,0.341,19.284,6.580
3912695793062,9994885,100.051,100.000,729600,729600,1728000,schedutil,306000000,306000000,1020000000,nvhost_podgov,0,3,,47093,48218,48093,47531,47437,48531,5055,756,1433,0.345,19.284,6.660
3912705805771,10012709,99.873,100.000,729600,729600,1728000,schedutil,306000000,306000000,1020000000,nvhost_podgov,0,3,,47125,48437,48062,47468,47343,48437,5055,756,1433,0.352,19.282,6.800
3912715796368,9990597,100.094,100.000,729600,729600,1728000,schedutil,306000000,306000000,1020000000,nvhost_podgov,0,3,,47031,48281,47968,47562,47406,48281,5055,756,1433,0.361,19.290,6.580
3912725789653,9993285,100.067,100.000,729600,729600,1728000,schedutil,306000000,306000000,1020000000,nvhost_podgov,0,3,,47031,48281,48093,47437,47500,48281,5055,756,1433,0.370,19.284,7.130
3912735798010,10008357,99.916,100.000,729600,729600,1728000,schedutil,306000000,306000000,1020000000,nvhost_podgov,0,3,,47125,48281,48062,47437,47437,48281,5055,756,1433,0.357,19.288,6.680
3912745820223,10022213,99.778,100.000,729600,729600,1728000,schedutil,306000000,306000000,1020000000,nvhost_podgov,0,3,,47031,48218,48062,47593,47406,48218,5055,756,1433,0.384,19.282,7.400
3912755811396,9991173,100.088,100.000,729600,729600,1728000,schedutil,306000000,306000000,1020000000,nvhost_podgov,0,3,,46906,48125,48093,47625,47406,48125,5055,756,1433,0.362,19.285,6.580
3912765790728,9979332,100.207,100.000,729600,729600,1728000,schedutil,306000000,306000000,1020000000,nvhost_podgov,0,3,,47031,48156,48031,47593,47500,48156,5055,756,1433,0.361,19.277,6.960
3912775806221,10015493,99.845,100.000,729600,729600,1728000,schedutil,306000000,306000000,1020000000,nvhost_podgov,0,3,,47031,48187,48031,47625,47375,48187,5055,756,1433,0.362,19.288,6.990
3912785806354,10000133,99.999,100.000,729600,729600,1728000,schedutil,306000000,306000000,1020000000,nvhost_podgov,0,3,,47218,48187,48062,47531,47468,48343,5055,756,1433,0.351,19.286,6.800
3912795805943,9999589,100.004,100.000,729600,729600,1728000,schedutil,306000000,306000000,1020000000,nvhost_podgov,0,3,,47187,48437,48062,47562,47437,48437,5055,756,1433,0.367,19.279,7.090
3912805796796,9990853,100.092,100.000,729600,729600,1728000,schedutil,306000000,306000000,1020000000,nvhost_podgov,0,3,,47031,48343,48000,47625,47375,48187,5055,756,1433,0.341,19.288,6.580
3912815786688,9989892,100.101,100.000,729600,729600,1728000,schedutil,306000000,306000000,1020000000,nvhost_podgov,0,3,,47093,48093,48093,47562,47500,48093,5055,756,1433,0.383,19.280,7.370
3912825795397,10008709,99.913,100.000,729600,729600,1728000,schedutil,306000000,306000000,1020000000,nvhost_podgov,0,3,,47062,48093,48031,47468,47500,48281,5055,756,1433,0.346,19.284,6.680
3912835789130,9993733,100.063,100.000,729600,729600,1728000,schedutil,306000000,306000000,1020000000,nvhost_podgov,0,3,,47062,48250,48062,47625,47343,48250,5055,756,1433,0.374,19.281,7.210
3912845797455,10008325,99.917,100.000,729600,729600,1728000,schedutil,306000000,306000000,1020000000,nvhost_podgov,0,3,,47031,48468,48125,47593,47468,48468,5055,756,1433,0.355,19.285,6.550
3912855785780,9988325,100.117,100.000,729600,729600,1728000,schedutil,306000000,306000000,1020000000,nvhost_podgov,0,3,,47062,48406,48125,47500,47500,48406,5055,756,1433,0.385,19.280,7.420
3912865795801,10010021,99.900,100.000,729600,729600,1728000,schedutil,306000000,306000000,1020000000,nvhost_podgov,0,3,,47093,48187,48093,47562,47343,48187,5055,756,1433,0.356,19.288,7.090
3912875795614,9999813,100.002,100.000,729600,729600,1728000,schedutil,306000000,306000000,1020000000,nvhost_podgov,0,3,,47031,48187,48125,47593,47375,48187,5055,756,1433,0.347,19.286,6.710
3912885794946,9999332,100.007,100.000,729600,729600,1728000,schedutil,306000000,306000000,1020000000,nvhost_podgov,0,3,,46968,48312,48031,47500,47468,48312,5055,756,1433,0.357,19.289,6.680
3912895794311,9999365,100.006,100.000,729600,729600,1728000,schedutil,306000000,306000000,1020000000,nvhost_podgov,0,3,,47031,48312,48000,47500,47437,48312,5055,756,1433,0.339,19.285,6.530
3912905794476,10000165,99.998,100.000,729600,729600,1728000,schedutil,306000000,306000000,1020000000,nvhost_podgov,0,3,,47062,48125,48250,47593,47468,48250,5055,756,1433,0.354,19.282,7.260
3912915794513,10000037,100.000,100.000,729600,729600,1728000,schedutil,306000000,306000000,1020000000,nvhost_podgov,0,3,,47187,48062,48125,47562,47468,48125,5055,756,1433,0.338,19.288,6.520
3912925801366,10006853,99.932,100.000,729600,729600,1728000,schedutil,306000000,306000000,1020000000,nvhost_podgov,0,3,,47156,48312,48062,47500,47437,48312,5055,756,1433,0.357,19.279,6.990
3912935796091,9994725,100.053,100.000,729600,729600,1728000,schedutil,306000000,306000000,1020000000,nvhost_podgov,0,3,,47031,48281,48000,47718,47468,48281,5055,756,1433,0.343,19.290,6.600
3912945788448,9992357,100.076,100.000,729600,729600,1728000,schedutil,306000000,306000000,1020000000,nvhost_podgov,0,3,,47218,48375,48187,47562,47531,48375,5055,756,1433,0.367,19.288,6.770
3912955796869,10008421,99.916,100.000,729600,729600,1728000,schedutil,306000000,306000000,1020000000,nvhost_podgov,0,3,,47125,48312,48062,47500,47468,48187,5055,756,1433,0.344,19.286,6.630
3912965793193,9996324,100.037,100.000,729600,729600,1728000,schedutil,306000000,306000000,1020000000,nvhost_podgov,0,3,,46968,48125,48031,47656,47437,48125,5055,756,1433,0.355,19.286,6.850
3912975793518,10000325,99.997,100.000,729600,729600,1728000,schedutil,306000000,306000000,1020000000,nvhost_podgov,0,3,,47062,48312,48187,47562,47468,48312,5055,756,1433,0.360,19.282,6.940
3912985794771,10001253,99.987,100.000,729600,729600,1728000,schedutil,306000000,306000000,1020000000,nvhost_podgov,0,3,,47125,48218,48093,47500,47406,48218,5055,756,1433,0.344,19.288,6.630
3912995789848,9995077,100.049,100.000,729600,729600,1728000,schedutil,306000000,306000000,1020000000,nvhost_podgov,0,3,,47093,48156,48000,47531,47500,48156,5055,756,1433,0.351,19.281,7.230
3913005810461,10020613,99.794,100.000,729600,729600,1728000,schedutil,306000000,306000000,1020000000,nvhost_podgov,0,3,,46968,48500,48093,47593,47406,48500,5055,756,1433,0.344,19.282,6.630
3913015787170,9976709,100.233,100.000,729600,729600,1728000,schedutil,306000000,306000000,1020000000,nvhost_podgov,0,3,,47093,48218,48093,47593,47406,48218,5055,756,1433,0.352,19.276,6.800
3913025797671,10010501,99.895,100.000,729600,729600,1728000,schedutil,306000000,306000000,1020000000,nvhost_podgov,0,3,,47000,48281,48062,47500,47406,48281,5055,756,1433,0.343,19.284,6.600
3913035786123,9988452,100.116,100.000,729600,729600,1728000,schedutil,306000000,306000000,1020000000,nvhost_podgov,0,3,,47000,48343,48062,47593,47437,48343,5055,756,1433,0.384,19.281,7.090
3913045810705,10024582,99.755,100.000,729600,729600,1728000,schedutil,306000000,306000000,1020000000,nvhost_podgov,0,3,,47218,48312,48062,47593,47375,48312,5055,756,1433,0.401,19.273,7.730
3913055797269,9986564,100.135,100.000,729600,729600,1728000,schedutil,306000000,306000000,1020000000,nvhost_podgov,0,3,,47093,48187,48031,47468,47406,48187,5055,756,1433,0.361,19.280,6.960
3913065799610,10002341,99.977,100.000,729600,729600,1728000,schedutil,306000000,306000000,1020000000,nvhost_podgov,0,3,,47000,48156,48031,47656,47406,48156,5055,756,1433,0.359,19.285,6.920
3913075795647,9996037,100.040,100.000,729600,729600,1728000,schedutil,306000000,306000000,1020000000,nvhost_podgov,0,3,,47218,48312,48062,47562,47437,48312,5055,756,1433,0.365,19.286,6.630
3913085793540,9997893,100.021,100.000,729600,729600,1728000,schedutil,306000000,306000000,1020000000,nvhost_podgov,0,3,,47093,48218,48031,47437,47500,48437,5055,756,1433,0.369,19.284,7.120
3913095795945,10002405,99.976,100.000,729600,729600,1728000,schedutil,306000000,306000000,1020000000,nvhost_podgov,0,3,,47000,48437,48031,47656,47468,48437,5055,756,1433,0.351,19.288,6.710
3913105792173,9996228,100.038,100.000,729600,729600,1728000,schedutil,306000000,306000000,1020000000,nvhost_podgov,0,3,,47093,48250,48062,47593,47468,48250,5055,756,1433,0.386,19.281,7.450
3913115794994,10002821,99.972,100.000,729600,729600,1728000,schedutil,306000000,306000000,1020000000,nvhost_podgov,0,3,,47156,48218,48125,47406,47437,48218,5055,756,1433,0.352,19.288,6.730
3913125786199,9991205,100.088,100.000,729600,729600,1728000,schedutil,306000000,306000000,1020000000,nvhost_podgov,0,3,,47000,48312,48031,47437,47375,48312,5055,756,1433,0.359,19.277,7.070
3913135796572,10010373,99.896,100.000,729600,729600,1728000,schedutil,306000000,306000000,1020000000,nvhost_podgov,0,3,,46968,48281,48093,47625,47437,48281,5055,756,1433,0.354,19.288,6.820
3913145796449,9999877,100.001,100.000,729600,729600,1728000,schedutil,306000000,306000000,1020000000,nvhost_podgov,0,3,,47000,48156,48062,47531,47375,48156,5055,756,1433,0.356,19.282,6.870
3913155802726,10006277,99.937,100.000,729600,729600,1728000,schedutil,306000000,306000000,1020000000,nvhost_podgov,0,3,,47062,48562,48062,47656,47406,48562,5055,756,1433,0.386,19.275,7.450
3913165801995,9999269,100.007,100.000,729600,729600,1728000,schedutil,306000000,306000000,1020000000,nvhost_podgov,0,3,,46968,48250,48125,47593,47343,48250,5055,756,1433,0.365,19.286,7.040
3913175801648,9999653,100.003,100.000,729600,729600,1728000,schedutil,306000000,306000000,1020000000,nvhost_podgov,0,3,,47218,48218,48093,47468,47437,48218,5055,756,1433,0.367,19.284,7.090
3913185805076,10003428,99.966,100.000,729600,729600,1728000,schedutil,306000000,306000000,1020000000,nvhost_podgov,0,3,,47000,48375,48031,47437,47437,48375,5055,756,1433,0.361,19.290,6.750
3913195791833,9986757,100.133,100.000,729600,729600,1728000,schedutil,306000000,306000000,1020000000,nvhost_podgov,0,3,,47062,48375,48093,47656,47375,48375,5055,756,1433,0.375,19.276,7.230
3913205810174,10018341,99.817,100.000,729600,729600,1728000,schedutil,306000000,306000000,1020000000,nvhost_podgov,0,3,,47187,48125,48062,47500,47468,48125,5055,756,1433,0.352,19.288,6.550
3913215805987,9995813,100.042,100.000,729600,729600,1728000,schedutil,306000000,306000000,1020000000,nvhost_podgov,0,3,,47250,48312,48125,47531,47468,48312,5055,756,1433,0.350,19.280,6.750
3913225822920,10016933,99.831,100.000,729600,729600,1728000,schedutil,306000000,306000000,1020000000,nvhost_podgov,0,3,,47000,48312,48187,47625,47437,48312,5055,756,1433,0.361,19.282,6.680
3913235789100,9966180,100.339,100.000,729600,729600,1728000,schedutil,306000000,306000000,1020000000,nvhost_podgov,0,3,,47093,48437,48125,47437,47406,48437,5055,756,1433,0.366,19.279,7.070
3913245799697,10010597,99.894,100.000,729600,729600,1728000,schedutil,306000000,306000000,1020000000,nvhost_podgov,0,3,,47062,48406,48062,47500,47406,48406,5055,756,1433,0.354,19.290,6.800
3913255796086,9996389,100.036,100.000,729600,729600,1728000,schedutil,306000000,306000000,1020000000,nvhost_podgov,0,3,,47062,48218,48031,47562,47375,48218,5055,756,1433,0.355,19.281,6.850
3913265788475,9992389,100.076,100.000,729600,729600,1728000,schedutil,306000000,306000000,1020000000,nvhost_podgov,0,3,,46937,48187,48125,47531,47500,48187,5055,756,1433,0.396,19.280,7.640
3913275794432,10005957,99.940,100.000,729600,729600,1728000,schedutil,306000000,306000000,1020000000,nvhost_podgov,0,3,,47062,48375,48031,47531,47406,48375,5055,756,1433,0.354,19.285,6.630
3913285789349,9994917,100.051,100.000,729600,729600,1728000,schedutil,306000000,306000000,1020000000,nvhost_podgov,0,3,,47000,48312,48062,47687,47468,48312,5055,756,1433,0.372,19.284,7.180
3913295797162,10007813,99.922,100.000,729600,729600,1728000,schedutil,306000000,306000000,1020000000,nvhost_podgov,0,3,,47000,48187,48125,47562,47500,48187,5055,756,1433,0.338,19.284,6.500
3913305792975,9995813,100.042,100.000,729600,729600,1728000,schedutil,306000000,306000000,1020000000,nvhost_podgov,0,3,,47125,48187,48093,47562,47468,48187,5055,756,1433,0.350,19.276,6.750
3913315797683,10004708,99.953,100.000,729600,729600,1728000,schedutil,306000000,306000000,1020000000,nvhost_podgov,0,3,,47062,48281,48062,47500,47468,48281,5055,756,1433,0.341,19.289,6.580
3913325787096,9989413,100.106,100.000,729600,729600,1728000,schedutil,306000000,306000000,1020000000,nvhost_podgov,0,3,,47000,48250,48250,47531,47468,48468,5055,756,1433,0.380,19.281,7.320
3913335798749,10011653,99.884,100.000,729600,729600,1728000,schedutil,306000000,306000000,1020000000,nvhost_podgov,0,3,,47156,48375,48000,47562,47468,48375,5055,756,1433,0.341,19.285,6.580
3913345793506,9994757,100.052,100.000,729600,729600,1728000,schedutil,306000000,306000000,1020000000,nvhost_podgov,0,3,,47062,48375,48062,47468,47375,48250,5055,756,1433,0.352,19.280,6.800
3913355790855,9997349,100.027,100.000,729600,729600,1728000,schedutil,306000000,306000000,1020000000,nvhost_podgov,0,3,,47031,48218,48156,47562,47375,48218,5055,756,1433,0.349,19.275,7.160
3913365791628,10000773,99.992,100.000,729600,729600,1728000,schedutil,306000000,306000000,1020000000,nvhost_podgov,0,3,,47156,48343,48031,47593,47468,48343,5055,756,1433,0.379,19.280,7.300
3913375804337,10012709,99.873,100.000,729600,729600,1728000,schedutil,306000000,306000000,1020000000,nvhost_podgov,0,3,,47156,48312,48062,47531,47406,48312,5055,756,1433,0.375,19.286,7.480
3913385804054,9999717,100.003,100.000,729600,729600,1728000,schedutil,306000000,306000000,1020000000,nvhost_podgov,0,3,,47093,48593,48062,47656,47375,48593,5095,756,1433,0.340,19.284,6.550
3913395804442,10000388,99.996,100.000,729600,729600,1728000,schedutil,306000000,306000000,1020000000,nvhost_podgov,0,3,,47062,48500,48187,47500,47406,48500,5095,756,1433,0.374,19.286,7.210
3913405806495,10002053,99.979,100.000,729600,729600,1728000,schedutil,306000000,306000000,1020000000,nvhost_podgov,0,3,,47125,48218,48093,47531,47406,48218,5095,756,1433,0.344,19.286,6.630
3913415793124,9986629,100.134,100.000,729600,729600,1728000,schedutil,306000000,306000000,1020000000,nvhost_podgov,0,3,,47000,48156,48062,47625,47406,48156,5095,756,1433,0.378,19.286,6.580
3913425810761,10017637,99.824,100.000,729600,729600,1728000,schedutil,306000000,306000000,1020000000,nvhost_podgov,0,3,,46968,48375,48062,47500,47468,48375,5095,756,1433,0.339,19.286,6.530
3913435806862,9996101,100.039,100.000,729600,729600,1728000,schedutil,306000000,306000000,1020000000,nvhost_podgov,0,3,,47281,48187,48062,47531,47468,48187,5095,756,1433,0.361,19.290,6.950
3913445806323,9999461,100.005,100.000,729600,729600,1728000,schedutil,306000000,306000000,1020000000,nvhost_podgov,0,3,,47031,48187,48031,47500,47437,48187,5095,756,1433,0.341,19.281,6.580
3913455807864,10001541,99.985,100.000,729600,729600,1728000,schedutil,306000000,306000000,1020000000,nvhost_podgov,0,3,,47000,48218,48156,47625,47406,48312,5095,756,1433,0.351,19.285,6.770
3913465804540,9996676,100.033,100.000,729600,729600,1728000,schedutil,306000000,306000000,1020000000,nvhost_podgov,0,3,,47125,48281,48093,47562,47406,48281,5095,756,1433,0.357,19.280,6.820
3913475807585,10003045,99.970,100.000,729600,729600,1728000,schedutil,306000000,306000000,1020000000,nvhost_podgov,0,3,,47125,48250,48000,47500,47437,48468,5095,756,1433,0.357,19.282,6.900
3913485804870,9997285,100.027,100.000,729600,729600,1728000,schedutil,306000000,306000000,1020000000,nvhost_podgov,0,3,,47000,48375,48000,47531,47375,48375,5095,756,1433,0.383,19.285,7.370
3913495808043,10003173,99.968,100.000,729600,729600,1728000,schedutil,306000000,306000000,1020000000,nvhost_podgov,0,3,,47156,48218,48062,47562,47437,48218,5095,756,1433,0.347,19.286,6.710
3913505792208,9984165,100.159,100.000,729600,729600,1728000,schedutil,306000000,306000000,1020000000,nvhost_podgov,0,3,,47093,48250,48031,47468,47437,48250,5095,756,1433,0.362,19.279,7.070
3913515807061,10014853,99.852,100.000,729600,729600,1728000,schedutil,306000000,306000000,1020000000,nvhost_podgov,0,3,,47000,48312,48031,47625,47375,48312,5095,756,1433,0.349,19.288,6.730
3913525810202,10003141,99.969,100.000,729600,729600,1728000,schedutil,306000000,306000000,1020000000,nvhost_podgov,0,3,,47125,48250,48125,47531,47468,48250,5095,756,1433,0.376,19.281,7.260
3913535807646,9997444,100.026,100.000,729600,729600,1728000,schedutil,306000000,306000000,1020000000,nvhost_podgov,0,3,,47062,48156,48062,47562,47437,48156,5095,756,1433,0.344,19.285,6.630
3913545807939,10000293,99.997,100.000,729600,729600,1728000,schedutil,306000000,306000000,1020000000,nvhost_podgov,0,3,,47062,48562,48062,47656,47437,48562,5095,756,1433,0.356,19.286,6.630
3913555807048,9999109,100.009,100.000,729600,729600,1728000,schedutil,306000000,306000000,1020000000,nvhost_podgov,0,3,,46937,48218,48062,47500,47500,48218,5095,756,1433,0.366,19.282,7.070
3913565806381,9999333,100.007,100.000,729600,729600,1728000,schedutil,306000000,306000000,1020000000,nvhost_podgov,0,3,,47062,48156,48062,47468,47312,48156,5095,756,1433,0.346,19.285,6.530
3913575797490,9991109,100.089,100.000,729600,729600,1728000,schedutil,306000000,306000000,1020000000,nvhost_podgov,0,3,,47062,48312,48093,47687,47375,48312,5095,756,1433,0.371,19.279,7.160
3913585805879,10008389,99.916,100.000,729600,729600,1728000,schedutil,306000000,306000000,1020000000,nvhost_podgov,0,3,,47250,48312,48062,47562,47437,48312,5055,756,1433,0.351,19.288,6.530
3913595792987,9987108,100.129,100.000,729600,729600,1728000,schedutil,306000000,306000000,1020000000,nvhost_podgov,0,3,,47125,48218,48093,47500,47437,48218,5055,756,1433,0.352,19.274,6.800
3913605809696,10016709,99.833,100.000,729600,729600,1728000,schedutil,306000000,306000000,1020000000,nvhost_podgov,0,3,,47031,48187,48062,47625,47375,48250,5055,756,1433,0.345,19.290,6.660
3913615792645,9982949,100.171,100.000,729600,729600,1728000,schedutil,306000000,306000000,1020000000,nvhost_podgov,0,3,,47156,48218,48093,47593,47343,48218,5055,756,1433,0.371,19.279,7.160
3913625810410,10017765,99.823,100.000,729600,729600,1728000,schedutil,306000000,306000000,1020000000,nvhost_podgov,0,3,,47218,48281,48093,47531,47531,48531,5055,756,1433,0.352,19.288,6.800
3913635807823,9997413,100.026,100.000,729600,729600,1728000,schedutil,306000000,306000000,1020000000,nvhost_podgov,0,3,,47062,48500,48062,47468,47406,48250,5055,756,1433,0.367,19.282,6.990
3913645807092,9999269,100.007,100.000,729600,729600,1728000,schedutil,306000000,306000000,1020000000,nvhost_podgov,0,3,,46968,48218,48187,47625,47437,48218,5055,756,1433,0.345,19.281,6.660
3913655797432,9990340,100.097,100.000,729600,729600,1728000,schedutil,306000000,306000000,1020000000,nvhost_podgov,0,3,,47062,48156,48156,47531,47531,48156,5055,756,1433,0.347,19.276,7.070
3913665808733,10011301,99.887,100.000,729600,729600,1728000,schedutil,306000000,306000000,1020000000,nvhost_podgov,0,3,,47156,48343,48031,47468,47468,48343,5055,756,1433,0.376,19.288,7.260
3913675810146,10001413,99.986,100.000,729600,729600,1728000,schedutil,306000000,306000000,1020000000,nvhost_podgov,0,3,,47000,48281,48156,47656,47437,48281,5055,756,1433,0.364,19.280,6.910
3913685794343,9984197,100.158,100.000,729600,729600,1728000,schedutil,306000000,306000000,1020000000,nvhost_podgov,0,3,,46968,48062,48093,47562,47468,48093,5055,756,1433,0.362,19.277,6.990
3913695814764,10020421,99.796,100.000,729600,729600,1728000,schedutil,306000000,306000000,1020000000,nvhost_podgov,0,3,,47062,48156,48031,47437,47500,48156,5095,756,1433,0.357,19.289,6.820
3913705805745,9990981,100.090,100.000,729600,729600,1728000,schedutil,306000000,306000000,1020000000,nvhost_podgov,0,3,,47000,48250,48062,47687,47437,48250,5095,756,1433,0.381,19.273,7.350
3913715809590,10003845,99.962,100.000,729600,729600,1728000,schedutil,306000000,306000000,1020000000,nvhost_podgov,0,3,,47218,48156,48062,47593,47406,48156,5095,756,1433,0.362,19.290,6.550
3913725796666,9987076,100.129,100.000,729600,729600,1728000,schedutil,306000000,306000000,1020000000,nvhost_podgov,0,3,,47218,48375,48031,47562,47468,48375,5095,756,1433,0.395,19.276,6.960
3913735815776,10019110,99.809,100.000,729600,729600,1728000,schedutil,306000000,306000000,1020000000,nvhost_podgov,0,3,,47093,48437,48062,47718,47375,48156,5095,756,1472,0.359,19.285,6.990
3913745809924,9994148,100.059,100.000,729600,729600,1728000,schedutil,306000000,306000000,1020000000,nvhost_podgov,0,3,,47250,48156,48125,47531,47406,48156,5095,756,1472,0.367,19.280,7.080
3913755811529,10001605,99.984,100.000,729600,729600,1728000,schedutil,306000000,306000000,1020000000,nvhost_podgov,0,3,,47281,48218,48062,47500,47406,48312,5095,756,1472,0.360,19.285,6.940
3913765810478,9998949,100.011,100.000,729600,729600,1728000,schedutil,306000000,306000000,1020000000,nvhost_podgov,0,3,,47031,48250,47937,47500,47406,48250,5095,756,1472,0.341,19.288,6.580
3913775792114,9981636,100.184,100.000,729600,729600,1728000,schedutil,306000000,306000000,1020000000,nvhost_podgov,0,3,,47000,48281,48156,47593,47375,48562,5095,756,1472,0.381,19.284,6.850
3913785811512,10019398,99.806,100.000,729600,729600,1728000,schedutil,306000000,306000000,1020000000,nvhost_podgov,0,3,,47125,48468,48125,47468,47437,48468,5095,756,1472,0.338,19.288,6.520
3913795798364,9986852,100.132,100.000,729600,729600,1728000,schedutil,306000000,306000000,1020000000,nvhost_podgov,0,3,,47093,48281,48062,47468,47406,48281,5095,756,1472,0.361,19.286,6.720
3913805797089,9998725,100.013,100.000,729600,729600,1728000,schedutil,306000000,306000000,1020000000,nvhost_podgov,0,3,,46968,48312,48031,47625,47468,48312,5095,756,1472,0.340,19.288,6.550
3913815787078,9989989,100.100,100.000,729600,729600,1728000,schedutil,306000000,306000000,1020000000,nvhost_podgov,0,3,,47000,48343,48093,47593,47468,48343,5095,756,1472,0.384,19.281,7.130
3913825795659,10008581,99.914,100.000,729600,729600,1728000,schedutil,306000000,306000000,1020000000,nvhost_podgov,0,3,,47062,48312,48062,47531,47437,48312,5095,756,1472,0.383,19.289,7.370
3913835792944,9997285,100.027,100.000,729600,729600,1728000,schedutil,306000000,306000000,1020000000,nvhost_podgov,0,3,,47062,48187,48031,47625,47437,48187,5095,756,1472,0.360,19.286,6.940
3913845792020,9999076,100.009,100.000,729600,729600,1728000,schedutil,306000000,306000000,1020000000,nvhost_podgov,0,3,,47000,48187,48125,47562,47468,48187,5095,756,1472,0.347,19.288,7.350
3913855794105,10002085,99.979,100.000,729600,729600,1728000,schedutil,306000000,306000000,1020000000,nvhost_podgov,0,3,,47187,48218,48062,47531,47437,48218,5095,756,1472,0.340,19.286,6.550
3913865786398,9992293,100.077,100.000,729600,729600,1728000,schedutil,306000000,306000000,1020000000,nvhost_podgov,0,3,,47062,48218,48031,47593,47375,48218,5095,756,1472,0.381,19.282,7.040
3913875796003,10009605,99.904,100.000,729600,729600,1728000,schedutil,306000000,306000000,1020000000,nvhost_podgov,0,3,,47093,48437,48062,47593,47468,48437,5095,756,1433,0.341,19.284,6.580
3913885791848,9995845,100.042,100.000,729600,729600,1728000,schedutil,306000000,306000000,1020000000,nvhost_podgov,0,3,,47156,48343,48000,47500,47500,48218,5095,756,1433,0.362,19.281,7.320
3913895796909,10005061,99.949,100.000,729600,729600,1728000,schedutil,306000000,306000000,1020000000,nvhost_podgov,0,3,,47000,48187,48062,47625,47437,48187,5095,756,1433,0.339,19.285,6.530
3913905786225,9989316,100.107,100.000,729600,729600,1728000,schedutil,306000000,306000000,1020000000,nvhost_podgov,0,3,,47062,48218,48093,47593,47500,48312,5095,756,1433,0.381,19.282,7.350
3913915807383,10021158,99.789,100.000,729600,729600,1728000,schedutil,306000000,306000000,1020000000,nvhost_podgov,0,3,,47125,48312,48125,47468,47375,48312,5095,756,1433,0.341,19.286,6.580
3913925796187,9988804,100.112,100.000,729600,729600,1728000,schedutil,306000000,306000000,1020000000,nvhost_podgov,0,3,,47062,48125,47968,47687,47406,48125,5095,756,1433,0.345,19.286,6.800
3913935795680,9999493,100.005,100.000,729600,729600,1728000,schedutil,306000000,306000000,1020000000,nvhost_podgov,0,3,,46968,48531,48125,47562,47437,48531,5095,756,1433,0.356,19.289,6.870
3913945794501,9998821,100.012,100.000,729600,729600,1728000,schedutil,306000000,306000000,1020000000,nvhost_podgov,0,3,,47062,48187,48031,47500,47375,48187,5095,756,1433,0.349,19.285,6.720
3913955792746,9998245,100.018,100.000,729600,729600,1728000,schedutil,306000000,306000000,1020000000,nvhost_podgov,0,3,,47093,48218,48062,47468,47375,48218,5095,756,1433,0.360,19.281,7.090
3913965793423,10000677,99.993,100.000,729600,729600,1728000,schedutil,306000000,306000000,1020000000,nvhost_podgov,0,3,,47031,48343,48156,47625,47406,48343,5055,756,1433,0.345,19.290,6.660
3913975786611,9993188,100.068,100.000,729600,729600,1728000,schedutil,306000000,306000000,1020000000,nvhost_podgov,0,3,,47031,48375,48156,47531,47468,48375,5055,756,1433,0.376,19.279,7.260
3913985793368,10006757,99.932,100.000,729600,729600,1728000,schedutil,306000000,306000000,1020000000,nvhost_podgov,0,3,,47031,48125,48062,47500,47406,48125,5055,756,1433,0.350,19.288,6.750
3913995801629,10008261,99.917,100.000,729600,729600,1728000,schedutil,306000000,306000000,1020000000,nvhost_podgov,0,3,,47000,48156,47968,47593,47437,48281,5055,756,1433,0.369,19.275,6.860
3914005800834,9999205,100.008,100.000,729600,729600,1728000,schedutil,306000000,306000000,1020000000,nvhost_podgov,0,3,,47250,48218,48062,47593,47500,48218,5055,756,1433,0.345,19.285,6.660
3914015807303,10006469,99.935,100.000,729600,729600,1728000,schedutil,306000000,306000000,1020000000,nvhost_podgov,0,3,,47218,48187,48062,47500,47468,48500,5055,756,1433,0.362,19.284,6.990
3914025810668,10003365,99.966,100.000,729600,729600,1728000,schedutil,306000000,306000000,1020000000,nvhost_podgov,0,3,,47031,48375,48062,47593,47406,48375,5055,756,1433,0.344,19.282,6.630
3914035795793,9985125,100.149,100.000,729600,729600,1728000,schedutil,306000000,306000000,1020000000,nvhost_podgov,0,3,,47218,48437,48062,47593,47437,48187,5055,756,1433,0.361,19.286,6.600
3914045793493,9997700,100.023,100.000,729600,729600,1728000,schedutil,306000000,306000000,1020000000,nvhost_podgov,0,3,,47125,48250,48062,47531,47531,48250,5055,756,1433,0.375,19.286,7.230
3914055814107,10020614,99.794,100.000,729600,729600,1728000,schedutil,306000000,306000000,1020000000,nvhost_podgov,0,3,,47062,48343,48031,47718,47468,48343,5055,756,1433,0.372,19.291,7.180
3914065796383,9982276,100.178,100.000,729600,729600,1728000,schedutil,306000000,306000000,1020000000,nvhost_podgov,0,3,,47062,48312,48093,47500,47500,48312,5055,756,1433,0.380,19.286,7.330
3914075800292,10003909,99.961,100.000,729600,729600,1728000,schedutil,306000000,306000000,1020000000,nvhost_podgov,0,3,,47125,48156,48062,47562,47468,48156,5095,756,1433,0.350,19.285,6.530
3914085786441,9986149,100.139,100.000,729600,729600,1728000,schedutil,306000000,306000000,1020000000,nvhost_podgov,0,3,,47062,48156,48000,47500,47406,48156,5095,756,1433,0.366,19.277,7.070
3914095796238,10009797,99.902,100.000,729600,729600,1728000,schedutil,306000000,306000000,1020000000,nvhost_podgov,0,3,,46968,48187,48156,47593,47468,48187,5095,756,1433,0.349,19.290,6.800
3914105794578,9998340,100.017,100.000,729600,729600,1728000,schedutil,306000000,306000000,1020000000,nvhost_podgov,0,3,,46968,48187,48062,47468,47437,48187,5095,756,1433,0.349,19.282,6.720
3914115793847,9999269,100.007,100.000,729600,729600,1728000,schedutil,306000000,306000000,1020000000,nvhost_podgov,0,3,,47031,48406,48062,47437,47468,48406,5055,756,1433,0.354,19.282,6.820
3914125796028,10002181,99.978,100.000,729600,729600,1728000,schedutil,306000000,306000000,1020000000,nvhost_podgov,0,3,,47031,48406,48156,47531,47406,48406,5055,756,1433,0.338,19.284,6.500
3914135793729,9997701,100.023,100.000,729600,729600,1728000,schedutil,306000000,306000000,1020000000,nvhost_podgov,0,3,,47218,48156,48093,47531,47406,48156,5055,756,1433,0.362,19.290,6.990
3914145794246,10000517,99.995,100.000,729600,729600,1728000,schedutil,306000000,306000000,1020000000,nvhost_podgov,0,3,,47093,48218,48062,47500,47343,48218,5055,756,1433,0.344,19.289,6.630
3914155786667,9992421,100.076,100.000,729600,729600,1728000,schedutil,306000000,306000000,1020000000,nvhost_podgov,0,3,,47031,48281,48031,47562,47343,48281,5055,756,1433,0.378,19.285,7.280
3914165797200,10010533,99.895,100.000,729600,729600,1728000,schedutil,306000000,306000000,1020000000,nvhost_podgov,0,3,,47187,48312,48093,47500,47531,48531,5055,756,1433,0.350,19.286,6.660
3914175798580,10001380,99.986,100.000,729600,729600,1728000,schedutil,306000000,306000000,1020000000,nvhost_podgov,0,3,,47125,48468,48062,47500,47437,48468,5055,756,1433,0.349,19.288,6.730
3914185796217,9997637,100.024,100.000,729600,729600,1728000,schedutil,306000000,306000000,1020000000,nvhost_podgov,0,3,,47031,48250,48000,47625,47343,48250,5055,756,1433,0.356,19.288,6.550
3914195787358,9991141,100.089,100.000,729600,729600,1728000,schedutil,306000000,306000000,1020000000,nvhost_podgov,0,3,,47062,48312,48093,47468,47500,48312,5055,756,1433,0.371,19.279,7.160
3914205795203,10007845,99.922,100.000,729600,729600,1728000,schedutil,306000000,306000000,1020000000,nvhost_podgov,0,3,,47125,48312,48062,47468,47468,48312,5055,756,1433,0.349,19.290,6.750
3914215794056,9998853,100.011,100.000,729600,729600,1728000,schedutil,306000000,306000000,1020000000,nvhost_podgov,0,3,,47062,48375,48062,47687,47468,48375,5055,756,1433,0.351,19.288,6.770
3914225791949,9997893,100.021,100.000,729600,729600,1728000,schedutil,306000000,306000000,1020000000,nvhost_podgov,0,3,,47000,48250,48218,47562,47375,48250,5055,756,1433,0.355,19.285,6.850
3914235793137,10001188,99.988,100.000,729600,729600,1728000,schedutil,306000000,306000000,1020000000,nvhost_podgov,0,3,,47062,48156,48000,47500,47468,48156,5055,756,1433,0.355,19.282,6.850
3914245787030,9993893,100.061,100.000,729600,729600,1728000,schedutil,306000000,306000000,1020000000,nvhost_podgov,0,3,,47062,48218,48062,47687,47531,48218,5055,756,1433,0.384,19.282,7.400
3914255795515,10008485,99.915,100.000,729600,729600,1728000,schedutil,306000000,306000000,1020000000,nvhost_podgov,0,3,,47000,48312,48125,47531,47468,48312,5055,756,1433,0.345,19.285,6.660
3914265792736,9997221,100.028,100.000,729600,729600,1728000,schedutil,306000000,306000000,1020000000,nvhost_podgov,0,3,,47218,48375,48062,47562,47437,48375,5055,756,1433,0.398,19.280,7.180
3914275796517,10003781,99.962,100.000,729600,729600,1728000,schedutil,306000000,306000000,1020000000,nvhost_podgov,0,3,,47062,48406,48000,47468,47468,48406,5055,756,1433,0.349,19.285,6.720
3914285788938,9992421,100.076,100.000,729600,729600,1728000,schedutil,306000000,306000000,1020000000,nvhost_podgov,0,3,,47031,48187,48062,47625,47406,48187,5055,756,1433,0.372,19.289,7.180
3914295793807,10004869,99.951,100.000,729600,729600,1728000,schedutil,306000000,306000000,1020000000,nvhost_podgov,0,3,,47250,48187,48093,47500,47375,48312,5055,756,1433,0.334,19.285,6.440
3914305794899,10001092,99.989,100.000,729600,729600,1728000,schedutil,306000000,306000000,1020000000,nvhost_podgov,0,3,,47093,48281,48062,47500,47437,48281,5055,756,1433,0.347,19.282,6.690
3914315803384,10008485,99.915,100.000,729600,729600,1728000,schedutil,306000000,306000000,1020000000,nvhost_podgov,0,3,,46968,48187,48062,47656,47343,48187,5055,756,1433,0.369,19.279,7.100
3914325796637,9993253,100.068,100.000,729600,729600,1728000,schedutil,306000000,306000000,1020000000,nvhost_podgov,0,3,,47093,48468,48062,47531,47562,48468,5055,756,1433,0.346,19.285,6.680
3914335792546,9995909,100.041,100.000,729600,729600,1728000,schedutil,306000000,306000000,1020000000,nvhost_podgov,0,3,,47062,48250,47968,47531,47437,48250,5055,756,1433,0.362,19.284,6.990
3914345796135,10003589,99.964,100.000,729600,729600,1728000,schedutil,306000000,306000000,1020000000,nvhost_podgov,0,3,,47062,48218,48062,47625,47406,48218,5055,756,1433,0.343,19.285,6.600
3914355787532,9991397,100.086,100.000,729600,729600,1728000,schedutil,306000000,306000000,1020000000,nvhost_podgov,0,3,,47031,48406,48156,47593,47500,48406,5055,756,1433,0.376,19.282,7.010
3914365796369,10008837,99.912,100.000,729600,729600,1728000,schedutil,306000000,306000000,1020000000,nvhost_podgov,0,3,,47062,48312,48062,47500,47531,48312,5055,756,1433,0.341,19.286,6.580
3914375796597,10000228,99.998,100.000,729600,729600,1728000,schedutil,306000000,306000000,1020000000,nvhost_podgov,0,3,,47093,48187,48125,47656,47437,48187,5055,756,1433,0.410,19.269,7.400
3914385807418,10010821,99.892,100.000,1113600,729600,1728000,schedutil,306000000,306000000,1020000000,nvhost_podgov,0,3,,47062,48187,48218,47562,47531,48218,5055,756,1433,0.360,19.286,6.940
3914395809407,10001989,99.980,100.000,960000,729600,1728000,schedutil,306000000,306000000,1020000000,nvhost_podgov,0,3,,47250,48312,48125,47625,47500,48437,5055,756,1433,0.372,19.279,7.180
3914405797828,9988421,100.116,100.000,729600,729600,1728000,schedutil,306000000,306000000,1020000000,nvhost_podgov,0,3,,47062,48218,48062,47500,47468,48218,5055,756,1433,0.351,19.281,6.770
3914415795849,9998021,100.020,100.000,729600,729600,1728000,schedutil,306000000,306000000,1020000000,nvhost_podgov,0,3,,47062,48468,48187,47531,47406,48468,5055,756,1433,0.351,19.290,6.540
3914425786669,9990820,100.092,100.000,729600,729600,1728000,schedutil,306000000,306000000,1020000000,nvhost_podgov,0,3,,47281,48406,48125,47531,47500,48187,5055,756,1433,0.375,19.284,7.230
3914435794738,10008069,99.919,100.000,729600,729600,1728000,schedutil,306000000,306000000,1020000000,nvhost_podgov,0,3,,47093,48218,48031,47500,47437,48218,5055,756,1433,0.355,19.290,6.730
3914445793175,9998437,100.016,100.000,729600,729600,1728000,schedutil,306000000,306000000,1020000000,nvhost_podgov,0,3,,47000,48250,48187,47625,47375,48343,5055,756,1433,0.383,19.288,7.370
3914455795100,10001925,99.981,100.000,729600,729600,1728000,schedutil,306000000,306000000,1020000000,nvhost_podgov,0,3,,47218,48312,48062,47593,47468,48312,5055,756,1433,0.354,19.286,6.820
3914465786017,9990917,100.091,100.000,729600,729600,1728000,schedutil,306000000,306000000,1020000000,nvhost_podgov,0,3,,47125,48093,48062,47468,47468,48093,5055,756,1433,0.381,19.280,6.910
3914475795334,10009317,99.907,100.000,729600,729600,1728000,schedutil,306000000,306000000,1020000000,nvhost_podgov,0,3,,47000,48531,48062,47656,47468,48531,5055,756,1433,0.355,19.285,6.850
3914485808395,10013061,99.870,100.000,729600,729600,1728000,schedutil,306000000,306000000,1020000000,nvhost_podgov,0,3,,47062,48218,48093,47531,47500,48218,5055,756,1433,0.360,19.284,6.630
3914495797231,9988836,100.112,100.000,729600,729600,1728000,schedutil,306000000,306000000,1020000000,nvhost_podgov,0,3,,47093,48250,48125,47500,47406,48250,5055,756,1433,0.346,19.281,6.680
3914505793428,9996197,100.038,100.000,729600,729600,1728000,schedutil,306000000,306000000,1020000000,nvhost_podgov,0,3,,47062,48406,48000,47687,47406,48406,5055,756,1433,0.366,19.286,6.600
3914515793561,10000133,99.999,100.000,729600,729600,1728000,schedutil,306000000,306000000,1020000000,nvhost_podgov,0,3,,47031,48343,48000,47531,47437,48343,5055,756,1433,0.346,19.286,6.680
3914525794366,10000805,99.992,100.000,729600,729600,1728000,schedutil,306000000,306000000,1020000000,nvhost_podgov,0,3,,47250,48125,48031,47531,47468,48125,5055,756,1433,0.357,19.288,6.530
3914535790403,9996037,100.040,100.000,729600,729600,1728000,schedutil,306000000,306000000,1020000000,nvhost_podgov,0,3,,47000,48156,48031,47500,47500,48312,5055,756,1433,0.372,19.285,7.180
3914545793512,10003109,99.969,100.000,729600,729600,1728000,schedutil,306000000,306000000,1020000000,nvhost_podgov,0,3,,47093,48250,48156,47562,47468,48250,5055,756,1433,0.352,19.289,6.580
3914555792876,9999364,100.006,100.000,729600,729600,1728000,schedutil,306000000,306000000,1020000000,nvhost_podgov,0,3,,47187,48250,48093,47437,47468,48500,5055,756,1433,0.344,19.285,6.630
3914565806225,10013349,99.867,100.000,729600,729600,1728000,schedutil,306000000,306000000,1020000000,nvhost_podgov,0,3,,47031,48562,48062,47468,47406,48562,5055,756,1433,0.352,19.289,6.580
3914575788406,9982181,100.179,100.000,729600,729600,1728000,schedutil,306000000,306000000,1020000000,nvhost_podgov,0,3,,47031,48375,48031,47531,47406,48218,5055,756,1433,0.376,19.281,7.260
3914585806779,10018373,99.817,100.000,729600,729600,1728000,schedutil,306000000,306000000,1020000000,nvhost_podgov,0,3,,47250,48281,48093,47468,47406,48281,5055,756,1433,0.360,19.290,6.580
3914595794304,9987525,100.125,100.000,729600,729600,1728000,schedutil,306000000,306000000,1020000000,nvhost_podgov,0,3,,47187,48375,47968,47468,47437,48375,5055,756,1433,0.365,19.289,6.710
3914605792485,9998181,100.018,100.000,729600,729600,1728000,schedutil,306000000,306000000,1020000000,nvhost_podgov,0,3,,47062,48312,48062,47656,47406,48312,5055,756,1433,0.343,19.284,7.210
3914615815274,10022789,99.773,100.000,729600,729600,1728000,schedutil,306000000,306000000,1020000000,nvhost_podgov,0,3,,47062,48218,48062,47531,47468,48218,5055,756,1433,0.347,19.286,6.710
3914625796622,9981348,100.187,100.000,729600,729600,1728000,schedutil,306000000,306000000,1020000000,nvhost_podgov,0,3,,47125,48125,48062,47468,47437,48125,5055,756,1433,0.365,19.289,7.040
3914635794611,9997989,100.020,100.000,729600,729600,1728000,schedutil,306000000,306000000,1020000000,nvhost_podgov,0,3,,47062,48218,47968,47656,47406,48218,5055,756,1433,0.340,19.288,6.550
3914645792952,9998341,100.017,100.000,729600,729600,1728000,schedutil,306000000,306000000,1020000000,nvhost_podgov,0,3,,46968,48218,48093,47500,47500,48218,5055,756,1433,0.378,19.281,7.280
3914655796253,10003301,99.967,100.000,729600,729600,1728000,schedutil,306000000,306000000,1020000000,nvhost_podgov,0,3,,47062,48375,48125,47437,47437,48375,5055,756,1433,0.346,19.290,6.680
3914665791810,9995557,100.044,100.000,729600,729600,1728000,schedutil,306000000,306000000,1020000000,nvhost_podgov,0,3,,47031,48312,48031,47687,47406,48312,5055,756,1433,0.355,19.282,6.850
3914675794470,10002660,99.973,100.000,729600,729600,1728000,schedutil,306000000,306000000,1020000000,nvhost_podgov,0,3,,47250,48187,48125,47562,47468,48187,5055,756,1433,0.371,19.284,6.530
3914685786955,9992485,100.075,100.000,729600,729600,1728000,schedutil,306000000,306000000,1020000000,nvhost_podgov,0,3,,47187,48187,48093,47468,47406,48187,5055,756,1433,0.383,19.286,7.370
3914695796592,10009637,99.904,100.000,729600,729600,1728000,schedutil,306000000,306000000,1020000000,nvhost_podgov,0,3,,47000,48218,48031,47781,47375,48218,5055,756,1433,0.357,19.290,6.520
3914705807861,10011269,99.887,100.000,729600,729600,1728000,schedutil,306000000,306000000,1020000000,nvhost_podgov,0,3,,47031,48281,48093,47562,47343,48562,5055,756,1433,0.344,19.286,6.630
3914715796858,9988997,100.110,100.000,729600,729600,1728000,schedutil,306000000,306000000,1020000000,nvhost_podgov,0,3,,47218,48562,48093,47531,47500,48562,5055,756,1433,0.362,19.285,6.990
3914725792767,9995909,100.041,100.000,729600,729600,1728000,schedutil,306000000,306000000,1020000000,nvhost_podgov,0,3,,47062,48281,48062,47468,47468,48281,5055,756,1433,0.341,19.285,6.580
3914735790339,9997572,100.024,100.000,729600,729600,1728000,schedutil,306000000,306000000,1020000000,nvhost_podgov,0,3,,47000,48187,48187,47625,47468,48187,5055,756,1433,0.366,19.284,6.940
3914745815785,10025446,99.746,100.000,729600,729600,1728000,schedutil,306000000,306000000,1020000000,nvhost_podgov,0,3,,47093,48343,48093,47437,47500,48343,5055,756,1433,0.361,19.288,6.960
3914755795853,9980068,100.200,100.000,729600,729600,1728000,schedutil,306000000,306000000,1020000000,nvhost_podgov,0,3,,47062,48312,48093,47500,47468,48312,5055,756,1433,0.354,19.280,7.040
3914765796754,10000901,99.991,100.000,729600,729600,1728000,schedutil,306000000,306000000,1020000000,nvhost_podgov,0,3,,46937,48187,48156,47625,47375,48187,5055,756,1433,0.339,19.282,6.530
3914775790807,9994053,100.060,100.000,729600,729600,1728000,schedutil,306000000,306000000,1020000000,nvhost_podgov,0,3,,46968,48125,48062,47500,47468,48125,5055,756,1433,0.415,19.284,8.000
3914785796508,10005701,99.943,100.000,729600,729600,1728000,schedutil,306000000,306000000,1020000000,nvhost_podgov,0,3,,47062,48218,48093,47593,47531,48218,5055,756,1433,0.344,19.285,6.630
3914795794880,9998372,100.016,100.000,729600,729600,1728000,schedutil,306000000,306000000,1020000000,nvhost_podgov,0,3,,47031,48281,48062,47687,47437,48500,5055,756,1433,0.366,19.281,7.070
3914805810470,10015590,99.844,100.000,729600,729600,1728000,schedutil,306000000,306000000,1020000000,nvhost_podgov,0,3,,47218,48406,48125,47562,47468,48406,5055,756,1433,0.351,19.285,6.770
3914815801450,9990980,100.090,100.000,729600,729600,1728000,schedutil,306000000,306000000,1020000000,nvhost_podgov,0,3,,47250,48375,48031,47500,47468,48187,5055,756,1433,0.355,19.285,6.850
3914825794031,9992581,100.074,100.000,729600,729600,1728000,schedutil,306000000,306000000,1020000000,nvhost_podgov,0,3,,46968,48187,48062,47656,47375,48187,5055,756,1433,0.355,19.286,7.310
3914835794612,10000581,99.994,100.000,729600,729600,1728000,schedutil,306000000,306000000,1020000000,nvhost_podgov,0,3,,47250,48187,48125,47500,47406,48312,5055,756,1433,0.346,19.289,6.680
3914845790009,9995397,100.046,100.000,729600,729600,1728000,schedutil,306000000,306000000,1020000000,nvhost_podgov,0,3,,47156,48312,48031,47531,47468,48312,5055,756,1433,0.380,19.275,7.100
3914855797246,10007237,99.928,100.000,729600,729600,1728000,schedutil,306000000,306000000,1020000000,nvhost_podgov,0,3,,47062,48156,48062,47437,47437,48156,5055,756,1433,0.346,19.285,6.680
3914865803683,10006437,99.936,100.000,729600,729600,1728000,schedutil,306000000,306000000,1020000000,nvhost_podgov,0,3,,47031,48562,48187,47593,47437,48562,5055,756,1433,0.357,19.282,7.210
3914875808903,10005220,99.948,100.000,729600,729600,1728000,schedutil,306000000,306000000,1020000000,nvhost_podgov,0,3,,47125,48312,48062,47406,47406,48312,5055,756,1433,0.339,19.281,6.530
3914885786508,9977605,100.224,100.000,729600,729600,1728000,schedutil,306000000,306000000,1020000000,nvhost_podgov,0,3,,47093,48281,47968,47500,47437,48281,5055,756,1433,0.345,19.280,6.660
3914895795761,10009253,99.908,100.000,729600,729600,1728000,schedutil,306000000,306000000,1020000000,nvhost_podgov,0,3,,47062,48375,48187,47562,47406,48375,5055,756,1433,0.341,19.288,6.580
3914905793910,9998149,100.019,100.000,729600,729600,1728000,schedutil,306000000,306000000,1020000000,nvhost_podgov,0,3,,47062,48343,48031,47468,47437,48343,5055,756,1433,0.351,19.286,6.680
3914915794267,10000357,99.996,100.000,729600,729600,1728000,schedutil,306000000,306000000,1020000000,nvhost_podgov,0,3,,47093,48187,48031,47437,47406,48187,5055,756,1433,0.347,19.288,6.710
3914925796671,10002404,99.976,100.000,729600,729600,1728000,schedutil,306000000,306000000,1020000000,nvhost_podgov,0,3,,47062,48187,48062,47625,47406,48312,5055,756,1433,0.355,19.289,6.850
3914935791716,9995045,100.050,100.000,729600,729600,1728000,schedutil,306000000,306000000,1020000000,nvhost_podgov,0,3,,47250,48281,48062,47562,47531,48281,5055,756,1433,0.359,19.282,6.910
3914945806985,10015269,99.848,100.000,729600,729600,1728000,schedutil,306000000,306000000,1020000000,nvhost_podgov,0,3,,47187,48218,48062,47562,47437,48468,5055,756,1433,0.345,19.285,6.660
3914955794894,9987909,100.121,100.000,729600,729600,1728000,schedutil,306000000,306000000,1020000000,nvhost_podgov,0,3,,47000,48468,48031,47593,47468,48468,5055,756,1433,0.375,19.279,7.230
3914965810931,10016037,99.840,100.000,729600,729600,1728000,schedutil,306000000,306000000,1020000000,nvhost_podgov,0,3,,47281,48406,48062,47500,47406,48218,5055,756,1433,0.347,19.285,6.710
3914975804184,9993253,100.068,100.000,729600,729600,1728000,schedutil,306000000,306000000,1020000000,nvhost_podgov,0,3,,47250,48250,48062,47531,47468,48250,5055,756,1433,0.369,19.285,7.350
3914985806365,10002181,99.978,100.000,729600,729600,1728000,schedutil,306000000,306000000,1020000000,nvhost_podgov,0,3,,47062,48281,48062,47625,47468,48281,5055,756,1433,0.346,19.282,6.680
3914995796737,9990372,100.096,100.000,729600,729600,1728000,schedutil,306000000,306000000,1020000000,nvhost_podgov,0,3,,47062,48343,48125,47625,47437,48343,5055,756,1433,0.374,19.276,6.800
3915005811078,10014341,99.857,100.000,729600,729600,1728000,schedutil,306000000,306000000,1020000000,nvhost_podgov,0,3,,47125,48156,48031,47625,47406,48156,5055,756,1433,0.340,19.286,6.550
3915015797579,9986501,100.135,100.000,729600,729600,1728000,schedutil,306000000,306000000,1020000000,nvhost_podgov,0,3,,47093,48125,48062,47687,47375,48218,5055,756,1433,0.380,19.285,7.330
3915025807856,10010277,99.897,100.000,729600,729600,1728000,schedutil,306000000,306000000,1020000000,nvhost_podgov,0,3,,47000,48250,48093,47562,47437,48250,5055,756,1433,0.336,19.285,6.490
3915035806933,9999077,100.009,100.000,729600,729600,1728000,schedutil,306000000,306000000,1020000000,nvhost_podgov,0,3,,47125,48218,48093,47468,47468,48218,5055,756,1433,0.355,19.288,6.730
3915045805626,9998693,100.013,100.000,729600,729600,1728000,schedutil,306000000,306000000,1020000000,nvhost_podgov,0,3,,47093,48343,48000,47531,47468,48343,5055,756,1433,0.364,19.288,7.010
3915055809503,10003877,99.961,100.000,729600,729600,1728000,schedutil,306000000,306000000,1020000000,nvhost_podgov,0,3,,46937,48312,48125,47593,47406,48312,5055,756,1433,0.356,19.288,6.660
3915065807363,9997860,100.021,100.000,729600,729600,1728000,schedutil,306000000,306000000,1020000000,nvhost_podgov,0,3,,47000,48156,48125,47593,47468,48156,5055,756,1433,0.357,19.281,6.990
3915075806184,9998821,100.012,100.000,729600,729600,1728000,schedutil,306000000,306000000,1020000000,nvhost_podgov,0,3,,47031,48218,48062,47593,47468,48218,5055,756,1433,0.356,19.286,6.550
3915085791437,9985253,100.148,100.000,729600,729600,1728000,schedutil,306000000,306000000,1020000000,nvhost_podgov,0,3,,47000,48218,48218,47687,47437,48218,5055,756,1433,0.395,19.274,7.620
3915095808658,10017221,99.828,100.000,729600,729600,1728000,schedutil,306000000,306000000,1020000000,nvhost_podgov,0,3,,47187,48156,48062,47500,47437,48500,5055,756,1433,0.372,19.285,7.180
3915105802295,9993637,100.064,100.000,729600,729600,1728000,schedutil,306000000,306000000,1020000000,nvhost_podgov,0,3,,47187,48375,48031,47593,47531,48375,5055,756,1433,0.388,19.281,7.480
3915115810140,10007845,99.922,100.000,729600,729600,1728000,schedutil,306000000,306000000,1020000000,nvhost_podgov,0,3,,47031,48312,48062,47656,47437,48312,5055,756,1433,0.371,19.281,7.160
3915125797792,9987652,100.124,100.000,729600,729600,1728000,schedutil,306000000,306000000,1020000000,nvhost_podgov,0,3,,47062,48187,48187,47562,47406,48187,5055,756,1433,0.406,19.280,7.830
3915135808453,10010661,99.894,100.000,729600,729600,1728000,schedutil,306000000,306000000,1020000000,nvhost_podgov,0,3,,47093,48312,48062,47500,47468,48312,5055,716,1433,0.372,19.280,7.180
3915145809098,10000645,99.994,100.000,729600,729600,1728000,schedutil,306000000,306000000,1020000000,nvhost_podgov,0,3,,47125,48343,48093,47718,47375,48343,5055,716,1433,0.372,19.281,7.090
3915155805711,9996613,100.034,100.000,729600,729600,1728000,schedutil,306000000,306000000,1020000000,nvhost_podgov,0,3,,47062,48187,48062,47593,47468,48187,5055,716,1433,0.367,19.275,7.080
3915165804884,9999173,100.008,100.000,729600,729600,1728000,schedutil,306000000,306000000,1020000000,nvhost_podgov,0,3,,47125,48125,48093,47562,47406,48125,5055,716,1433,0.375,19.284,7.090
3915175793208,9988324,100.117,100.000,729600,729600,1728000,schedutil,306000000,306000000,1020000000,nvhost_podgov,0,3,,47093,48250,48000,47468,47468,48250,5055,716,1433,0.386,19.274,7.450
3915185811613,10018405,99.816,100.000,729600,729600,1728000,schedutil,306000000,306000000,1020000000,nvhost_podgov,0,3,,46968,48250,48250,47593,47406,48250,5055,716,1433,0.379,19.285,7.070
3915195806050,9994437,100.056,100.000,729600,729600,1728000,schedutil,306000000,306000000,1020000000,nvhost_podgov,0,3,,47000,48406,48000,47562,47468,48406,5055,716,1433,0.383,19.274,7.370
3915205803623,9997573,100.024,100.000,729600,729600,1728000,schedutil,306000000,306000000,1020000000,nvhost_podgov,0,3,,47062,48375,48031,47500,47437,48375,5055,716,1433,0.376,19.284,6.910
3915215798156,9994533,100.055,100.000,729600,729600,1728000,schedutil,306000000,306000000,1020000000,nvhost_podgov,0,3,,47000,48156,48156,47687,47468,48156,5055,716,1433,0.391,19.281,7.310
3915225806065,10007909,99.921,100.000,729600,729600,1728000,schedutil,306000000,306000000,1020000000,nvhost_podgov,0,3,,47218,48156,48125,47500,47437,48343,5055,716,1433,0.379,19.284,7.720
3915235809654,10003589,99.964,100.000,729600,729600,1728000,schedutil,306000000,306000000,1020000000,nvhost_podgov,0,3,,47187,48250,48062,47500,47468,48250,5055,716,1433,0.371,19.279,7.160
3915245807674,9998020,100.020,100.000,729600,729600,1728000,schedutil,306000000,306000000,1020000000,nvhost_podgov,0,3,,47062,48187,48093,47656,47406,48187,5055,716,1433,0.395,19.280,7.620
3915255808543,10000869,99.991,100.000,729600,729600,1728000,schedutil,306000000,306000000,1020000000,nvhost_podgov,0,3,,47187,48562,48031,47625,47406,48562,5055,716,1433,0.378,19.279,7.010
3915265791972,9983429,100.166,100.000,729600,729600,1728000,schedutil,306000000,306000000,1020000000,nvhost_podgov,0,3,,47125,48218,48031,47531,47437,48218,5055,716,1433,0.395,19.284,7.620
3915275809289,10017317,99.827,100.000,729600,729600,1728000,schedutil,306000000,306000000,1020000000,nvhost_podgov,0,3,,47000,48250,48000,47593,47468,48250,5055,716,1433,0.362,19.277,6.990
3915285805550,9996261,100.037,100.000,729600,729600,1728000,schedutil,306000000,306000000,1020000000,nvhost_podgov,0,3,,47062,48343,48187,47593,47468,48343,5055,716,1433,0.399,19.275,7.690
3915295809683,10004133,99.959,100.000,729600,729600,1728000,schedutil,306000000,306000000,1020000000,nvhost_podgov,0,3,,47093,48312,48062,47562,47500,48312,5055,716,1433,0.359,19.284,6.910
3915305790551,9980868,100.192,100.000,729600,729600,1728000,schedutil,306000000,306000000,1020000000,nvhost_podgov,0,3,,47062,48218,47968,47625,47437,48218,5055,716,1433,0.404,19.279,7.010
3915315797404,10006853,99.932,100.000,729600,729600,1728000,schedutil,306000000,306000000,1020000000,nvhost_podgov,0,3,,47000,48187,48156,47593,47375,48187,5055,716,1433,0.386,19.276,7.450
3915325811009,10013605,99.864,100.000,729600,729600,1728000,schedutil,306000000,306000000,1020000000,nvhost_podgov,0,3,,47093,48218,48156,47468,47500,48218,5055,716,1433,0.364,19.279,7.010
3915335795910,9984901,100.151,100.000,729600,729600,1728000,schedutil,306000000,306000000,1020000000,nvhost_podgov,0,3,,47000,48281,48062,47500,47468,48281,5055,716,1433,0.376,19.274,7.620
3915345809803,10013893,99.861,100.000,729600,729600,1728000,schedutil,306000000,306000000,1020000000,nvhost_podgov,0,3,,46968,48375,48125,47687,47406,48375,5055,716,1433,0.366,19.280,7.070
3915355804080,9994277,100.057,100.000,729600,729600,1728000,schedutil,306000000,306000000,1020000000,nvhost_podgov,0,3,,47218,48343,48093,47531,47500,48250,5055,716,1433,0.369,19.282,7.100
3915365809076,10004996,99.950,100.000,729600,729600,1728000,schedutil,306000000,306000000,1020000000,nvhost_podgov,0,3,,47062,48250,48031,47500,47406,48250,5055,716,1433,0.361,19.281,6.960
3915375790937,9981861,100.182,100.000,729600,729600,1728000,schedutil,306000000,306000000,1020000000,nvhost_podgov,0,3,,46968,48250,48156,47625,47312,48312,5055,716,1433,0.411,19.276,7.480
3915385810974,10020037,99.800,100.000,1113600,729600,1728000,schedutil,306000000,306000000,1020000000,nvhost_podgov,0,3,,47156,48312,48156,47593,47437,48312,5055,716,1433,0.378,19.273,7.270
3915395806915,9995941,100.041,100.000,729600,729600,1728000,schedutil,306000000,306000000,1020000000,nvhost_podgov,0,3,,47187,48187,47968,47437,47406,48187,5055,716,1433,0.427,19.275,8.240
3915405798888,9991973,100.080,100.000,729600,729600,1728000,schedutil,306000000,306000000,1020000000,nvhost_podgov,0,3,,47000,48531,48062,47687,47406,48531,5055,716,1433,0.383,19.273,7.370
3915415806733,10007845,99.922,100.000,729600,729600,1728000,schedutil,306000000,306000000,1020000000,nvhost_podgov,0,3,,47000,48281,48093,47687,47468,48281,5055,716,1433,0.385,19.282,7.310
3915425812402,10005669,99.943,100.000,729600,729600,1728000,schedutil,306000000,306000000,1020000000,nvhost_podgov,0,3,,47062,48218,48062,47562,47468,48218,5055,716,1433,0.362,19.277,6.990
3915435806838,9994436,100.056,100.000,729600,729600,1728000,schedutil,306000000,306000000,1020000000,nvhost_podgov,0,3,,47062,48343,48062,47656,47500,48343,5055,716,1433,0.372,19.281,7.180
3915445796315,9989477,100.105,100.000,729600,729600,1728000,schedutil,306000000,306000000,1020000000,nvhost_podgov,0,3,,46937,48343,48125,47468,47531,48343,5055,716,1433,0.393,19.274,7.560
3915455810912,10014597,99.854,100.000,729600,729600,1728000,schedutil,306000000,306000000,1020000000,nvhost_podgov,0,3,,47031,48218,48062,47500,47468,48218,5055,716,1433,0.364,19.279,7.010
3915465806501,9995589,100.044,100.000,729600,729600,1728000,schedutil,306000000,306000000,1020000000,nvhost_podgov,0,3,,47062,48093,47968,47687,47500,48312,5055,716,1433,0.393,19.280,7.420
3915475806378,9999877,100.001,100.000,729600,729600,1728000,schedutil,306000000,306000000,1020000000,nvhost_podgov,0,3,,47000,48250,48156,47625,47468,48250,5055,716,1433,0.360,19.282,6.940
3915485808078,10001700,99.983,100.000,729600,729600,1728000,schedutil,306000000,306000000,1020000000,nvhost_podgov,0,3,,47281,48500,48093,47531,47468,48500,5055,716,1433,0.380,19.277,7.160
3915495809139,10001061,99.989,100.000,729600,729600,1728000,schedutil,306000000,306000000,1020000000,nvhost_podgov,0,3,,47062,48406,48062,47500,47375,48406,5055,716,1433,0.381,19.282,7.350
3915505803736,9994597,100.054,100.000,729600,729600,1728000,schedutil,306000000,306000000,1020000000,nvhost_podgov,0,3,,47000,48250,48031,47625,47437,48250,5055,716,1433,0.384,19.284,7.400
3915515792317,9988581,100.114,100.000,729600,729600,1728000,schedutil,306000000,306000000,1020000000,nvhost_podgov,0,3,,47312,48250,48125,47593,47468,48250,5055,716,1433,0.374,19.274,7.450
3915525797537,10005220,99.948,100.000,729600,729600,1728000,schedutil,306000000,306000000,1020000000,nvhost_podgov,0,3,,47093,48437,48031,47531,47500,48437,5055,716,1433,0.401,19.277,7.370
3915535808647,10011110,99.889,100.000,729600,729600,1728000,schedutil,306000000,306000000,1020000000,nvhost_podgov,0,3,,47000,48343,48187,47625,47437,48343,5055,716,1433,0.370,19.280,7.130
3915545807819,9999172,100.008,100.000,729600,729600,1728000,schedutil,306000000,306000000,1020000000,nvhost_podgov,0,3,,47156,48156,48062,47593,47437,48156,5055,716,1433,0.371,19.285,7.010
3915555792848,9985029,100.150,100.000,729600,729600,1728000,schedutil,306000000,306000000,1020000000,nvhost_podgov,0,3,,47093,48156,48062,47562,47468,48156,5055,716,1433,0.372,19.270,7.180
3915565808949,10016101,99.839,100.000,729600,729600,1728000,schedutil,306000000,306000000,1020000000,nvhost_podgov,0,3,,47062,48218,48062,47656,47437,48218,5055,716,1433,0.371,19.284,6.940
3915575808442,9999493,100.005,100.000,729600,729600,1728000,schedutil,306000000,306000000,1020000000,nvhost_podgov,0,3,,47031,48218,48093,47562,47437,48218,5055,716,1433,0.361,19.277,6.960
3915585800959,9992517,100.075,100.000,729600,729600,1728000,schedutil,306000000,306000000,1020000000,nvhost_podgov,0,3,,47031,48406,48062,47531,47468,48406,5055,716,1433,0.400,19.274,7.560
3915595805507,10004548,99.955,100.000,729600,729600,1728000,schedutil,306000000,306000000,1020000000,nvhost_podgov,0,3,,47031,48312,48031,47687,47468,48312,5055,716,1433,0.355,19.277,6.850
3915605805384,9999877,100.001,100.000,729600,729600,1728000,schedutil,306000000,306000000,1020000000,nvhost_podgov,0,3,,47000,48187,48125,47687,47468,48187,5055,716,1433,0.390,19.276,7.510
3915615814445,10009061,99.909,100.000,729600,729600,1728000,schedutil,306000000,306000000,1020000000,nvhost_podgov,0,3,,47312,48218,48093,47593,47468,48312,5055,716,1433,0.361,19.282,6.960
3915625790898,9976453,100.236,100.000,729600,729600,1728000,schedutil,306000000,306000000,1020000000,nvhost_podgov,0,3,,47000,48281,48062,47437,47437,48281,5055,716,1433,0.398,19.284,7.670
3915635806839,10015941,99.841,100.000,729600,729600,1728000,schedutil,306000000,306000000,1020000000,nvhost_podgov,0,3,,47125,48281,48187,47625,47437,48531,5055,716,1433,0.364,19.284,7.010
3915645805660,9998821,100.012,100.000,729600,729600,1728000,schedutil,306000000,306000000,1020000000,nvhost_podgov,0,3,,47187,48500,48062,47593,47375,48500,5055,716,1433,0.403,19.280,7.760
3915655806464,10000804,99.992,100.000,729600,729600,1728000,schedutil,306000000,306000000,1020000000,nvhost_podgov,0,3,,47125,48250,48062,47468,47375,48250,5055,716,1433,0.367,19.284,6.750
3915665792069,9985605,100.144,100.000,729600,729600,1728000,schedutil,306000000,306000000,1020000000,nvhost_podgov,0,3,,46937,48187,48250,47656,47437,48250,5055,716,1433,0.393,19.276,7.560
3915675812778,10020709,99.793,100.000,729600,729600,1728000,schedutil,306000000,306000000,1020000000,nvhost_podgov,0,3,,47125,48437,48125,47625,47437,48437,5055,716,1433,0.396,19.284,7.070
3915685807023,9994245,100.058,100.000,729600,729600,1728000,schedutil,306000000,306000000,1020000000,nvhost_podgov,0,3,,47093,48312,48062,47468,47406,48312,5055,716,1433,0.365,19.280,7.040
3915695804756,9997733,100.023,100.000,729600,729600,1728000,schedutil,306000000,306000000,1020000000,nvhost_podgov,0,3,,46968,48312,48000,47625,47437,48312,5055,716,1433,0.376,19.281,6.940
3915705807513,10002757,99.972,100.000,729600,729600,1728000,schedutil,306000000,306000000,1020000000,nvhost_podgov,0,3,,47062,48218,48125,47562,47468,48312,5055,716,1433,0.374,19.277,7.010
3915715791485,9983972,100.161,100.000,729600,729600,1728000,schedutil,306000000,306000000,1020000000,nvhost_podgov,0,3,,47093,48250,48031,47500,47437,48250,5055,716,1433,0.411,19.275,7.070
3915725809858,10018373,99.817,100.000,729600,729600,1728000,schedutil,306000000,306000000,1020000000,nvhost_podgov,0,3,,47062,48218,47968,47531,47468,48218,5055,716,1433,0.367,19.280,7.090
3915735791751,9981893,100.181,100.000,729600,729600,1728000,schedutil,306000000,306000000,1020000000,nvhost_podgov,0,3,,46968,48406,48093,47656,47406,48406,5055,716,1433,0.404,19.279,7.260
3915745812780,10021029,99.790,100.000,729600,729600,1728000,schedutil,306000000,306000000,1020000000,nvhost_podgov,0,3,,47343,48406,48062,47500,47406,48406,5055,716,1433,0.432,19.274,8.330
3915755807345,9994565,100.054,100.000,729600,729600,1728000,schedutil,306000000,306000000,1020000000,nvhost_podgov,0,3,,47000,48187,48062,47625,47468,48187,5055,716,1433,0.439,19.269,8.460
3915765810390,10003045,99.970,100.000,729600,729600,1728000,schedutil,306000000,306000000,1020000000,nvhost_podgov,0,3,,47125,48250,48093,47593,47406,48343,5055,715,1433,0.424,19.262,8.170
3915775808506,9998116,100.019,100.000,729600,729600,1728000,schedutil,306000000,306000000,1020000000,nvhost_podgov,0,3,,47281,48312,48093,47500,47500,48312,5055,715,1433,0.446,19.265,8.600
3915785810783,10002277,99.977,100.000,729600,729600,1728000,schedutil,306000000,306000000,1020000000,nvhost_podgov,0,3,,47031,48281,48093,47687,47406,48125,5055,716,1433,0.369,19.286,7.120
3915795807652,9996869,100.031,100.000,729600,729600,1728000,schedutil,306000000,306000000,1020000000,nvhost_podgov,0,3,,47187,48625,48156,47593,47406,48625,5055,716,1433,0.364,19.286,7.130
3915805791561,9983909,100.161,100.000,729600,729600,1728000,schedutil,306000000,306000000,1020000000,nvhost_podgov,0,3,,47156,48218,48093,47500,47468,48218,5055,716,1433,0.357,19.280,6.890
3915815809966,10018405,99.816,100.000,729600,729600,1728000,schedutil,306000000,306000000,1020000000,nvhost_podgov,0,3,,47093,48218,48031,47531,47500,48218,5055,715,1433,0.350,19.286,6.750
3915825791154,9981188,100.188,100.000,729600,729600,1728000,schedutil,306000000,306000000,1020000000,nvhost_podgov,0,3,,46968,48312,48093,47593,47500,48312,5055,715,1433,0.375,19.280,7.230
3915835808023,10016869,99.832,100.000,729600,729600,1728000,schedutil,306000000,306000000,1020000000,nvhost_podgov,0,3,,47125,48312,48062,47531,47500,48312,5055,715,1433,0.345,19.288,6.660
3915845803676,9995653,100.043,100.000,729600,729600,1728000,schedutil,306000000,306000000,1020000000,nvhost_podgov,0,3,,47062,48156,48062,47562,47468,48156,5055,715,1433,0.372,19.281,7.280
3915855810433,10006757,99.932,100.000,729600,729600,1728000,schedutil,306000000,306000000,1020000000,nvhost_podgov,0,3,,47062,48218,48156,47625,47406,48218,5055,715,1433,0.339,19.285,6.530
3915865797286,9986853,100.132,100.000,729600,729600,1728000,schedutil,306000000,306000000,1020000000,nvhost_podgov,0,3,,47000,48312,48125,47656,47437,48312,5055,715,1433,0.430,19.270,8.280
3915875808491,10011205,99.888,100.000,729600,729600,1728000,schedutil,306000000,306000000,1020000000,nvhost_podgov,0,3,,47093,48312,48156,47593,47468,48468,5055,716,1433,0.364,19.277,7.010
3915885795439,9986948,100.131,100.000,729600,729600,1728000,schedutil,306000000,306000000,1020000000,nvhost_podgov,0,3,,47062,48500,48062,47625,47437,48500,5055,716,1433,0.349,19.284,6.530
3915895791732,9996293,100.037,100.000,729600,729600,1728000,schedutil,306000000,306000000,1020000000,nvhost_podgov,0,3,,47281,48406,48156,47531,47468,48281,5055,716,1433,0.351,19.285,7.230
3915905794201,10002469,99.975,100.000,729600,729600,1728000,schedutil,306000000,306000000,1020000000,nvhost_podgov,0,3,,47187,48250,48062,47562,47406,48250,5055,756,1433,0.350,19.290,6.540
3915915785565,9991364,100.086,100.000,729600,729600,1728000,schedutil,306000000,306000000,1020000000,nvhost_podgov,0,3,,47000,48250,48031,47687,47406,48375,5055,756,1433,0.364,19.277,7.010
3915925794754,10009189,99.908,100.000,729600,729600,1728000,schedutil,306000000,306000000,1020000000,nvhost_podgov,0,3,,47250,48312,48125,47562,47437,48312,5055,755,1433,0.351,19.289,6.730
3915935793479,9998725,100.013,100.000,729600,729600,1728000,schedutil,306000000,306000000,1020000000,nvhost_podgov,0,3,,47125,48093,48093,47593,47468,48093,5055,755,1433,0.352,19.285,6.800
3915945792524,9999045,100.010,100.000,729600,729600,1728000,schedutil,306000000,306000000,1020000000,nvhost_podgov,0,3,,47062,48187,48062,47437,47437,48187,5055,756,1433,0.345,19.285,6.660
3915955789041,9996517,100.035,100.000,729600,729600,1728000,schedutil,306000000,306000000,1020000000,nvhost_podgov,0,3,,46937,48343,48062,47625,47437,48343,5055,756,1433,0.352,19.284,6.800
3915965795318,10006277,99.937,100.000,729600,729600,1728000,schedutil,306000000,306000000,1020000000,nvhost_podgov,0,3,,47093,48312,48062,47593,47468,48312,5055,755,1433,0.352,19.286,6.800
3915975794235,9998917,100.011,100.000,729600,729600,1728000,schedutil,306000000,306000000,1020000000,nvhost_podgov,0,3,,47062,48437,47968,47500,47468,48437,5055,755,1433,0.361,19.286,6.710
3915985792895,9998660,100.013,100.000,729600,729600,1728000,schedutil,306000000,306000000,1020000000,nvhost_podgov,0,3,,47062,48406,48218,47687,47468,48406,5055,755,1433,0.354,19.281,6.820
3915995794308,10001413,99.986,100.000,729600,729600,1728000,schedutil,306000000,306000000,1020000000,nvhost_podgov,0,3,,47000,48218,48218,47531,47437,48218,5055,755,1433,0.352,19.289,6.490
3916005807561,10013253,99.868,100.000,729600,729600,1728000,schedutil,306000000,306000000,1020000000,nvhost_podgov,0,3,,47031,48218,48062,47437,47437,48218,5055,755,1433,0.365,19.279,7.040
3916015797774,9990213,100.098,100.000,729600,729600,1728000,schedutil,306000000,306000000,1020000000,nvhost_podgov,0,3,,47031,48312,48062,47625,47375,48312,5055,756,1433,0.352,19.289,6.520
3916025803187,10005413,99.946,100.000,729600,729600,1728000,schedutil,306000000,306000000,1020000000,nvhost_podgov,0,3,,47218,48281,48062,47562,47375,48656,5055,756,1433,0.378,19.286,7.280
3916035809272,10006085,99.939,100.000,729600,729600,1728000,schedutil,306000000,306000000,1020000000,nvhost_podgov,0,3,,47218,48500,48187,47531,47500,48500,5055,756,1433,0.352,19.290,6.600
3916045788092,9978820,100.212,100.000,729600,729600,1728000,schedutil,306000000,306000000,1020000000,nvhost_podgov,0,3,,47000,48250,48031,47750,47406,48250,5055,756,1433,0.375,19.279,7.130
3916055813186,10025094,99.750,100.000,729600,729600,1728000,schedutil,306000000,306000000,1020000000,nvhost_podgov,0,3,,47187,48250,48062,47562,47437,48250,5055,756,1433,0.354,19.288,6.900
3916065807846,9994660,100.053,100.000,729600,729600,1728000,schedutil,306000000,306000000,1020000000,nvhost_podgov,0,3,,47125,48375,48062,47593,47437,48375,5055,756,1433,0.349,19.284,6.720
3916075797611,9989765,100.102,100.000,729600,729600,1728000,schedutil,306000000,306000000,1020000000,nvhost_podgov,0,3,,47000,48343,48031,47656,47406,48343,5055,756,1433,0.390,19.279,7.530
3916085808720,10011109,99.889,100.000,729600,729600,1728000,schedutil,306000000,306000000,1020000000,nvhost_podgov,0,3,,47062,48156,48218,47562,47375,48218,5055,756,1433,0.346,19.284,6.680
3916095804885,9996165,100.038,100.000,729600,729600,1728000,schedutil,306000000,306000000,1020000000,nvhost_podgov,0,3,,47156,48125,48062,47500,47343,48125,5055,756,1433,0.365,19.284,7.040
3916105807834,10002949,99.971,100.000,729600,729600,1728000,schedutil,306000000,306000000,1020000000,nvhost_podgov,0,3,,47062,48281,48062,47718,47406,48281,5055,756,1433,0.334,19.285,6.440
3916115791742,9983908,100.161,100.000,729600,729600,1728000,schedutil,306000000,306000000,1020000000,nvhost_podgov,0,3,,47000,48218,48156,47593,47437,48250,5055,756,1433,0.376,19.282,7.260
3916125809667,10017925,99.821,100.000,729600,729600,1728000,schedutil,306000000,306000000,1020000000,nvhost_podgov,0,3,,47031,48437,48125,47531,47437,48437,5055,756,1433,0.338,19.288,6.520
3916135796456,9986789,100.132,100.000,729600,729600,1728000,schedutil,306000000,306000000,1020000000,nvhost_podgov,0,3,,47093,48406,48062,47781,47406,48406,5055,756,1433,0.352,19.280,6.800
3916145806829,10010373,99.896,100.000,729600,729600,1728000,schedutil,306000000,306000000,1020000000,nvhost_podgov,0,3,,46968,48250,48125,47625,47375,48250,5055,756,1433,0.357,19.290,6.710
3916155811762,10004933,99.951,100.000,729600,729600,1728000,schedutil,306000000,306000000,1020000000,nvhost_podgov,0,3,,47281,48250,48156,47593,47468,48312,5055,756,1433,0.362,19.281,6.990
3916165808087,9996325,100.037,100.000,729600,729600,1728000,schedutil,306000000,306000000,1020000000,nvhost_podgov,0,3,,47000,48312,48062,47437,47437,48312,5055,755,1433,0.360,19.289,6.660
3916175797883,9989796,100.102,100.000,729600,729600,1728000,schedutil,306000000,306000000,1020000000,nvhost_podgov,0,3,,47031,48218,48031,47718,47468,48218,5055,755,1433,0.385,19.284,6.910
3916185806592,10008709,99.913,100.000,729600,729600,1728000,schedutil,306000000,306000000,1020000000,nvhost_podgov,0,3,,47250,48531,48156,47687,47406,48531,5055,756,1433,0.355,19.289,7.260
3916195808069,10001477,99.985,100.000,729600,729600,1728000,schedutil,306000000,306000000,1020000000,nvhost_podgov,0,3,,47156,48312,48000,47562,47406,48312,5055,756,1433,0.351,19.285,6.770
3916205802570,9994501,100.055,100.000,729600,729600,1728000,schedutil,306000000,306000000,1020000000,nvhost_podgov,0,3,,47031,48250,48062,47656,47406,48250,5055,756,1433,0.365,19.285,7.040
3916215807599,10005029,99.950,100.000,729600,729600,1728000,schedutil,306000000,306000000,1020000000,nvhost_podgov,0,3,,47187,48375,48125,47625,47500,48375,5055,756,1433,0.341,19.286,6.580
3916225791251,9983652,100.164,100.000,729600,729600,1728000,schedutil,306000000,306000000,1020000000,nvhost_podgov,0,3,,47156,48312,48031,47531,47468,48312,5055,756,1433,0.379,19.286,7.310
3916235798552,10007301,99.927,100.000,729600,729600,1728000,schedutil,306000000,306000000,1020000000,nvhost_podgov,0,3,,47031,48156,48093,47656,47343,48156,5055,755,1433,0.365,19.285,7.040
3916245806301,10007749,99.923,100.000,729600,729600,1728000,schedutil,306000000,306000000,1020000000,nvhost_podgov,0,3,,47062,48187,48125,47562,47375,48187,5055,755,1433,0.355,19.281,6.850
3916255812098,10005797,99.942,100.000,729600,729600,1728000,schedutil,306000000,306000000,1020000000,nvhost_podgov,0,3,,47062,48312,48093,47593,47406,48312,5055,756,1433,0.360,19.285,6.940
3916265793895,9981797,100.182,100.000,729600,729600,1728000,schedutil,306000000,306000000,1020000000,nvhost_podgov,0,3,,47062,48250,48062,47531,47437,48250,5055,756,1433,0.386,19.285,6.870
3916275797611,10003716,99.963,100.000,729600,729600,1728000,schedutil,306000000,306000000,1020000000,nvhost_podgov,0,3,,47000,48437,48093,47593,47375,48437,5055,756,1433,0.364,19.279,7.010
3916285809585,10011974,99.880,100.000,729600,729600,1728000,schedutil,306000000,306000000,1020000000,nvhost_podgov,0,3,,47062,48375,48062,47500,47437,48250,5055,756,1433,0.354,19.281,6.820
3916295809109,9999524,100.005,100.000,729600,729600,1728000,schedutil,306000000,306000000,1020000000,nvhost_podgov,0,3,,47062,48218,48000,47531,47406,48218,5055,756,1433,0.347,19.284,6.710
3916305806938,9997829,100.022,100.000,729600,729600,1728000,schedutil,306000000,306000000,1020000000,nvhost_podgov,0,3,,46968,48250,48156,47562,47437,48312,5055,756,1433,0.352,19.285,6.800
3916315797471,9990533,100.095,100.000,729600,729600,1728000,schedutil,306000000,306000000,1020000000,nvhost_podgov,0,3,,47250,48312,48093,47531,47500,48312,5055,756,1433,0.366,19.284,7.130
3916325805444,10007973,99.920,100.000,729600,729600,1728000,schedutil,306000000,306000000,1020000000,nvhost_podgov,0,3,,47125,48218,48062,47500,47437,48218,5055,756,1433,0.341,19.288,6.580
3916335792072,9986628,100.134,100.000,729600,729600,1728000,schedutil,306000000,306000000,1020000000,nvhost_podgov,0,3,,47031,48218,48031,47656,47406,48218,5055,756,1433,0.356,19.281,6.870
3916345808845,10016773,99.833,100.000,729600,729600,1728000,schedutil,306000000,306000000,1020000000,nvhost_podgov,0,3,,47156,48312,48125,47500,47437,48312,5055,756,1433,0.336,19.285,6.490
3916355793522,9984677,100.153,100.000,729600,729600,1728000,schedutil,306000000,306000000,1020000000,nvhost_podgov,0,3,,47125,48250,48062,47437,47437,48250,5055,756,1433,0.405,19.282,7.130
3916365806359,10012837,99.872,100.000,729600,729600,1728000,schedutil,306000000,306000000,1020000000,nvhost_podgov,0,3,,47031,48437,48031,47718,47406,48437,5055,756,1433,0.336,19.286,6.490
3916375804988,9998629,100.014,100.000,729600,729600,1728000,schedutil,306000000,306000000,1020000000,nvhost_podgov,0,3,,47062,48406,48218,47625,47468,48218,5055,756,1433,0.366,19.280,7.070
3916385808673,10003685,99.963,100.000,729600,729600,1728000,schedutil,306000000,306000000,1020000000,nvhost_podgov,0,3,,47062,48281,48125,47468,47406,48281,5055,756,1433,0.364,19.285,7.010
3916395808390,9999717,100.003,100.000,729600,729600,1728000,schedutil,306000000,306000000,1020000000,nvhost_podgov,0,3,,47093,48281,48031,47468,47406,48281,5055,756,1433,0.356,19.289,6.520
3916405798986,9990596,100.094,100.000,729600,729600,1728000,schedutil,306000000,306000000,1020000000,nvhost_podgov,0,3,,47031,48312,48218,47593,47437,48312,5055,756,1433,0.391,19.266,7.540
3916415809903,10010917,99.891,100.000,729600,729600,1728000,schedutil,306000000,306000000,1020000000,nvhost_podgov,0,3,,47125,48312,48125,47468,47500,48562,5055,756,1433,0.362,19.290,6.990
3916425806900,9996997,100.030,100.000,729600,729600,1728000,schedutil,306000000,306000000,1020000000,nvhost_podgov,0,3,,47062,48500,48031,47593,47406,48500,5055,756,1433,0.357,19.288,6.900
3916435805593,9998693,100.013,100.000,729600,729600,1728000,schedutil,306000000,306000000,1020000000,nvhost_podgov,0,3,,47031,48187,48218,47625,47406,48218,5095,755,1433,0.357,19.288,6.900
3916445807902,10002309,99.977,100.000,729600,729600,1728000,schedutil,306000000,306000000,1020000000,nvhost_podgov,0,3,,47218,48250,48062,47593,47500,48250,5095,755,1433,0.362,19.285,6.990
3916455807330,9999428,100.006,100.000,729600,729600,1728000,schedutil,306000000,306000000,1020000000,nvhost_podgov,0,3,,47125,48375,48031,47531,47468,48375,5095,755,1433,0.351,19.286,6.770
3916465794215,9986885,100.131,100.000,729600,729600,1728000,schedutil,306000000,306000000,1020000000,nvhost_podgov,0,3,,47062,48312,48062,47625,47437,48312,5095,755,1433,0.372,19.281,7.180
3916475801164,10006949,99.931,100.000,729600,729600,1728000,schedutil,306000000,306000000,1020000000,nvhost_podgov,0,3,,47187,48187,48125,47593,47375,48187,5095,755,1433,0.381,19.289,7.360
3916485807793,10006629,99.934,100.000,729600,729600,1728000,schedutil,306000000,306000000,1020000000,nvhost_podgov,0,3,,47187,48250,48093,47593,47437,48250,5095,755,1433,0.350,19.286,6.750
3916495796405,9988612,100.114,100.000,729600,729600,1728000,schedutil,306000000,306000000,1020000000,nvhost_podgov,0,3,,47000,48281,48062,47656,47375,48281,5095,755,1433,0.378,19.281,7.280
3916505809947,10013542,99.865,100.000,729600,729600,1728000,schedutil,306000000,306000000,1020000000,nvhost_podgov,0,3,,47062,48281,48125,47562,47500,48468,5095,755,1433,0.354,19.281,6.820
3916515804927,9994980,100.050,100.000,729600,729600,1728000,schedutil,306000000,306000000,1020000000,nvhost_podgov,0,3,,47062,48406,48000,47531,47500,48406,5095,755,1433,0.376,19.288,7.260
3916525808804,10003877,99.961,100.000,729600,729600,1728000,schedutil,306000000,306000000,1020000000,nvhost_podgov,0,3,,47031,48437,48062,47656,47437,48437,5055,755,1433,0.344,19.289,6.550
3916535792393,9983589,100.164,100.000,729600,729600,1728000,schedutil,306000000,306000000,1020000000,nvhost_podgov,0,3,,46937,48187,48125,47562,47562,48187,5055,755,1433,0.375,19.280,7.230
3916545807918,10015525,99.845,100.000,729600,729600,1728000,schedutil,306000000,306000000,1020000000,nvhost_podgov,0,3,,47093,48187,48093,47531,47468,48187,5055,756,1433,0.351,19.290,6.680
3916555798418,9990500,100.095,100.000,729600,729600,1728000,schedutil,306000000,306000000,1020000000,nvhost_podgov,0,3,,47062,48281,48062,47687,47437,48281,5055,756,1433,0.364,19.281,7.010
3916565808791,10010373,99.896,100.000,729600,729600,1728000,schedutil,306000000,306000000,1020000000,nvhost_podgov,0,3,,47250,48312,48093,47625,47375,48218,5055,756,1433,0.350,19.291,6.750
3916575804284,9995493,100.045,100.000,729600,729600,1728000,schedutil,306000000,306000000,1020000000,nvhost_podgov,0,3,,47156,48500,48062,47656,47437,48500,5055,756,1433,0.364,19.284,7.010
3916585808769,10004485,99.955,100.000,729600,729600,1728000,schedutil,306000000,306000000,1020000000,nvhost_podgov,0,3,,47031,48500,48031,47750,47468,48281,5055,755,1433,0.357,19.288,6.900
3916595807462,9998693,100.013,100.000,729600,729600,1728000,schedutil,306000000,306000000,1020000000,nvhost_podgov,0,3,,47093,48250,48156,47656,47468,48250,5055,755,1433,0.374,19.286,6.720
3916605807403,9999941,100.001,100.000,729600,729600,1728000,schedutil,306000000,306000000,1020000000,nvhost_podgov,0,3,,47250,48312,48062,47562,47406,48312,5055,755,1433,0.351,19.286,6.770
3916615809968,10002565,99.974,100.000,729600,729600,1728000,schedutil,306000000,306000000,1020000000,nvhost_podgov,0,3,,47125,48343,48093,47500,47437,48343,5055,755,1433,0.351,19.284,6.770
3916625805620,9995652,100.043,100.000,729600,729600,1728000,schedutil,306000000,306000000,1020000000,nvhost_podgov,0,3,,47031,48156,48218,47656,47531,48156,5055,755,1433,0.350,19.288,6.750
3916635807033,10001413,99.986,100.000,729600,729600,1728000,schedutil,306000000,306000000,1020000000,nvhost_podgov,0,3,,47156,48125,48093,47562,47468,48125,5055,756,1433,0.357,19.288,6.630
3916645792670,9985637,100.144,100.000,729600,729600,1728000,schedutil,306000000,306000000,1020000000,nvhost_podgov,0,3,,47062,48343,48062,47468,47437,48343,5055,756,1433,0.376,19.284,7.260
3916655810851,10018181,99.819,100.000,729600,729600,1728000,schedutil,306000000,306000000,1020000000,nvhost_podgov,0,3,,47000,48281,48031,47687,47437,48281,5055,756,1433,0.356,19.286,6.550
3916665804744,9993893,100.061,100.000,729600,729600,1728000,schedutil,306000000,306000000,1020000000,nvhost_podgov,0,3,,47031,48437,48093,47593,47531,48437,5055,756,1433,0.389,19.288,7.500
3916675812588,10007844,99.922,100.000,729600,729600,1728000,schedutil,306000000,306000000,1020000000,nvhost_podgov,0,3,,47093,48406,48062,47500,47468,48406,5055,756,1433,0.354,19.288,6.550
3916685793969,9981381,100.187,100.000,729600,729600,1728000,schedutil,306000000,306000000,1020000000,nvhost_podgov,0,3,,47062,48250,48062,47625,47437,48250,5055,756,1433,0.344,19.284,6.630
3916695794358,10000389,99.996,100.000,729600,729600,1728000,schedutil,306000000,306000000,1020000000,nvhost_podgov,0,3,,47000,48218,48062,47562,47437,48218,5055,755,1433,0.347,19.285,6.630
3916705809691,10015333,99.847,100.000,729600,729600,1728000,schedutil,306000000,306000000,1020000000,nvhost_podgov,0,3,,47250,48312,48156,47593,47437,48312,5055,755,1433,0.346,19.284,6.680
3916715787167,9977476,100.226,100.000,729600,729600,1728000,schedutil,306000000,306000000,1020000000,nvhost_podgov,0,3,,47000,48343,48031,47500,47281,48218,5055,755,1433,0.383,19.286,7.370
3916725794692,10007525,99.925,100.000,729600,729600,1728000,schedutil,306000000,306000000,1020000000,nvhost_podgov,0,3,,47031,48625,48187,47593,47406,48625,5055,755,1433,0.340,19.289,6.550
3916735786409,9991717,100.083,100.000,729600,729600,1728000,schedutil,306000000,306000000,1020000000,nvhost_podgov,0,3,,47250,48562,48062,47562,47531,48312,5055,755,1433,0.379,19.285,6.940
3916745797102,10010693,99.893,100.000,729600,729600,1728000,schedutil,306000000,306000000,1020000000,nvhost_podgov,0,3,,47062,48218,48000,47562,47437,48218,5055,756,1433,0.341,19.285,6.580
3916755794611,9997509,100.025,100.000,729600,729600,1728000,schedutil,306000000,306000000,1020000000,nvhost_podgov,0,3,,47031,48468,48187,47562,47500,48468,5055,756,1433,0.367,19.277,7.080
3916765793623,9999012,100.010,100.000,729600,729600,1728000,schedutil,306000000,306000000,1020000000,nvhost_podgov,0,3,,47125,48343,48125,47593,47468,48343,5055,756,1433,0.361,19.284,6.960
3916775786524,9992901,100.071,100.000,729600,729600,1728000,schedutil,306000000,306000000,1020000000,nvhost_podgov,0,3,,47062,48218,48000,47531,47468,48218,5055,756,1433,0.383,19.282,6.750
3916785797569,10011045,99.890,100.000,729600,729600,1728000,schedutil,306000000,306000000,1020000000,nvhost_podgov,0,3,,47000,48250,48031,47593,47343,48250,5055,756,1433,0.349,19.286,6.720
3916795793094,9995525,100.045,100.000,729600,729600,1728000,schedutil,306000000,306000000,1020000000,nvhost_podgov,0,3,,47031,48218,48125,47531,47437,48218,5055,756,1433,0.354,19.285,6.820
3916805795595,10002501,99.975,100.000,729600,729600,1728000,schedutil,306000000,306000000,1020000000,nvhost_podgov,0,3,,47093,48312,48093,47531,47406,48312,5055,756,1433,0.369,19.273,7.180
3916815797904,10002309,99.977,100.000,729600,729600,1728000,schedutil,306000000,306000000,1020000000,nvhost_podgov,0,3,,47062,48406,48031,47687,47437,48406,5055,756,1433,0.350,19.284,6.600
3916825786356,9988452,100.116,100.000,729600,729600,1728000,schedutil,306000000,306000000,1020000000,nvhost_podgov,0,3,,47031,48468,48156,47625,47437,48468,5055,756,1433,0.388,19.288,7.070
3916835795577,10009221,99.908,100.000,729600,729600,1728000,schedutil,306000000,306000000,1020000000,nvhost_podgov,0,3,,47250,48218,48125,47562,47437,48218,5055,756,1433,0.344,19.289,6.630
3916845800478,10004901,99.951,100.000,729600,729600,1728000,schedutil,306000000,306000000,1020000000,nvhost_podgov,0,3,,47031,48250,48000,47687,47500,48437,5055,756,1433,0.360,19.281,7.180
3916855796035,9995557,100.044,100.000,729600,729600,1728000,schedutil,306000000,306000000,1020000000,nvhost_podgov,0,3,,47156,48312,48031,47656,47437,48312,5055,756,1433,0.346,19.285,6.680
3916865788360,9992325,100.077,100.000,729600,729600,1728000,schedutil,306000000,306000000,1020000000,nvhost_podgov,0,3,,47187,48218,48125,47437,47562,48218,5055,756,1433,0.376,19.280,7.260
3916875797388,10009028,99.910,100.000,729600,729600,1728000,schedutil,306000000,306000000,1020000000,nvhost_podgov,0,3,,47125,48250,48062,47562,47406,48250,5055,756,1433,0.361,19.282,6.960
3916885797553,10000165,99.998,100.000,729600,729600,1728000,schedutil,306000000,306000000,1020000000,nvhost_podgov,0,3,,47125,48281,48156,47531,47468,48281,5055,756,1433,0.347,19.288,6.730
3916895792182,9994629,100.054,100.000,729600,729600,1728000,schedutil,306000000,306000000,1020000000,nvhost_podgov,0,3,,47156,48218,48125,47500,47468,48218,5055,756,1433,0.386,19.288,7.450
3916905794427,10002245,99.978,100.000,729600,729600,1728000,schedutil,306000000,306000000,1020000000,nvhost_podgov,0,3,,47062,48468,48093,47656,47468,48468,5055,756,1433,0.357,19.286,6.520
3916915802592,10008165,99.918,100.000,729600,729600,1728000,schedutil,306000000,306000000,1020000000,nvhost_podgov,0,3,,47031,48406,48093,47593,47375,48406,5055,756,1433,0.355,19.284,6.960
3916925797125,9994533,100.055,100.000,729600,729600,1728000,schedutil,306000000,306000000,1020000000,nvhost_podgov,0,3,,47156,48218,48062,47531,47437,48218,5055,756,1433,0.347,19.289,6.710
3916935787113,9989988,100.100,100.000,729600,729600,1728000,schedutil,306000000,306000000,1020000000,nvhost_podgov,0,3,,47062,48281,48093,47531,47468,48281,5055,756,1433,0.357,19.279,6.890
3916945796942,10009829,99.902,100.000,729600,729600,1728000,schedutil,306000000,306000000,1020000000,nvhost_podgov,0,3,,47062,48343,48187,47656,47437,48343,5055,756,1433,0.352,19.285,6.800
3916955786163,9989221,100.108,100.000,729600,729600,1728000,schedutil,306000000,306000000,1020000000,nvhost_podgov,0,3,,46968,48312,48093,47625,47500,48656,5055,756,1433,0.376,19.277,7.070
3916965791928,10005765,99.942,100.000,729600,729600,1728000,schedutil,306000000,306000000,1020000000,nvhost_podgov,0,3,,47062,48531,48031,47531,47437,48531,5055,756,1433,0.376,19.288,7.260
3916975790525,9998597,100.014,100.000,729600,729600,1728000,schedutil,306000000,306000000,1020000000,nvhost_podgov,0,3,,47062,48437,48062,47687,47406,48281,5055,756,1433,0.366,19.284,6.580
3916985793409,10002884,99.971,100.000,729600,729600,1728000,schedutil,306000000,306000000,1020000000,nvhost_podgov,0,3,,47187,48218,48156,47500,47406,48218,5055,755,1433,0.344,19.285,6.630
3916995794470,10001061,99.989,100.000,729600,729600,1728000,schedutil,306000000,306000000,1020000000,nvhost_podgov,0,3,,47250,48187,48031,47531,47468,48312,5055,755,1433,0.356,19.288,6.770
3917005807595,10013125,99.869,100.000,729600,729600,1728000,schedutil,306000000,306000000,1020000000,nvhost_podgov,0,3,,47031,48312,48062,47718,47406,48312,5055,756,1433,0.346,19.284,6.680
3917015798064,9990469,100.095,100.000,729600,729600,1728000,schedutil,306000000,306000000,1020000000,nvhost_podgov,0,3,,47218,48187,48187,47625,47437,48187,5055,756,1433,0.356,19.293,6.870
3917025787381,9989317,100.107,100.000,729600,729600,1728000,schedutil,306000000,306000000,1020000000,nvhost_podgov,0,3,,47218,48250,48125,47593,47500,48250,5055,756,1433,0.356,19.279,6.870
3917035795450,10008069,99.919,100.000,729600,729600,1728000,schedutil,306000000,306000000,1020000000,nvhost_podgov,0,3,,47062,48250,48062,47468,47437,48250,5055,756,1433,0.349,19.289,6.550
3917045791550,9996100,100.039,100.000,729600,729600,1728000,schedutil,306000000,306000000,1020000000,nvhost_podgov,0,3,,46968,48312,48156,47562,47406,48312,5055,756,1433,0.371,19.277,7.160
3917055796611,10005061,99.949,100.000,729600,729600,1728000,schedutil,306000000,306000000,1020000000,nvhost_podgov,0,3,,47093,48468,48125,47593,47468,48468,5055,756,1433,0.354,19.289,6.520
3917065788040,9991429,100.086,100.000,729600,729600,1728000,schedutil,306000000,306000000,1020000000,nvhost_podgov,0,3,,47062,48437,48062,47468,47468,48437,5055,756,1433,0.349,19.288,6.730
3917075791085,10003045,99.970,100.000,729600,729600,1728000,schedutil,306000000,306000000,1020000000,nvhost_podgov,0,3,,46968,48312,48156,47687,47437,48312,5055,756,1433,0.367,19.289,7.090
3917085794802,10003717,99.963,100.000,729600,729600,1728000,schedutil,306000000,306000000,1020000000,nvhost_podgov,0,3,,47000,48250,48062,47562,47468,48250,5055,756,1433,0.352,19.286,6.800
3917095789878,9995076,100.049,100.000,729600,729600,1728000,schedutil,306000000,306000000,1020000000,nvhost_podgov,0,3,,47031,48375,48062,47500,47468,48375,5055,756,1433,0.379,19.289,7.310
3917105793691,10003813,99.962,100.000,729600,729600,1728000,schedutil,306000000,306000000,1020000000,nvhost_podgov,0,3,,47062,48281,48062,47750,47468,48281,5055,756,1433,0.352,19.285,6.600
3917115785920,9992229,100.078,100.000,729600,729600,1728000,schedutil,306000000,306000000,1020000000,nvhost_podgov,0,3,,47156,48500,48062,47625,47437,48500,5055,756,1433,0.371,19.285,7.160
3917125795301,10009381,99.906,100.000,729600,729600,1728000,schedutil,306000000,306000000,1020000000,nvhost_podgov,0,3,,47187,48437,48062,47593,47437,48312,5055,756,1433,0.341,19.289,6.580
3917135786441,9991140,100.089,100.000,729600,729600,1728000,schedutil,306000000,306000000,1020000000,nvhost_podgov,0,3,,47000,48281,48000,47625,47437,48281,5055,756,1433,0.383,19.286,7.370
3917145796590,10010149,99.899,100.000,729600,729600,1728000,schedutil,306000000,306000000,1020000000,nvhost_podgov,0,3,,47250,48343,48125,47593,47531,48343,5055,755,1433,0.347,19.288,6.530
3917155788627,9992037,100.080,100.000,729600,729600,1728000,schedutil,306000000,306000000,1020000000,nvhost_podgov,0,3,,47187,48343,48093,47531,47437,48343,5055,755,1433,0.355,19.277,6.850
3917165793112,10004485,99.955,100.000,729600,729600,1728000,schedutil,306000000,306000000,1020000000,nvhost_podgov,0,3,,47000,48187,48062,47406,47500,48187,5055,755,1433,0.349,19.288,6.530
3917175789533,9996421,100.036,100.000,729600,729600,1728000,schedutil,306000000,306000000,1020000000,nvhost_podgov,0,3,,47000,48156,48218,47687,47375,48250,5055,755,1433,0.370,19.280,6.890
3917185794370,10004837,99.952,100.000,729600,729600,1728000,schedutil,306000000,306000000,1020000000,nvhost_podgov,0,3,,47187,48312,48093,47468,47406,48312,5055,756,1433,0.347,19.289,6.960
3917195793639,9999269,100.007,100.000,729600,729600,1728000,schedutil,306000000,306000000,1020000000,nvhost_podgov,0,3,,47156,48312,48031,47500,47406,48312,5055,756,1433,0.344,19.288,6.630
3917205789931,9996292,100.037,100.000,729600,729600,1728000,schedutil,306000000,306000000,1020000000,nvhost_podgov,0,3,,46968,48531,48218,47593,47406,48531,5055,756,1433,0.380,19.279,7.330
3917215796112,10006181,99.938,100.000,729600,729600,1728000,schedutil,306000000,306000000,1020000000,nvhost_podgov,0,3,,47062,48218,48062,47593,47468,48218,5055,756,1433,0.346,19.286,6.550
3917225788725,9992613,100.074,100.000,729600,729600,1728000,schedutil,306000000,306000000,1020000000,nvhost_podgov,0,3,,47031,48156,48062,47625,47500,48156,5055,756,1433,0.384,19.280,7.400
3917235795066,10006341,99.937,100.000,729600,729600,1728000,schedutil,306000000,306000000,1020000000,nvhost_podgov,0,3,,47000,48218,48062,47687,47468,48375,5055,756,1433,0.336,19.289,6.490
3917245799359,10004293,99.957,100.000,729600,729600,1728000,schedutil,306000000,306000000,1020000000,nvhost_podgov,0,3,,47218,48312,48187,47531,47468,48312,5055,756,1433,0.359,19.279,7.260
3917255810788,10011429,99.886,100.000,729600,729600,1728000,schedutil,306000000,306000000,1020000000,nvhost_podgov,0,3,,47062,48312,48093,47625,47468,48156,5055,756,1433,0.340,19.284,6.550
3917265787336,9976548,100.235,100.000,729600,729600,1728000,schedutil,306000000,306000000,1020000000,nvhost_podgov,0,3,,47031,48250,48093,47656,47437,48250,5055,756,1433,0.380,19.284,7.320
3917275811821,10024485,99.756,100.000,729600,729600,1728000,schedutil,306000000,306000000,1020000000,nvhost_podgov,0,3,,47250,48281,48218,47687,47531,48281,5055,756,1433,0.357,19.281,6.720
3917285806578,9994757,100.052,100.000,729600,729600,1728000,schedutil,306000000,306000000,1020000000,nvhost_podgov,0,3,,47156,48312,48125,47593,47500,48312,5055,756,1433,0.356,19.290,6.870
3917295786711,9980133,100.199,100.000,729600,729600,1728000,schedutil,306000000,306000000,1020000000,nvhost_podgov,0,3,,47062,48437,48062,47718,47406,48437,5055,756,1433,0.386,19.285,7.450
3917305793851,10007140,99.929,100.000,729600,729600,1728000,schedutil,306000000,306000000,1020000000,nvhost_podgov,0,3,,47156,48312,48156,47593,47468,48312,5055,756,1433,0.345,19.281,6.660
3917315786624,9992773,100.072,100.000,729600,729600,1728000,schedutil,306000000,306000000,1020000000,nvhost_podgov,0,3,,47125,48312,48062,47531,47468,48312,5055,756,1433,0.359,19.280,6.910
3917325795845,10009221,99.908,100.000,729600,729600,1728000,schedutil,306000000,306000000,1020000000,nvhost_podgov,0,3,,47062,48281,48062,47718,47500,48281,5055,756,1433,0.341,19.284,6.580
3917335794058,9998213,100.018,100.000,729600,729600,1728000,schedutil,306000000,306000000,1020000000,nvhost_podgov,0,3,,47062,48281,48125,47718,47437,48281,5055,756,1433,0.376,19.286,6.900
3917345797551,10003493,99.965,100.000,729600,729600,1728000,schedutil,306000000,306000000,1020000000,nvhost_podgov,0,3,,47062,48312,48093,47593,47500,48312,5055,755,1433,0.343,19.286,6.600
3917355786707,9989156,100.109,100.000,729600,729600,1728000,schedutil,306000000,306000000,1020000000,nvhost_podgov,0,3,,47093,48500,48062,47656,47468,48500,5055,755,1433,0.379,19.282,6.600
3917365793848,10007141,99.929,100.000,729600,729600,1728000,schedutil,306000000,306000000,1020000000,nvhost_podgov,0,3,,46968,48562,48218,47562,47437,48562,5055,756,1433,0.340,19.286,6.550
3917375796061,10002213,99.978,100.000,729600,729600,1728000,schedutil,306000000,306000000,1020000000,nvhost_podgov,0,3,,46937,48218,48062,47625,47531,48218,5055,756,1433,0.347,19.284,6.710
3917385790082,9994021,100.060,100.000,729600,729600,1728000,schedutil,306000000,306000000,1020000000,nvhost_podgov,0,3,,47062,48406,48062,47531,47500,48406,5055,756,1433,0.375,19.281,7.230
3917395795399,10005317,99.947,100.000,729600,729600,1728000,schedutil,306000000,306000000,1020000000,nvhost_podgov,0,3,,46968,48312,48156,47687,47468,48312,5055,756,1433,0.349,19.290,6.720
3917405806764,10011365,99.886,100.000,729600,729600,1728000,schedutil,306000000,306000000,1020000000,nvhost_podgov,0,3,,47218,48156,48062,47562,47468,48156,5055,756,1433,0.371,19.284,7.160
3917415815217,10008453,99.916,100.000,729600,729600,1728000,schedutil,306000000,306000000,1020000000,nvhost_podgov,0,3,,47125,48250,48093,47468,47437,48250,5055,756,1433,0.381,19.276,7.350
3917425796053,9980836,100.192,100.000,729600,729600,1728000,schedutil,306000000,306000000,1020000000,nvhost_podgov,0,3,,47062,48312,48031,47687,47468,48312,5055,756,1433,0.362,19.279,6.990
3917435804922,10008869,99.911,100.000,729600,729600,1728000,schedutil,306000000,306000000,1020000000,nvhost_podgov,0,3,,47156,48281,48125,47656,47468,48281,5055,756,1433,0.355,19.290,6.850
3917445805823,10000901,99.991,100.000,729600,729600,1728000,schedutil,306000000,306000000,1020000000,nvhost_podgov,0,3,,47156,48500,48062,47625,47406,48500,5055,756,1433,0.375,19.284,6.680
3917455811332,10005509,99.945,100.000,729600,729600,1728000,schedutil,306000000,306000000,1020000000,nvhost_podgov,0,3,,47000,48375,48062,47718,47437,48375,5055,756,1433,0.340,19.285,6.550
3917465792328,9980996,100.190,100.000,729600,729600,1728000,schedutil,306000000,306000000,1020000000,nvhost_podgov,0,3,,47062,48187,48093,47562,47531,48187,5055,756,1433,0.381,19.288,7.350
3917475809902,10017574,99.825,100.000,729600,729600,1728000,schedutil,306000000,306000000,1020000000,nvhost_podgov,0,3,,47093,48218,48093,47468,47437,48218,5055,756,1433,0.341,19.286,6.580
3917485808178,9998276,100.017,100.000,729600,729600,1728000,schedutil,306000000,306000000,1020000000,nvhost_podgov,0,3,,47062,48343,48000,47531,47468,48343,5055,756,1433,0.357,19.279,6.890
3917495809719,10001541,99.985,100.000,729600,729600,1728000,schedutil,306000000,306000000,1020000000,nvhost_podgov,0,3,,47031,48312,48187,47593,47437,48312,5055,756,1433,0.350,19.285,6.750
3917505807996,9998277,100.017,100.000,729600,729600,1728000,schedutil,306000000,306000000,1020000000,nvhost_podgov,0,3,,47000,48625,48125,47562,47437,48625,5055,756,1433,0.359,19.289,6.920
3917515792544,9984548,100.155,100.000,729600,729600,1728000,schedutil,306000000,306000000,1020000000,nvhost_podgov,0,3,,47062,48500,48031,47593,47406,48281,5055,756,1433,0.372,19.279,7.180
3917525799173,10006629,99.934,100.000,729600,729600,1728000,schedutil,306000000,306000000,1020000000,nvhost_podgov,0,3,,46968,48250,48218,47656,47406,48250,5055,756,1433,0.357,19.290,6.550
3917535805290,10006117,99.939,100.000,729600,729600,1728000,schedutil,306000000,306000000,1020000000,nvhost_podgov,0,3,,47187,48375,48125,47500,47500,48375,5055,756,1433,0.391,19.284,7.540
3917545797423,9992133,100.079,100.000,729600,729600,1728000,schedutil,306000000,306000000,1020000000,nvhost_podgov,0,3,,47093,48406,48093,47500,47406,48406,5055,756,1433,0.354,19.290,6.630
3917555795476,9998053,100.019,100.000,729600,729600,1728000,schedutil,306000000,306000000,1020000000,nvhost_podgov,0,3,,47000,48156,48031,47562,47375,48156,5055,756,1433,0.375,19.281,6.600
3917565796409,10000933,99.991,100.000,729600,729600,1728000,schedutil,306000000,306000000,1020000000,nvhost_podgov,0,3,,47187,48187,48062,47593,47468,48187,5055,756,1433,0.350,19.286,6.800
3917575793629,9997220,100.028,100.000,729600,729600,1728000,schedutil,306000000,306000000,1020000000,nvhost_podgov,0,3,,47125,48343,48031,47531,47437,48343,5055,756,1433,0.350,19.281,6.770
3917585808930,10015301,99.847,100.000,729600,729600,1728000,schedutil,306000000,306000000,1020000000,nvhost_podgov,0,3,,46968,48281,48031,47656,47468,48281,5055,756,1433,0.357,19.281,6.900
3917595798151,9989221,100.108,100.000,729600,729600,1728000,schedutil,306000000,306000000,1020000000,nvhost_podgov,0,3,,47125,48531,48093,47531,47468,48531,5055,756,1433,0.347,19.282,6.690
3917605789292,9991141,100.089,100.000,729600,729600,1728000,schedutil,306000000,306000000,1020000000,nvhost_podgov,0,3,,47093,48468,48093,47562,47531,48468,5055,756,1433,0.376,19.285,7.260
3917615796913,10007621,99.924,100.000,729600,729600,1728000,schedutil,306000000,306000000,1020000000,nvhost_podgov,0,3,,47031,48125,48062,47625,47500,48125,5055,756,1433,0.371,19.286,6.630
3917625792885,9995972,100.040,100.000,729600,729600,1728000,schedutil,306000000,306000000,1020000000,nvhost_podgov,0,3,,47062,48218,48125,47593,47437,48218,5055,756,1433,0.374,19.289,7.210
3917635796378,10003493,99.965,100.000,729600,729600,1728000,schedutil,306000000,306000000,1020000000,nvhost_podgov,0,3,,47062,48375,48093,47562,47406,48375,5055,756,1433,0.349,19.289,6.530
3917645786015,9989637,100.104,100.000,729600,729600,1728000,schedutil,306000000,306000000,1020000000,nvhost_podgov,0,3,,47062,48343,48062,47750,47437,48218,5055,756,1433,0.375,19.280,7.230
3917655797220,10011205,99.888,100.000,729600,729600,1728000,schedutil,306000000,306000000,1020000000,nvhost_podgov,0,3,,47218,48593,48218,47593,47375,48593,5055,756,1433,0.359,19.288,6.550
3917665793737,9996517,100.035,100.000,729600,729600,1728000,schedutil,306000000,306000000,1020000000,nvhost_podgov,0,3,,47218,48562,48093,47531,47500,48312,5055,756,1433,0.367,19.279,6.720
3917675796077,10002340,99.977,100.000,729600,729600,1728000,schedutil,306000000,306000000,1020000000,nvhost_podgov,0,3,,47062,48250,48062,47781,47437,48250,5055,756,1433,0.357,19.290,6.800
3917685793266,9997189,100.028,100.000,729600,729600,1728000,schedutil,306000000,306000000,1020000000,nvhost_podgov,0,3,,47000,48406,48187,47687,47437,48406,5055,756,1433,0.354,19.288,6.820
3917695792727,9999461,100.005,100.000,729600,729600,1728000,schedutil,306000000,306000000,1020000000,nvhost_podgov,0,3,,47187,48343,48062,47593,47500,48343,5055,756,1433,0.356,19.284,6.870
3917705793052,10000325,99.997,100.000,729600,729600,1728000,schedutil,306000000,306000000,1020000000,nvhost_podgov,0,3,,47187,48156,48062,47531,47468,48156,5055,756,1433,0.346,19.285,6.680
3917715787456,9994404,100.056,100.000,729600,729600,1728000,schedutil,306000000,306000000,1020000000,nvhost_podgov,0,3,,47031,48218,48187,47656,47437,48218,5055,756,1433,0.376,19.285,7.260
3917725795525,10008069,99.919,100.000,729600,729600,1728000,schedutil,306000000,306000000,1020000000,nvhost_podgov,0,3,,47062,48312,48187,47593,47500,48312,5055,756,1433,0.339,19.288,6.530
3917735788330,9992805,100.072,100.000,729600,729600,1728000,schedutil,306000000,306000000,1020000000,nvhost_podgov,0,3,,47125,48312,48031,47500,47437,48312,5055,756,1433,0.378,19.289,7.280
3917745794287,10005957,99.940,100.000,729600,729600,1728000,schedutil,306000000,306000000,1020000000,nvhost_podgov,0,3,,47062,48531,48031,47718,47375,48531,5055,716,1433,0.339,19.288,6.530
3917755791380,9997093,100.029,100.000,729600,729600,1728000,schedutil,306000000,306000000,1020000000,nvhost_podgov,0,3,,47000,48468,48250,47593,47500,48250,5055,716,1433,0.395,19.286,7.620
3917765799353,10007973,99.920,100.000,729600,729600,1728000,schedutil,306000000,306000000,1020000000,nvhost_podgov,0,3,,47062,48250,48093,47437,47437,48250,5055,716,1433,0.344,19.290,6.630
3917775808414,10009061,99.909,100.000,729600,729600,1728000,schedutil,306000000,306000000,1020000000,nvhost_podgov,0,3,,47062,48281,48093,47781,47468,48343,5055,716,1433,0.380,19.285,6.870
3917785798306,9989892,100.101,100.000,729600,729600,1728000,schedutil,306000000,306000000,1020000000,nvhost_podgov,0,3,,47031,48343,48250,47593,47500,48343,5055,716,1433,0.355,19.285,6.850
3917795795271,9996965,100.030,100.000,729600,729600,1728000,schedutil,306000000,306000000,1020000000,nvhost_podgov,0,3,,47187,48312,48093,47593,47437,48250,5055,716,1433,0.349,19.284,6.720
3917805793516,9998245,100.018,100.000,729600,729600,1728000,schedutil,306000000,306000000,1020000000,nvhost_podgov,0,3,,47062,48187,48031,47500,47406,48187,5055,716,1433,0.366,19.282,7.350
3917815795153,10001637,99.984,100.000,729600,729600,1728000,schedutil,306000000,306000000,1020000000,nvhost_podgov,0,3,,47062,48187,48250,47625,47343,48250,5055,756,1433,0.346,19.286,6.680
3917825787349,9992196,100.078,100.000,729600,729600,1728000,schedutil,306000000,306000000,1020000000,nvhost_podgov,0,3,,47250,48281,48125,47500,47500,48281,5055,756,1433,0.381,19.288,7.350
3917835793626,10006277,99.937,100.000,729600,729600,1728000,schedutil,306000000,306000000,1020000000,nvhost_podgov,0,3,,47062,48437,48062,47500,47375,48437,5055,756,1433,0.335,19.282,6.460
3917845786559,9992933,100.071,100.000,729600,729600,1728000,schedutil,306000000,306000000,1020000000,nvhost_podgov,0,3,,47000,48406,48156,47593,47437,48406,5055,756,1433,0.360,19.277,6.940
3917855795428,10008869,99.911,100.000,729600,729600,1728000,schedutil,306000000,306000000,1020000000,nvhost_podgov,0,3,,47281,48187,48062,47593,47437,48187,5055,756,1433,0.341,19.282,6.580
3917865795209,9999781,100.002,100.000,729600,729600,1728000,schedutil,306000000,306000000,1020000000,nvhost_podgov,0,3,,47093,48218,48093,47593,47468,48218,5055,756,1433,0.350,19.285,6.750
3917875794061,9998852,100.011,100.000,729600,729600,1728000,schedutil,306000000,306000000,1020000000,nvhost_podgov,0,3,,47000,48281,48031,47593,47468,48281,5055,756,1433,0.350,19.286,6.750
3917885793010,9998949,100.011,100.000,729600,729600,1728000,schedutil,306000000,306000000,1020000000,nvhost_podgov,0,3,,47031,48281,48093,47625,47468,48656,5055,756,1433,0.351,19.286,6.770
3917895792567,9999557,100.004,100.000,729600,729600,1728000,schedutil,306000000,306000000,1020000000,nvhost_podgov,0,3,,47062,48625,48031,47562,47468,48625,5055,756,1433,0.361,19.286,6.870
3917905794876,10002309,99.977,100.000,729600,729600,1728000,schedutil,306000000,306000000,1020000000,nvhost_podgov,0,3,,47031,48562,48031,47593,47468,48562,5055,756,1433,0.346,19.285,6.680
3917915786208,9991332,100.087,100.000,729600,729600,1728000,schedutil,306000000,306000000,1020000000,nvhost_podgov,0,3,,46968,48218,48125,47593,47562,48218,5055,756,1433,0.365,19.277,7.100
3917925806054,10019846,99.802,100.000,729600,729600,1728000,schedutil,306000000,306000000,1020000000,nvhost_podgov,0,3,,47250,48281,48093,47562,47437,48343,5055,756,1433,0.354,19.284,6.820
3917935802026,9995972,100.040,100.000,729600,729600,1728000,schedutil,306000000,306000000,1020000000,nvhost_podgov,0,3,,47062,48343,48000,47593,47468,48343,5055,756,1433,0.347,19.281,6.690
3917945805839,10003813,99.962,100.000,729600,729600,1728000,schedutil,306000000,306000000,1020000000,nvhost_podgov,0,3,,47187,48187,48125,47625,47531,48187,5055,756,1433,0.345,19.284,6.660
3917955790644,9984805,100.152,100.000,729600,729600,1728000,schedutil,306000000,306000000,1020000000,nvhost_podgov,0,3,,47250,48250,48093,47500,47531,48250,5055,756,1433,0.380,19.279,6.770
3917965808505,10017861,99.822,100.000,729600,729600,1728000,schedutil,306000000,306000000,1020000000,nvhost_podgov,0,3,,47062,48281,48093,47750,47375,48281,5055,756,1433,0.345,19.289,6.660
3917975806206,9997701,100.023,100.000,729600,729600,1728000,schedutil,306000000,306000000,1020000000,nvhost_podgov,0,3,,47031,48281,48156,47687,47468,48281,5055,756,1433,0.351,19.288,6.750
3917985795618,9989412,100.106,100.000,729600,729600,1728000,schedutil,306000000,306000000,1020000000,nvhost_podgov,0,3,,47156,48437,48031,47531,47500,48437,5055,756,1433,0.376,19.288,7.260
3917995806855,10011237,99.888,100.000,729600,729600,1728000,schedutil,306000000,306000000,1020000000,nvhost_podgov,0,3,,47093,48500,48062,47593,47468,48500,5055,756,1433,0.360,19.286,6.580
3918005795404,9988549,100.115,100.000,729600,729600,1728000,schedutil,306000000,306000000,1020000000,nvhost_podgov,0,3,,46968,48218,48031,47687,47437,48218,5055,756,1433,0.371,19.282,7.160
3918015808753,10013349,99.867,100.000,729600,729600,1728000,schedutil,306000000,306000000,1020000000,nvhost_podgov,0,3,,47125,48250,48062,47468,47531,48250,5055,756,1433,0.347,19.289,6.550
3918025803382,9994629,100.054,100.000,729600,729600,1728000,schedutil,306000000,306000000,1020000000,nvhost_podgov,0,3,,47062,48312,48093,47500,47468,48312,5055,756,1433,0.366,19.280,7.070
3918035810523,10007141,99.929,100.000,729600,729600,1728000,schedutil,306000000,306000000,1020000000,nvhost_podgov,0,3,,47031,48312,47968,47656,47468,48187,5055,756,1433,0.347,19.291,6.550
3918045798399,9987876,100.121,100.000,729600,729600,1728000,schedutil,306000000,306000000,1020000000,nvhost_podgov,0,3,,47000,48500,48093,47625,47500,48500,5055,756,1433,0.351,19.285,6.770
3918055811236,10012837,99.872,100.000,729600,729600,1728000,schedutil,306000000,306000000,1020000000,nvhost_podgov,0,3,,47062,48531,48125,47500,47375,48250,5055,756,1433,0.396,19.274,7.640
3918065808937,9997701,100.023,100.000,729600,729600,1728000,schedutil,306000000,306000000,1020000000,nvhost_podgov,0,3,,47000,48250,48125,47687,47468,48250,5055,756,1433,0.351,19.285,6.770
3918075796142,9987205,100.128,100.000,729600,729600,1728000,schedutil,306000000,306000000,1020000000,nvhost_podgov,0,3,,47250,48437,48187,47531,47500,48437,5055,756,1433,0.385,19.285,7.420
3918085807635,10011493,99.885,100.000,729600,729600,1728000,schedutil,306000000,306000000,1020000000,nvhost_podgov,0,3,,47218,48375,48093,47562,47500,48281,5055,756,1433,0.351,19.284,6.770
3918095792183,9984548,100.155,100.000,729600,729600,1728000,schedutil,306000000,306000000,1020000000,nvhost_podgov,0,3,,47000,48250,48062,47718,47437,48250,5055,756,1433,0.384,19.285,6.820
3918105809308,10017125,99.829,100.000,729600,729600,1728000,schedutil,306000000,306000000,1020000000,nvhost_podgov,0,3,,47187,48156,48156,47593,47468,48156,5055,756,1433,0.344,19.285,6.630
3918115792065,9982757,100.173,100.000,729600,729600,1728000,schedutil,306000000,306000000,1020000000,nvhost_podgov,0,3,,47187,48312,48062,47531,47437,48312,5055,756,1433,0.383,19.282,7.370
3918125811142,10019077,99.810,100.000,729600,729600,1728000,schedutil,306000000,306000000,1020000000,nvhost_podgov,0,3,,47093,48281,48062,47843,47468,48281,5055,756,1433,0.349,19.285,6.660
3918135791722,9980580,100.195,100.000,729600,729600,1728000,schedutil,306000000,306000000,1020000000,nvhost_podgov,0,3,,47062,48437,48218,47593,47406,48437,5055,756,1433,0.378,19.277,7.280
3918145804399,10012677,99.873,100.000,729600,729600,1728000,schedutil,306000000,306000000,1020000000,nvhost_podgov,0,3,,47187,48406,48062,47562,47437,48406,5055,756,1433,0.360,19.289,7.120
3918155805940,10001541,99.985,100.000,729600,729600,1728000,schedutil,306000000,306000000,1020000000,nvhost_podgov,0,3,,47156,48312,48125,47593,47468,48312,5055,756,1433,0.344,19.279,6.630
3918165809689,10003749,99.963,100.000,729600,729600,1728000,schedutil,306000000,306000000,1020000000,nvhost_podgov,0,3,,47031,48156,48125,47593,47375,48156,5055,756,1433,0.356,19.291,6.900
3918175807710,9998021,100.020,100.000,729600,729600,1728000,schedutil,306000000,306000000,1020000000,nvhost_podgov,0,3,,47031,48343,48062,47656,47500,48343,5055,756,1433,0.350,19.286,6.750
3918185806819,9999109,100.009,100.000,729600,729600,1728000,schedutil,306000000,306000000,1020000000,nvhost_podgov,0,3,,47062,48312,48093,47500,47500,48250,5055,756,1433,0.354,19.288,7.210
3918195804423,9997604,100.024,100.000,729600,729600,1728000,schedutil,306000000,306000000,1020000000,nvhost_podgov,0,3,,47062,48218,48062,47687,47406,48218,5055,756,1433,0.347,19.289,6.710
3918205792236,9987813,100.122,100.000,729600,729600,1728000,schedutil,306000000,306000000,1020000000,nvhost_podgov,0,3,,47156,48562,48156,47625,47531,48312,5055,756,1433,0.385,19.281,7.160
3918215808241,10016005,99.840,100.000,729600,729600,1728000,schedutil,306000000,306000000,1020000000,nvhost_podgov,0,3,,47156,48250,48000,47500,47437,48250,5055,756,1433,0.339,19.282,6.530
3918225804822,9996581,100.034,100.000,729600,729600,1728000,schedutil,306000000,306000000,1020000000,nvhost_podgov,0,3,,47062,48500,48031,47687,47406,48500,5055,756,1433,0.371,19.281,7.160
3918235812411,10007589,99.924,100.000,729600,729600,1728000,schedutil,306000000,306000000,1020000000,nvhost_podgov,0,3,,47218,48312,48156,47562,47468,48312,5055,756,1433,0.339,19.289,6.530
3918245795007,9982596,100.174,100.000,729600,729600,1728000,schedutil,306000000,306000000,1020000000,nvhost_podgov,0,3,,47125,48312,48062,47593,47437,48312,5055,756,1433,0.375,19.281,7.230
3918255808580,10013573,99.864,100.000,729600,729600,1728000,schedutil,306000000,306000000,1020000000,nvhost_podgov,0,3,,47031,48187,48062,47531,47437,48187,5055,756,1433,0.344,19.286,6.630
3918265806505,9997925,100.021,100.000,729600,729600,1728000,schedutil,306000000,306000000,1020000000,nvhost_podgov,0,3,,46968,48312,48218,47625,47500,48312,5055,756,1433,0.352,19.285,6.800
3918275795886,9989381,100.106,100.000,729600,729600,1728000,schedutil,306000000,306000000,1020000000,nvhost_podgov,0,3,,47093,48281,48093,47562,47406,48281,5055,716,1433,0.352,19.274,7.040
3918285805491,10009605,99.904,100.000,729600,729600,1728000,schedutil,306000000,306000000,1020000000,nvhost_podgov,0,3,,47062,48500,48031,47531,47437,48500,5055,716,1433,0.364,19.285,7.070
3918295797111,9991620,100.084,100.000,729600,729600,1728000,schedutil,306000000,306000000,1020000000,nvhost_podgov,0,3,,47000,48500,48187,47625,47468,48500,5055,716,1433,0.386,19.279,7.100
3918305808668,10011557,99.885,100.000,729600,729600,1728000,schedutil,306000000,306000000,1020000000,nvhost_podgov,0,3,,47093,48281,48062,47531,47406,48281,5055,756,1433,0.347,19.284,6.710
3918315792449,9983781,100.162,100.000,729600,729600,1728000,schedutil,306000000,306000000,1020000000,nvhost_podgov,0,3,,47062,48250,48031,47500,47531,48250,5055,756,1433,0.355,19.281,6.850
3918325809030,10016581,99.834,100.000,729600,729600,1728000,schedutil,306000000,306000000,1020000000,nvhost_podgov,0,3,,46968,48343,48062,47687,47468,48343,5055,756,1433,0.346,19.285,6.680
3918335791722,9982692,100.173,100.000,729600,729600,1728000,schedutil,306000000,306000000,1020000000,nvhost_podgov,0,3,,47156,48312,48062,47593,47468,48187,5055,756,1433,0.390,19.282,7.530
3918345798511,10006789,99.932,100.000,729600,729600,1728000,schedutil,306000000,306000000,1020000000,nvhost_podgov,0,3,,47250,48187,48062,47531,47406,48187,5055,756,1433,0.352,19.286,6.800
3918355800116,10001605,99.984,100.000,729600,729600,1728000,schedutil,306000000,306000000,1020000000,nvhost_podgov,0,3,,47000,48343,47937,47656,47406,48343,5055,756,1433,0.367,19.289,7.090
3918365807417,10007301,99.927,100.000,729600,729600,1728000,schedutil,306000000,306000000,1020000000,nvhost_podgov,0,3,,47250,48281,48156,47593,47437,48281,5055,716,1433,0.344,19.282,6.630
3918375803934,9996517,100.035,100.000,729600,729600,1728000,schedutil,306000000,306000000,1020000000,nvhost_podgov,0,3,,47156,48468,48062,47437,47468,48468,5055,716,1433,0.351,19.285,6.770
3918385795811,9991877,100.081,100.000,729600,729600,1728000,schedutil,306000000,306000000,1020000000,nvhost_podgov,0,3,,47031,48500,48093,47656,47437,48500,5055,756,1433,0.374,19.285,7.210
3918395807816,10012005,99.880,100.000,729600,729600,1728000,schedutil,306000000,306000000,1020000000,nvhost_podgov,0,3,,47093,48250,48093,47593,47562,48250,5055,756,1433,0.354,19.289,6.820
3918405805356,9997540,100.025,100.000,729600,729600,1728000,schedutil,306000000,306000000,1020000000,nvhost_podgov,0,3,,47125,48281,48062,47500,47468,48312,5055,756,1433,0.354,19.282,7.010
3918415806097,10000741,99.993,100.000,729600,729600,1728000,schedutil,306000000,306000000,1020000000,nvhost_podgov,0,3,,47093,48312,48062,47687,47343,48312,5055,716,1433,0.351,19.285,6.770
3918425802518,9996421,100.036,100.000,729600,729600,1728000,schedutil,306000000,306000000,1020000000,nvhost_podgov,0,3,,47031,48343,48093,47687,47468,48343,5055,716,1433,0.415,19.274,8.000
3918435804059,10001541,99.985,100.000,729600,729600,1728000,schedutil,306000000,306000000,1020000000,nvhost_podgov,0,3,,47125,48593,48062,47625,47406,48593,5055,756,1433,0.350,19.286,6.750
3918445805119,10001060,99.989,100.000,729600,729600,1728000,schedutil,306000000,306000000,1020000000,nvhost_podgov,0,3,,47031,48531,48062,47781,47437,48281,5055,756,1433,0.367,19.290,6.900
3918455808868,10003749,99.963,100.000,729600,729600,1728000,schedutil,306000000,306000000,1020000000,nvhost_podgov,0,3,,47000,48312,48125,47718,47437,48312,5055,756,1433,0.340,19.286,6.550
3918465798345,9989477,100.105,100.000,729600,729600,1728000,schedutil,306000000,306000000,1020000000,nvhost_podgov,0,3,,47343,48343,48187,47593,47500,48343,5055,756,1433,0.367,19.286,7.090
3918475810638,10012293,99.877,100.000,729600,729600,1728000,schedutil,306000000,306000000,1020000000,nvhost_podgov,0,3,,47093,48375,48062,47437,47468,48375,5055,756,1433,0.341,19.282,6.580
3918485809555,9998917,100.011,100.000,729600,729600,1728000,schedutil,306000000,306000000,1020000000,nvhost_podgov,0,3,,47062,48187,48218,47593,47437,48218,5055,756,1433,0.359,19.285,6.600
3918495806263,9996708,100.033,100.000,729600,729600,1728000,schedutil,306000000,306000000,1020000000,nvhost_podgov,0,3,,47250,48312,48093,47468,47531,48312,5055,756,1433,0.376,19.282,7.260
3918505808188,10001925,99.981,100.000,729600,729600,1728000,schedutil,306000000,306000000,1020000000,nvhost_podgov,0,3,,47187,48281,48062,47531,47437,48281,5055,756,1433,0.362,19.289,6.710
3918515792545,9984357,100.157,100.000,729600,729600,1728000,schedutil,306000000,306000000,1020000000,nvhost_podgov,0,3,,47062,48312,48031,47625,47406,48312,5055,756,1433,0.370,19.281,7.130
3918525808518,10015973,99.841,100.000,729600,729600,1728000,schedutil,306000000,306000000,1020000000,nvhost_podgov,0,3,,47187,48500,48093,47531,47406,48500,5055,756,1433,0.356,19.290,6.630
3918535802411,9993893,100.061,100.000,729600,729600,1728000,schedutil,306000000,306000000,1020000000,nvhost_podgov,0,3,,47218,48437,48062,47531,47437,48437,5055,756,1433,0.355,19.282,6.850
3918545807695,10005284,99.947,100.000,729600,729600,1728000,schedutil,306000000,306000000,1020000000,nvhost_podgov,0,3,,47062,48250,48062,47687,47468,48250,5055,756,1433,0.347,19.288,6.630
3918555792244,9984549,100.155,100.000,729600,729600,1728000,schedutil,306000000,306000000,1020000000,nvhost_podgov,0,3,,47125,48312,48125,47562,47437,48312,5055,756,1433,0.381,19.284,7.350
3918565804249,10012005,99.880,100.000,729600,729600,1728000,schedutil,306000000,306000000,1020000000,nvhost_podgov,0,3,,47093,48406,48125,47500,47406,48406,5055,756,1433,0.352,19.286,6.800
3918575804766,10000517,99.995,100.000,729600,729600,1728000,schedutil,306000000,306000000,1020000000,nvhost_podgov,0,3,,47093,48312,48093,47500,47406,48218,5055,756,1433,0.346,19.285,6.680
3918585804355,9999589,100.004,100.000,729600,729600,1728000,schedutil,306000000,306000000,1020000000,nvhost_podgov,0,3,,46968,48218,48156,47593,47500,48218,5055,756,1433,0.375,19.281,7.230
3918595808903,10004548,99.955,100.000,729600,729600,1728000,schedutil,306000000,306000000,1020000000,nvhost_podgov,0,3,,47031,48593,48062,47625,47406,48312,5055,756,1433,0.341,19.284,6.580
3918605802956,9994053,100.060,100.000,729600,729600,1728000,schedutil,306000000,306000000,1020000000,nvhost_podgov,0,3,,47062,48250,48062,47500,47343,48250,5055,756,1433,0.365,19.284,7.040
3918615806545,10003589,99.964,100.000,729600,729600,1728000,schedutil,306000000,306000000,1020000000,nvhost_podgov,0,3,,47000,48437,48218,47625,47468,48437,5055,756,1433,0.351,19.291,6.540
3918625813814,10007269,99.927,100.000,729600,729600,1728000,schedutil,306000000,306000000,1020000000,nvhost_podgov,0,3,,47218,48375,48062,47531,47500,48375,5055,756,1433,0.367,19.285,7.090
3918635810363,9996549,100.035,100.000,729600,729600,1728000,schedutil,306000000,306000000,1020000000,nvhost_podgov,0,3,,47156,48218,48125,47468,47468,48218,5055,756,1433,0.356,19.290,6.550
3918645790943,9980580,100.195,100.000,729600,729600,1728000,schedutil,306000000,306000000,1020000000,nvhost_podgov,0,3,,47000,48218,48062,47656,47375,48218,5055,756,1433,0.371,19.276,7.160
3918655810340,10019397,99.806,100.000,729600,729600,1728000,schedutil,306000000,306000000,1020000000,nvhost_podgov,0,3,,47218,48343,48156,47562,47468,48343,5055,756,1433,0.349,19.288,6.870
3918665808137,9997797,100.022,100.000,729600,729600,1728000,schedutil,306000000,306000000,1020000000,nvhost_podgov,0,3,,47125,48281,48093,47593,47562,48281,5055,756,1433,0.347,19.289,6.710
3918675807982,9999845,100.002,100.000,729600,729600,1728000,schedutil,306000000,306000000,1020000000,nvhost_podgov,0,3,,47031,48562,48093,47593,47500,48562,5055,756,1433,0.352,19.281,6.630
3918685809011,10001029,99.990,100.000,729600,729600,1728000,schedutil,306000000,306000000,1020000000,nvhost_podgov,0,3,,47062,48468,48125,47562,47468,48250,5055,756,1433,0.340,19.284,6.550
3918695796439,9987428,100.126,100.000,729600,729600,1728000,schedutil,306000000,306000000,1020000000,nvhost_podgov,0,3,,47093,48218,48062,47531,47437,48218,5055,756,1433,0.380,19.282,7.320
3918705811292,10014853,99.852,100.000,729600,729600,1728000,schedutil,306000000,306000000,1020000000,nvhost_podgov,0,3,,47062,48250,48125,47625,47437,48250,5055,756,1433,0.347,19.285,6.710
3918715791521,9980229,100.198,100.000,729600,729600,1728000,schedutil,306000000,306000000,1020000000,nvhost_podgov,0,3,,47000,48343,48125,47625,47531,48343,5055,756,1433,0.380,19.281,6.770
3918725809318,10017797,99.822,100.000,729600,729600,1728000,schedutil,306000000,306000000,1020000000,nvhost_podgov,0,3,,47062,48343,48125,47562,47531,48218,5055,756,1433,0.338,19.284,6.500
3918735790922,9981604,100.184,100.000,729600,729600,1728000,schedutil,306000000,306000000,1020000000,nvhost_podgov,0,3,,47062,48250,48062,47750,47437,48250,5055,756,1433,0.380,19.279,7.320
3918745808975,10018053,99.820,100.000,729600,729600,1728000,schedutil,306000000,306000000,1020000000,nvhost_podgov,0,3,,47062,48218,48156,47593,47437,48218,5055,756,1433,0.340,19.288,6.550
3918755805140,9996165,100.038,100.000,729600,729600,1728000,schedutil,306000000,306000000,1020000000,nvhost_podgov,0,3,,47218,48312,48125,47562,47500,48312,5055,756,1433,0.346,19.282,6.680
3918765797273,9992133,100.079,100.000,729600,729600,1728000,schedutil,306000000,306000000,1020000000,nvhost_podgov,0,3,,47062,48468,48062,47593,47468,48468,5055,756,1433,0.346,19.279,7.180
3918775805470,10008197,99.918,100.000,729600,729600,1728000,schedutil,306000000,306000000,1020000000,nvhost_podgov,0,3,,47000,48437,48031,47593,47468,48437,5055,756,1433,0.352,19.289,6.800
3918785804610,9999140,100.009,100.000,729600,729600,1728000,schedutil,306000000,306000000,1020000000,nvhost_podgov,0,3,,47218,48218,48156,47500,47437,48218,5055,756,1433,0.347,19.286,6.690
3918795805799,10001189,99.988,100.000,729600,729600,1728000,schedutil,306000000,306000000,1020000000,nvhost_podgov,0,3,,47187,48156,48031,47437,47437,48156,5055,716,1433,0.352,19.286,6.800
3918805806540,10000741,99.993,100.000,729600,729600,1728000,schedutil,306000000,306000000,1020000000,nvhost_podgov,0,3,,47093,48312,48156,47687,47375,48312,5055,716,1433,0.369,19.290,7.100
3918815806737,10000197,99.998,100.000,729600,729600,1728000,schedutil,306000000,306000000,1020000000,nvhost_podgov,0,3,,47250,48343,48250,47531,47468,48343,5055,756,1433,0.343,19.285,6.600
3918825791573,9984836,100.152,100.000,729600,729600,1728000,schedutil,306000000,306000000,1020000000,nvhost_podgov,0,3,,47093,48531,48062,47625,47437,48531,5055,756,1433,0.389,19.281,7.130
3918835811355,10019782,99.803,100.000,729600,729600,1728000,schedutil,306000000,306000000,1020000000,nvhost_podgov,0,3,,47062,48437,48062,47656,47468,48437,5055,756,1433,0.344,19.285,6.630
3918845807071,9995716,100.043,100.000,729600,729600,1728000,schedutil,306000000,306000000,1020000000,nvhost_podgov,0,3,,47000,48250,48093,47593,47531,48250,5055,756,1433,0.352,19.288,6.770
3918855795204,9988133,100.119,100.000,729600,729600,1728000,schedutil,306000000,306000000,1020000000,nvhost_podgov,0,3,,47062,48218,48093,47562,47531,48375,5055,756,1433,0.372,19.274,7.180
3918865808361,10013157,99.869,100.000,729600,729600,1728000,schedutil,306000000,306000000,1020000000,nvhost_podgov,0,3,,47031,48375,48031,47718,47500,48375,5055,756,1433,0.349,19.286,6.720
3918875793005,9984644,100.154,100.000,729600,729600,1728000,schedutil,306000000,306000000,1020000000,nvhost_podgov,0,3,,47281,48343,48125,47593,47500,48187,5055,756,1433,0.367,19.277,7.080
3918885810482,10017477,99.826,100.000,729600,729600,1728000,schedutil,306000000,306000000,1020000000,nvhost_podgov,0,3,,47156,48218,48093,47656,47500,48218,5055,756,1433,0.347,19.290,6.710
3918895797655,9987173,100.128,100.000,729600,729600,1728000,schedutil,306000000,306000000,1020000000,nvhost_podgov,0,3,,47062,48281,48062,47781,47375,48281,5055,756,1433,0.349,19.277,6.720
3918905807132,10009477,99.905,100.000,729600,729600,1728000,schedutil,306000000,306000000,1020000000,nvhost_podgov,0,3,,47187,48312,48218,47593,47406,48312,5055,756,1433,0.351,19.284,6.770
3918915791296,9984164,100.159,100.000,729600,729600,1728000,schedutil,306000000,306000000,1020000000,nvhost_podgov,0,3,,47312,48531,48156,47593,47468,48531,5055,756,1433,0.379,19.277,6.820
3918925805734,10014438,99.856,100.000,729600,729600,1728000,schedutil,306000000,306000000,1020000000,nvhost_podgov,0,3,,47062,48406,48031,47531,47468,48406,5055,756,1433,0.350,19.284,6.750
3918935808810,10003076,99.969,100.000,729600,729600,1728000,schedutil,306000000,306000000,1020000000,nvhost_podgov,0,3,,47062,48218,48187,47625,47406,48218,5055,756,1433,0.361,19.285,6.680
3918945811983,10003173,99.968,100.000,729600,729600,1728000,schedutil,306000000,306000000,1020000000,nvhost_podgov,0,3,,47156,48250,48125,47625,47531,48250,5055,756,1433,0.410,19.279,7.910
3918955796532,9984549,100.155,100.000,729600,729600,1728000,schedutil,306000000,306000000,1020000000,nvhost_podgov,0,3,,47125,48312,48125,47500,47500,48312,5055,756,1433,0.350,19.288,6.750
3918965787384,9990852,100.092,100.000,729600,729600,1728000,schedutil,306000000,306000000,1020000000,nvhost_podgov,0,3,,47062,48312,48093,47625,47406,48281,5055,756,1433,0.367,19.282,7.090
3918975795677,10008293,99.917,100.000,729600,729600,1728000,schedutil,306000000,306000000,1020000000,nvhost_podgov,0,3,,47031,48562,48062,47593,47468,48562,5055,756,1433,0.350,19.288,6.550
3918985793378,9997701,100.023,100.000,729600,729600,1728000,schedutil,306000000,306000000,1020000000,nvhost_podgov,0,3,,47062,48468,48156,47500,47375,48281,5055,756,1433,0.383,19.285,7.370
3918995791911,9998533,100.015,100.000,729600,729600,1728000,schedutil,306000000,306000000,1020000000,nvhost_podgov,0,3,,47187,48281,48062,47718,47468,48281,5055,756,1433,0.379,19.286,6.820
3919005795148,10003237,99.968,100.000,729600,729600,1728000,schedutil,306000000,306000000,1020000000,nvhost_podgov,0,3,,47000,48375,48156,47562,47468,48375,5055,756,1433,0.374,19.285,7.210
3919015792080,9996932,100.031,100.000,729600,729600,1728000,schedutil,306000000,306000000,1020000000,nvhost_podgov,0,3,,47250,48406,48062,47500,47406,48406,5055,756,1433,0.369,19.284,7.120
3919025794645,10002565,99.974,100.000,729600,729600,1728000,schedutil,306000000,306000000,1020000000,nvhost_podgov,0,3,,47062,48218,48093,47562,47468,48218,5055,756,1433,0.349,19.282,6.720
3919035793626,9998981,100.010,100.000,729600,729600,1728000,schedutil,306000000,306000000,1020000000,nvhost_podgov,0,3,,47218,48312,48093,47625,47468,48312,5055,756,1433,0.351,19.286,6.630
3919045794367,10000741,99.993,100.000,729600,729600,1728000,schedutil,306000000,306000000,1020000000,nvhost_podgov,0,3,,47187,48281,48093,47531,47531,48281,5055,756,1433,0.344,19.285,6.630
3919055793604,9999237,100.008,100.000,729600,729600,1728000,schedutil,306000000,306000000,1020000000,nvhost_podgov,0,3,,47031,48312,48156,47625,47375,48312,5055,756,1433,0.376,19.282,7.260
3919065794760,10001156,99.988,100.000,729600,729600,1728000,schedutil,306000000,306000000,1020000000,nvhost_podgov,0,3,,47031,48593,48218,47656,47437,48593,5055,756,1433,0.343,19.290,6.600
3919075786093,9991333,100.087,100.000,729600,729600,1728000,schedutil,306000000,306000000,1020000000,nvhost_podgov,0,3,,47125,48437,48156,47531,47468,48437,5055,756,1433,0.383,19.284,6.910
3919085797042,10010949,99.891,100.000,729600,729600,1728000,schedutil,306000000,306000000,1020000000,nvhost_podgov,0,3,,47062,48250,48062,47531,47437,48250,5055,756,1433,0.339,19.289,6.530
3919095785847,9988805,100.112,100.000,729600,729600,1728000,schedutil,306000000,306000000,1020000000,nvhost_podgov,0,3,,47062,48125,48125,47656,47343,48125,5055,756,1433,0.380,19.286,6.720
3919105791868,10006021,99.940,100.000,729600,729600,1728000,schedutil,306000000,306000000,1020000000,nvhost_podgov,0,3,,47093,48312,48156,47562,47500,48312,5055,756,1433,0.341,19.286,6.580
3919115791264,9999396,100.006,100.000,729600,729600,1728000,schedutil,306000000,306000000,1020000000,nvhost_podgov,0,3,,47062,48312,48000,47531,47468,48218,5055,756,1433,0.366,19.281,7.070
3919125794917,10003653,99.963,100.000,729600,729600,1728000,schedutil,306000000,306000000,1020000000,nvhost_podgov,0,3,,47062,48281,48000,47718,47406,48281,5055,756,1433,0.357,19.285,6.550
3919135791690,9996773,100.032,100.000,729600,729600,1728000,schedutil,306000000,306000000,1020000000,nvhost_podgov,0,3,,47031,48531,48062,47625,47437,48281,5055,756,1433,0.365,19.279,7.040
3919145794543,10002853,99.971,100.000,729600,729600,1728000,schedutil,306000000,306000000,1020000000,nvhost_podgov,0,3,,47093,48312,48062,47531,47437,48312,5055,756,1433,0.350,19.291,6.660
3919155791796,9997253,100.027,100.000,729600,729600,1728000,schedutil,306000000,306000000,1020000000,nvhost_podgov,0,3,,47062,48500,48000,47625,47468,48500,5055,756,1433,0.349,19.288,6.750
3919165789688,9997892,100.021,100.000,729600,729600,1728000,schedutil,306000000,306000000,1020000000,nvhost_podgov,0,3,,47250,48437,48062,47656,47468,48437,5055,756,1433,0.376,19.282,7.260
3919175794365,10004677,99.953,100.000,729600,729600,1728000,schedutil,306000000,306000000,1020000000,nvhost_podgov,0,3,,47218,48250,48125,47562,47468,48250,5055,756,1433,0.338,19.286,6.520
3919185785986,9991621,100.084,100.000,729600,729600,1728000,schedutil,306000000,306000000,1020000000,nvhost_podgov,0,3,,47031,48218,48062,47718,47468,48218,5055,756,1433,0.369,19.284,6.900
3919195797959,10011973,99.880,100.000,729600,729600,1728000,schedutil,306000000,306000000,1020000000,nvhost_podgov,0,3,,47125,48406,48156,47593,47500,48406,5055,756,1433,0.346,19.284,6.680
3919205788523,9990564,100.094,100.000,729600,729600,1728000,schedutil,306000000,306000000,1020000000,nvhost_podgov,0,3,,47125,48312,48062,47531,47531,48312,5055,756,1433,0.374,19.280,7.180
3919215794480,10005957,99.940,100.000,729600,729600,1728000,schedutil,306000000,306000000,1020000000,nvhost_podgov,0,3,,47062,48500,48156,47687,47406,48500,5055,756,1433,0.345,19.285,6.660
3919225791989,9997509,100.025,100.000,729600,729600,1728000,schedutil,306000000,306000000,1020000000,nvhost_podgov,0,3,,47000,48437,48187,47625,47437,48437,5055,756,1433,0.389,19.285,6.680
3919235798618,10006629,99.934,100.000,729600,729600,1728000,schedutil,306000000,306000000,1020000000,nvhost_podgov,0,3,,47093,48250,48062,47593,47468,48250,5055,756,1433,0.338,19.285,6.500
3919245795103,9996485,100.035,100.000,729600,729600,1728000,schedutil,306000000,306000000,1020000000,nvhost_podgov,0,3,,47062,48218,48062,47468,47437,48218,5055,756,1433,0.349,19.288,6.730
3919255789635,9994532,100.055,100.000,729600,729600,1728000,schedutil,306000000,306000000,1020000000,nvhost_podgov,0,3,,47000,48343,48093,47687,47437,48343,5055,756,1433,0.346,19.280,7.280
3919265794632,10004997,99.950,100.000,729600,729600,1728000,schedutil,306000000,306000000,1020000000,nvhost_podgov,0,3,,46968,48375,48125,47531,47500,48250,5055,756,1433,0.357,19.288,6.900
3919275791277,9996645,100.034,100.000,729600,729600,1728000,schedutil,306000000,306000000,1020000000,nvhost_podgov,0,3,,47062,48156,48000,47562,47406,48156,5055,756,1433,0.369,19.282,7.120
3919285794770,10003493,99.965,100.000,729600,729600,1728000,schedutil,306000000,306000000,1020000000,nvhost_podgov,0,3,,47062,48218,48031,47656,47437,48312,5055,756,1433,0.346,19.285,6.680
3919295786231,9991461,100.085,100.000,729600,729600,1728000,schedutil,306000000,306000000,1020000000,nvhost_podgov,0,3,,47156,48218,48156,47625,47468,48218,5055,756,1433,0.372,19.279,7.180
3919305809244,10023013,99.770,100.000,729600,729600,1728000,schedutil,306000000,306000000,1020000000,nvhost_podgov,0,3,,47187,48406,48093,47500,47468,48406,5055,756,1433,0.344,19.280,6.630
3919315787200,9977956,100.221,100.000,729600,729600,1728000,schedutil,306000000,306000000,1020000000,nvhost_podgov,0,3,,47062,48437,48062,47687,47468,48437,5055,756,1433,0.385,19.285,6.990
3919325794949,10007749,99.923,100.000,729600,729600,1728000,schedutil,306000000,306000000,1020000000,nvhost_podgov,0,3,,47250,48312,48187,47593,47531,48312,5055,756,1433,0.355,19.286,6.850
3919335793962,9999013,100.010,100.000,729600,729600,1728000,schedutil,306000000,306000000,1020000000,nvhost_podgov,0,3,,47156,48156,48156,47562,47531,48156,5055,756,1433,0.360,19.286,6.660
3919345794191,10000229,99.998,100.000,729600,729600,1728000,schedutil,306000000,306000000,1020000000,nvhost_podgov,0,3,,47062,48312,48062,47531,47468,48312,5055,756,1433,0.371,19.286,7.260
3919355792723,9998532,100.015,100.000,729600,729600,1728000,schedutil,306000000,306000000,1020000000,nvhost_podgov,0,3,,47062,48312,48156,47687,47437,48312,5055,756,1433,0.352,19.290,6.710
3919365792280,9999557,100.004,100.000,729600,729600,1728000,schedutil,306000000,306000000,1020000000,nvhost_podgov,0,3,,47156,48593,48062,47531,47468,48593,5055,756,1433,0.370,19.288,7.140
3919375795133,10002853,99.971,100.000,729600,729600,1728000,schedutil,306000000,306000000,1020000000,nvhost_podgov,0,3,,47187,48562,48093,47500,47500,48562,5055,756,1433,0.351,19.289,6.530
3919385786882,9991749,100.083,100.000,729600,729600,1728000,schedutil,306000000,306000000,1020000000,nvhost_podgov,0,3,,47000,48250,48093,47687,47468,48250,5055,756,1433,0.381,19.279,7.320
3919395796327,10009445,99.906,100.000,729600,729600,1728000,schedutil,306000000,306000000,1020000000,nvhost_podgov,0,3,,47000,48312,48062,47562,47500,48406,5055,756,1433,0.352,19.291,6.800
3919405792779,9996452,100.035,100.000,729600,729600,1728000,schedutil,306000000,306000000,1020000000,nvhost_podgov,0,3,,47062,48312,48062,47593,47500,48312,5055,756,1433,0.360,19.282,6.940
3919415796944,10004165,99.958,100.000,729600,729600,1728000,schedutil,306000000,306000000,1020000000,nvhost_podgov,0,3,,47062,48375,48062,47562,47437,48281,5055,756,1433,0.357,19.288,6.900
3919425792981,9996037,100.040,100.000,729600,729600,1728000,schedutil,306000000,306000000,1020000000,nvhost_podgov,0,3,,47218,48156,48125,47531,47500,48156,5055,756,1433,0.354,19.284,6.600
3919435804506,10011525,99.885,100.000,729600,729600,1728000,schedutil,306000000,306000000,1020000000,nvhost_podgov,0,3,,47125,48437,48093,47500,47531,48437,5055,756,1433,0.393,19.270,7.560
3919445793151,9988645,100.114,100.000,729600,729600,1728000,schedutil,306000000,306000000,1020000000,nvhost_podgov,0,3,,47125,48281,48062,47718,47468,48281,5055,756,1433,0.369,19.291,6.550
3919455792259,9999108,100.009,100.000,729600,729600,1728000,schedutil,306000000,306000000,1020000000,nvhost_podgov,0,3,,47281,48562,48125,47531,47500,48562,5055,756,1433,0.349,19.275,6.720
3919465793768,10001509,99.985,100.000,729600,729600,1728000,schedutil,306000000,306000000,1020000000,nvhost_podgov,0,3,,47187,48437,48062,47500,47468,48437,5055,756,1433,0.355,19.290,6.630
3919475797485,10003717,99.963,100.000,729600,729600,1728000,schedutil,306000000,306000000,1020000000,nvhost_podgov,0,3,,47093,48218,48062,47687,47468,48218,5055,756,1433,0.355,19.280,6.850
3919485808978,10011493,99.885,100.000,729600,729600,1728000,schedutil,306000000,306000000,1020000000,nvhost_podgov,0,3,,47031,48187,48125,47625,47500,48187,5055,756,1433,0.354,19.289,6.850
3919495795415,9986437,100.136,100.000,729600,729600,1728000,schedutil,306000000,306000000,1020000000,nvhost_podgov,0,3,,47250,48312,48125,47625,47531,48312,5055,756,1433,0.350,19.284,6.750
3919505795195,9999780,100.002,100.000,729600,729600,1728000,schedutil,306000000,306000000,1020000000,nvhost_podgov,0,3,,47093,48312,48031,47656,47531,48312,5055,756,1433,0.360,19.282,7.090
3919515792768,9997573,100.024,100.000,729600,729600,1728000,schedutil,306000000,306000000,1020000000,nvhost_podgov,0,3,,47000,48156,48281,47593,47468,48281,5055,756,1433,0.352,19.286,6.580
3919525786917,9994149,100.059,100.000,729600,729600,1728000,schedutil,306000000,306000000,1020000000,nvhost_podgov,0,3,,47125,48625,48062,47500,47500,48312,5055,756,1433,0.389,19.281,6.900
3919535795626,10008709,99.913,100.000,729600,729600,1728000,schedutil,306000000,306000000,1020000000,nvhost_podgov,0,3,,47062,48281,48093,47750,47437,48281,5055,756,1433,0.340,19.284,6.550
3919545791310,9995684,100.043,100.000,729600,729600,1728000,schedutil,306000000,306000000,1020000000,nvhost_podgov,0,3,,47062,48375,48218,47656,47468,48375,5055,756,1433,0.367,19.282,7.090
3919555795795,10004485,99.955,100.000,729600,729600,1728000,schedutil,306000000,306000000,1020000000,nvhost_podgov,0,3,,47250,48343,48093,47593,47437,48343,5055,756,1433,0.340,19.282,6.550
3919565786488,9990693,100.093,100.000,729600,729600,1728000,schedutil,306000000,306000000,1020000000,nvhost_podgov,0,3,,47062,48250,48062,47562,47406,48250,5055,756,1433,0.381,19.285,7.350
3919575795901,10009413,99.906,100.000,729600,729600,1728000,schedutil,306000000,306000000,1020000000,nvhost_podgov,0,3,,47062,48250,48187,47656,47437,48250,5055,756,1433,0.339,19.286,6.530
3919585792898,9996997,100.030,100.000,729600,729600,1728000,schedutil,306000000,306000000,1020000000,nvhost_podgov,0,3,,47187,48281,48125,47625,47468,48281,5055,756,1433,0.350,19.281,6.750
3919595790694,9997796,100.022,100.000,729600,729600,1728000,schedutil,306000000,306000000,1020000000,nvhost_podgov,0,3,,47281,48312,48156,47593,47468,48312,5055,756,1433,0.341,19.279,7.090
3919605794475,10003781,99.962,100.000,729600,729600,1728000,schedutil,306000000,306000000,1020000000,nvhost_podgov,0,3,,47062,48562,48125,47750,47437,48562,5055,756,1433,0.346,19.284,6.680
3919615793648,9999173,100.008,100.000,729600,729600,1728000,schedutil,306000000,306000000,1020000000,nvhost_podgov,0,3,,47156,48500,48156,47531,47468,48500,5055,756,1433,0.366,19.280,7.100
3919625793973,10000325,99.997,100.000,729600,729600,1728000,schedutil,306000000,306000000,1020000000,nvhost_podgov,0,3,,47250,48187,48093,47562,47406,48187,5055,756,1433,0.344,19.285,6.630
3919635786265,9992292,100.077,100.000,729600,729600,1728000,schedutil,306000000,306000000,1020000000,nvhost_podgov,0,3,,47031,48281,48062,47687,47375,48281,5055,756,1433,0.355,19.282,6.850
3919645795390,10009125,99.909,100.000,729600,729600,1728000,schedutil,306000000,306000000,1020000000,nvhost_podgov,0,3,,47031,48343,48156,47562,47531,48343,5055,756,1433,0.338,19.288,6.520
3919655788579,9993189,100.068,100.000,729600,729600,1728000,schedutil,306000000,306000000,1020000000,nvhost_podgov,0,3,,47156,48343,48093,47531,47562,48250,5055,756,1433,0.384,19.286,6.800
3919665794120,10005541,99.945,100.000,729600,729600,1728000,schedutil,306000000,306000000,1020000000,nvhost_podgov,0,3,,47031,48250,48000,47656,47531,48250,5055,756,1433,0.339,19.289,6.530
3919675786156,9992036,100.080,100.000,729600,729600,1728000,schedutil,306000000,306000000,1020000000,nvhost_podgov,0,3,,47031,48343,48218,47625,47500,48343,5055,756,1433,0.384,19.285,7.400
3919685810322,10024166,99.759,100.000,729600,729600,1728000,schedutil,306000000,306000000,1020000000,nvhost_podgov,0,3,,47281,48312,48062,47562,47406,48312,5055,756,1433,0.356,19.282,6.870
3919695796694,9986372,100.136,100.000,729600,729600,1728000,schedutil,306000000,306000000,1020000000,nvhost_podgov,0,3,,47062,48468,48062,47562,47468,48468,5055,756,1433,0.361,19.288,6.630
3919705793403,9996709,100.033,100.000,729600,729600,1728000,schedutil,306000000,306000000,1020000000,nvhost_podgov,0,3,,47062,48343,48218,47562,47468,48343,5055,756,1433,0.357,19.286,7.230
3919715808480,10015077,99.849,100.000,729600,729600,1728000,schedutil,306000000,306000000,1020000000,nvhost_podgov,0,3,,47281,48218,48093,47593,47437,48218,5055,756,1433,0.352,19.286,6.800
3919725792932,9984452,100.156,100.000,729600,729600,1728000,schedutil,306000000,306000000,1020000000,nvhost_podgov,0,3,,47125,48250,48093,47468,47500,48250,5055,756,1433,0.372,19.281,7.180
3919735799945,10007013,99.930,100.000,729600,729600,1728000,schedutil,306000000,306000000,1020000000,nvhost_podgov,0,3,,47062,48312,48062,47687,47406,48312,5055,755,1433,0.357,19.290,6.900
3919745791950,9992005,100.080,100.000,729600,729600,1728000,schedutil,306000000,306000000,1020000000,nvhost_podgov,0,3,,47218,48281,48093,47593,47437,48281,5055,755,1433,0.374,19.280,7.210
3919755796851,10004901,99.951,100.000,729600,729600,1728000,schedutil,306000000,306000000,1020000000,nvhost_podgov,0,3,,47187,48531,48062,47593,47437,48531,5055,755,1433,0.341,19.285,6.580
3919765789336,9992485,100.075,100.000,729600,729600,1728000,schedutil,306000000,306000000,1020000000,nvhost_podgov,0,3,,47031,48562,48031,47687,47531,48250,5055,755,1433,0.370,19.286,7.130
3919775796988,10007652,99.924,100.000,729600,729600,1728000,schedutil,306000000,306000000,1020000000,nvhost_podgov,0,3,,47062,48218,48062,47531,47468,48218,5055,756,1433,0.349,19.285,6.720
3919785806913,10009925,99.901,100.000,729600,729600,1728000,schedutil,306000000,306000000,1020000000,nvhost_podgov,0,3,,47125,48312,48125,47468,47468,48343,5055,756,1433,0.356,19.285,6.680
3919795798374,9991461,100.085,100.000,729600,729600,1728000,schedutil,306000000,306000000,1020000000,nvhost_podgov,0,3,,47062,48406,48000,47687,47468,48406,5055,755,1433,0.386,19.280,7.450
3919805811019,10012645,99.874,100.000,729600,729600,1728000,schedutil,306000000,306000000,1020000000,nvhost_podgov,0,3,,47000,48375,48125,47656,47531,48218,5055,755,1433,0.360,19.288,6.680
3919815790383,9979364,100.207,100.000,729600,729600,1728000,schedutil,306000000,306000000,1020000000,nvhost_podgov,0,3,,47062,48218,48156,47500,47437,48218,5055,755,1433,0.362,19.281,6.990
3919825809461,10019078,99.810,100.000,729600,729600,1728000,schedutil,306000000,306000000,1020000000,nvhost_podgov,0,3,,47031,48312,48062,47750,47437,48312,5055,756,1433,0.351,19.286,6.600
3919835792537,9983076,100.170,100.000,729600,729600,1728000,schedutil,306000000,306000000,1020000000,nvhost_podgov,0,3,,47062,48281,48187,47656,47468,48281,5055,756,1433,0.359,19.275,6.910
3919845805630,10013093,99.869,100.000,729600,729600,1728000,schedutil,306000000,306000000,1020000000,nvhost_podgov,0,3,,47250,48500,48093,47562,47562,48500,5055,756,1433,0.359,19.289,6.530
3919855792803,9987173,100.128,100.000,729600,729600,1728000,schedutil,306000000,306000000,1020000000,nvhost_podgov,0,3,,47062,48343,48062,47562,47468,48343,5055,756,1433,0.370,19.273,7.130
3919865808008,10015205,99.848,100.000,729600,729600,1728000,schedutil,306000000,306000000,1020000000,nvhost_podgov,0,3,,47031,48218,48062,47687,47437,48218,5055,756,1433,0.347,19.290,6.710
3919875806604,9998596,100.014,100.000,729600,729600,1728000,schedutil,306000000,306000000,1020000000,nvhost_podgov,0,3,,47187,48250,48125,47562,47437,48250,5055,756,1433,0.355,19.282,6.720
3919885807121,10000517,99.995,100.000,729600,729600,1728000,schedutil,306000000,306000000,1020000000,nvhost_podgov,0,3,,47156,48406,48062,47531,47406,48406,5055,756,1433,0.351,19.290,6.770
3919895808342,10001221,99.988,100.000,729600,729600,1728000,schedutil,306000000,306000000,1020000000,nvhost_podgov,0,3,,47093,48312,48062,47562,47437,48312,5055,756,1433,0.346,19.285,6.720
3919905806043,9997701,100.023,100.000,729600,729600,1728000,schedutil,306000000,306000000,1020000000,nvhost_podgov,0,3,,47125,48593,48156,47593,47468,48593,5055,756,1433,0.374,19.284,7.210
3919915809344,10003301,99.967,100.000,729600,729600,1728000,schedutil,306000000,306000000,1020000000,nvhost_podgov,0,3,,47187,48218,48062,47562,47437,48218,5055,756,1433,0.352,19.288,6.800
3919925791076,9981732,100.183,100.000,729600,729600,1728000,schedutil,306000000,306000000,1020000000,nvhost_podgov,0,3,,47062,48250,48062,47750,47406,48250,5055,756,1433,0.367,19.281,7.090
3919935810313,10019237,99.808,100.000,729600,729600,1728000,schedutil,306000000,306000000,1020000000,nvhost_podgov,0,3,,47062,48250,48156,47562,47500,48406,5055,756,1433,0.356,19.286,6.490
3919945797998,9987685,100.123,100.000,729600,729600,1728000,schedutil,306000000,306000000,1020000000,nvhost_podgov,0,3,,47062,48437,48187,47625,47468,48437,5055,756,1433,0.360,19.281,6.940
3919955807539,10009541,99.905,100.000,729600,729600,1728000,schedutil,306000000,306000000,1020000000,nvhost_podgov,0,3,,47062,48250,48031,47781,47406,48250,5055,756,1433,0.354,19.289,6.550
3919965795319,9987780,100.122,100.000,729600,729600,1728000,schedutil,306000000,306000000,1020000000,nvhost_podgov,0,3,,47312,48187,48187,47625,47531,48187,5055,756,1433,0.420,19.269,8.090
3919975811484,10016165,99.839,100.000,729600,729600,1728000,schedutil,306000000,306000000,1020000000,nvhost_podgov,0,3,,47187,48312,48156,47625,47468,48312,5055,756,1433,0.361,19.290,6.750
3919985807457,9995973,100.040,100.000,729600,729600,1728000,schedutil,306000000,306000000,1020000000,nvhost_podgov,0,3,,47093,48281,48062,47781,47562,48281,5055,756,1433,0.349,19.284,6.720
3919995797606,9990149,100.099,100.000,729600,729600,1728000,schedutil,306000000,306000000,1020000000,nvhost_podgov,0,3,,47062,48437,48125,47656,47531,48437,5055,756,1433,0.381,19.281,7.090
3920005809163,10011557,99.885,100.000,729600,729600,1728000,schedutil,306000000,306000000,1020000000,nvhost_podgov,0,3,,47218,48468,48093,47625,47531,48468,5055,756,1433,0.343,19.285,6.600
3920015793391,9984228,100.158,100.000,729600,729600,1728000,schedutil,306000000,306000000,1020000000,nvhost_podgov,0,3,,47125,48312,48093,47562,47406,48312,5055,756,1433,0.381,19.286,7.350
3920025808980,10015589,99.844,100.000,729600,729600,1728000,schedutil,306000000,306000000,1020000000,nvhost_podgov,0,3,,47000,48281,48281,47656,47500,48281,5055,756,1433,0.344,19.289,6.630
3920035791673,9982693,100.173,100.000,729600,729600,1728000,schedutil,306000000,306000000,1020000000,nvhost_podgov,0,3,,47125,48312,48156,47562,47437,48312,5055,756,1433,0.386,19.289,6.730
3920045807678,10016005,99.840,100.000,729600,729600,1728000,schedutil,306000000,306000000,1020000000,nvhost_podgov,0,3,,47156,48312,48093,47531,47500,48312,5055,756,1433,0.341,19.290,6.580
3920055806595,9998917,100.011,100.000,729600,729600,1728000,schedutil,306000000,306000000,1020000000,nvhost_podgov,0,3,,47031,48218,48250,47687,47531,48218,5055,756,1433,0.369,19.282,7.120
3920065808679,10002084,99.979,100.000,729600,729600,1728000,schedutil,306000000,306000000,1020000000,nvhost_podgov,0,3,,47031,48656,48156,47687,47468,48312,5055,755,1433,0.341,19.289,6.580
3920075798316,9989637,100.104,100.000,729600,729600,1728000,schedutil,306000000,306000000,1020000000,nvhost_podgov,0,3,,47093,48250,48125,47593,47468,48250,5055,755,1433,0.374,19.290,7.210
3920085809457,10011141,99.889,100.000,729600,729600,1728000,schedutil,306000000,306000000,1020000000,nvhost_podgov,0,3,,47062,48437,48062,47750,47406,48437,5055,756,1433,0.386,19.289,6.600
3920095796726,9987269,100.127,100.000,729600,729600,1728000,schedutil,306000000,306000000,1020000000,nvhost_podgov,0,3,,47281,48406,48187,47625,47406,48312,5055,756,1433,0.375,19.284,7.720
3920105796794,10000068,99.999,100.000,729600,729600,1728000,schedutil,306000000,306000000,1020000000,nvhost_podgov,0,3,,47218,48281,48093,47562,47500,48281,5055,756,1433,0.372,19.271,7.780
3920115809407,10012613,99.874,100.000,729600,729600,1728000,schedutil,306000000,306000000,1020000000,nvhost_podgov,0,3,,47000,48218,48062,47718,47531,48218,5055,756,1433,0.362,19.277,6.990
3920125792260,9982853,100.172,100.000,729600,729600,1728000,schedutil,306000000,306000000,1020000000,nvhost_podgov,0,3,,47156,48281,48156,47593,47437,48281,5055,756,1433,0.393,19.280,7.590
3920135798089,10005829,99.942,100.000,729600,729600,1728000,schedutil,306000000,306000000,1020000000,nvhost_podgov,0,3,,47375,48312,48062,47562,47468,48312,5055,756,1433,0.385,19.276,7.420
3920145808750,10010661,99.894,100.000,729600,729600,1728000,schedutil,306000000,306000000,1020000000,nvhost_podgov,0,3,,47000,48562,48000,47531,47500,48562,5055,756,1433,0.372,19.281,7.730
3920155807538,9998788,100.012,100.000,729600,729600,1728000,schedutil,306000000,306000000,1020000000,nvhost_podgov,0,3,,46968,48468,48250,47687,47437,48468,5055,756,1433,0.354,19.282,6.820
3920165792567,9985029,100.150,100.000,729600,729600,1728000,schedutil,306000000,306000000,1020000000,nvhost_podgov,0,3,,47156,48281,48093,47562,47500,48281,5055,756,1433,0.409,19.282,7.880
3920175798812,10006245,99.938,100.000,729600,729600,1728000,schedutil,306000000,306000000,1020000000,nvhost_podgov,0,3,,47218,48250,48062,47531,47437,48375,5055,756,1433,0.385,19.279,7.420
3920185797601,9998789,100.012,100.000,729600,729600,1728000,schedutil,306000000,306000000,1020000000,nvhost_podgov,0,3,,47000,48375,48062,47625,47500,48375,5055,756,1433,0.404,19.281,7.780
3920195809734,10012133,99.879,100.000,729600,729600,1728000,schedutil,306000000,306000000,1020000000,nvhost_podgov,0,3,,47031,48406,48093,47531,47531,48187,5055,756,1433,0.372,19.281,7.180
3920205809738,10000004,100.000,100.000,729600,729600,1728000,schedutil,306000000,306000000,1020000000,nvhost_podgov,0,3,,47156,48218,48062,47531,47468,48218,5055,756,1433,0.371,19.280,7.160
3920215792847,9983109,100.169,100.000,729600,729600,1728000,schedutil,306000000,306000000,1020000000,nvhost_podgov,0,3,,47062,48187,48093,47718,47468,48312,5055,756,1433,0.389,19.275,7.420
3920225810164,10017317,99.827,100.000,729600,729600,1728000,schedutil,306000000,306000000,1020000000,nvhost_podgov,0,3,,47000,48281,48187,47656,47500,48281,5055,756,1433,0.372,19.280,7.180
3920235791896,9981732,100.183,100.000,729600,729600,1728000,schedutil,306000000,306000000,1020000000,nvhost_podgov,0,3,,47250,48437,48093,47562,47500,48437,5055,756,1433,0.384,19.271,7.400
3920245808894,10016998,99.830,100.000,729600,729600,1728000,schedutil,306000000,306000000,1020000000,nvhost_podgov,0,3,,47000,48437,48125,47593,47468,48437,5055,756,1433,0.364,19.277,7.010
3920255807970,9999076,100.009,100.000,729600,729600,1728000,schedutil,306000000,306000000,1020000000,nvhost_podgov,0,3,,47218,48187,48156,47656,47531,48187,5055,756,1433,0.395,19.279,7.130
3920265807911,9999941,100.001,100.000,729600,729600,1728000,schedutil,306000000,306000000,1020000000,nvhost_podgov,0,3,,47187,48218,48062,47562,47500,48218,5055,756,1433,0.365,19.281,7.040
3920275805836,9997925,100.021,100.000,729600,729600,1728000,schedutil,306000000,306000000,1020000000,nvhost_podgov,0,3,,47062,48406,48062,47718,47437,48406,5055,756,1433,0.376,19.282,7.620
3920285807729,10001893,99.981,100.000,729600,729600,1728000,schedutil,306000000,306000000,1020000000,nvhost_podgov,0,3,,47218,48312,48281,47656,47437,48312,5055,756,1433,0.365,19.281,7.040
3920295807733,10000004,100.000,100.000,729600,729600,1728000,schedutil,306000000,306000000,1020000000,nvhost_podgov,0,3,,47156,48625,48093,47531,47437,48625,5055,756,1433,0.374,19.280,7.480
3920305804762,9997029,100.030,100.000,729600,729600,1728000,schedutil,306000000,306000000,1020000000,nvhost_podgov,0,3,,47125,48468,48062,47718,47468,48468,5055,756,1433,0.374,19.276,7.210
3920315810847,10006085,99.939,100.000,729600,729600,1728000,schedutil,306000000,306000000,1020000000,nvhost_podgov,0,3,,47031,48218,48218,47625,47468,48218,5055,756,1433,0.378,19.282,7.280
3920325791875,9981028,100.190,100.000,729600,729600,1728000,schedutil,306000000,306000000,1020000000,nvhost_podgov,0,3,,47156,48218,48156,47562,47437,48437,5055,756,1433,0.389,19.270,7.490
3920335810153,10018278,99.818,100.000,729600,729600,1728000,schedutil,306000000,306000000,1020000000,nvhost_podgov,0,3,,47062,48375,48125,47593,47468,48375,5055,756,1433,0.376,19.281,7.010
3920345813517,10003364,99.966,100.000,729600,729600,1728000,schedutil,306000000,306000000,1020000000,nvhost_podgov,0,3,,47062,48187,48218,47625,47343,48187,5055,756,1433,0.405,19.279,7.810
3920355798066,9984549,100.155,100.000,729600,729600,1728000,schedutil,306000000,306000000,1020000000,nvhost_podgov,0,3,,47031,48218,48187,47656,47437,48218,5055,756,1433,0.369,19.284,6.900
3920365789911,9991845,100.082,100.000,729600,729600,1728000,schedutil,306000000,306000000,1020000000,nvhost_podgov,0,3,,47062,48312,48062,47531,47531,48312,5055,756,1433,0.376,19.279,7.260
3920375798844,10008933,99.911,100.000,729600,729600,1728000,schedutil,306000000,306000000,1020000000,nvhost_podgov,0,3,,47062,48281,48187,47593,47531,48281,5055,756,1433,0.376,19.284,7.260
3920385794784,9995940,100.041,100.000,729600,729600,1728000,schedutil,306000000,306000000,1020000000,nvhost_podgov,0,3,,47187,48468,48156,47656,47468,48468,5055,756,1433,0.370,19.279,7.130
3920395797189,10002405,99.976,100.000,729600,729600,1728000,schedutil,306000000,306000000,1020000000,nvhost_podgov,0,3,,47187,48500,48062,47562,47468,48500,5055,756,1433,0.380,19.279,7.320
3920405809066,10011877,99.881,100.000,729600,729600,1728000,schedutil,306000000,306000000,1020000000,nvhost_podgov,0,3,,47031,48250,48062,47781,47437,48250,5055,756,1433,0.376,19.281,7.090
3920415795247,9986181,100.138,100.000,729600,729600,1728000,schedutil,306000000,306000000,1020000000,nvhost_podgov,0,3,,47250,48281,48187,47625,47500,48281,5055,756,1433,0.405,19.281,7.810
3920425797619,10002372,99.976,100.000,729600,729600,1728000,schedutil,306000000,306000000,1020000000,nvhost_podgov,0,3,,47125,48312,48093,47500,47468,48312,5055,756,1433,0.364,19.281,7.010
3920435787416,9989797,100.102,100.000,729600,729600,1728000,schedutil,306000000,306000000,1020000000,nvhost_podgov,0,3,,47093,48312,48031,47750,47500,48312,5055,756,1433,0.403,19.282,7.760
3920445792573,10005157,99.948,100.000,729600,729600,1728000,schedutil,306000000,306000000,1020000000,nvhost_podgov,0,3,,47093,48187,48156,47593,47500,48187,5055,756,1433,0.399,19.276,7.690
3920455804258,10011685,99.883,100.000,729600,729600,1728000,schedutil,306000000,306000000,1020000000,nvhost_podgov,0,3,,47156,48593,48156,47531,47531,48312,5055,756,1433,0.376,19.277,7.260
3920465801831,9997573,100.024,100.000,729600,729600,1728000,schedutil,306000000,306000000,1020000000,nvhost_podgov,0,3,,47187,48343,48062,47562,47500,48343,5055,756,1433,0.376,19.285,7.280
3920475805611,10003780,99.962,100.000,729600,729600,1728000,schedutil,306000000,306000000,1020000000,nvhost_podgov,0,3,,47125,48437,48187,47687,47343,48437,5055,756,1433,0.365,19.277,7.040
3920485812304,10006693,99.933,100.000,729600,729600,1728000,schedutil,306000000,306000000,1020000000,nvhost_podgov,0,3,,47031,48375,48093,47625,47500,48375,5055,756,1433,0.375,19.285,7.160
3920495806933,9994629,100.054,100.000,729600,729600,1728000,schedutil,306000000,306000000,1020000000,nvhost_podgov,0,3,,47062,48281,48125,47468,47406,48281,5055,756,1433,0.370,19.281,7.130
3920505804154,9997221,100.028,100.000,729600,729600,1728000,schedutil,306000000,306000000,1020000000,nvhost_podgov,0,3,,47031,48218,48062,47656,47406,48218,5055,756,1433,0.372,19.284,7.180
3920515805214,10001060,99.989,100.000,729600,729600,1728000,schedutil,306000000,306000000,1020000000,nvhost_podgov,0,3,,47250,48312,48125,47625,47500,48312,5055,756,1433,0.367,19.279,6.960
3920525794179,9988965,100.110,100.000,729600,729600,1728000,schedutil,306000000,306000000,1020000000,nvhost_podgov,0,3,,47125,48343,48093,47593,47531,48343,5055,756,1433,0.396,19.281,7.640
3920535810216,10016037,99.840,100.000,729600,729600,1728000,schedutil,306000000,306000000,1020000000,nvhost_podgov,0,3,,47062,48656,48062,47687,47468,48656,5055,756,1433,0.360,19.281,6.940
3920545798445,9988229,100.118,100.000,729600,729600,1728000,schedutil,306000000,306000000,1020000000,nvhost_podgov,0,3,,47187,48500,48156,47593,47500,48500,5055,756,1433,0.393,19.275,7.560
3920555806610,10008165,99.918,100.000,729600,729600,1728000,schedutil,306000000,306000000,1020000000,nvhost_podgov,0,3,,47156,48218,48156,47562,47500,48218,5055,756,1433,0.359,19.280,6.910
3920565792086,9985476,100.145,100.000,729600,729600,1728000,schedutil,306000000,306000000,1020000000,nvhost_podgov,0,3,,47031,48218,48125,47750,47468,48218,5055,756,1433,0.393,19.280,7.100
3920575807067,10014981,99.850,100.000,729600,729600,1728000,schedutil,306000000,306000000,1020000000,nvhost_podgov,0,3,,47031,48375,48125,47593,47531,48375,5055,756,1433,0.372,19.281,7.040
3920585806656,9999589,100.004,100.000,729600,729600,1728000,schedutil,306000000,306000000,1020000000,nvhost_podgov,0,3,,47125,48312,48156,47593,47500,48156,5055,756,1433,0.374,19.284,7.210
3920595797316,9990660,100.093,100.000,729600,729600,1728000,schedutil,306000000,306000000,1020000000,nvhost_podgov,0,3,,47093,48218,48093,47531,47406,48218,5055,756,1433,0.370,19.270,7.490
3920605809546,10012230,99.878,100.000,729600,729600,1728000,schedutil,306000000,306000000,1020000000,nvhost_podgov,0,3,,47031,48281,48125,47656,47375,48250,5055,756,1433,0.380,19.280,6.960
3920616052179,10242633,97.631,99.999,729600,729600,1728000,schedutil,306000000,306000000,1020000000,nvhost_podgov,0,3,,47062,48281,48125,47531,47500,48281,5055,756,1433,0.383,19.280,7.480
3920625797811,9745632,102.610,100.000,729600,729600,1728000,schedutil,306000000,306000000,1020000000,nvhost_podgov,0,3,,47062,48312,48062,47687,47437,48437,5055,756,1433,0.362,19.279,6.990
3920635788887,9991076,100.089,100.000,729600,729600,1728000,schedutil,306000000,306000000,1020000000,nvhost_podgov,0,3,,47062,48500,48187,47656,47468,48500,5055,756,1433,0.421,19.280,7.130
3920645796220,10007333,99.927,100.000,729600,729600,1728000,schedutil,306000000,306000000,1020000000,nvhost_podgov,0,3,,47187,48250,48125,47500,47375,48250,5055,756,1433,0.357,19.280,6.890
3920655794049,9997829,100.022,100.000,729600,729600,1728000,schedutil,306000000,306000000,1020000000,nvhost_podgov,0,3,,47062,48250,48125,47593,47468,48250,5055,756,1433,0.384,19.281,7.160
3920665795238,10001189,99.988,100.000,729600,729600,1728000,schedutil,306000000,306000000,1020000000,nvhost_podgov,0,3,,47062,48343,48250,47656,47437,48343,5055,756,1433,0.361,19.284,6.960
3920675788586,9993348,100.067,100.000,729600,729600,1728000,schedutil,306000000,306000000,1020000000,nvhost_podgov,0,3,,47312,48250,48125,47531,47500,48250,5055,756,1433,0.383,19.277,6.960
3920685808016,10019430,99.806,100.000,729600,729600,1728000,schedutil,306000000,306000000,1020000000,nvhost_podgov,0,3,,47187,48500,48093,47531,47500,48500,5055,756,1433,0.370,19.281,7.130
3920695794676,9986660,100.134,100.000,729600,729600,1728000,schedutil,306000000,306000000,1020000000,nvhost_podgov,0,3,,47062,48437,48062,47718,47437,48437,5055,756,1433,0.378,19.282,6.910
3920705792409,9997733,100.023,100.000,729600,729600,1728000,schedutil,306000000,306000000,1020000000,nvhost_podgov,0,3,,47125,48281,48125,47687,47437,48281,5055,756,1433,0.399,19.279,7.690
3920715794174,10001765,99.982,100.000,729600,729600,1728000,schedutil,306000000,306000000,1020000000,nvhost_podgov,0,3,,47125,48281,48062,47593,47437,48281,5055,756,1433,0.374,19.280,7.210
3920725798307,10004133,99.959,100.000,729600,729600,1728000,schedutil,306000000,306000000,1020000000,nvhost_podgov,0,3,,47093,48437,48062,47750,47468,48437,5055,756,1433,0.403,19.279,7.760
3920735810024,10011717,99.883,100.000,729600,729600,1728000,schedutil,306000000,306000000,1020000000,nvhost_podgov,0,3,,47062,48437,48187,47656,47437,48218,5055,756,1433,0.365,19.277,7.040
3920745790572,9980548,100.195,100.000,729600,729600,1728000,schedutil,306000000,306000000,1020000000,nvhost_podgov,0,3,,47156,48156,48062,47562,47375,48156,5055,756,1433,0.403,19.275,7.760
3920755797041,10006469,99.935,100.000,729600,729600,1728000,schedutil,306000000,306000000,1020000000,nvhost_podgov,0,3,,47031,48218,48062,47781,47437,48312,5055,756,1433,0.359,19.277,6.910
3920765793206,9996165,100.038,100.000,729600,729600,1728000,schedutil,306000000,306000000,1020000000,nvhost_podgov,0,3,,46968,48281,48218,47656,47437,48281,5055,756,1433,0.378,19.285,7.160
3920775791066,9997860,100.021,100.000,729600,729600,1728000,schedutil,306000000,306000000,1020000000,nvhost_podgov,0,3,,47218,48500,48125,47625,47531,48500,5055,756,1433,0.394,19.280,7.590
3920785796575,10005509,99.945,100.000,729600,729600,1728000,schedutil,306000000,306000000,1020000000,nvhost_podgov,0,3,,47031,48468,48062,47500,47437,48468,5055,756,1433,0.376,19.280,6.910
3920795792676,9996101,100.039,100.000,729600,729600,1728000,schedutil,306000000,306000000,1020000000,nvhost_podgov,0,3,,47031,48312,48250,47625,47500,48312,5055,756,1433,0.386,19.281,7.450
3920805811401,10018725,99.813,100.000,729600,729600,1728000,schedutil,306000000,306000000,1020000000,nvhost_podgov,0,3,,47250,48250,48062,47656,47500,48250,5055,756,1433,0.372,19.280,7.210
3920815804046,9992645,100.074,100.000,729600,729600,1728000,schedutil,306000000,306000000,1020000000,nvhost_podgov,0,3,,47156,48312,48062,47500,47437,48312,5055,756,1433,0.404,19.281,7.780
3920825799058,9995012,100.050,100.000,729600,729600,1728000,schedutil,306000000,306000000,1020000000,nvhost_podgov,0,3,,47062,48312,48187,47593,47375,48312,5055,756,1433,0.376,19.281,6.960
3920835787031,9987973,100.120,100.000,729600,729600,1728000,schedutil,306000000,306000000,1020000000,nvhost_podgov,0,3,,47187,48218,48156,47500,47468,48218,5055,756,1433,0.396,19.269,7.640
3920845796956,10009925,99.901,100.000,729600,729600,1728000,schedutil,306000000,306000000,1020000000,nvhost_podgov,0,3,,47218,48593,48093,47593,47468,48593,5055,756,1433,0.371,19.284,7.540
3920855794401,9997445,100.026,100.000,729600,729600,1728000,schedutil,306000000,306000000,1020000000,nvhost_podgov,0,3,,47031,48250,48062,47781,47468,48250,5055,756,1433,0.360,19.279,6.940
3920865792389,9997988,100.020,100.000,729600,729600,1728000,schedutil,306000000,306000000,1020000000,nvhost_podgov,0,3,,47062,48218,48062,47625,47437,48437,5055,756,1433,0.390,19.285,7.510
3920875794698,10002309,99.977,100.000,729600,729600,1728000,schedutil,306000000,306000000,1020000000,nvhost_podgov,0,3,,47187,48312,48125,47531,47500,48312,5055,756,1433,0.372,19.285,7.180
3920885789743,9995045,100.050,100.000,729600,729600,1728000,schedutil,306000000,306000000,1020000000,nvhost_podgov,0,3,,47093,48156,48062,47781,47468,48156,5055,756,1433,0.406,19.280,7.830
3920895795892,10006149,99.939,100.000,729600,729600,1728000,schedutil,306000000,306000000,1020000000,nvhost_podgov,0,3,,47000,48250,48218,47625,47500,48250,5055,756,1433,0.360,19.284,6.940
3920905793624,9997732,100.023,100.000,729600,729600,1728000,schedutil,306000000,306000000,1020000000,nvhost_podgov,0,3,,47093,48312,48062,47531,47500,48312,5055,756,1433,0.376,19.281,7.260
3920915796189,10002565,99.974,100.000,729600,729600,1728000,schedutil,306000000,306000000,1020000000,nvhost_podgov,0,3,,47062,48281,48031,47593,47531,48281,5055,756,1433,0.378,19.282,6.960
3920925789602,9993413,100.066,100.000,729600,729600,1728000,schedutil,306000000,306000000,1020000000,nvhost_podgov,0,3,,47031,48531,48125,47593,47406,48531,5055,756,1433,0.380,19.279,7.320
3920935805767,10016165,99.839,100.000,729600,729600,1728000,schedutil,306000000,306000000,1020000000,nvhost_podgov,0,3,,47218,48468,48125,47562,47531,48468,5055,756,1433,0.372,19.282,6.990
3920945810700,10004933,99.951,100.000,729600,729600,1728000,schedutil,306000000,306000000,1020000000,nvhost_podgov,0,3,,47093,48187,48062,47593,47500,48187,5055,756,1433,0.374,19.282,7.210
3920955797104,9986404,100.136,100.000,729600,729600,1728000,schedutil,306000000,306000000,1020000000,nvhost_podgov,0,3,,47156,48312,48093,47593,47437,48312,5055,756,1433,0.383,19.275,7.210
3920965808117,10011013,99.890,100.000,729600,729600,1728000,schedutil,306000000,306000000,1020000000,nvhost_podgov,0,3,,47218,48406,48187,47625,47437,48406,5055,756,1433,0.354,19.279,6.820
3920975792602,9984485,100.155,100.000,729600,729600,1728000,schedutil,306000000,306000000,1020000000,nvhost_podgov,0,3,,47187,48375,48062,47562,47406,48218,5055,756,1433,0.396,19.281,7.640
3920985808223,10015621,99.844,100.000,729600,729600,1728000,schedutil,306000000,306000000,1020000000,nvhost_podgov,0,3,,47062,48218,48031,47656,47406,48218,5055,756,1433,0.361,19.280,6.960
3920995807492,9999269,100.007,100.000,729600,729600,1728000,schedutil,306000000,306000000,1020000000,nvhost_podgov,0,3,,47218,48562,48187,47531,47562,48312,5055,756,1433,0.380,19.280,7.640
3921005811976,10004484,99.955,100.000,729600,729600,1728000,schedutil,306000000,306000000,1020000000,nvhost_podgov,0,3,,47187,48312,48125,47562,47500,48312,5055,756,1433,0.369,19.280,7.100
3921015796749,9984773,100.153,100.000,729600,729600,1728000,schedutil,306000000,306000000,1020000000,nvhost_podgov,0,3,,47125,48406,48031,47562,47500,48406,5055,756,1433,0.396,19.275,7.260
3921025811794,10015045,99.850,100.000,729600,729600,1728000,schedutil,306000000,306000000,1020000000,nvhost_podgov,0,3,,47000,48375,48156,47593,47531,48375,5055,756,1433,0.364,19.280,7.010
3921035808855,9997061,100.029,100.000,729600,729600,1728000,schedutil,306000000,306000000,1020000000,nvhost_podgov,0,3,,47093,48281,48093,47625,47437,48281,5055,756,1433,0.378,19.276,7.270
3921045808763,9999908,100.001,100.000,729600,729600,1728000,schedutil,306000000,306000000,1020000000,nvhost_podgov,0,3,,47062,48156,48156,47750,47437,48156,5055,755,1433,0.367,19.275,7.080
3921055806496,9997733,100.023,100.000,729600,729600,1728000,schedutil,306000000,306000000,1020000000,nvhost_podgov,0,3,,47250,48281,48218,47656,47468,48281,5055,755,1433,0.367,19.281,7.180
3921065791493,9984997,100.150,100.000,729600,729600,1728000,schedutil,306000000,306000000,1020000000,nvhost_podgov,0,3,,47187,48312,48125,47500,47531,48312,5055,755,1433,0.384,19.276,7.400
3921075808234,10016741,99.833,100.000,729600,729600,1728000,schedutil,306000000,306000000,1020000000,nvhost_podgov,0,3,,47062,48593,48062,47750,47437,48593,5055,756,1433,0.369,19.281,7.100
3921085811983,10003749,99.963,100.000,729600,729600,1728000,schedutil,306000000,306000000,1020000000,nvhost_podgov,0,3,,47031,48562,48187,47656,47500,48562,5055,756,1433,0.371,19.277,7.730
3921095806579,9994596,100.054,100.000,729600,729600,1728000,schedutil,306000000,306000000,1020000000,nvhost_podgov,0,3,,47312,48312,48093,47625,47437,48312,5055,756,1433,0.359,19.281,6.910
3921105791384,9984805,100.152,100.000,729600,729600,1728000,schedutil,306000000,306000000,1020000000,nvhost_podgov,0,3,,47093,48187,48031,47593,47437,48437,5055,756,1433,0.412,19.280,7.950
3921115811869,10020485,99.796,100.000,729600,729600,1728000,schedutil,306000000,306000000,1020000000,nvhost_podgov,0,3,,47062,48343,48125,47781,47468,48343,5055,756,1433,0.361,19.279,6.960
3921125809570,9997701,100.023,100.000,729600,729600,1728000,schedutil,306000000,306000000,1020000000,nvhost_podgov,0,3,,47156,48312,48093,47625,47437,48218,5055,756,1433,0.380,19.281,7.070
3921135806374,9996804,100.032,100.000,729600,729600,1728000,schedutil,306000000,306000000,1020000000,nvhost_podgov,0,3,,47156,48218,48031,47562,47531,48218,5055,756,1433,0.366,19.279,7.070
3921145807179,10000805,99.992,100.000,729600,729600,1728000,schedutil,306000000,306000000,1020000000,nvhost_podgov,0,3,,47062,48156,48218,47750,47468,48281,5055,756,1433,0.371,19.286,7.120
3921155797584,9990405,100.096,100.000,729600,729600,1728000,schedutil,306000000,306000000,1020000000,nvhost_podgov,0,3,,47000,48312,48093,47656,47468,48312,5055,756,1433,0.386,19.279,7.450
3921165805685,10008101,99.919,100.000,729600,729600,1728000,schedutil,306000000,306000000,1020000000,nvhost_podgov,0,3,,47062,48437,48093,47593,47500,48437,5055,756,1433,0.370,19.286,6.940
3921175791097,9985412,100.146,100.000,729600,729600,1728000,schedutil,306000000,306000000,1020000000,nvhost_podgov,0,3,,47093,48406,48093,47656,47500,48406,5055,756,1433,0.372,19.273,7.180
3921185812606,10021509,99.785,100.000,729600,729600,1728000,schedutil,306000000,306000000,1020000000,nvhost_podgov,0,3,,47250,48281,48156,47562,47562,48281,5055,756,1433,0.375,19.281,7.230
3921195798115,9985509,100.145,100.000,729600,729600,1728000,schedutil,306000000,306000000,1020000000,nvhost_podgov,0,3,,47218,48281,48125,47531,47531,48281,5055,756,1433,0.367,19.273,7.080
3921205812264,10014149,99.859,100.000,729600,729600,1728000,schedutil,306000000,306000000,1020000000,nvhost_podgov,0,3,,47000,48312,48062,47781,47500,48312,5055,756,1433,0.374,19.281,7.210
3921215809165,9996901,100.031,100.000,729600,729600,1728000,schedutil,306000000,306000000,1020000000,nvhost_podgov,0,3,,47062,48343,48187,47625,47468,48187,5055,756,1433,0.360,19.279,6.940
3921225793617,9984452,100.156,100.000,729600,729600,1728000,schedutil,306000000,306000000,1020000000,nvhost_podgov,0,3,,47218,48718,48062,47625,47468,48718,5055,755,1433,0.399,19.271,7.680
3921235812886,10019269,99.808,100.000,729600,729600,1728000,schedutil,306000000,306000000,1020000000,nvhost_podgov,0,3,,47218,48531,48062,47562,47468,48531,5055,755,1433,0.381,19.284,6.910
3921245792347,9979461,100.206,100.000,729600,729600,1728000,schedutil,306000000,306000000,1020000000,nvhost_podgov,0,3,,47062,48312,48156,47718,47406,48312,5055,755,1433,0.398,19.284,7.670
3921255810592,10018245,99.818,100.000,729600,729600,1728000,schedutil,306000000,306000000,1020000000,nvhost_podgov,0,3,,47187,48218,48125,47593,47437,48406,5055,756,1433,0.365,19.282,6.800
3921265793924,9983332,100.167,100.000,729600,729600,1728000,schedutil,306000000,306000000,1020000000,nvhost_podgov,0,3,,47093,48406,48093,47593,47500,48406,5055,756,1433,0.400,19.284,7.720
3921275794761,10000837,99.992,100.000,729600,729600,1728000,schedutil,306000000,306000000,1020000000,nvhost_podgov,0,3,,47000,48375,48062,47593,47437,48250,5055,756,1433,0.375,19.279,7.500
3921285808686,10013925,99.861,100.000,729600,729600,1728000,schedutil,306000000,306000000,1020000000,nvhost_podgov,0,3,,47093,48218,48093,47625,47468,48218,5055,756,1433,0.372,19.277,7.180
3921295795251,9986565,100.135,100.000,729600,729600,1728000,schedutil,306000000,306000000,1020000000,nvhost_podgov,0,3,,47062,48312,48125,47656,47500,48312,5055,756,1433,0.417,19.276,7.620
3921305806680,10011429,99.886,100.000,729600,729600,1728000,schedutil,306000000,306000000,1020000000,nvhost_podgov,0,3,,47000,48312,48062,47656,47500,48312,5055,756,1433,0.376,19.276,7.260
3921315805468,9998788,100.012,100.000,729600,729600,1728000,schedutil,306000000,306000000,1020000000,nvhost_podgov,0,3,,47062,48468,48093,47625,47500,48468,5055,756,1433,0.374,19.280,7.760
3921325806049,10000581,99.994,100.000,729600,729600,1728000,schedutil,306000000,306000000,1020000000,nvhost_podgov,0,3,,47156,48406,48093,47562,47437,48406,5055,756,1433,0.364,19.280,7.010
3921335792614,9986565,100.135,100.000,729600,729600,1728000,schedutil,306000000,306000000,1020000000,nvhost_podgov,0,3,,47062,48250,48093,47718,47500,48250,5055,756,1433,0.400,19.275,7.040
3921345808587,10015973,99.841,100.000,729600,729600,1728000,schedutil,306000000,306000000,1020000000,nvhost_podgov,0,3,,47187,48218,48250,47656,47531,48250,5055,756,1433,0.365,19.280,7.040
3921355807599,9999012,100.010,100.000,729600,729600,1728000,schedutil,306000000,306000000,1020000000,nvhost_podgov,0,3,,47250,48312,48062,47562,47500,48312,5055,756,1433,0.366,19.277,7.070
3921365804724,9997125,100.029,100.000,729600,729600,1728000,schedutil,306000000,306000000,1020000000,nvhost_podgov,0,3,,47062,48343,48156,47781,47406,48343,5055,756,1433,0.388,19.279,7.480
3921375809625,10004901,99.951,100.000,729600,729600,1728000,schedutil,306000000,306000000,1020000000,nvhost_podgov,0,3,,47156,48187,48187,47656,47500,48187,5055,756,1433,0.371,19.281,7.160
3921385792317,9982692,100.173,100.000,729600,729600,1728000,schedutil,306000000,306000000,1020000000,nvhost_podgov,0,3,,47156,48562,48125,47625,47531,48312,5055,756,1433,0.375,19.271,7.490
3921395806178,10013861,99.862,100.000,729600,729600,1728000,schedutil,306000000,306000000,1020000000,nvhost_podgov,0,3,,47062,48281,48062,47843,47468,48281,5055,756,1433,0.372,19.280,7.180
3921405817319,10011141,99.889,100.000,729600,729600,1728000,schedutil,306000000,306000000,1020000000,nvhost_podgov,0,3,,47062,48312,48250,47656,47437,48406,5055,756,1433,0.372,19.279,7.760
3921415809164,9991845,100.082,100.000,729600,729600,1728000,schedutil,306000000,306000000,1020000000,nvhost_podgov,0,3,,47156,48437,48125,47562,47531,48437,5055,756,1433,0.366,19.284,7.070
3921425796881,9987717,100.123,100.000,729600,729600,1728000,schedutil,306000000,306000000,1020000000,nvhost_podgov,0,3,,47093,48218,48062,47500,47468,48218,5055,756,1433,0.394,19.281,7.590
3921435804149,10007268,99.927,100.000,729600,729600,1728000,schedutil,306000000,306000000,1020000000,nvhost_podgov,0,3,,47062,48218,48156,47781,47406,48218,5055,756,1433,0.367,19.279,7.090
3921445795034,9990885,100.091,100.000,729600,729600,1728000,schedutil,306000000,306000000,1020000000,nvhost_podgov,0,3,,47062,48312,48156,47656,47531,48312,5055,756,1433,0.376,19.280,7.210
3921455805951,10010917,99.891,100.000,729600,729600,1728000,schedutil,306000000,306000000,1020000000,nvhost_podgov,0,3,,47093,48312,48000,47562,47562,48312,5055,755,1433,0.401,19.274,7.730
3921465805348,9999397,100.006,100.000,729600,729600,1728000,schedutil,306000000,306000000,1020000000,nvhost_podgov,0,3,,47093,48500,48031,47531,47437,48500,5055,755,1433,0.385,19.282,7.350
3921475788968,9983620,100.164,100.000,729600,729600,1728000,schedutil,306000000,306000000,1020000000,nvhost_podgov,0,3,,47250,48468,48125,47625,47500,48312,5055,755,1433,0.371,19.273,7.490
3921485793581,10004613,99.954,100.000,729600,729600,1728000,schedutil,306000000,306000000,1020000000,nvhost_podgov,0,3,,47250,48281,48062,47531,47500,48281,5055,755,1433,0.366,19.281,7.090
3921495787346,9993765,100.062,100.000,729600,729600,1728000,schedutil,306000000,306000000,1020000000,nvhost_podgov,0,3,,47093,48250,48156,47718,47437,48250,5055,755,1433,0.390,19.276,7.510
3921505794679,10007333,99.927,100.000,729600,729600,1728000,schedutil,306000000,306000000,1020000000,nvhost_podgov,0,3,,47250,48312,48125,47593,47531,48312,5055,755,1433,0.367,19.284,6.990
3921515789563,9994884,100.051,100.000,729600,729600,1728000,schedutil,306000000,306000000,1020000000,nvhost_podgov,0,3,,47125,48312,48062,47562,47531,48312,5055,755,1433,0.378,19.275,7.270
3921525795200,10005637,99.944,100.000,729600,729600,1728000,schedutil,306000000,306000000,1020000000,nvhost_podgov,0,3,,47093,48187,48062,47750,47500,48187,5055,756,1433,0.371,19.284,7.160
3921535786885,9991685,100.083,100.000,729600,729600,1728000,schedutil,306000000,306000000,1020000000,nvhost_podgov,0,3,,47093,48187,48093,47531,47531,48187,5055,756,1433,0.383,19.275,7.370
3921545795594,10008709,99.913,100.000,729600,729600,1728000,schedutil,306000000,306000000,1020000000,nvhost_podgov,0,3,,47187,48312,48062,47625,47468,48312,5055,756,1433,0.370,19.282,7.130
3921555789390,9993796,100.062,100.000,729600,729600,1728000,schedutil,306000000,306000000,1020000000,nvhost_podgov,0,3,,47093,48500,48093,47500,47468,48500,5055,756,1433,0.389,19.275,7.490
3921565790995,10001605,99.984,100.000,729600,729600,1728000,schedutil,306000000,306000000,1020000000,nvhost_podgov,0,3,,47031,48406,48156,47562,47468,48406,5055,756,1433,0.403,19.281,7.760
3921575795448,10004453,99.955,100.000,729600,729600,1728000,schedutil,306000000,306000000,1020000000,nvhost_podgov,0,3,,47031,48281,48125,47593,47468,48281,5055,756,1433,0.374,19.282,7.210
3921585793309,9997861,100.021,100.000,729600,729600,1728000,schedutil,306000000,306000000,1020000000,nvhost_podgov,0,3,,47093,48250,48156,47625,47437,48250,5055,756,1433,0.390,19.280,7.510
3921595795329,10002020,99.980,100.000,729600,729600,1728000,schedutil,306000000,306000000,1020000000,nvhost_podgov,0,3,,47031,48343,48281,47687,47500,48343,5055,756,1433,0.372,19.286,7.120
3921605786854,9991525,100.085,100.000,729600,729600,1728000,schedutil,306000000,306000000,1020000000,nvhost_podgov,0,3,,47312,48312,48093,47593,47531,48312,5055,756,1433,0.386,19.271,7.450
3921615794475,10007621,99.924,100.000,729600,729600,1728000,schedutil,306000000,306000000,1020000000,nvhost_podgov,0,3,,47156,48562,48062,47625,47468,48562,5055,756,1433,0.384,19.285,6.990
3921625792464,9997989,100.020,100.000,729600,729600,1728000,schedutil,306000000,306000000,1020000000,nvhost_podgov,0,3,,47062,48562,48000,47656,47406,48562,5055,756,1433,0.393,19.277,7.560
3921635796341,10003877,99.961,100.000,729600,729600,1728000,schedutil,306000000,306000000,1020000000,nvhost_podgov,0,3,,47312,48250,48281,47593,47531,48250,5055,756,1433,0.371,19.282,6.990
3921645787737,9991396,100.086,100.000,729600,729600,1728000,schedutil,306000000,306000000,1020000000,nvhost_podgov,0,3,,47187,48281,48125,47468,47562,48437,5055,756,1433,0.388,19.273,7.260
3921655797502,10009765,99.902,100.000,729600,729600,1728000,schedutil,306000000,306000000,1020000000,nvhost_podgov,0,3,,47062,48437,48093,47718,47437,48437,5055,756,1433,0.371,19.285,7.120
3921665794883,9997381,100.026,100.000,729600,729600,1728000,schedutil,306000000,306000000,1020000000,nvhost_podgov,0,3,,47062,48375,48093,47625,47437,48375,5055,756,1433,0.370,19.281,7.130
3921675793320,9998437,100.016,100.000,729600,729600,1728000,schedutil,306000000,306000000,1020000000,nvhost_podgov,0,3,,47062,48218,48062,47500,47500,48218,5055,756,1433,0.395,19.274,7.450
3921685810093,10016773,99.833,100.000,729600,729600,1728000,schedutil,306000000,306000000,1020000000,nvhost_podgov,0,3,,47125,48250,48218,47562,47406,48250,5055,756,1433,0.370,19.280,7.130
3921695786673,9976580,100.235,100.000,729600,729600,1728000,schedutil,306000000,306000000,1020000000,nvhost_podgov,0,3,,47062,48281,48125,47656,47437,48281,5055,756,1433,0.403,19.281,7.760
3921705794742,10008069,99.919,100.000,729600,729600,1728000,schedutil,306000000,306000000,1020000000,nvhost_podgov,0,3,,47093,48468,48156,47500,47500,48468,5055,756,1433,0.361,19.280,6.960
3921715786138,9991396,100.086,100.000,729600,729600,1728000,schedutil,306000000,306000000,1020000000,nvhost_podgov,0,3,,47062,48500,48093,47718,47406,48500,5055,756,1433,0.401,19.275,7.230
3921725795583,10009445,99.906,100.000,729600,729600,1728000,schedutil,306000000,306000000,1020000000,nvhost_podgov,0,3,,47062,48218,48187,47593,47500,48218,5055,756,1433,0.370,19.281,7.130
3921735787588,9992005,100.080,100.000,729600,729600,1728000,schedutil,306000000,306000000,1020000000,nvhost_podgov,0,3,,47312,48250,48156,47625,47437,48250,5055,756,1433,0.396,19.275,7.640
3921745811977,10024389,99.757,100.000,729600,729600,1728000,schedutil,306000000,306000000,1020000000,nvhost_podgov,0,3,,47062,48343,48062,47562,47531,48343,5055,756,1433,0.369,19.281,6.940
3921755797230,9985253,100.148,100.000,729600,729600,1728000,schedutil,306000000,306000000,1020000000,nvhost_podgov,0,3,,47093,48312,48062,47687,47468,48312,5055,756,1433,0.367,19.279,7.090
3921765791282,9994052,100.060,100.000,729600,729600,1728000,schedutil,306000000,306000000,1020000000,nvhost_podgov,0,3,,47187,48218,48187,47593,47468,48218,5055,756,1433,0.383,19.277,7.540
3921775795991,10004709,99.953,100.000,729600,729600,1728000,schedutil,306000000,306000000,1020000000,nvhost_podgov,0,3,,47187,48312,48093,47562,47531,48312,5055,756,1433,0.362,19.281,7.010
3921785793436,9997445,100.026,100.000,729600,729600,1728000,schedutil,306000000,306000000,1020000000,nvhost_podgov,0,3,,47031,48312,48031,47781,47500,48312,5055,756,1433,0.370,19.279,7.590
3921795793793,10000357,99.996,100.000,729600,729600,1728000,schedutil,306000000,306000000,1020000000,nvhost_podgov,0,3,,47250,48281,48125,47593,47500,48281,5055,756,1433,0.361,19.284,6.960
3921805792101,9998308,100.017,100.000,729600,729600,1728000,schedutil,306000000,306000000,1020000000,nvhost_podgov,0,3,,47093,48406,48156,47468,47406,48406,5055,756,1433,0.386,19.275,7.540
3921815814475,10022374,99.777,100.000,729600,729600,1728000,schedutil,306000000,306000000,1020000000,nvhost_podgov,0,3,,47062,48375,48062,47750,47500,48250,5055,756,1433,0.379,19.280,7.300
3921825793295,9978820,100.212,100.000,729600,729600,1728000,schedutil,306000000,306000000,1020000000,nvhost_podgov,0,3,,47031,48218,48156,47656,47437,48218,5055,756,1433,0.400,19.275,7.710
3921835809108,10015813,99.842,100.000,729600,729600,1728000,schedutil,306000000,306000000,1020000000,nvhost_podgov,0,3,,47093,48312,48062,47562,47468,48312,5055,756,1433,0.365,19.279,7.040
3921845808569,9999461,100.005,100.000,729600,729600,1728000,schedutil,306000000,306000000,1020000000,nvhost_podgov,0,3,,47093,48281,48156,47781,47562,48281,5055,756,1433,0.380,19.281,7.320
3921855797501,9988932,100.111,100.000,729600,729600,1728000,schedutil,306000000,306000000,1020000000,nvhost_podgov,0,3,,47062,48468,48250,47593,47468,48468,5055,756,1433,0.399,19.274,7.680
3921865808386,10010885,99.891,100.000,729600,729600,1728000,schedutil,306000000,306000000,1020000000,nvhost_podgov,0,3,,47250,48406,48062,47593,47531,48406,5055,756,1433,0.376,19.284,7.260
3921875795879,9987493,100.125,100.000,729600,729600,1728000,schedutil,306000000,306000000,1020000000,nvhost_podgov,0,3,,47062,48250,48156,47562,47468,48250,5055,756,1433,0.366,19.274,7.730
3921885802284,10006405,99.936,100.000,729600,729600,1728000,schedutil,306000000,306000000,1020000000,nvhost_podgov,0,3,,47062,48281,48250,47656,47468,48281,5055,756,1433,0.374,19.277,7.210
3921895793328,9991044,100.090,100.000,729600,729600,1728000,schedutil,306000000,306000000,1020000000,nvhost_podgov,0,3,,47281,48406,48156,47562,47468,48406,5055,756,1433,0.379,19.270,7.300
3921905807861,10014533,99.855,100.000,729600,729600,1728000,schedutil,306000000,306000000,1020000000,nvhost_podgov,0,3,,47187,48312,48062,47500,47468,48312,5055,756,1433,0.364,19.280,7.010
3921915794906,9987045,100.130,100.000,729600,729600,1728000,schedutil,306000000,306000000,1020000000,nvhost_podgov,0,3,,47062,48156,48218,47656,47468,48156,5055,756,1433,0.390,19.273,7.270
3921925810207,10015301,99.847,100.000,729600,729600,1728000,schedutil,306000000,306000000,1020000000,nvhost_podgov,0,3,,47156,48687,48187,47625,47468,48687,5055,756,1433,0.361,19.277,6.960
3921935808164,9997957,100.020,100.000,729600,729600,1728000,schedutil,306000000,306000000,1020000000,nvhost_podgov,0,3,,47125,48343,48093,47562,47531,48343,5055,756,1433,0.381,19.275,7.350
3921945797352,9989188,100.108,100.000,729600,729600,1728000,schedutil,306000000,306000000,1020000000,nvhost_podgov,0,3,,47031,48250,48062,47750,47437,48468,5055,756,1433,0.384,19.277,7.400
3921955809069,10011717,99.883,100.000,729600,729600,1728000,schedutil,306000000,306000000,1020000000,nvhost_podgov,0,3,,47062,48500,48187,47687,47562,48500,5055,756,1433,0.380,19.279,6.940
3921965803954,9994885,100.051,100.000,729600,729600,1728000,schedutil,306000000,306000000,1020000000,nvhost_podgov,0,3,,47125,48343,48125,47562,47437,48281,5055,756,1433,0.381,19.279,7.350
3921975796662,9992708,100.073,100.000,729600,729600,1728000,schedutil,306000000,306000000,1020000000,nvhost_podgov,0,3,,47062,48187,48031,47718,47406,48187,5055,756,1433,0.389,19.279,7.500
3921985805019,10008357,99.916,100.000,729600,729600,1728000,schedutil,306000000,306000000,1020000000,nvhost_podgov,0,3,,46968,48406,48156,47687,47500,48406,5055,756,1433,0.405,19.279,7.810
3921995807264,10002245,99.978,100.000,729600,729600,1728000,schedutil,306000000,306000000,1020000000,nvhost_podgov,0,3,,47375,48406,48156,47625,47500,48406,5055,756,1433,0.374,19.286,7.210
3922005799333,9992069,100.079,100.000,729600,729600,1728000,schedutil,306000000,306000000,1020000000,nvhost_podgov,0,3,,47062,48625,48125,47500,47406,48625,5055,756,1433,0.372,19.269,7.160
3922015808682,10009349,99.907,100.000,729600,729600,1728000,schedutil,306000000,306000000,1020000000,nvhost_podgov,0,3,,47187,48531,48187,47625,47468,48531,5055,756,1433,0.398,19.279,7.670
3922025807630,9998948,100.011,100.000,729600,729600,1728000,schedutil,306000000,306000000,1020000000,nvhost_podgov,0,3,,47312,48187,48093,47625,47500,48187,5055,756,1433,0.403,19.277,6.960
3922035810867,10003237,99.968,100.000,729600,729600,1728000,schedutil,306000000,306000000,1020000000,nvhost_podgov,0,3,,47125,48312,48093,47625,47531,48312,5055,756,1433,0.367,19.279,7.090
3922045809432,9998565,100.014,100.000,729600,729600,1728000,schedutil,306000000,306000000,1020000000,nvhost_podgov,0,3,,47093,48343,48093,47656,47468,48343,5055,756,1433,0.362,19.277,6.990
3922055806013,9996581,100.034,100.000,729600,729600,1728000,schedutil,306000000,306000000,1020000000,nvhost_podgov,0,3,,47125,48343,48062,47625,47531,48343,5055,756,1433,0.367,19.279,7.090
3922065808098,10002085,99.979,100.000,729600,729600,1728000,schedutil,306000000,306000000,1020000000,nvhost_podgov,0,3,,47156,48187,48062,47562,47437,48187,5055,756,1433,0.370,19.285,7.090
3922075791014,9982916,100.171,100.000,729600,729600,1728000,schedutil,306000000,306000000,1020000000,nvhost_podgov,0,3,,47062,48250,48062,47656,47343,48250,5055,756,1433,0.393,19.275,7.560
3922085809643,10018629,99.814,100.000,729600,729600,1728000,schedutil,306000000,306000000,1020000000,nvhost_podgov,0,3,,47093,48375,48125,47593,47468,48375,5055,756,1433,0.376,19.281,7.090
3922095805840,9996197,100.038,100.000,729600,729600,1728000,schedutil,306000000,306000000,1020000000,nvhost_podgov,0,3,,47187,48500,48156,47593,47531,48500,5055,756,1433,0.369,19.271,7.100
3922105808693,10002853,99.971,100.000,729600,729600,1728000,schedutil,306000000,306000000,1020000000,nvhost_podgov,0,3,,47062,48343,48156,47687,47468,48343,5055,756,1433,0.371,19.282,6.990
3922115804569,9995876,100.041,100.000,729600,729600,1728000,schedutil,306000000,306000000,1020000000,nvhost_podgov,0,3,,47000,48156,48093,47656,47500,48156,5055,756,1433,0.365,19.279,7.040
3922125797918,9993349,100.067,100.000,729600,729600,1728000,schedutil,306000000,306000000,1020000000,nvhost_podgov,0,3,,47093,48218,48156,47656,47468,48218,5055,756,1433,0.396,19.279,7.180
3922135810083,10012165,99.878,100.000,729600,729600,1728000,schedutil,306000000,306000000,1020000000,nvhost_podgov,0,3,,47062,48312,48125,47687,47500,48312,5055,756,1433,0.369,19.280,7.100
3922145797575,9987492,100.125,100.000,729600,729600,1728000,schedutil,306000000,306000000,1020000000,nvhost_podgov,0,3,,47281,48406,48187,47687,47562,48406,5055,756,1433,0.395,19.274,7.620
3922155809132,10011557,99.885,100.000,729600,729600,1728000,schedutil,306000000,306000000,1020000000,nvhost_podgov,0,3,,47312,48218,48062,47625,47531,48218,5055,756,1433,0.361,19.280,6.960
3922165793073,9983941,100.161,100.000,729600,729600,1728000,schedutil,306000000,306000000,1020000000,nvhost_podgov,0,3,,47062,48500,48062,47718,47500,48500,5055,756,1433,0.389,19.275,7.490
3922175794550,10001477,99.985,100.000,729600,729600,1728000,schedutil,306000000,306000000,1020000000,nvhost_podgov,0,3,,47125,48281,48250,47593,47500,48281,5055,756,1433,0.380,19.275,7.320
3922185796314,10001764,99.982,100.000,729600,729600,1728000,schedutil,306000000,306000000,1020000000,nvhost_podgov,0,3,,47187,48281,48156,47625,47562,48281,5055,756,1433,0.367,19.267,7.080
3922195795007,9998693,100.013,100.000,729600,729600,1728000,schedutil,306000000,306000000,1020000000,nvhost_podgov,0,3,,47125,48406,48062,47593,47531,48406,5055,756,1433,0.361,19.281,6.960
3922205795012,10000005,100.000,100.000,729600,729600,1728000,schedutil,306000000,306000000,1020000000,nvhost_podgov,0,3,,47093,48312,48187,47593,47468,48218,5055,756,1433,0.391,19.276,7.540
3922215795209,10000197,99.998,100.000,729600,729600,1728000,schedutil,306000000,306000000,1020000000,nvhost_podgov,0,3,,47187,48281,48156,47625,47437,48281,5055,756,1433,0.360,19.281,6.940
3922225786541,9991332,100.087,100.000,729600,729600,1728000,schedutil,306000000,306000000,1020000000,nvhost_podgov,0,3,,47093,48312,48062,47531,47437,48312,5055,756,1433,0.391,19.279,7.540
3922235796754,10010213,99.898,100.000,729600,729600,1728000,schedutil,306000000,306000000,1020000000,nvhost_podgov,0,3,,47062,48312,48250,47718,47500,48312,5055,756,1433,0.369,19.282,7.120
3922245793847,9997093,100.029,100.000,729600,729600,1728000,schedutil,306000000,306000000,1020000000,nvhost_podgov,0,3,,47062,48531,48125,47625,47531,48531,5055,756,1433,0.383,19.284,7.370
3922255809532,10015685,99.843,100.000,729600,729600,1728000,schedutil,306000000,306000000,1020000000,nvhost_podgov,0,3,,47125,48531,48062,47593,47500,48531,5055,756,1433,0.374,19.276,6.940
3922265794913,9985381,100.146,100.000,729600,729600,1728000,schedutil,306000000,306000000,1020000000,nvhost_podgov,0,3,,47093,48281,48093,47781,47468,48281,5055,756,1433,0.360,19.280,6.940
3922275786405,9991492,100.085,100.000,729600,729600,1728000,schedutil,306000000,306000000,1020000000,nvhost_podgov,0,3,,47281,48312,48156,47625,47468,48312,5055,756,1433,0.416,19.282,7.500
3922285794698,10008293,99.917,100.000,729600,729600,1728000,schedutil,306000000,306000000,1020000000,nvhost_podgov,0,3,,47218,48343,48062,47625,47468,48343,5055,756,1433,0.360,19.280,6.940
3922295787023,9992325,100.077,100.000,729600,729600,1728000,schedutil,306000000,306000000,1020000000,nvhost_podgov,0,3,,47062,48343,48062,47687,47500,48343,5055,756,1433,0.399,19.279,7.130
3922305795124,10008101,99.919,100.000,729600,729600,1728000,schedutil,306000000,306000000,1020000000,nvhost_podgov,0,3,,47281,48187,48125,47656,47531,48187,5055,756,1433,0.361,19.281,6.960
3922315786904,9991780,100.082,100.000,729600,729600,1728000,schedutil,306000000,306000000,1020000000,nvhost_podgov,0,3,,47156,48593,48062,47531,47437,48593,5055,756,1433,0.417,19.284,8.050
3922325812637,10025733,99.743,100.000,729600,729600,1728000,schedutil,306000000,306000000,1020000000,nvhost_podgov,0,3,,47093,48281,48093,47531,47437,48281,5055,756,1433,0.383,19.280,7.370
3922335795298,9982661,100.174,100.000,729600,729600,1728000,schedutil,306000000,306000000,1020000000,nvhost_podgov,0,3,,47093,48218,48218,47656,47468,48437,5055,756,1433,0.379,19.279,7.300
3922345791271,9995973,100.040,100.000,729600,729600,1728000,schedutil,306000000,306000000,1020000000,nvhost_podgov,0,3,,47125,48500,48187,47562,47500,48500,5055,756,1433,0.398,19.279,7.670
3922355795403,10004132,99.959,100.000,729600,729600,1728000,schedutil,306000000,306000000,1020000000,nvhost_podgov,0,3,,47125,48406,48093,47562,47500,48218,5055,756,1433,0.384,19.282,7.400
3922365792976,9997573,100.024,100.000,729600,729600,1728000,schedutil,306000000,306000000,1020000000,nvhost_podgov,0,3,,47000,48187,48281,47656,47468,48281,5055,756,1433,0.383,19.282,7.720
3922375794069,10001093,99.989,100.000,729600,729600,1728000,schedutil,306000000,306000000,1020000000,nvhost_podgov,0,3,,47062,48312,48093,47531,47468,48312,5055,756,1433,0.374,19.279,7.210
3922385792602,9998533,100.015,100.000,729600,729600,1728000,schedutil,306000000,306000000,1020000000,nvhost_podgov,0,3,,47062,48312,48125,47562,47468,48312,5055,756,1433,0.391,19.282,7.540
3922395793694,10001092,99.989,100.000,729600,729600,1728000,schedutil,306000000,306000000,1020000000,nvhost_podgov,0,3,,47093,48593,48062,47718,47437,48593,5055,756,1433,0.364,19.280,7.010
3922405785571,9991877,100.081,100.000,729600,729600,1728000,schedutil,306000000,306000000,1020000000,nvhost_podgov,0,3,,47343,48531,48156,47562,47500,48531,5055,756,1433,0.386,19.270,7.440
3922415797832,10012261,99.878,100.000,729600,729600,1728000,schedutil,306000000,306000000,1020000000,nvhost_podgov,0,3,,47250,48312,48125,47531,47437,48312,5055,756,1433,0.364,19.281,7.010
3922425792909,9995077,100.049,100.000,729600,729600,1728000,schedutil,306000000,306000000,1020000000,nvhost_podgov,0,3,,47062,48250,48156,47687,47500,48250,5055,756,1433,0.371,19.282,7.180
3922435791409,9998500,100.015,100.000,729600,729600,1728000,schedutil,306000000,306000000,1020000000,nvhost_podgov,0,3,,47250,48343,48187,47625,47562,48343,5055,756,1433,0.395,19.279,7.620
3922445793750,10002341,99.977,100.000,729600,729600,1728000,schedutil,306000000,306000000,1020000000,nvhost_podgov,0,3,,47218,48312,48125,47625,47500,48312,5055,756,1433,0.380,19.280,6.910
3922455791963,9998213,100.018,100.000,729600,729600,1728000,schedutil,306000000,306000000,1020000000,nvhost_podgov,0,3,,47062,48250,48062,47718,47500,48250,5055,756,1433,0.381,19.281,7.350
3922465790688,9998725,100.013,100.000,729600,729600,1728000,schedutil,306000000,306000000,1020000000,nvhost_podgov,0,3,,47156,48218,48093,47656,47500,48218,5055,756,1433,0.401,19.279,6.910
3922475815301,10024613,99.754,100.000,729600,729600,1728000,schedutil,306000000,306000000,1020000000,nvhost_podgov,0,3,,47187,48281,48125,47625,47468,48281,5055,756,1433,0.431,19.280,8.320
3922485799433,9984132,100.159,100.000,729600,729600,1728000,schedutil,306000000,306000000,1020000000,nvhost_podgov,0,3,,47187,48281,48093,47718,47406,48375,5055,756,1433,0.374,19.286,7.280
3922495811886,10012453,99.876,100.000,729600,729600,1728000,schedutil,306000000,306000000,1020000000,nvhost_podgov,0,3,,47062,48500,48062,47625,47500,48500,5055,756,1433,0.365,19.281,7.040
3922505807699,9995813,100.042,100.000,729600,729600,1728000,schedutil,306000000,306000000,1020000000,nvhost_podgov,0,3,,47187,48218,48062,47531,47500,48218,5055,756,1433,0.372,19.285,7.180
3922515808376,10000677,99.993,100.000,729600,729600,1728000,schedutil,306000000,306000000,1020000000,nvhost_podgov,0,3,,47093,48281,48062,47562,47531,48281,5055,756,1433,0.370,19.277,7.130
3922525804988,9996612,100.034,100.000,729600,729600,1728000,schedutil,306000000,306000000,1020000000,nvhost_podgov,0,3,,47062,48312,48062,47656,47531,48312,5055,756,1433,0.385,19.280,7.420
3922535808353,10003365,99.966,100.000,729600,729600,1728000,schedutil,306000000,306000000,1020000000,nvhost_podgov,0,3,,47031,48343,48125,47531,47500,48343,5055,756,1433,0.365,19.281,7.040
3922545794854,9986501,100.135,100.000,729600,729600,1728000,schedutil,306000000,306000000,1020000000,nvhost_podgov,0,3,,47125,48625,48062,47593,47406,48625,5055,756,1433,0.401,19.284,7.740
3922555806443,10011589,99.884,100.000,729600,729600,1728000,schedutil,306000000,306000000,1020000000,nvhost_podgov,0,3,,47062,48625,48093,47718,47468,48625,5055,756,1433,0.372,19.281,6.940
3922565805743,9999300,100.007,100.000,729600,729600,1728000,schedutil,306000000,306000000,1020000000,nvhost_podgov,0,3,,47250,48312,48093,47625,47531,48312,5055,756,1433,0.385,19.274,7.420
3922575808244,10002501,99.975,100.000,729600,729600,1728000,schedutil,306000000,306000000,1020000000,nvhost_podgov,0,3,,47218,48218,48062,47531,47500,48218,5055,756,1433,0.371,19.282,6.910
3922585793273,9985029,100.150,100.000,729600,729600,1728000,schedutil,306000000,306000000,1020000000,nvhost_podgov,0,3,,47062,48406,48000,47687,47500,48406,5055,756,1433,0.405,19.270,7.810
3922595800094,10006821,99.932,100.000,729600,729600,1728000,schedutil,306000000,306000000,1020000000,nvhost_podgov,0,3,,47156,48375,48187,47562,47562,48218,5055,756,1433,0.385,19.279,7.100
3922605807426,10007332,99.927,100.000,729600,729600,1728000,schedutil,306000000,306000000,1020000000,nvhost_podgov,0,3,,47187,48156,48093,47562,47531,48187,5055,756,1433,0.357,19.277,6.890
3922615812103,10004677,99.953,100.000,729600,729600,1728000,schedutil,306000000,306000000,1020000000,nvhost_podgov,0,3,,47062,48187,48093,47718,47531,48312,5055,756,1433,0.389,19.284,7.400
3922625809292,9997189,100.028,100.000,729600,729600,1728000,schedutil,306000000,306000000,1020000000,nvhost_podgov,0,3,,47125,48312,48250,47687,47500,48312,5055,756,1433,0.362,19.279,6.990
3922635792720,9983428,100.166,100.000,729600,729600,1728000,schedutil,306000000,306000000,1020000000,nvhost_podgov,0,3,,47125,48250,48125,47593,47468,48500,5055,756,1433,0.415,19.277,8.000
3922645809973,10017253,99.828,100.000,729600,729600,1728000,schedutil,306000000,306000000,1020000000,nvhost_podgov,0,3,,47093,48406,48125,47625,47468,48406,5055,756,1433,0.359,19.281,6.910
3922655792954,9982981,100.170,100.000,729600,729600,1728000,schedutil,306000000,306000000,1020000000,nvhost_podgov,0,3,,46968,48187,48250,47656,47406,48250,5055,756,1433,0.407,19.279,7.100
3922665811679,10018725,99.813,100.000,729600,729600,1728000,schedutil,306000000,306000000,1020000000,nvhost_podgov,0,3,,47000,48281,48125,47593,47437,48281,5055,756,1433,0.357,19.281,6.900
3922675795267,9983588,100.164,100.000,729600,729600,1728000,schedutil,306000000,306000000,1020000000,nvhost_podgov,0,3,,47093,48312,48125,47625,47468,48312,5055,756,1433,0.388,19.276,7.480
3922685808072,10012805,99.872,100.000,729600,729600,1728000,schedutil,306000000,306000000,1020000000,nvhost_podgov,0,3,,47062,48375,48281,47625,47468,48375,5055,756,1433,0.359,19.281,6.910
3922695790925,9982853,100.172,100.000,729600,729600,1728000,schedutil,306000000,306000000,1020000000,nvhost_podgov,0,3,,47250,48250,48062,47593,47500,48250,5055,756,1433,0.389,19.276,7.490
3922705797522,10006597,99.934,100.000,729600,729600,1728000,schedutil,306000000,306000000,1020000000,nvhost_podgov,0,3,,47156,48625,48093,47531,47500,48625,5055,756,1433,0.396,19.276,7.320
3922715809239,10011717,99.883,100.000,729600,729600,1728000,schedutil,306000000,306000000,1020000000,nvhost_podgov,0,3,,47062,48250,48125,47750,47468,48250,5055,756,1433,0.370,19.279,7.130
3922725792987,9983748,100.163,100.000,729600,729600,1728000,schedutil,306000000,306000000,1020000000,nvhost_podgov,0,3,,47281,48312,48125,47593,47531,48468,5055,756,1433,0.375,19.276,7.370
3922735792832,9999845,100.002,100.000,729600,729600,1728000,schedutil,306000000,306000000,1020000000,nvhost_podgov,0,3,,47125,48468,48156,47593,47437,48468,5055,756,1433,0.366,19.279,7.070
3922745788485,9995653,100.043,100.000,729600,729600,1728000,schedutil,306000000,306000000,1020000000,nvhost_podgov,0,3,,47031,48343,48062,47718,47531,48250,5055,756,1433,0.384,19.275,7.540
3922755796361,10007876,99.921,100.000,729600,729600,1728000,schedutil,306000000,306000000,1020000000,nvhost_podgov,0,3,,47031,48218,48125,47656,47500,48218,5055,756,1433,0.360,19.279,6.940
3922765797870,10001509,99.985,100.000,729600,729600,1728000,schedutil,306000000,306000000,1020000000,nvhost_podgov,0,3,,47218,48281,48062,47531,47531,48312,5055,756,1433,0.383,19.275,7.480
3922775809875,10012005,99.880,100.000,729600,729600,1728000,schedutil,306000000,306000000,1020000000,nvhost_podgov,0,3,,47125,48343,48125,47531,47468,48343,5055,756,1433,0.357,19.279,6.890
3922785788088,9978213,100.218,100.000,729600,729600,1728000,schedutil,306000000,306000000,1020000000,nvhost_podgov,0,3,,47000,48312,48125,47687,47500,48593,5055,756,1433,0.391,19.275,7.180
3922795796572,10008484,99.915,100.000,729600,729600,1728000,schedutil,306000000,306000000,1020000000,nvhost_podgov,0,3,,47062,48531,48093,47531,47406,48531,5055,756,1433,0.362,19.282,6.990
3922805794273,9997701,100.023,100.000,729600,729600,1728000,schedutil,306000000,306000000,1020000000,nvhost_podgov,0,3,,47093,48250,48093,47531,47562,48250,5055,756,1433,0.367,19.279,7.070
3922815790502,9996229,100.038,100.000,729600,729600,1728000,schedutil,306000000,306000000,1020000000,nvhost_podgov,0,3,,47062,48312,48062,47656,47468,48312,5055,756,1433,0.390,19.275,7.510
3922825793163,10002661,99.973,100.000,729600,729600,1728000,schedutil,306000000,306000000,1020000000,nvhost_podgov,0,3,,47281,48437,48125,47593,47500,48437,5055,756,1433,0.374,19.281,7.210
3922835796816,10003653,99.963,100.000,729600,729600,1728000,schedutil,306000000,306000000,1020000000,nvhost_podgov,0,3,,47062,48406,48093,47625,47468,48406,5055,756,1433,0.399,19.273,7.710
3922845795028,9998212,100.018,100.000,729600,729600,1728000,schedutil,306000000,306000000,1020000000,nvhost_podgov,0,3,,47093,48250,48062,47656,47468,48250,5055,756,1433,0.374,19.281,7.210
3922855794809,9999781,100.002,100.000,729600,729600,1728000,schedutil,306000000,306000000,1020000000,nvhost_podgov,0,3,,47343,48281,48218,47593,47500,48281,5055,756,1433,0.375,19.277,7.230
3922865794014,9999205,100.008,100.000,729600,729600,1728000,schedutil,306000000,306000000,1020000000,nvhost_podgov,0,3,,47187,48312,48125,47625,47531,48312,5055,756,1433,0.364,19.277,7.010
3922875796707,10002693,99.973,100.000,729600,729600,1728000,schedutil,306000000,306000000,1020000000,nvhost_podgov,0,3,,47062,48500,48062,47656,47500,48500,5055,756,1433,0.367,19.277,6.960
3922885797959,10001252,99.987,100.000,729600,729600,1728000,schedutil,306000000,306000000,1020000000,nvhost_podgov,0,3,,47156,48375,48187,47593,47531,48375,5055,756,1433,0.367,19.279,7.090
3922895793740,9995781,100.042,100.000,729600,729600,1728000,schedutil,306000000,306000000,1020000000,nvhost_podgov,0,3,,47156,48375,48125,47500,47375,48250,5055,756,1433,0.381,19.280,6.940
3922905805009,10011269,99.887,100.000,729600,729600,1728000,schedutil,306000000,306000000,1020000000,nvhost_podgov,0,3,,47062,48156,48062,47750,47500,48156,5055,756,1433,0.376,19.281,7.260
3922915794293,9989284,100.107,100.000,729600,729600,1728000,schedutil,306000000,306000000,1020000000,nvhost_podgov,0,3,,46968,48312,48093,47625,47500,48312,5055,756,1433,0.380,19.285,6.920
3922925788922,9994629,100.054,100.000,729600,729600,1728000,schedutil,306000000,306000000,1020000000,nvhost_podgov,0,3,,47125,48312,48062,47562,47468,48312,5055,756,1433,0.378,19.271,7.270
3922935794431,10005509,99.945,100.000,729600,729600,1728000,schedutil,306000000,306000000,1020000000,nvhost_podgov,0,3,,47125,48562,48093,47781,47531,48562,5055,756,1433,0.378,19.282,7.090
3922945786500,9992069,100.079,100.000,729600,729600,1728000,schedutil,306000000,306000000,1020000000,nvhost_podgov,0,3,,47031,48531,48156,47687,47437,48531,5055,756,1433,0.386,19.275,7.450
3922955792072,10005572,99.944,100.000,729600,729600,1728000,schedutil,306000000,306000000,1020000000,nvhost_podgov,0,3,,47281,48250,48093,47625,47593,48250,5055,756,1433,0.390,19.277,7.230
3922965796877,10004805,99.952,100.000,729600,729600,1728000,schedutil,306000000,306000000,1020000000,nvhost_podgov,0,3,,47156,48218,48031,47625,47468,48437,5055,756,1433,0.386,19.281,7.450
3922975796050,9999173,100.008,100.000,729600,729600,1728000,schedutil,306000000,306000000,1020000000,nvhost_podgov,0,3,,47031,48406,48187,47718,47468,48406,5055,756,1433,0.369,19.282,7.640
3922985795063,9999013,100.010,100.000,729600,729600,1728000,schedutil,306000000,306000000,1020000000,nvhost_podgov,0,3,,47281,48218,48156,47593,47562,48218,5055,756,1433,0.366,19.282,7.130
3922995786267,9991204,100.088,100.000,729600,729600,1728000,schedutil,306000000,306000000,1020000000,nvhost_podgov,0,3,,47187,48187,48156,47562,47500,48187,5055,756,1433,0.396,19.284,7.640
3923005791776,10005509,99.945,100.000,729600,729600,1728000,schedutil,306000000,306000000,1020000000,nvhost_podgov,0,3,,47031,48250,48187,47656,47500,48250,5055,756,1433,0.362,19.279,6.990
3923015786757,9994981,100.050,100.000,729600,729600,1728000,schedutil,306000000,306000000,1020000000,nvhost_podgov,0,3,,47187,48343,48187,47500,47500,48343,5055,756,1433,0.396,19.280,7.640
3923025795818,10009061,99.909,100.000,729600,729600,1728000,schedutil,306000000,306000000,1020000000,nvhost_podgov,0,3,,47093,48281,48093,47625,47531,48468,5055,756,1433,0.367,19.282,7.090
3923035788398,9992580,100.074,100.000,729600,729600,1728000,schedutil,306000000,306000000,1020000000,nvhost_podgov,0,3,,47156,48562,48031,47718,47531,48562,5055,756,1433,0.398,19.266,7.650
3923045809172,10020774,99.793,100.000,729600,729600,1728000,schedutil,306000000,306000000,1020000000,nvhost_podgov,0,3,,47062,48281,48156,47656,47562,48281,5055,756,1433,0.379,19.281,6.960
3923055794040,9984868,100.152,100.000,729600,729600,1728000,schedutil,306000000,306000000,1020000000,nvhost_podgov,0,3,,47125,48281,48093,47562,47500,48281,5055,756,1433,0.398,19.274,7.670
3923065800189,10006149,99.939,100.000,729600,729600,1728000,schedutil,306000000,306000000,1020000000,nvhost_podgov,0,3,,47156,48343,48125,47718,47500,48343,5055,756,1433,0.401,19.266,7.850
3923082380867,16580678,60.311,99.984,729600,729600,1728000,schedutil,306000000,306000000,1020000000,nvhost_podgov,0,3,,47156,48312,48062,47625,47468,48312,5055,756,1433,0.439,19.270,8.460
3923085788486,3407619,293.460,100.000,729600,729600,1728000,schedutil,306000000,306000000,1020000000,nvhost_podgov,0,3,,47250,48218,48093,47593,47562,48218,5055,756,1433,0.426,19.269,8.220
3923095794091,10005605,99.944,100.000,729600,729600,1728000,schedutil,306000000,306000000,1020000000,nvhost_podgov,0,3,,47062,48593,48062,47562,47468,48250,5055,756,1433,0.414,19.274,7.680
3923105792624,9998533,100.015,100.000,729600,729600,1728000,schedutil,306000000,306000000,1020000000,nvhost_podgov,0,3,,47062,48250,48218,47687,47500,48250,5055,756,1433,0.412,19.275,8.410
3923115789812,9997188,100.028,100.000,729600,729600,1728000,schedutil,306000000,306000000,1020000000,nvhost_podgov,0,3,,47312,48281,48125,47593,47500,48281,5055,756,1433,0.410,19.276,7.900
3923125794809,10004997,99.950,100.000,729600,729600,1728000,schedutil,306000000,306000000,1020000000,nvhost_podgov,0,3,,47125,48406,48031,47593,47500,48406,5055,756,1433,0.356,19.284,7.500
3923135794270,9999461,100.005,100.000,729600,729600,1728000,schedutil,306000000,306000000,1020000000,nvhost_podgov,0,3,,47093,48375,48281,47656,47500,48375,5055,756,1433,0.351,19.284,6.770
3923145788643,9994373,100.056,100.000,729600,729600,1728000,schedutil,306000000,306000000,1020000000,nvhost_podgov,0,3,,47218,48218,48093,47562,47468,48218,5055,756,1433,0.389,19.282,6.720
3923155796776,10008133,99.919,100.000,729600,729600,1728000,schedutil,306000000,306000000,1020000000,nvhost_podgov,0,3,,47156,48156,48093,47531,47437,48312,5055,756,1433,0.344,19.282,6.630
3923165788748,9991972,100.080,100.000,729600,729600,1728000,schedutil,306000000,306000000,1020000000,nvhost_podgov,0,3,,47062,48343,48062,47625,47500,48343,5055,756,1433,0.372,19.277,7.180
3923175796273,10007525,99.925,100.000,729600,729600,1728000,schedutil,306000000,306000000,1020000000,nvhost_podgov,0,3,,47093,48281,48156,47625,47562,48625,5055,756,1433,0.338,19.285,6.500
3923185792310,9996037,100.040,100.000,729600,729600,1728000,schedutil,306000000,306000000,1020000000,nvhost_podgov,0,3,,47125,48468,48062,47531,47500,48468,5055,756,1433,0.356,19.284,6.870
3923195789274,9996964,100.030,100.000,729600,729600,1728000,schedutil,306000000,306000000,1020000000,nvhost_podgov,0,3,,47062,48312,48062,47718,47531,48312,5055,756,1433,0.352,19.274,7.100
3923205794559,10005285,99.947,100.000,729600,729600,1728000,schedutil,306000000,306000000,1020000000,nvhost_podgov,0,3,,47031,48187,48218,47687,47468,48218,5055,756,1433,0.350,19.282,6.750
3923215786372,9991813,100.082,100.000,729600,729600,1728000,schedutil,306000000,306000000,1020000000,nvhost_podgov,0,3,,47312,48375,48125,47593,47468,48375,5055,756,1433,0.369,19.280,7.090
3923225794889,10008517,99.915,100.000,729600,729600,1728000,schedutil,306000000,306000000,1020000000,nvhost_podgov,0,3,,47093,48437,48093,47718,47437,48437,5055,756,1433,0.347,19.288,6.710
3923235786669,9991780,100.082,100.000,729600,729600,1728000,schedutil,306000000,306000000,1020000000,nvhost_podgov,0,3,,47281,48187,48218,47593,47500,48218,5055,756,1433,0.351,19.276,6.770
3923245796178,10009509,99.905,100.000,729600,729600,1728000,schedutil,306000000,306000000,1020000000,nvhost_podgov,0,3,,47250,48625,48093,47593,47468,48625,5055,756,1433,0.341,19.285,6.580
3923255792599,9996421,100.036,100.000,729600,729600,1728000,schedutil,306000000,306000000,1020000000,nvhost_podgov,0,3,,47125,48281,48093,47718,47437,48281,5055,756,1433,0.364,19.286,6.710
3923265809852,10017253,99.828,100.000,729600,729600,1728000,schedutil,306000000,306000000,1020000000,nvhost_podgov,0,3,,47031,48312,48156,47656,47468,48406,5055,756,1433,0.339,19.285,6.530
3923275786784,9976932,100.231,100.000,729600,729600,1728000,schedutil,306000000,306000000,1020000000,nvhost_podgov,0,3,,47218,48375,48218,47593,47562,48375,5055,756,1433,0.374,19.277,7.210
3923285792165,10005381,99.946,100.000,729600,729600,1728000,schedutil,306000000,306000000,1020000000,nvhost_podgov,0,3,,47218,48437,48187,47625,47468,48250,5055,756,1433,0.360,19.284,6.940
3923295794410,10002245,99.978,100.000,729600,729600,1728000,schedutil,306000000,306000000,1020000000,nvhost_podgov,0,3,,47062,48218,48281,47687,47500,48218,5055,756,1433,0.356,19.284,6.870
3923305794831,10000421,99.996,100.000,729600,729600,1728000,schedutil,306000000,306000000,1020000000,nvhost_podgov,0,3,,47125,48281,48125,47531,47500,48375,5055,756,1433,0.349,19.289,6.730
3923315794196,9999365,100.006,100.000,729600,729600,1728000,schedutil,306000000,306000000,1020000000,nvhost_podgov,0,3,,47187,48312,48125,47562,47531,48312,5055,756,1433,0.357,19.289,6.900
3923325789112,9994916,100.051,100.000,729600,729600,1728000,schedutil,306000000,306000000,1020000000,nvhost_podgov,0,3,,47093,48562,48187,47781,47437,48562,5055,756,1433,0.372,19.276,7.180
3923335820894,10031782,99.683,100.000,729600,729600,1728000,schedutil,306000000,306000000,1020000000,nvhost_podgov,0,3,,47000,48531,48125,47625,47437,48531,5055,756,1433,0.365,19.282,7.040
3923345805442,9984548,100.155,100.000,729600,729600,1728000,schedutil,306000000,306000000,1020000000,nvhost_podgov,0,3,,47187,48281,48062,47625,47468,48281,5055,756,1433,0.383,19.286,7.370
3923355799943,9994501,100.055,100.000,729600,729600,1728000,schedutil,306000000,306000000,1020000000,nvhost_podgov,0,3,,47125,48312,48062,47718,47500,48312,5055,756,1433,0.367,19.289,7.090
3923365798123,9998180,100.018,100.000,729600,729600,1728000,schedutil,306000000,306000000,1020000000,nvhost_podgov,0,3,,47250,48437,48250,47625,47406,48437,5055,756,1433,0.384,19.284,7.400
3923375809360,10011237,99.888,100.000,729600,729600,1728000,schedutil,306000000,306000000,1020000000,nvhost_podgov,0,3,,47218,48343,48093,47593,47500,48343,5055,756,1433,0.347,19.285,6.710
3923385806261,9996901,100.031,100.000,729600,729600,1728000,schedutil,306000000,306000000,1020000000,nvhost_podgov,0,3,,47031,48250,48062,47781,47562,48250,5055,756,1433,0.352,19.286,6.870
3923395806138,9999877,100.001,100.000,729600,729600,1728000,schedutil,306000000,306000000,1020000000,nvhost_podgov,0,3,,47218,48218,48218,47625,47437,48218,5055,756,1433,0.361,19.293,6.960
3923405808671,10002533,99.975,100.000,729600,729600,1728000,schedutil,306000000,306000000,1020000000,nvhost_podgov,0,3,,47187,48312,48062,47656,47437,48312,5055,756,1433,0.364,19.289,6.630
3923415792643,9983972,100.161,100.000,729600,729600,1728000,schedutil,306000000,306000000,1020000000,nvhost_podgov,0,3,,47125,48312,48062,47562,47468,48500,5055,756,1433,0.364,19.279,7.010
3923425809384,10016741,99.833,100.000,729600,729600,1728000,schedutil,306000000,306000000,1020000000,nvhost_podgov,0,3,,47062,48437,48250,47656,47468,48437,5055,756,1433,0.355,19.290,6.660
3923435791628,9982244,100.178,100.000,729600,729600,1728000,schedutil,306000000,306000000,1020000000,nvhost_podgov,0,3,,47093,48468,48187,47625,47562,48312,5055,756,1433,0.365,19.277,7.040
3923445811058,10019430,99.806,100.000,729600,729600,1728000,schedutil,306000000,306000000,1020000000,nvhost_podgov,0,3,,47093,48281,48062,47531,47437,48281,5055,756,1433,0.345,19.289,6.550
3923455796438,9985380,100.146,100.000,729600,729600,1728000,schedutil,306000000,306000000,1020000000,nvhost_podgov,0,3,,47000,48312,48187,47625,47406,48312,5055,756,1433,0.356,19.277,6.870
3923465807771,10011333,99.887,100.000,729600,729600,1728000,schedutil,306000000,306000000,1020000000,nvhost_podgov,0,3,,47062,48343,48125,47625,47562,48343,5055,756,1433,0.355,19.291,6.550
3923475985571,10177800,98.253,99.999,729600,729600,1728000,schedutil,306000000,306000000,1020000000,nvhost_podgov,0,3,,47062,48625,48093,47593,47500,48625,5055,756,1433,0.409,19.265,7.100
3923485809028,9823457,101.797,100.000,729600,729600,1728000,schedutil,306000000,306000000,1020000000,nvhost_podgov,0,3,,47093,48593,48062,47718,47406,48593,5055,756,1433,0.378,19.276,8.440
3923495794121,9985093,100.149,100.000,729600,729600,1728000,schedutil,306000000,306000000,1020000000,nvhost_podgov,0,3,,47343,48281,48156,47593,47500,48281,5055,756,1433,0.344,19.284,6.550
3923505788014,9993893,100.061,100.000,729600,729600,1728000,schedutil,306000000,306000000,1020000000,nvhost_podgov,0,3,,47312,48312,48125,47562,47531,48312,5055,756,1433,0.385,19.277,7.420
3923515798418,10010404,99.896,100.000,729600,729600,1728000,schedutil,306000000,306000000,1020000000,nvhost_podgov,0,3,,47062,48375,48125,47656,47468,48375,5055,756,1433,0.341,19.286,6.580
3923525804887,10006469,99.935,100.000,729600,729600,1728000,schedutil,306000000,306000000,1020000000,nvhost_podgov,0,3,,47343,48437,48187,47625,47562,48312,5055,756,1433,0.383,19.284,7.370
3923535803484,9998597,100.014,100.000,729600,729600,1728000,schedutil,306000000,306000000,1020000000,nvhost_podgov,0,3,,47250,48187,48156,47593,47468,48187,5055,756,1433,0.339,19.285,6.530
3923545787137,9983653,100.164,100.000,729600,729600,1728000,schedutil,306000000,306000000,1020000000,nvhost_podgov,0,3,,47062,48250,48125,47593,47531,48312,5055,756,1433,0.375,19.281,7.230
3923555799493,10012356,99.877,100.000,729600,729600,1728000,schedutil,306000000,306000000,1020000000,nvhost_podgov,0,3,,47031,48312,48218,47656,47500,48312,5055,756,1433,0.362,19.290,6.680
3923565795114,9995621,100.044,100.000,729600,729600,1728000,schedutil,306000000,306000000,1020000000,nvhost_podgov,0,3,,47156,48312,48062,47531,47562,48500,5055,756,1433,0.349,19.288,6.730
3923575789807,9994693,100.053,100.000,729600,729600,1728000,schedutil,306000000,306000000,1020000000,nvhost_podgov,0,3,,47187,48531,48062,47625,47437,48531,5055,756,1433,0.364,19.279,7.160
3923585807860,10018053,99.820,100.000,729600,729600,1728000,schedutil,306000000,306000000,1020000000,nvhost_podgov,0,3,,47062,48281,48218,47687,47531,48281,5055,756,1433,0.339,19.284,6.530
3923595791320,9983460,100.166,100.000,729600,729600,1728000,schedutil,306000000,306000000,1020000000,nvhost_podgov,0,3,,47062,48312,48187,47562,47468,48312,5055,756,1433,0.375,19.285,7.010
3923605795293,10003973,99.960,100.000,729600,729600,1728000,schedutil,306000000,306000000,1020000000,nvhost_podgov,0,3,,47093,48375,48156,47562,47437,48375,5055,756,1433,0.344,19.284,6.630
3923615797314,10002021,99.980,100.000,729600,729600,1728000,schedutil,306000000,306000000,1020000000,nvhost_podgov,0,3,,47062,48281,48093,47687,47406,48281,5055,756,1433,0.372,19.284,6.770
3923625797223,9999909,100.001,100.000,729600,729600,1728000,schedutil,306000000,306000000,1020000000,nvhost_podgov,0,3,,47250,48312,48156,47656,47562,48312,5055,756,1433,0.346,19.288,6.680
3923635787979,9990756,100.093,100.000,729600,729600,1728000,schedutil,306000000,306000000,1020000000,nvhost_podgov,0,3,,47125,48656,48062,47593,47500,48343,5055,756,1433,0.378,19.279,7.280
3923645795248,10007269,99.927,100.000,729600,729600,1728000,schedutil,306000000,306000000,1020000000,nvhost_podgov,0,3,,47093,48281,48062,47750,47531,48281,5055,756,1433,0.344,19.288,6.630
3923655794709,9999461,100.005,100.000,729600,729600,1728000,schedutil,306000000,306000000,1020000000,nvhost_podgov,0,3,,47218,48312,48093,47593,47500,48468,5055,756,1433,0.354,19.285,6.820
3923665789785,9995076,100.049,100.000,729600,729600,1728000,schedutil,306000000,306000000,1020000000,nvhost_podgov,0,3,,47312,48437,48062,47562,47500,48437,5055,756,1433,0.372,19.280,7.180
3923675796734,10006949,99.931,100.000,729600,729600,1728000,schedutil,306000000,306000000,1020000000,nvhost_podgov,0,3,,47031,48406,48062,47750,47468,48406,5055,756,1433,0.356,19.286,6.870
3923685803267,10006533,99.935,100.000,729600,729600,1728000,schedutil,306000000,306000000,1020000000,nvhost_podgov,0,3,,47093,48312,48125,47656,47593,48312,5055,756,1433,0.375,19.285,7.230
3923695799112,9995845,100.042,100.000,729600,729600,1728000,schedutil,306000000,306000000,1020000000,nvhost_podgov,0,3,,47250,48281,48062,47593,47500,48406,5055,756,1433,0.341,19.289,6.580
3923705800141,10001029,99.990,100.000,729600,729600,1728000,schedutil,306000000,306000000,1020000000,nvhost_podgov,0,3,,47093,48281,48062,47781,47500,48281,5055,756,1433,0.378,19.286,7.280
3923715796241,9996100,100.039,100.000,729600,729600,1728000,schedutil,306000000,306000000,1020000000,nvhost_podgov,0,3,,47031,48593,48250,47625,47562,48593,5055,756,1433,0.349,19.288,6.730
3923725789558,9993317,100.067,100.000,729600,729600,1728000,schedutil,306000000,306000000,1020000000,nvhost_podgov,0,3,,47156,48468,48093,47625,47500,48468,5055,756,1433,0.375,19.285,6.820
3923735796571,10007013,99.930,100.000,729600,729600,1728000,schedutil,306000000,306000000,1020000000,nvhost_podgov,0,3,,47062,48312,48125,47593,47500,48312,5055,756,1433,0.340,19.286,6.550
3923745794975,9998404,100.016,100.000,729600,729600,1728000,schedutil,306000000,306000000,1020000000,nvhost_podgov,0,3,,46968,48281,48218,47593,47437,48281,5055,756,1433,0.356,19.288,6.660
3923755790468,9995493,100.045,100.000,729600,729600,1728000,schedutil,306000000,306000000,1020000000,nvhost_podgov,0,3,,47062,48375,48125,47562,47500,48375,5055,756,1433,0.374,19.282,7.210
3923765794313,10003845,99.962,100.000,729600,729600,1728000,schedutil,306000000,306000000,1020000000,nvhost_podgov,0,3,,47062,48312,48062,47593,47468,48312,5055,756,1433,0.360,19.290,6.580
3923775786190,9991877,100.081,100.000,729600,729600,1728000,schedutil,306000000,306000000,1020000000,nvhost_podgov,0,3,,47062,48218,48281,47687,47500,48281,5055,756,1433,0.351,19.280,6.770
3923785795890,10009700,99.903,100.000,729600,729600,1728000,schedutil,306000000,306000000,1020000000,nvhost_podgov,0,3,,47250,48218,48218,47656,47562,48218,5055,756,1433,0.344,19.288,6.680
3923795794583,9998693,100.013,100.000,729600,729600,1728000,schedutil,306000000,306000000,1020000000,nvhost_podgov,0,3,,47218,48312,48125,47593,47500,48312,5055,756,1433,0.362,19.286,6.710
3923805794460,9999877,100.001,100.000,729600,729600,1728000,schedutil,306000000,306000000,1020000000,nvhost_podgov,0,3,,47031,48343,48062,47750,47468,48343,5055,756,1433,0.347,19.290,6.680
3923815807713,10013253,99.868,100.000,729600,729600,1728000,schedutil,306000000,306000000,1020000000,nvhost_podgov,0,3,,47218,48437,48156,47656,47562,48437,5055,756,1433,0.350,19.286,6.750
3923825789189,9981476,100.186,100.000,729600,729600,1728000,schedutil,306000000,306000000,1020000000,nvhost_podgov,0,3,,47250,48437,48218,47593,47468,48281,5055,756,1433,0.366,19.286,7.070
3923835795658,10006469,99.935,100.000,729600,729600,1728000,schedutil,306000000,306000000,1020000000,nvhost_podgov,0,3,,47062,48250,48062,47718,47343,48250,5055,756,1433,0.344,19.285,6.630
3923845794927,9999269,100.007,100.000,729600,729600,1728000,schedutil,306000000,306000000,1020000000,nvhost_podgov,0,3,,47062,48187,48218,47718,47343,48375,5055,756,1433,0.355,19.286,6.850
3923855795028,10000101,99.999,100.000,729600,729600,1728000,schedutil,306000000,306000000,1020000000,nvhost_podgov,0,3,,47187,48343,48156,47562,47406,48343,5055,756,1433,0.346,19.286,6.680
3923865790616,9995588,100.044,100.000,729600,729600,1728000,schedutil,306000000,306000000,1020000000,nvhost_podgov,0,3,,47187,48531,48156,47593,47531,48531,5055,756,1433,0.372,19.284,7.180
3923875794749,10004133,99.959,100.000,729600,729600,1728000,schedutil,306000000,306000000,1020000000,nvhost_podgov,0,3,,47062,48656,48187,47687,47531,48656,5055,756,1433,0.343,19.288,6.600
3923885791586,9996837,100.032,100.000,729600,729600,1728000,schedutil,306000000,306000000,1020000000,nvhost_podgov,0,3,,47062,48281,48093,47593,47562,48281,5055,756,1433,0.388,19.286,7.480
3923895797703,10006117,99.939,100.000,729600,729600,1728000,schedutil,306000000,306000000,1020000000,nvhost_podgov,0,3,,47156,48312,48062,47562,47468,48312,5055,756,1433,0.356,19.286,6.580
3923905789163,9991460,100.085,100.000,729600,729600,1728000,schedutil,306000000,306000000,1020000000,nvhost_podgov,0,3,,47062,48406,48281,47656,47468,48406,5055,756,1433,0.352,19.271,6.800
3923915796560,10007397,99.926,100.000,729600,729600,1728000,schedutil,306000000,306000000,1020000000,nvhost_podgov,0,3,,47250,48437,48156,47593,47531,48437,5055,756,1433,0.359,19.289,6.630
3923925790741,9994181,100.058,100.000,729600,729600,1728000,schedutil,306000000,306000000,1020000000,nvhost_podgov,0,3,,47187,48250,48093,47593,47531,48250,5055,756,1433,0.360,19.280,6.940
3923935797626,10006885,99.931,100.000,729600,729600,1728000,schedutil,306000000,306000000,1020000000,nvhost_podgov,0,3,,47062,48250,48093,47593,47468,48250,5055,756,1433,0.355,19.286,6.720
3923945794174,9996548,100.035,100.000,729600,729600,1728000,schedutil,306000000,306000000,1020000000,nvhost_podgov,0,3,,47250,48281,48093,47656,47468,48281,5055,756,1433,0.351,19.288,6.770
3923955790851,9996677,100.033,100.000,729600,729600,1728000,schedutil,306000000,306000000,1020000000,nvhost_podgov,0,3,,47187,48312,48187,47500,47468,48562,5055,756,1433,0.384,19.281,7.100
3923965795880,10005029,99.950,100.000,729600,729600,1728000,schedutil,306000000,306000000,1020000000,nvhost_podgov,0,3,,47062,48593,48093,47718,47437,48593,5055,756,1433,0.340,19.286,6.550
3923975787020,9991140,100.089,100.000,729600,729600,1728000,schedutil,306000000,306000000,1020000000,nvhost_podgov,0,3,,47093,48312,48156,47625,47468,48312,5055,756,1433,0.376,19.288,7.260
3923985797393,10010373,99.896,100.000,729600,729600,1728000,schedutil,306000000,306000000,1020000000,nvhost_podgov,0,3,,47125,48250,48093,47468,47468,48250,5055,756,1433,0.341,19.285,6.580
3923995786134,9988741,100.113,100.000,729600,729600,1728000,schedutil,306000000,306000000,1020000000,nvhost_podgov,0,3,,47093,48250,48062,47656,47500,48343,5055,756,1433,0.378,19.282,6.680
3924005810043,10023909,99.761,100.000,729600,729600,1728000,schedutil,306000000,306000000,1020000000,nvhost_podgov,0,3,,47062,48343,48187,47625,47468,48343,5055,756,1433,0.341,19.285,6.580
3924015808288,9998245,100.018,100.000,729600,729600,1728000,schedutil,306000000,306000000,1020000000,nvhost_podgov,0,3,,47125,48250,48156,47593,47531,48250,5055,756,1433,0.360,19.284,6.940
3924025796676,9988388,100.116,100.000,729600,729600,1728000,schedutil,306000000,306000000,1020000000,nvhost_podgov,0,3,,47062,48562,48093,47750,47500,48562,5055,756,1433,0.343,19.286,6.600
3924035790665,9993989,100.060,100.000,729600,729600,1728000,schedutil,306000000,306000000,1020000000,nvhost_podgov,0,3,,47250,48312,48218,47718,47437,48312,5055,756,1433,0.360,19.279,6.940
3924045796270,10005605,99.944,100.000,729600,729600,1728000,schedutil,306000000,306000000,1020000000,nvhost_podgov,0,3,,47218,48218,48125,47562,47437,48218,5055,756,1433,0.360,19.286,7.130
3924055795922,9999652,100.003,100.000,729600,729600,1728000,schedutil,306000000,306000000,1020000000,nvhost_podgov,0,3,,47093,48468,48125,47593,47437,48468,5055,756,1433,0.356,19.285,6.870
3924065810231,10014309,99.857,100.000,729600,729600,1728000,schedutil,306000000,306000000,1020000000,nvhost_podgov,0,3,,47062,48343,48187,47593,47375,48343,5055,756,1433,0.357,19.281,7.860
3924075801564,9991333,100.087,100.000,729600,729600,1728000,schedutil,306000000,306000000,1020000000,nvhost_podgov,0,3,,47312,48218,48187,47593,47468,48218,5055,756,1433,0.339,19.280,6.530
3924085817889,10016325,99.837,100.000,729600,729600,1728000,schedutil,306000000,306000000,1020000000,nvhost_podgov,0,3,,47218,48250,48125,47562,47500,48375,5055,756,1433,0.356,19.281,7.010
3924095798341,9980452,100.196,100.000,729600,729600,1728000,schedutil,306000000,306000000,1020000000,nvhost_podgov,0,3,,47062,48312,48281,47656,47437,48312,5055,756,1433,0.343,19.284,6.600
3924105789706,9991365,100.086,100.000,729600,729600,1728000,schedutil,306000000,306000000,1020000000,nvhost_podgov,0,3,,47218,48531,48218,47656,47531,48531,5055,756,1433,0.375,19.286,6.870
3924115797231,10007525,99.925,100.000,729600,729600,1728000,schedutil,306000000,306000000,1020000000,nvhost_podgov,0,3,,47125,48531,48093,47562,47468,48531,5055,756,1433,0.340,19.288,6.550
3924125793940,9996709,100.033,100.000,729600,729600,1728000,schedutil,306000000,306000000,1020000000,nvhost_podgov,0,3,,47093,48281,48093,47781,47437,48281,5055,756,1433,0.350,19.286,6.720
3924135789464,9995524,100.045,100.000,729600,729600,1728000,schedutil,306000000,306000000,1020000000,nvhost_podgov,0,3,,47062,48312,48250,47687,47531,48312,5055,756,1433,0.376,19.282,7.260
3924145795549,10006085,99.939,100.000,729600,729600,1728000,schedutil,306000000,306000000,1020000000,nvhost_podgov,0,3,,47093,48312,48062,47562,47406,48312,5055,756,1433,0.354,19.291,6.710
3924155786914,9991365,100.086,100.000,729600,729600,1728000,schedutil,306000000,306000000,1020000000,nvhost_podgov,0,3,,47125,48312,48000,47718,47500,48312,5055,756,1433,0.362,19.281,7.180
3924165794535,10007621,99.924,100.000,729600,729600,1728000,schedutil,306000000,306000000,1020000000,nvhost_podgov,0,3,,47031,48250,48156,47750,47562,48250,5055,756,1433,0.347,19.290,6.690
3924175785963,9991428,100.086,100.000,729600,729600,1728000,schedutil,306000000,306000000,1020000000,nvhost_podgov,0,3,,47375,48250,48093,47468,47468,48250,5055,756,1433,0.349,19.277,6.720
3924185795248,10009285,99.907,100.000,729600,729600,1728000,schedutil,306000000,306000000,1020000000,nvhost_podgov,0,3,,47062,48312,48125,47500,47468,48312,5055,756,1433,0.343,19.284,6.600
3924195786645,9991397,100.086,100.000,729600,729600,1728000,schedutil,306000000,306000000,1020000000,nvhost_podgov,0,3,,47062,48468,48218,47687,47406,48468,5055,756,1433,0.364,19.280,7.010
3924205796154,10009509,99.905,100.000,729600,729600,1728000,schedutil,306000000,306000000,1020000000,nvhost_podgov,0,3,,47312,48531,48062,47625,47531,48531,5055,756,1433,0.349,19.285,6.720
3924215807295,10011141,99.889,100.000,729600,729600,1728000,schedutil,306000000,306000000,1020000000,nvhost_podgov,0,3,,47156,48375,48125,47562,47562,48250,5055,756,1433,0.366,19.291,6.900
3924225797571,9990276,100.097,100.000,729600,729600,1728000,schedutil,306000000,306000000,1020000000,nvhost_podgov,0,3,,47062,48218,48250,47750,47531,48250,5055,756,1433,0.349,19.286,6.720
3924235794664,9997093,100.029,100.000,729600,729600,1728000,schedutil,306000000,306000000,1020000000,nvhost_podgov,0,3,,47156,48250,48156,47625,47500,48375,5055,756,1433,0.362,19.290,6.630
3924245793292,9998628,100.014,100.000,729600,729600,1728000,schedutil,306000000,306000000,1020000000,nvhost_podgov,0,3,,47125,48312,48062,47593,47468,48312,5055,756,1433,0.366,19.282,7.070
3924255795761,10002469,99.975,100.000,729600,729600,1728000,schedutil,306000000,306000000,1020000000,nvhost_podgov,0,3,,47062,48625,48125,47625,47562,48625,5055,756,1433,0.354,19.288,6.520
3924265793526,9997765,100.022,100.000,729600,729600,1728000,schedutil,306000000,306000000,1020000000,nvhost_podgov,0,3,,47125,48500,48062,47593,47500,48500,5055,756,1433,0.381,19.288,7.350
3924275797371,10003845,99.962,100.000,729600,729600,1728000,schedutil,306000000,306000000,1020000000,nvhost_podgov,0,3,,47125,48312,48125,47625,47500,48312,5055,756,1433,0.351,19.290,6.540
3924285786719,9989348,100.107,100.000,729600,729600,1728000,schedutil,306000000,306000000,1020000000,nvhost_podgov,0,3,,47093,48312,48062,47781,47468,48437,5055,756,1433,0.378,19.276,7.280
3924295808932,10022213,99.778,100.000,729600,729600,1728000,schedutil,306000000,306000000,1020000000,nvhost_podgov,0,3,,47062,48437,48156,47687,47531,48437,5055,756,1433,0.352,19.285,6.800
3924305796297,9987365,100.127,100.000,729600,729600,1728000,schedutil,306000000,306000000,1020000000,nvhost_podgov,0,3,,47281,48375,48125,47593,47531,48250,5055,756,1433,0.344,19.285,6.660
3924315786990,9990693,100.093,100.000,729600,729600,1728000,schedutil,306000000,306000000,1020000000,nvhost_podgov,0,3,,47062,48312,48031,47500,47562,48312,5055,756,1433,0.389,19.289,7.500
3924325792114,10005124,99.949,100.000,729600,729600,1728000,schedutil,306000000,306000000,1020000000,nvhost_podgov,0,3,,47218,48218,48062,47625,47500,48218,5055,756,1433,0.345,19.286,6.660
3924335786455,9994341,100.057,100.000,729600,729600,1728000,schedutil,306000000,306000000,1020000000,nvhost_podgov,0,3,,47312,48281,48062,47625,47500,48281,5055,756,1433,0.383,19.282,6.900
3924345797116,10010661,99.894,100.000,729600,729600,1728000,schedutil,306000000,306000000,1020000000,nvhost_podgov,0,3,,47062,48281,48031,47625,47500,48406,5055,756,1433,0.356,19.284,6.870
3924355789985,9992869,100.071,100.000,729600,729600,1728000,schedutil,306000000,306000000,1020000000,nvhost_podgov,0,3,,47062,48500,48250,47656,47437,48500,5055,756,1433,0.366,19.289,7.070
3924365795845,10005860,99.941,100.000,729600,729600,1728000,schedutil,306000000,306000000,1020000000,nvhost_podgov,0,3,,47218,48406,48156,47562,47531,48218,5055,756,1433,0.370,19.285,7.130
3924375793930,9998085,100.019,100.000,729600,729600,1728000,schedutil,306000000,306000000,1020000000,nvhost_podgov,0,3,,47125,48187,48093,47500,47500,48187,5055,756,1433,0.354,19.288,6.820
3924385789263,9995333,100.047,100.000,729600,729600,1728000,schedutil,306000000,306000000,1020000000,nvhost_podgov,0,3,,47000,48343,48093,47687,47375,48343,5055,756,1433,0.349,19.276,7.230
3924395797140,10007877,99.921,100.000,729600,729600,1728000,schedutil,306000000,306000000,1020000000,nvhost_podgov,0,3,,47218,48281,48125,47593,47437,48281,5055,756,1433,0.343,19.285,6.600
3924405789432,9992292,100.077,100.000,729600,729600,1728000,schedutil,306000000,306000000,1020000000,nvhost_podgov,0,3,,47125,48218,48156,47625,47500,48218,5055,756,1433,0.371,19.286,7.310
3924415797085,10007653,99.924,100.000,729600,729600,1728000,schedutil,306000000,306000000,1020000000,nvhost_podgov,0,3,,47125,48593,48093,47718,47406,48593,5055,756,1433,0.338,19.285,6.500
3924425800226,10003141,99.969,100.000,729600,729600,1728000,schedutil,306000000,306000000,1020000000,nvhost_podgov,0,3,,47062,48250,48156,47593,47531,48250,5055,756,1433,0.351,19.281,7.090
3924435798759,9998533,100.015,100.000,729600,729600,1728000,schedutil,306000000,306000000,1020000000,nvhost_podgov,0,3,,47062,48250,48156,47593,47468,48250,5055,756,1433,0.340,19.282,6.550
3924445789259,9990500,100.095,100.000,729600,729600,1728000,schedutil,306000000,306000000,1020000000,nvhost_podgov,0,3,,47031,48343,48062,47781,47437,48343,5055,756,1433,0.396,19.288,7.640
3924455799280,10010021,99.900,100.000,729600,729600,1728000,schedutil,306000000,306000000,1020000000,nvhost_podgov,0,3,,47250,48375,48187,47593,47562,48375,5055,756,1433,0.340,19.285,6.550
3924465795925,9996645,100.034,100.000,729600,729600,1728000,schedutil,306000000,306000000,1020000000,nvhost_podgov,0,3,,47218,48250,48093,47593,47468,48250,5055,756,1433,0.367,19.282,7.090
3924475798650,10002725,99.973,100.000,729600,729600,1728000,schedutil,306000000,306000000,1020000000,nvhost_podgov,0,3,,47062,48250,48031,47687,47500,48250,5055,756,1433,0.351,19.286,6.770
3924485793726,9995076,100.049,100.000,729600,729600,1728000,schedutil,306000000,306000000,1020000000,nvhost_podgov,0,3,,47031,48375,48062,47687,47468,48593,5055,756,1433,0.388,19.279,7.420
3924495801667,10007941,99.921,100.000,729600,729600,1728000,schedutil,306000000,306000000,1020000000,nvhost_podgov,0,3,,47218,48312,48187,47593,47437,48593,5055,756,1433,0.389,19.266,7.490
3924505794472,9992805,100.072,100.000,729600,729600,1728000,schedutil,306000000,306000000,1020000000,nvhost_podgov,0,3,,47093,48531,48093,47562,47500,48531,5055,756,1433,0.350,19.285,6.750
3924515793356,9998884,100.011,100.000,729600,729600,1728000,schedutil,306000000,306000000,1020000000,nvhost_podgov,0,3,,47062,48406,48187,47687,47406,48312,5055,756,1433,0.362,19.285,6.990
3924525794577,10001221,99.988,100.000,729600,729600,1728000,schedutil,306000000,306000000,1020000000,nvhost_podgov,0,3,,47156,48250,48062,47656,47437,48250,5095,756,1433,0.351,19.282,6.770
3924535787606,9993029,100.070,100.000,729600,729600,1728000,schedutil,306000000,306000000,1020000000,nvhost_podgov,0,3,,47125,48375,48062,47593,47500,48375,5095,756,1433,0.391,19.289,7.550
3924545796059,10008453,99.916,100.000,729600,729600,1728000,schedutil,306000000,306000000,1020000000,nvhost_podgov,0,3,,47062,48343,48312,47750,47437,48343,5095,756,1433,0.349,19.289,6.730
3924555794367,9998308,100.017,100.000,729600,729600,1728000,schedutil,306000000,306000000,1020000000,nvhost_podgov,0,3,,47031,48250,48156,47656,47531,48250,5095,756,1433,0.369,19.286,6.680
3924565796612,10002245,99.978,100.000,729600,729600,1728000,schedutil,306000000,306000000,1020000000,nvhost_podgov,0,3,,47187,48593,48125,47562,47531,48593,5095,756,1433,0.340,19.286,6.550
3924575795113,9998501,100.015,100.000,729600,729600,1728000,schedutil,306000000,306000000,1020000000,nvhost_podgov,0,3,,47093,48312,48125,47750,47468,48312,5095,756,1433,0.355,19.284,6.850
3924585806126,10011013,99.890,100.000,729600,729600,1728000,schedutil,306000000,306000000,1020000000,nvhost_podgov,0,3,,47281,48312,48156,47687,47562,48312,5095,756,1433,0.362,19.285,6.990
3924595798194,9992068,100.079,100.000,729600,729600,1728000,schedutil,306000000,306000000,1020000000,nvhost_podgov,0,3,,47281,48500,48062,47531,47437,48500,5095,756,1433,0.349,19.288,6.520
3924605793207,9995013,100.050,100.000,729600,729600,1728000,schedutil,306000000,306000000,1020000000,nvhost_podgov,0,3,,47062,48375,48062,47750,47468,48375,5095,756,1433,0.390,19.288,7.530
3924615795452,10002245,99.978,100.000,729600,729600,1728000,schedutil,306000000,306000000,1020000000,nvhost_podgov,0,3,,47343,48281,48156,47687,47500,48281,5095,756,1433,0.352,19.288,6.530
3924625786528,9991076,100.089,100.000,729600,729600,1728000,schedutil,306000000,306000000,1020000000,nvhost_podgov,0,3,,47218,48250,48062,47593,47531,48312,5095,756,1433,0.376,19.282,7.280
3924635796389,10009861,99.901,100.000,729600,729600,1728000,schedutil,306000000,306000000,1020000000,nvhost_podgov,0,3,,47031,48312,48062,47468,47531,48312,5095,756,1433,0.347,19.286,6.580
3924645795210,9998821,100.012,100.000,729600,729600,1728000,schedutil,306000000,306000000,1020000000,nvhost_podgov,0,3,,47062,48281,48250,47656,47531,48500,5095,756,1433,0.366,19.286,6.600
3924655796239,10001029,99.990,100.000,729600,729600,1728000,schedutil,306000000,306000000,1020000000,nvhost_podgov,0,3,,47187,48531,48125,47562,47468,48531,5095,756,1433,0.354,19.284,6.820
3924665793971,9997732,100.023,100.000,729600,729600,1728000,schedutil,306000000,306000000,1020000000,nvhost_podgov,0,3,,47093,48281,48093,47562,47500,48281,5095,756,1433,0.349,19.282,6.630
3924675787000,9993029,100.070,100.000,729600,729600,1728000,schedutil,306000000,306000000,1020000000,nvhost_podgov,0,3,,47031,48281,48218,47625,47468,48281,5095,756,1433,0.383,19.286,7.370
3924685809213,10022213,99.778,100.000,729600,729600,1728000,schedutil,306000000,306000000,1020000000,nvhost_podgov,0,3,,47062,48375,48156,47562,47562,48375,5055,756,1433,0.355,19.286,6.490
3924695787233,9978020,100.220,100.000,729600,729600,1728000,schedutil,306000000,306000000,1020000000,nvhost_podgov,0,3,,47156,48406,48093,47562,47468,48406,5055,756,1433,0.381,19.284,6.750
3924705796614,10009381,99.906,100.000,729600,729600,1728000,schedutil,306000000,306000000,1020000000,nvhost_podgov,0,3,,47000,48250,48125,47718,47531,48250,5055,756,1433,0.360,19.290,6.680
3924715787403,9990789,100.092,100.000,729600,729600,1728000,schedutil,306000000,306000000,1020000000,nvhost_podgov,0,3,,47281,48312,48093,47593,47468,48312,5055,756,1433,0.383,19.275,7.370
3924725807120,10019717,99.803,100.000,729600,729600,1728000,schedutil,306000000,306000000,1020000000,nvhost_podgov,0,3,,47218,48312,48093,47593,47468,48312,5055,756,1433,0.351,19.289,6.550
3924735794452,9987332,100.127,100.000,729600,729600,1728000,schedutil,306000000,306000000,1020000000,nvhost_podgov,0,3,,47031,48312,48062,47750,47531,48312,5055,756,1433,0.347,19.285,6.710
3924745791289,9996837,100.032,100.000,729600,729600,1728000,schedutil,306000000,306000000,1020000000,nvhost_podgov,0,3,,47343,48437,48156,47625,47562,48437,5055,756,1433,0.364,19.279,7.210
3924755794334,10003045,99.970,100.000,729600,729600,1728000,schedutil,306000000,306000000,1020000000,nvhost_podgov,0,3,,47156,48312,48125,47625,47500,48312,5055,756,1433,0.347,19.288,6.710
3924765793987,9999653,100.003,100.000,729600,729600,1728000,schedutil,306000000,306000000,1020000000,nvhost_podgov,0,3,,47031,48187,48125,47718,47468,48187,5055,756,1433,0.360,19.282,6.940
3924775793959,9999972,100.000,100.000,729600,729600,1728000,schedutil,306000000,306000000,1020000000,nvhost_podgov,0,3,,47125,48250,48125,47656,47562,48406,5055,756,1433,0.340,19.288,6.550
3924785791948,9997989,100.020,100.000,729600,729600,1728000,schedutil,306000000,306000000,1020000000,nvhost_podgov,0,3,,47187,48343,48156,47562,47500,48343,5055,756,1433,0.345,19.281,7.210
3924795795505,10003557,99.964,100.000,729600,729600,1728000,schedutil,306000000,306000000,1020000000,nvhost_podgov,0,3,,47093,48531,48093,47718,47437,48531,5055,756,1433,0.343,19.288,6.600
3924805789877,9994372,100.056,100.000,729600,729600,1728000,schedutil,306000000,306000000,1020000000,nvhost_podgov,0,3,,47062,48593,48187,47625,47500,48593,5055,756,1433,0.383,19.281,7.370
3924815798106,10008229,99.918,100.000,729600,729600,1728000,schedutil,306000000,306000000,1020000000,nvhost_podgov,0,3,,47125,48312,48125,47562,47562,48312,5055,755,1433,0.336,19.284,6.490
3924825786143,9988037,100.120,100.000,729600,729600,1728000,schedutil,306000000,306000000,1020000000,nvhost_podgov,0,3,,47093,48250,48093,47750,47468,48250,5055,755,1433,0.383,19.285,6.600
3924835796516,10010373,99.896,100.000,729600,729600,1728000,schedutil,306000000,306000000,1020000000,nvhost_podgov,0,3,,47000,48375,48250,47718,47468,48375,5055,756,1433,0.347,19.282,6.690
3924845793256,9996740,100.033,100.000,729600,729600,1728000,schedutil,306000000,306000000,1020000000,nvhost_podgov,0,3,,47031,48375,48250,47656,47562,48375,5055,756,1433,0.359,19.284,6.910
3924855793741,10000485,99.995,100.000,729600,729600,1728000,schedutil,306000000,306000000,1020000000,nvhost_podgov,0,3,,47093,48218,48062,47562,47468,48218,5055,756,1433,0.359,19.284,7.400
3924865796050,10002309,99.977,100.000,729600,729600,1728000,schedutil,306000000,306000000,1020000000,nvhost_podgov,0,3,,47062,48218,48343,47718,47500,48312,5055,756,1433,0.354,19.286,6.800
3924875790039,9993989,100.060,100.000,729600,729600,1728000,schedutil,306000000,306000000,1020000000,nvhost_podgov,0,3,,47250,48312,48218,47562,47562,48312,5055,756,1433,0.354,19.281,7.260
3924885795899,10005860,99.941,100.000,729600,729600,1728000,schedutil,306000000,306000000,1020000000,nvhost_podgov,0,3,,47250,48281,48125,47593,47468,48281,5055,756,1433,0.341,19.286,6.580
3924895786240,9990341,100.097,100.000,729600,729600,1728000,schedutil,306000000,306000000,1020000000,nvhost_podgov,0,3,,47031,48500,48125,47718,47500,48500,5055,756,1433,0.352,19.281,6.800
3924905795781,10009541,99.905,100.000,729600,729600,1728000,schedutil,306000000,306000000,1020000000,nvhost_podgov,0,3,,47187,48500,48218,47656,47625,48281,5055,756,1433,0.336,19.286,6.490
3924915786985,9991204,100.088,100.000,729600,729600,1728000,schedutil,306000000,306000000,1020000000,nvhost_podgov,0,3,,47156,48250,48093,47531,47468,48250,5055,756,1433,0.389,19.282,7.500
3924925796110,10009125,99.909,100.000,729600,729600,1728000,schedutil,306000000,306000000,1020000000,nvhost_podgov,0,3,,47125,48281,48093,47781,47375,48437,5055,756,1433,0.336,19.284,6.490
3924935793587,9997477,100.025,100.000,729600,729600,1728000,schedutil,306000000,306000000,1020000000,nvhost_podgov,0,3,,47093,48375,48218,47593,47468,48375,5055,756,1433,0.356,19.285,6.870
3924945798296,10004709,99.953,100.000,729600,729600,1728000,schedutil,306000000,306000000,1020000000,nvhost_podgov,0,3,,47125,48312,48156,47656,47468,48312,5055,756,1433,0.352,19.288,6.800
3924955793084,9994788,100.052,100.000,729600,729600,1728000,schedutil,306000000,306000000,1020000000,nvhost_podgov,0,3,,47062,48562,48062,47593,47500,48375,5055,756,1433,0.347,19.288,6.710
3924965786849,9993765,100.062,100.000,729600,729600,1728000,schedutil,306000000,306000000,1020000000,nvhost_podgov,0,3,,47000,48312,48218,47562,47437,48312,5055,756,1433,0.356,19.281,6.870
3924975796550,10009701,99.903,100.000,729600,729600,1728000,schedutil,306000000,306000000,1020000000,nvhost_podgov,0,3,,47000,48218,48062,47593,47468,48218,5055,756,1433,0.351,19.290,6.580
3924985801771,10005221,99.948,100.000,729600,729600,1728000,schedutil,306000000,306000000,1020000000,nvhost_podgov,0,3,,47093,48437,48062,47531,47500,48437,5055,756,1433,0.366,19.284,7.070
3924995797775,9996004,100.040,100.000,729600,729600,1728000,schedutil,306000000,306000000,1020000000,nvhost_podgov,0,3,,47062,48437,48218,47593,47500,48437,5055,756,1433,0.345,19.289,6.660
3925005786260,9988485,100.115,100.000,729600,729600,1728000,schedutil,306000000,306000000,1020000000,nvhost_podgov,0,3,,47281,48312,48218,47656,47468,48312,5055,756,1433,0.380,19.280,7.330
3925015795577,10009317,99.907,100.000,729600,729600,1728000,schedutil,306000000,306000000,1020000000,nvhost_podgov,0,3,,47187,48281,48125,47562,47531,48281,5055,756,1433,0.352,19.284,6.800
3925025793310,9997733,100.023,100.000,729600,729600,1728000,schedutil,306000000,306000000,1020000000,nvhost_podgov,0,3,,47062,48343,48062,47750,47437,48343,5055,756,1433,0.347,19.286,6.770
3925035794338,10001028,99.990,100.000,729600,729600,1728000,schedutil,306000000,306000000,1020000000,nvhost_podgov,0,3,,47281,48375,48218,47718,47562,48531,5055,756,1433,0.364,19.282,7.010
3925045795079,10000741,99.993,100.000,729600,729600,1728000,schedutil,306000000,306000000,1020000000,nvhost_podgov,0,3,,47187,48531,48156,47656,47437,48531,5055,756,1433,0.360,19.286,6.940
3925055792908,9997829,100.022,100.000,729600,729600,1728000,schedutil,306000000,306000000,1020000000,nvhost_podgov,0,3,,47031,48500,48062,47718,47468,48312,5055,756,1433,0.375,19.288,7.230
3925065793905,10000997,99.990,100.000,729600,729600,1728000,schedutil,306000000,306000000,1020000000,nvhost_podgov,0,3,,47062,48187,48156,47625,47468,48187,5055,756,1433,0.356,19.291,6.520
3925075786357,9992452,100.076,100.000,729600,729600,1728000,schedutil,306000000,306000000,1020000000,nvhost_podgov,0,3,,47156,48375,48187,47625,47531,48375,5055,756,1433,0.375,19.274,7.230
3925086036287,10249930,97.562,99.999,729600,729600,1728000,schedutil,306000000,306000000,1020000000,nvhost_podgov,0,3,,47125,48343,48093,47718,47406,48343,5055,756,1433,0.379,19.284,7.300
3925095808863,9772576,102.327,100.000,729600,729600,1728000,schedutil,306000000,306000000,1020000000,nvhost_podgov,0,3,,47031,48218,48250,47687,47500,48250,5055,756,1433,0.359,19.286,6.920
3925105797796,9988933,100.111,100.000,729600,729600,1728000,schedutil,306000000,306000000,1020000000,nvhost_podgov,0,3,,47125,48250,48187,47562,47531,48250,5055,756,1433,0.352,19.288,6.580
3925115798312,10000516,99.995,100.000,729600,729600,1728000,schedutil,306000000,306000000,1020000000,nvhost_podgov,0,3,,47093,48312,48062,47750,47437,48312,5055,756,1433,0.354,19.282,6.820
3925125797549,9999237,100.008,100.000,729600,729600,1728000,schedutil,306000000,306000000,1020000000,nvhost_podgov,0,3,,47312,48343,48281,47656,47437,48343,5055,756,1433,0.355,19.285,6.870
3925135794386,9996837,100.032,100.000,729600,729600,1728000,schedutil,306000000,306000000,1020000000,nvhost_podgov,0,3,,47218,48500,48125,47593,47531,48500,5055,756,1433,0.347,19.284,6.710
3925145792758,9998372,100.016,100.000,729600,729600,1728000,schedutil,306000000,306000000,1020000000,nvhost_podgov,0,3,,47125,48437,48093,47781,47531,48437,5055,756,1433,0.416,19.274,8.030
3925155794139,10001381,99.986,100.000,729600,729600,1728000,schedutil,306000000,306000000,1020000000,nvhost_podgov,0,3,,47062,48250,48187,47687,47531,48250,5055,756,1433,0.364,19.280,7.010
3925165792320,9998181,100.018,100.000,729600,729600,1728000,schedutil,306000000,306000000,1020000000,nvhost_podgov,0,3,,47312,48218,48125,47593,47500,48343,5055,756,1433,0.372,19.279,7.180
3925175807589,10015269,99.848,100.000,729600,729600,1728000,schedutil,306000000,306000000,1020000000,nvhost_podgov,0,3,,47218,48312,48125,47656,47500,48312,5055,756,1433,0.356,19.282,6.870
3925185790889,9983300,100.167,100.000,729600,729600,1728000,schedutil,306000000,306000000,1020000000,nvhost_podgov,0,3,,47062,48343,48250,47781,47531,48687,5055,756,1433,0.372,19.270,7.180
3925195816014,10025125,99.749,100.000,729600,729600,1728000,schedutil,306000000,306000000,1020000000,nvhost_podgov,0,3,,47187,48468,48125,47656,47468,48468,5055,756,1433,0.367,19.282,6.940
3925205808819,9992805,100.072,100.000,729600,729600,1728000,schedutil,306000000,306000000,1020000000,nvhost_podgov,0,3,,47125,48281,48093,47593,47500,48281,5055,756,1433,0.369,19.279,7.100
3925215797176,9988357,100.117,100.000,729600,729600,1728000,schedutil,306000000,306000000,1020000000,nvhost_podgov,0,3,,47156,48281,48093,47750,47437,48281,5055,756,1433,0.378,19.276,7.590
3925225808412,10011236,99.888,100.000,729600,729600,1728000,schedutil,306000000,306000000,1020000000,nvhost_podgov,0,3,,47062,48375,48218,47656,47562,48375,5055,756,1433,0.370,19.280,6.960
3925235792225,9983813,100.162,100.000,729600,729600,1728000,schedutil,306000000,306000000,1020000000,nvhost_podgov,0,3,,47125,48343,48125,47593,47562,48218,5055,756,1433,0.414,19.277,7.970
3925245805894,10013669,99.863,100.000,729600,729600,1728000,schedutil,306000000,306000000,1020000000,nvhost_podgov,0,3,,47125,48250,48093,47781,47468,48250,5055,756,1433,0.369,19.286,7.120
3925255792682,9986788,100.132,100.000,729600,729600,1728000,schedutil,306000000,306000000,1020000000,nvhost_podgov,0,3,,47062,48250,48125,47718,47562,48250,5055,756,1433,0.411,19.276,7.160
3925265810799,10018117,99.819,100.000,729600,729600,1728000,schedutil,306000000,306000000,1020000000,nvhost_podgov,0,3,,47281,48312,48093,47625,47562,48312,5055,756,1433,0.362,19.282,6.990
3925275808500,9997701,100.023,100.000,729600,729600,1728000,schedutil,306000000,306000000,1020000000,nvhost_podgov,0,3,,47062,48312,48062,47625,47500,48562,5055,756,1433,0.378,19.274,7.270
3925285805817,9997317,100.027,100.000,729600,729600,1728000,schedutil,306000000,306000000,1020000000,nvhost_podgov,0,3,,47031,48437,48218,47656,47562,48437,5055,756,1433,0.362,19.280,6.990
3925295792029,9986212,100.138,100.000,729600,729600,1728000,schedutil,306000000,306000000,1020000000,nvhost_podgov,0,3,,47218,48312,48187,47625,47468,48312,5055,756,1433,0.396,19.276,7.640
3925305806658,10014629,99.854,100.000,729600,729600,1728000,schedutil,306000000,306000000,1020000000,nvhost_podgov,0,3,,47093,48187,48062,47593,47562,48187,5055,756,1433,0.366,19.281,7.070
3925315807047,10000389,99.996,100.000,729600,729600,1728000,schedutil,306000000,306000000,1020000000,nvhost_podgov,0,3,,47031,48250,48281,47718,47500,48312,5055,756,1433,0.380,19.281,7.320
3925325804940,9997893,100.021,100.000,729600,729600,1728000,schedutil,306000000,306000000,1020000000,nvhost_podgov,0,3,,47187,48375,48093,47625,47468,48375,5055,756,1433,0.385,19.280,7.420
3925335796432,9991492,100.085,100.000,729600,729600,1728000,schedutil,306000000,306000000,1020000000,nvhost_podgov,0,3,,47250,48187,48093,47593,47468,48187,5055,756,1433,0.391,19.280,7.540
3925345803797,10007365,99.926,100.000,729600,729600,1728000,schedutil,306000000,306000000,1020000000,nvhost_podgov,0,3,,47000,48625,48062,47593,47468,48625,5055,756,1433,0.394,19.281,7.590
3925355813082,10009285,99.907,100.000,729600,729600,1728000,schedutil,306000000,306000000,1020000000,nvhost_podgov,0,3,,47031,48343,48187,47625,47531,48343,5055,756,1433,0.385,19.280,7.420
3925365796926,9983844,100.162,100.000,729600,729600,1728000,schedutil,306000000,306000000,1020000000,nvhost_podgov,0,3,,47093,48281,48125,47531,47531,48281,5055,756,1433,0.395,19.274,7.620
3925375808579,10011653,99.884,100.000,729600,729600,1728000,schedutil,306000000,306000000,1020000000,nvhost_podgov,0,3,,47156,48437,48093,47750,47468,48437,5055,756,1433,0.364,19.282,7.010
3925385809320,10000741,99.993,100.000,729600,729600,1728000,schedutil,306000000,306000000,1020000000,nvhost_podgov,0,3,,47000,48375,48125,47625,47500,48375,5055,756,1433,0.372,19.281,7.070
3925395795949,9986629,100.134,100.000,729600,729600,1728000,schedutil,306000000,306000000,1020000000,nvhost_podgov,0,3,,47281,48250,48093,47593,47562,48250,5055,756,1433,0.395,19.279,7.620
3925405806898,10010949,99.891,100.000,729600,729600,1728000,schedutil,306000000,306000000,1020000000,nvhost_podgov,0,3,,47062,48281,48062,47593,47468,48375,5055,756,1433,0.366,19.280,7.070
3925415802294,9995396,100.046,100.000,729600,729600,1728000,schedutil,306000000,306000000,1020000000,nvhost_podgov,0,3,,47125,48312,48281,47625,47437,48312,5055,756,1433,0.394,19.277,7.590
3925425795163,9992869,100.071,100.000,729600,729600,1728000,schedutil,306000000,306000000,1020000000,nvhost_podgov,0,3,,47281,48312,48187,47625,47562,48312,5055,756,1433,0.372,19.284,7.070
3925435787103,9991940,100.081,100.000,729600,729600,1728000,schedutil,306000000,306000000,1020000000,nvhost_podgov,0,3,,47125,48437,48125,47750,47468,48437,5055,756,1433,0.386,19.269,7.440
3925445797380,10010277,99.897,100.000,729600,729600,1728000,schedutil,306000000,306000000,1020000000,nvhost_podgov,0,3,,47062,48500,48156,47625,47468,48281,5055,756,1433,0.366,19.285,7.160
3925455787977,9990597,100.094,100.000,729600,729600,1728000,schedutil,306000000,306000000,1020000000,nvhost_podgov,0,3,,47312,48281,48125,47625,47500,48281,5055,756,1433,0.372,19.271,7.180
3925465793294,10005317,99.947,100.000,729600,729600,1728000,schedutil,306000000,306000000,1020000000,nvhost_podgov,0,3,,47156,48375,48062,47593,47500,48375,5055,756,1433,0.371,19.285,7.040
3925475786482,9993188,100.068,100.000,729600,729600,1728000,schedutil,306000000,306000000,1020000000,nvhost_podgov,0,3,,47125,48375,48125,47781,47531,48250,5055,756,1433,0.407,19.277,7.860
3925485796887,10010405,99.896,100.000,729600,729600,1728000,schedutil,306000000,306000000,1020000000,nvhost_podgov,0,3,,47125,48250,48156,47531,47468,48250,5055,756,1433,0.364,19.288,7.010
3925495793596,9996709,100.033,100.000,729600,729600,1728000,schedutil,306000000,306000000,1020000000,nvhost_podgov,0,3,,47156,48562,48093,47656,47468,48562,5055,756,1433,0.375,19.280,7.230
3925505808577,10014981,99.850,100.000,729600,729600,1728000,schedutil,306000000,306000000,1020000000,nvhost_podgov,0,3,,47093,48312,48062,47656,47468,48312,5055,756,1433,0.416,19.271,8.030
3925515804645,9996068,100.039,100.000,729600,729600,1728000,schedutil,306000000,306000000,1020000000,nvhost_podgov,0,3,,47031,48281,48093,47593,47562,48531,5055,756,1433,0.376,19.277,7.260
3925525798250,9993605,100.064,100.000,729600,729600,1728000,schedutil,306000000,306000000,1020000000,nvhost_podgov,0,3,,47156,48500,48062,47562,47531,48500,5055,756,1433,0.379,19.271,7.300
3925535808975,10010725,99.893,100.000,729600,729600,1728000,schedutil,306000000,306000000,1020000000,nvhost_podgov,0,3,,47093,48312,48062,47687,47437,48312,5055,756,1433,0.366,19.280,6.940
3925545800211,9991236,100.088,100.000,729600,729600,1728000,schedutil,306000000,306000000,1020000000,nvhost_podgov,0,3,,47281,48250,48187,47656,47531,48250,5055,756,1433,0.409,19.279,7.880
3925555807096,10006885,99.931,100.000,729600,729600,1728000,schedutil,306000000,306000000,1020000000,nvhost_podgov,0,3,,47281,48281,48156,47625,47562,48281,5055,756,1433,0.378,19.280,6.940
3925565796029,9988933,100.111,100.000,729600,729600,1728000,schedutil,306000000,306000000,1020000000,nvhost_podgov,0,3,,47093,48312,48093,47500,47500,48312,5055,756,1433,0.414,19.279,7.320
3925575799778,10003749,99.963,100.000,729600,729600,1728000,schedutil,306000000,306000000,1020000000,nvhost_podgov,0,3,,47125,48312,48125,47656,47375,48593,5055,756,1433,0.414,19.280,7.280
3925585805478,10005700,99.943,100.000,729600,729600,1728000,schedutil,306000000,306000000,1020000000,nvhost_podgov,0,3,,47218,48562,48125,47593,47500,48562,5055,756,1433,0.365,19.279,7.040
3925595797227,9991749,100.083,100.000,729600,729600,1728000,schedutil,306000000,306000000,1020000000,nvhost_podgov,0,3,,47093,48312,48093,47812,47531,48312,5055,756,1433,0.403,19.275,7.640
3925605809776,10012549,99.875,100.000,729600,729600,1728000,schedutil,306000000,306000000,1020000000,nvhost_podgov,0,3,,47031,48312,48187,47656,47437,48312,5055,756,1433,0.388,19.280,6.940
3925615795860,9986084,100.139,100.000,729600,729600,1728000,schedutil,306000000,306000000,1020000000,nvhost_podgov,0,3,,47218,48468,48125,47687,47531,48468,5055,756,1433,0.396,19.277,7.490
3925625808761,10012901,99.871,100.000,729600,729600,1728000,schedutil,306000000,306000000,1020000000,nvhost_podgov,0,3,,47125,48343,48062,47562,47468,48343,5055,756,1433,0.361,19.279,6.960
3925635791454,9982693,100.173,100.000,729600,729600,1728000,schedutil,306000000,306000000,1020000000,nvhost_podgov,0,3,,47062,48281,48250,47687,47437,48281,5055,756,1433,0.412,19.276,7.100
3925645807907,10016453,99.836,100.000,729600,729600,1728000,schedutil,306000000,306000000,1020000000,nvhost_podgov,0,3,,47031,48250,48250,47593,47562,48250,5055,756,1433,0.362,19.281,6.990
3925655792551,9984644,100.154,100.000,729600,729600,1728000,schedutil,306000000,306000000,1020000000,nvhost_podgov,0,3,,47125,48343,48062,47500,47437,48343,5055,756,1433,0.404,19.274,7.160
3925665810092,10017541,99.825,100.000,729600,729600,1728000,schedutil,306000000,306000000,1020000000,nvhost_podgov,0,3,,47062,48250,48093,47718,47531,48250,5055,756,1433,0.364,19.281,7.010
3925675807217,9997125,100.029,100.000,729600,729600,1728000,schedutil,306000000,306000000,1020000000,nvhost_podgov,0,3,,47218,48468,48125,47687,47562,48468,5055,756,1433,0.372,19.277,7.180
3925685798774,9991557,100.085,100.000,729600,729600,1728000,schedutil,306000000,306000000,1020000000,nvhost_podgov,0,3,,47312,48437,48156,47593,47500,48437,5055,756,1433,0.398,19.271,7.650
3925695809178,10010404,99.896,100.000,729600,729600,1728000,schedutil,306000000,306000000,1020000000,nvhost_podgov,0,3,,47062,48218,48062,47781,47437,48218,5055,756,1433,0.378,19.282,7.070
3925705803295,9994117,100.059,100.000,729600,729600,1728000,schedutil,306000000,306000000,1020000000,nvhost_podgov,0,3,,47218,48312,48156,47625,47562,48375,5055,756,1433,0.380,19.281,7.320
3925715797636,9994341,100.057,100.000,729600,729600,1728000,schedutil,306000000,306000000,1020000000,nvhost_podgov,0,3,,47218,48281,48125,47562,47468,48281,5055,756,1433,0.360,19.279,6.940
3925725788040,9990404,100.096,100.000,729600,729600,1728000,schedutil,306000000,306000000,1020000000,nvhost_podgov,0,3,,47125,48312,48093,47593,47500,48656,5055,756,1433,0.421,19.275,7.160
3925735812493,10024453,99.756,100.000,729600,729600,1728000,schedutil,306000000,306000000,1020000000,nvhost_podgov,0,3,,47031,48687,48281,47687,47531,48687,5055,756,1433,0.359,19.275,6.910
3925745802450,9989957,100.101,100.000,729600,729600,1728000,schedutil,306000000,306000000,1020000000,nvhost_podgov,0,3,,47156,48312,48125,47593,47531,48312,5055,756,1433,0.383,19.279,7.560
3925755797879,9995429,100.046,100.000,729600,729600,1728000,schedutil,306000000,306000000,1020000000,nvhost_podgov,0,3,,47093,48312,48093,47562,47437,48312,5055,756,1433,0.378,19.275,7.270
3925765807867,10009988,99.900,100.000,729600,729600,1728000,schedutil,306000000,306000000,1020000000,nvhost_podgov,0,3,,47062,48437,48218,47656,47437,48437,5055,756,1433,0.372,19.281,7.090
3925775794848,9986981,100.130,100.000,729600,729600,1728000,schedutil,306000000,306000000,1020000000,nvhost_podgov,0,3,,47031,48343,48156,47656,47562,48343,5055,756,1433,0.391,19.274,7.540
3925785806437,10011589,99.884,100.000,729600,729600,1728000,schedutil,306000000,306000000,1020000000,nvhost_podgov,0,3,,47062,48218,48062,47687,47500,48218,5055,756,1433,0.371,19.281,7.160
3925795804650,9998213,100.018,100.000,729600,729600,1728000,schedutil,306000000,306000000,1020000000,nvhost_podgov,0,3,,47062,48250,48062,47656,47562,48250,5055,756,1433,0.383,19.275,7.370
3925805809070,10004420,99.956,100.000,729600,729600,1728000,schedutil,306000000,306000000,1020000000,nvhost_podgov,0,3,,47281,48312,48156,47562,47531,48312,5055,756,1433,0.371,19.284,7.160
3925815793267,9984197,100.158,100.000,729600,729600,1728000,schedutil,306000000,306000000,1020000000,nvhost_podgov,0,3,,47250,48312,48187,47562,47500,48312,5055,756,1433,0.380,19.275,7.320
3925825809848,10016581,99.834,100.000,729600,729600,1728000,schedutil,306000000,306000000,1020000000,nvhost_podgov,0,3,,47062,48468,48093,47625,47468,48468,5055,756,1433,0.370,19.279,7.130
3925835791516,9981668,100.184,100.000,729600,729600,1728000,schedutil,306000000,306000000,1020000000,nvhost_podgov,0,3,,47281,48375,48125,47656,47468,48343,5055,756,1433,0.376,19.270,7.510
3925845806241,10014725,99.853,100.000,729600,729600,1728000,schedutil,306000000,306000000,1020000000,nvhost_podgov,0,3,,47187,48187,48156,47625,47500,48187,5055,756,1433,0.364,19.280,7.010
3925855810726,10004485,99.955,100.000,729600,729600,1728000,schedutil,306000000,306000000,1020000000,nvhost_podgov,0,3,,47031,48437,48093,47656,47500,48437,5055,756,1433,0.381,19.282,7.350
3925865812811,10002085,99.979,100.000,729600,729600,1728000,schedutil,306000000,306000000,1020000000,nvhost_podgov,0,3,,47125,48343,48218,47593,47562,48343,5055,756,1433,0.389,19.280,7.500
3925875809391,9996580,100.034,100.000,729600,729600,1728000,schedutil,306000000,306000000,1020000000,nvhost_podgov,0,3,,47156,48187,48156,47687,47531,48187,5055,756,1433,0.384,19.280,6.990
3925885805076,9995685,100.043,100.000,729600,729600,1728000,schedutil,306000000,306000000,1020000000,nvhost_podgov,0,3,,47125,48625,48125,47781,47468,48625,5055,756,1433,0.398,19.281,7.670
3925895796569,9991493,100.085,100.000,729600,729600,1728000,schedutil,306000000,306000000,1020000000,nvhost_podgov,0,3,,47031,48343,48218,47656,47500,48343,5055,756,1433,0.391,19.282,7.450
3925905806142,10009573,99.904,100.000,729600,729600,1728000,schedutil,306000000,306000000,1020000000,nvhost_podgov,0,3,,47093,48281,48093,47593,47437,48281,5055,756,1433,0.380,19.281,7.320
3925915808546,10002404,99.976,100.000,729600,729600,1728000,schedutil,306000000,306000000,1020000000,nvhost_podgov,0,3,,47093,48500,48156,47812,47468,48500,5055,756,1433,0.375,19.284,6.990
3925925791015,9982469,100.176,100.000,729600,729600,1728000,schedutil,306000000,306000000,1020000000,nvhost_podgov,0,3,,47062,48500,48125,47687,47437,48312,5055,756,1433,0.383,19.271,7.370
3925935810284,10019269,99.808,100.000,729600,729600,1728000,schedutil,306000000,306000000,1020000000,nvhost_podgov,0,3,,47343,48250,48062,47718,47562,48250,5055,756,1433,0.375,19.282,7.090
3925945806128,9995844,100.042,100.000,729600,729600,1728000,schedutil,306000000,306000000,1020000000,nvhost_podgov,0,3,,47062,48250,48125,47625,47500,48312,5055,756,1433,0.364,19.280,7.010
3925955806709,10000581,99.994,100.000,729600,729600,1728000,schedutil,306000000,306000000,1020000000,nvhost_podgov,0,3,,47062,48375,48281,47656,47437,48375,5055,756,1433,0.375,19.280,7.230
3925965806362,9999653,100.003,100.000,729600,729600,1728000,schedutil,306000000,306000000,1020000000,nvhost_podgov,0,3,,47312,48562,48187,47656,47531,48562,5055,756,1433,0.372,19.281,7.070
3925975791678,9985316,100.147,100.000,729600,729600,1728000,schedutil,306000000,306000000,1020000000,nvhost_podgov,0,3,,47187,48531,48156,47593,47500,48531,5055,756,1433,0.394,19.273,7.590
3925985810307,10018629,99.814,100.000,729600,729600,1728000,schedutil,306000000,306000000,1020000000,nvhost_podgov,0,3,,47031,48531,48062,47718,47500,48312,5055,756,1433,0.369,19.282,7.120
3925995791112,9980805,100.192,100.000,729600,729600,1728000,schedutil,306000000,306000000,1020000000,nvhost_podgov,0,3,,47156,48218,48156,47625,47531,48218,5055,756,1433,0.396,19.277,7.640
3926005809741,10018629,99.814,100.000,729600,729600,1728000,schedutil,306000000,306000000,1020000000,nvhost_podgov,0,3,,47093,48406,48093,47656,47531,48406,5055,756,1433,0.371,19.281,7.040
3926015798353,9988612,100.114,100.000,729600,729600,1728000,schedutil,306000000,306000000,1020000000,nvhost_podgov,0,3,,47156,48312,48093,47656,47500,48312,5055,756,1433,0.398,19.284,7.670
3926025810710,10012357,99.877,100.000,729600,729600,1728000,schedutil,306000000,306000000,1020000000,nvhost_podgov,0,3,,47062,48218,48156,47625,47468,48218,5055,716,1433,0.365,19.284,6.940
3926035791771,9981061,100.190,100.000,729600,729600,1728000,schedutil,306000000,306000000,1020000000,nvhost_podgov,0,3,,47156,48281,48125,47531,47531,48281,5055,716,1433,0.391,19.275,7.540
3926045806048,10014277,99.857,100.000,729600,729600,1728000,schedutil,306000000,306000000,1020000000,nvhost_podgov,0,3,,47125,48250,48062,47562,47468,48250,5055,716,1433,0.367,19.288,7.400
3926055806148,10000100,99.999,100.000,729600,729600,1728000,schedutil,306000000,306000000,1020000000,nvhost_podgov,0,3,,47000,48343,48250,47656,47406,48468,5055,716,1433,0.379,19.277,7.080
3926065798953,9992805,100.072,100.000,729600,729600,1728000,schedutil,306000000,306000000,1020000000,nvhost_podgov,0,3,,47093,48437,48187,47625,47531,48437,5055,716,1433,0.390,19.279,7.690
3926075809646,10010693,99.893,100.000,729600,729600,1728000,schedutil,306000000,306000000,1020000000,nvhost_podgov,0,3,,47156,48437,48062,47500,47562,48437,5055,716,1433,0.370,19.280,7.130
3926085806002,9996356,100.036,100.000,729600,729600,1728000,schedutil,306000000,306000000,1020000000,nvhost_podgov,0,3,,47125,48281,48250,47656,47468,48281,5055,716,1433,0.376,19.279,7.260
3926095806775,10000773,99.992,100.000,729600,729600,1728000,schedutil,306000000,306000000,1020000000,nvhost_podgov,0,3,,47281,48250,48156,47625,47531,48312,5055,716,1433,0.364,19.282,7.010
3926105793116,9986341,100.137,100.000,729600,729600,1728000,schedutil,306000000,306000000,1020000000,nvhost_podgov,0,3,,47187,48343,48125,47593,47500,48343,5055,716,1433,0.393,19.281,7.560
3926115813153,10020037,99.800,100.000,729600,729600,1728000,schedutil,306000000,306000000,1020000000,nvhost_podgov,0,3,,47062,48312,48093,47687,47468,48625,5055,716,1433,0.386,19.275,7.450
3926125855654,10042501,99.577,100.000,729600,729600,1728000,schedutil,306000000,306000000,1020000000,nvhost_podgov,0,3,,47250,48562,48156,47593,47500,48562,5055,716,1433,0.399,19.279,7.690
3926135807050,9951396,100.488,100.000,729600,729600,1728000,schedutil,306000000,306000000,1020000000,nvhost_podgov,0,3,,47156,48312,48093,47656,47531,48312,5055,756,1433,0.366,19.282,7.070
3926145793135,9986085,100.139,100.000,729600,729600,1728000,schedutil,306000000,306000000,1020000000,nvhost_podgov,0,3,,47062,48312,48062,47781,47562,48312,5055,756,1433,0.409,19.280,7.880
3926155810484,10017349,99.827,100.000,729600,729600,1728000,schedutil,306000000,306000000,1020000000,nvhost_podgov,0,3,,47156,48406,48125,47625,47531,48406,5055,756,1433,0.364,19.279,7.010
3926165806712,9996228,100.038,100.000,729600,729600,1728000,schedutil,306000000,306000000,1020000000,nvhost_podgov,0,3,,47125,48406,48125,47562,47531,48406,5055,756,1433,0.380,19.273,7.320
3926175810365,10003653,99.963,100.000,729600,729600,1728000,schedutil,306000000,306000000,1020000000,nvhost_podgov,0,3,,47093,48250,48093,47781,47562,48250,5055,756,1433,0.370,19.284,7.040
3926185807170,9996805,100.032,100.000,729600,729600,1728000,schedutil,306000000,306000000,1020000000,nvhost_podgov,0,3,,47062,48187,48250,47593,47562,48281,5055,756,1433,0.385,19.282,7.180
3926195792006,9984836,100.152,100.000,729600,729600,1728000,schedutil,306000000,306000000,1020000000,nvhost_podgov,0,3,,47062,48312,48125,47562,47531,48312,5055,716,1433,0.396,19.276,7.640
3926205810763,10018757,99.813,100.000,729600,729600,1728000,schedutil,306000000,306000000,1020000000,nvhost_podgov,0,3,,47062,48312,48062,47781,47531,48312,5055,716,1433,0.362,19.280,6.990
3926215798576,9987813,100.122,100.000,729600,729600,1728000,schedutil,306000000,306000000,1020000000,nvhost_podgov,0,3,,47031,48562,48187,47718,47468,48562,5055,716,1433,0.394,19.280,7.640
3926225807637,10009061,99.909,100.000,729600,729600,1728000,schedutil,306000000,306000000,1020000000,nvhost_podgov,0,3,,47218,48406,48250,47593,47531,48406,5055,716,1433,0.367,19.280,7.090
3926235792057,9984420,100.156,100.000,729600,729600,1728000,schedutil,306000000,306000000,1020000000,nvhost_podgov,0,3,,47062,48281,48093,47812,47531,48281,5055,716,1433,0.404,19.277,7.210
3926245810686,10018629,99.814,100.000,729600,729600,1728000,schedutil,306000000,306000000,1020000000,nvhost_podgov,0,3,,47062,48312,48031,47687,47562,48406,5055,716,1433,0.364,19.285,7.010
3926255807235,9996549,100.035,100.000,729600,729600,1728000,schedutil,306000000,306000000,1020000000,nvhost_podgov,0,3,,47218,48375,48125,47593,47562,48375,5055,716,1433,0.381,19.279,7.180
3926265808967,10001732,99.983,100.000,729600,729600,1728000,schedutil,306000000,306000000,1020000000,nvhost_podgov,0,3,,47187,48250,48062,47562,47468,48250,5055,716,1433,0.360,19.280,6.940
3926275790796,9981829,100.182,100.000,729600,729600,1728000,schedutil,306000000,306000000,1020000000,nvhost_podgov,0,3,,47031,48500,48093,47687,47531,48500,5055,716,1433,0.396,19.279,7.640
3926285808977,10018181,99.819,100.000,729600,729600,1728000,schedutil,306000000,306000000,1020000000,nvhost_podgov,0,3,,47125,48312,48187,47656,47468,48312,5055,716,1433,0.360,19.281,6.940
3926295809910,10000933,99.991,100.000,729600,729600,1728000,schedutil,306000000,306000000,1020000000,nvhost_podgov,0,3,,47125,48312,48125,47531,47562,48312,5055,716,1433,0.367,19.281,7.090
3926305798746,9988836,100.112,100.000,729600,729600,1728000,schedutil,306000000,306000000,1020000000,nvhost_podgov,0,3,,47156,48343,48062,47750,47562,48343,5055,716,1433,0.390,19.274,7.510
3926315808703,10009957,99.901,100.000,729600,729600,1728000,schedutil,306000000,306000000,1020000000,nvhost_podgov,0,3,,47062,48406,48187,47625,47531,48281,5055,716,1433,0.362,19.281,7.010
3926325803364,9994661,100.053,100.000,729600,729600,1728000,schedutil,306000000,306000000,1020000000,nvhost_podgov,0,3,,47093,48281,48062,47625,47468,48281,5055,716,1433,0.390,19.277,7.510
3926335798408,9995044,100.050,100.000,729600,729600,1728000,schedutil,306000000,306000000,1020000000,nvhost_podgov,0,3,,47156,48281,48062,47781,47531,48281,5055,716,1433,0.394,19.280,7.590
3926345805901,10007493,99.925,100.000,729600,729600,1728000,schedutil,306000000,306000000,1020000000,nvhost_podgov,0,3,,47281,48375,48250,47625,47531,48375,5055,716,1433,0.383,19.280,7.810
3926355805490,9999589,100.004,100.000,729600,729600,1728000,schedutil,306000000,306000000,1020000000,nvhost_podgov,0,3,,47312,48343,48062,47562,47500,48343,5055,716,1433,0.361,19.282,6.960
3926365797814,9992324,100.077,100.000,729600,729600,1728000,schedutil,306000000,306000000,1020000000,nvhost_podgov,0,3,,47062,48468,48156,47812,47468,48468,5055,716,1433,0.399,19.282,7.280
3926375809851,10012037,99.880,100.000,729600,729600,1728000,schedutil,306000000,306000000,1020000000,nvhost_podgov,0,3,,47062,48500,48218,47656,47562,48250,5055,716,1433,0.378,19.277,7.280
3926385806528,9996677,100.033,100.000,729600,729600,1728000,schedutil,306000000,306000000,1020000000,nvhost_podgov,0,3,,47250,48250,48156,47625,47500,48250,5055,716,1433,0.383,19.284,7.230
3926395797317,9990789,100.092,100.000,729600,729600,1728000,schedutil,306000000,306000000,1020000000,nvhost_podgov,0,3,,47093,48375,48062,47625,47531,48375,5055,716,1433,0.393,19.274,7.560
3926405807370,10010053,99.900,100.000,729600,729600,1728000,schedutil,306000000,306000000,1020000000,nvhost_podgov,0,3,,47062,48312,48187,47781,47531,48312,5055,716,1433,0.375,19.281,6.990
3926415807630,10000260,99.997,100.000,729600,729600,1728000,schedutil,306000000,306000000,1020000000,nvhost_podgov,0,3,,47156,48218,48187,47687,47500,48218,5055,716,1433,0.391,19.276,7.540
3926425809875,10002245,99.978,100.000,729600,729600,1728000,schedutil,306000000,306000000,1020000000,nvhost_podgov,0,3,,47093,48281,48125,47593,47562,48281,5055,716,1433,0.376,19.284,7.010
3926435792983,9983108,100.169,100.000,729600,729600,1728000,schedutil,306000000,306000000,1020000000,nvhost_podgov,0,3,,47062,48281,48062,47718,47500,48281,5055,716,1433,0.378,19.273,7.270
3926445807932,10014949,99.851,100.000,729600,729600,1728000,schedutil,306000000,306000000,1020000000,nvhost_podgov,0,3,,47062,48375,48125,47593,47531,48375,5055,716,1433,0.375,19.284,7.130
3926455797345,9989413,100.106,100.000,729600,729600,1728000,schedutil,306000000,306000000,1020000000,nvhost_podgov,0,3,,47062,48437,48093,47562,47500,48437,5055,716,1433,0.376,19.271,7.240
3926465807046,10009701,99.903,100.000,729600,729600,1728000,schedutil,306000000,306000000,1020000000,nvhost_podgov,0,3,,47093,48406,48156,47781,47531,48406,5055,716,1433,0.375,19.280,7.230
3926475793002,9985956,100.141,100.000,729600,729600,1728000,schedutil,306000000,306000000,1020000000,nvhost_podgov,0,3,,47031,48250,48281,47593,47437,48281,5055,716,1433,0.403,19.274,7.760
3926485806639,10013637,99.864,100.000,729600,729600,1728000,schedutil,306000000,306000000,1020000000,nvhost_podgov,0,3,,47218,48250,48125,47562,47468,48250,5055,716,1433,0.367,19.277,7.080
3926495808244,10001605,99.984,100.000,729600,729600,1728000,schedutil,306000000,306000000,1020000000,nvhost_podgov,0,3,,47125,48312,48062,47656,47562,48312,5055,716,1433,0.375,19.284,7.070
3926505797944,9989700,100.103,100.000,729600,729600,1728000,schedutil,306000000,306000000,1020000000,nvhost_podgov,0,3,,47062,48312,48218,47656,47562,48625,5055,716,1433,0.410,19.285,7.910
3926515851966,10054022,99.463,100.000,729600,729600,1728000,schedutil,306000000,306000000,1020000000,nvhost_podgov,0,3,,47281,48500,48125,47625,47562,48500,5055,716,1433,0.415,19.270,8.000
3926525798402,9946436,100.539,100.000,729600,729600,1728000,schedutil,306000000,306000000,1020000000,nvhost_podgov,0,3,,47125,48468,48062,47531,47500,48312,5055,716,1433,0.361,19.275,6.960
3926535794982,9996580,100.034,100.000,729600,729600,1728000,schedutil,306000000,306000000,1020000000,nvhost_podgov,0,3,,47062,48250,48281,47718,47531,48281,5055,756,1433,0.385,19.281,6.900
3926545795467,10000485,99.995,100.000,729600,729600,1728000,schedutil,306000000,306000000,1020000000,nvhost_podgov,0,3,,47250,48312,48156,47593,47562,48312,5055,756,1433,0.374,19.279,7.210
3926555794960,9999493,100.005,100.000,729600,729600,1728000,schedutil,306000000,306000000,1020000000,nvhost_podgov,0,3,,47125,48343,48093,47656,47500,48343,5055,756,1433,0.376,19.280,6.990
3926565795061,10000101,99.999,100.000,729600,729600,1728000,schedutil,306000000,306000000,1020000000,nvhost_podgov,0,3,,47062,48250,48093,47687,47531,48250,5055,756,1433,0.384,19.276,7.260
3926575797081,10002020,99.980,100.000,729600,729600,1728000,schedutil,306000000,306000000,1020000000,nvhost_podgov,0,3,,47093,48218,48125,47593,47562,48218,5055,756,1433,0.371,19.285,6.820
3926585810750,10013669,99.863,100.000,729600,729600,1728000,schedutil,306000000,306000000,1020000000,nvhost_podgov,0,3,,47093,48312,48062,47625,47531,48312,5055,756,1433,0.369,19.279,7.100
3926595825571,10014821,99.852,100.000,729600,729600,1728000,schedutil,306000000,306000000,1020000000,nvhost_podgov,0,3,,47093,48312,48093,47718,47531,48312,5055,756,1433,0.401,19.284,7.740
3926605797543,9971972,100.281,100.000,729600,729600,1728000,schedutil,306000000,306000000,1020000000,nvhost_podgov,0,3,,47062,48500,48187,47625,47562,48500,5055,756,1433,0.364,19.276,7.010
3926615803564,10006021,99.940,100.000,729600,729600,1728000,schedutil,306000000,306000000,1020000000,nvhost_podgov,0,3,,47250,48406,48125,47593,47500,48281,5055,756,1433,0.409,19.282,7.880
3926625799025,9995461,100.045,100.000,729600,729600,1728000,schedutil,306000000,306000000,1020000000,nvhost_podgov,0,3,,47093,48312,48125,47812,47468,48312,5055,756,1433,0.359,19.281,6.910
3926635796246,9997221,100.028,100.000,729600,729600,1728000,schedutil,306000000,306000000,1020000000,nvhost_podgov,0,3,,47250,48250,48093,47687,47468,48375,5055,756,1433,0.390,19.273,7.510
3926645796346,10000100,99.999,100.000,729600,729600,1728000,schedutil,306000000,306000000,1020000000,nvhost_podgov,0,3,,47250,48406,48062,47562,47500,48406,5055,756,1433,0.360,19.284,6.940
3926655795007,9998661,100.013,100.000,729600,729600,1728000,schedutil,306000000,306000000,1020000000,nvhost_podgov,0,3,,47062,48281,48062,47718,47500,48281,5055,756,1433,0.407,19.279,7.860
3926665794788,9999781,100.002,100.000,729600,729600,1728000,schedutil,306000000,306000000,1020000000,nvhost_podgov,0,3,,47187,48562,48281,47687,47562,48562,5055,756,1433,0.371,19.284,7.160
3926675795048,10000260,99.997,100.000,729600,729600,1728000,schedutil,306000000,306000000,1020000000,nvhost_podgov,0,3,,47218,48250,48156,47593,47531,48250,5055,756,1433,0.375,19.284,7.230
3926685793965,9998917,100.011,100.000,729600,729600,1728000,schedutil,306000000,306000000,1020000000,nvhost_podgov,0,3,,47125,48312,48062,47812,47468,48312,5055,756,1433,0.393,19.273,7.560
3926695795570,10001605,99.984,100.000,729600,729600,1728000,schedutil,306000000,306000000,1020000000,nvhost_podgov,0,3,,47062,48406,48281,47687,47468,48406,5055,756,1433,0.361,19.281,6.960
3926705803639,10008069,99.919,100.000,729600,729600,1728000,schedutil,306000000,306000000,1020000000,nvhost_podgov,0,3,,47125,48437,48156,47562,47531,48437,5055,756,1433,0.404,19.266,7.810
3926715818652,10015013,99.850,100.000,729600,729600,1728000,schedutil,306000000,306000000,1020000000,nvhost_podgov,0,3,,47187,48281,48093,47500,47468,48281,5055,756,1433,0.391,19.273,7.540
3926725811232,9992580,100.074,100.000,729600,729600,1728000,schedutil,306000000,306000000,1020000000,nvhost_podgov,0,3,,47093,48281,48281,47656,47500,48281,5055,756,1433,0.389,19.279,7.370
3926735814149,10002917,99.971,100.000,729600,729600,1728000,schedutil,306000000,306000000,1020000000,nvhost_podgov,0,3,,47062,48375,48093,47625,47531,48375,5095,756,1433,0.360,19.279,6.940
3926745792137,9977988,100.221,100.000,729600,729600,1728000,schedutil,306000000,306000000,1020000000,nvhost_podgov,0,3,,47125,48312,48093,47531,47500,48531,5095,756,1433,0.406,19.280,7.830
3926755808046,10015909,99.841,100.000,729600,729600,1728000,schedutil,306000000,306000000,1020000000,nvhost_podgov,0,3,,47062,48531,48031,47718,47500,48531,5095,756,1433,0.374,19.282,7.210
3926765809075,10001029,99.990,100.000,729600,729600,1728000,schedutil,306000000,306000000,1020000000,nvhost_podgov,0,3,,47312,48312,48218,47625,47562,48312,5095,756,1433,0.379,19.280,7.300
3926775796536,9987461,100.126,100.000,729600,729600,1728000,schedutil,306000000,306000000,1020000000,nvhost_podgov,0,3,,47312,48250,48125,47656,47437,48250,5095,756,1433,0.389,19.275,7.490
3926785807356,10010820,99.892,100.000,729600,729600,1728000,schedutil,306000000,306000000,1020000000,nvhost_podgov,0,3,,47031,48312,48062,47781,47437,48312,5095,756,1433,0.371,19.288,7.160
3926795792993,9985637,100.144,100.000,729600,729600,1728000,schedutil,306000000,306000000,1020000000,nvhost_podgov,0,3,,47218,48375,48250,47656,47562,48375,5095,756,1433,0.386,19.275,7.450
3926805809158,10016165,99.839,100.000,729600,729600,1728000,schedutil,306000000,306000000,1020000000,nvhost_podgov,0,3,,47187,48218,48062,47593,47531,48218,5095,756,1433,0.374,19.281,7.210
3926815809035,9999877,100.001,100.000,729600,729600,1728000,schedutil,306000000,306000000,1020000000,nvhost_podgov,0,3,,47062,48593,48156,47531,47500,48593,5095,756,1433,0.400,19.277,7.260
3926825810255,10001220,99.988,100.000,729600,729600,1728000,schedutil,306000000,306000000,1020000000,nvhost_podgov,0,3,,47031,48312,48218,47656,47531,48312,5095,756,1433,0.365,19.277,7.040
3926835798292,9988037,100.120,100.000,729600,729600,1728000,schedutil,306000000,306000000,1020000000,nvhost_podgov,0,3,,47125,48281,48187,47593,47531,48281,5095,756,1433,0.420,19.282,8.100
3926845804633,10006341,99.937,100.000,729600,729600,1728000,schedutil,306000000,306000000,1020000000,nvhost_podgov,0,3,,47187,48468,48062,47562,47531,48468,5055,756,1433,0.365,19.284,7.040
3926855804445,9999812,100.002,100.000,729600,729600,1728000,schedutil,306000000,306000000,1020000000,nvhost_podgov,0,3,,47000,48468,48187,47718,47500,48468,5055,756,1433,0.375,19.274,7.230
3926865805218,10000773,99.992,100.000,729600,729600,1728000,schedutil,306000000,306000000,1020000000,nvhost_podgov,0,3,,47062,48312,48156,47531,47531,48312,5095,756,1433,0.361,19.280,6.960
3926875808391,10003173,99.968,100.000,729600,729600,1728000,schedutil,306000000,306000000,1020000000,nvhost_podgov,0,3,,47093,48250,48156,47562,47468,48250,5095,756,1433,0.385,19.279,6.910
3926885812268,10003877,99.961,100.000,729600,729600,1728000,schedutil,306000000,306000000,1020000000,nvhost_podgov,0,3,,47093,48343,48031,47656,47437,48343,5095,756,1433,0.391,19.282,7.540
3926895813136,10000868,99.991,100.000,729600,729600,1728000,schedutil,306000000,306000000,1020000000,nvhost_podgov,0,3,,47250,48375,48156,47687,47593,48593,5055,756,1433,0.378,19.284,6.990
3926905792437,9979301,100.207,100.000,729600,729600,1728000,schedutil,306000000,306000000,1020000000,nvhost_podgov,0,3,,47218,48531,48125,47593,47531,48531,5055,756,1433,0.380,19.274,7.320
3926915809370,10016933,99.831,100.000,729600,729600,1728000,schedutil,306000000,306000000,1020000000,nvhost_podgov,0,3,,47062,48531,48156,47750,47468,48343,5095,756,1433,0.376,19.282,7.260
3926925796254,9986884,100.131,100.000,729600,729600,1728000,schedutil,306000000,306000000,1020000000,nvhost_podgov,0,3,,47281,48312,48156,47656,47562,48312,5095,756,1433,0.393,19.270,7.560
3926935806947,10010693,99.893,100.000,729600,729600,1728000,schedutil,306000000,306000000,1020000000,nvhost_podgov,0,3,,47250,48500,48125,47562,47500,48500,5095,756,1433,0.372,19.282,7.180
3926945796520,9989573,100.104,100.000,729600,729600,1728000,schedutil,306000000,306000000,1020000000,nvhost_podgov,0,3,,47031,48406,48093,47781,47468,48406,5095,756,1433,0.374,19.277,7.210
3926955808205,10011685,99.883,100.000,729600,729600,1728000,schedutil,306000000,306000000,1020000000,nvhost_podgov,0,3,,47125,48281,48093,47656,47562,48281,5055,756,1433,0.379,19.284,7.310
3926965807281,9999076,100.009,100.000,729600,729600,1728000,schedutil,306000000,306000000,1020000000,nvhost_podgov,0,3,,47156,48250,48125,47593,47500,48250,5055,756,1433,0.380,19.281,7.320
3926975804822,9997541,100.025,100.000,729600,729600,1728000,schedutil,306000000,306000000,1020000000,nvhost_podgov,0,3,,47062,48312,48156,47687,47437,48312,5055,756,1433,0.385,19.280,7.420
3926985807227,10002405,99.976,100.000,729600,729600,1728000,schedutil,306000000,306000000,1020000000,nvhost_podgov,0,3,,47093,48312,48156,47687,47468,48312,5055,756,1433,0.374,19.281,7.210
3926995791903,9984676,100.153,100.000,729600,729600,1728000,schedutil,306000000,306000000,1020000000,nvhost_podgov,0,3,,47093,48531,48156,47687,47531,48531,5055,756,1433,0.396,19.282,7.640
3927005802724,10010821,99.892,100.000,729600,729600,1728000,schedutil,306000000,306000000,1020000000,nvhost_podgov,0,3,,47031,48468,48093,47812,47437,48468,5055,756,1433,0.365,19.281,7.160
3927015817833,10015109,99.849,100.000,729600,729600,1728000,schedutil,306000000,306000000,1020000000,nvhost_podgov,0,3,,47093,48250,48250,47687,47468,48250,5055,756,1433,0.409,19.276,7.880
3927025811534,9993701,100.063,100.000,729600,729600,1728000,schedutil,306000000,306000000,1020000000,nvhost_podgov,0,3,,47281,48312,48218,47687,47531,48312,5055,756,1433,0.375,19.285,7.120
3927035796754,9985220,100.148,100.000,729600,729600,1728000,schedutil,306000000,306000000,1020000000,nvhost_podgov,0,3,,47062,48375,48093,47531,47531,48375,5055,756,1433,0.365,19.273,7.040
3927045810039,10013285,99.867,100.000,729600,729600,1728000,schedutil,306000000,306000000,1020000000,nvhost_podgov,0,3,,47062,48375,48281,47718,47500,48656,5055,756,1433,0.366,19.281,7.210
3927055807676,9997637,100.024,100.000,729600,729600,1728000,schedutil,306000000,306000000,1020000000,nvhost_podgov,0,3,,47250,48593,48156,47625,47500,48593,5055,756,1433,0.365,19.277,7.040
3927065805312,9997636,100.024,100.000,729600,729600,1728000,schedutil,306000000,306000000,1020000000,nvhost_podgov,0,3,,47281,48531,48125,47625,47500,48375,5055,756,1433,0.381,19.279,7.350
3927075808069,10002757,99.972,100.000,729600,729600,1728000,schedutil,306000000,306000000,1020000000,nvhost_podgov,0,3,,47093,48343,48062,47687,47531,48343,5055,756,1433,0.360,19.280,6.940
3927085807082,9999013,100.010,100.000,729600,729600,1728000,schedutil,306000000,306000000,1020000000,nvhost_podgov,0,3,,47218,48406,48156,47625,47500,48406,5055,756,1433,0.374,19.285,7.830
3927095797358,9990276,100.097,100.000,729600,729600,1728000,schedutil,306000000,306000000,1020000000,nvhost_podgov,0,3,,47156,48375,48062,47562,47500,48375,5055,756,1433,0.366,19.281,7.070
3927105795059,9997701,100.023,100.000,729600,729600,1728000,schedutil,306000000,306000000,1020000000,nvhost_podgov,0,3,,47062,48250,48125,47781,47531,48250,5055,756,1433,0.393,19.280,7.560
3927115809528,10014469,99.856,100.000,729600,729600,1728000,schedutil,306000000,306000000,1020000000,nvhost_podgov,0,3,,47093,48250,48156,47625,47500,48250,5055,756,1433,0.362,19.279,6.990
3927125807613,9998085,100.019,100.000,729600,729600,1728000,schedutil,306000000,306000000,1020000000,nvhost_podgov,0,3,,47187,48312,48062,47593,47500,48312,5055,756,1433,0.372,19.279,7.180
3927135817633,10010020,99.900,100.000,729600,729600,1728000,schedutil,306000000,306000000,1020000000,nvhost_podgov,0,3,,47156,48312,48125,47750,47531,48312,5055,756,1433,0.395,19.271,7.710
3927145810918,9993285,100.067,100.000,729600,729600,1728000,schedutil,306000000,306000000,1020000000,nvhost_podgov,0,3,,47031,48500,48312,47593,47500,48500,5055,756,1433,0.374,19.282,7.210
3927155804267,9993349,100.067,100.000,729600,729600,1728000,schedutil,306000000,306000000,1020000000,nvhost_podgov,0,3,,47312,48437,48187,47562,47562,48250,5055,756,1433,0.376,19.279,7.560
3927165805711,10001444,99.986,100.000,729600,729600,1728000,schedutil,306000000,306000000,1020000000,nvhost_podgov,0,3,,47093,48312,48062,47593,47500,48312,5055,756,1433,0.366,19.280,7.070
3927175793492,9987781,100.122,100.000,729600,729600,1728000,schedutil,306000000,306000000,1020000000,nvhost_podgov,0,3,,47062,48187,48312,47656,47468,48312,5055,756,1433,0.376,19.276,7.260
3927185809881,10016389,99.836,100.000,729600,729600,1728000,schedutil,306000000,306000000,1020000000,nvhost_podgov,0,3,,47218,48406,48125,47625,47468,48406,5055,756,1433,0.361,19.279,6.960
3927195805821,9995940,100.041,100.000,729600,729600,1728000,schedutil,306000000,306000000,1020000000,nvhost_podgov,0,3,,47218,48218,48093,47593,47500,48218,5055,756,1433,0.399,19.282,7.070
3927205805090,9999269,100.007,100.000,729600,729600,1728000,schedutil,306000000,306000000,1020000000,nvhost_podgov,0,3,,47062,48687,48062,47625,47500,48687,5055,756,1433,0.349,19.279,6.720
3927215807783,10002693,99.973,100.000,729600,729600,1728000,schedutil,306000000,306000000,1020000000,nvhost_podgov,0,3,,47250,48343,48250,47656,47531,48343,5055,756,1433,0.389,19.284,7.130
3927225806732,9998949,100.011,100.000,729600,729600,1728000,schedutil,306000000,306000000,1020000000,nvhost_podgov,0,3,,47187,48312,48093,47531,47562,48312,5055,756,1433,0.360,19.284,6.940
3927235807472,10000740,99.993,100.000,729600,729600,1728000,schedutil,306000000,306000000,1020000000,nvhost_podgov,0,3,,47062,48468,48187,47781,47437,48468,5055,756,1433,0.396,19.284,7.640
3927245808405,10000933,99.991,100.000,729600,729600,1728000,schedutil,306000000,306000000,1020000000,nvhost_podgov,0,3,,47062,48500,48125,47656,47562,48500,5055,756,1433,0.367,19.282,7.090
3927255807258,9998853,100.011,100.000,729600,729600,1728000,schedutil,306000000,306000000,1020000000,nvhost_podgov,0,3,,47156,48218,48125,47656,47531,48218,5055,756,1433,0.367,19.285,7.180
3927265804702,9997444,100.026,100.000,729600,729600,1728000,schedutil,306000000,306000000,1020000000,nvhost_podgov,0,3,,47125,48312,48125,47562,47562,48375,5055,756,1433,0.379,19.277,7.860
3927275809731,10005029,99.950,100.000,729600,729600,1728000,schedutil,306000000,306000000,1020000000,nvhost_podgov,0,3,,47062,48375,48250,47750,47562,48375,5055,756,1433,0.375,19.286,7.230
3927285805576,9995845,100.042,100.000,729600,729600,1728000,schedutil,306000000,306000000,1020000000,nvhost_podgov,0,3,,47093,48312,48156,47562,47468,48312,5055,756,1433,0.399,19.279,7.690
3927295797132,9991556,100.085,100.000,729600,729600,1728000,schedutil,306000000,306000000,1020000000,nvhost_podgov,0,3,,47187,48562,48062,47562,47531,48562,5055,756,1433,0.385,19.282,7.420
3927305793681,9996549,100.035,100.000,729600,729600,1728000,schedutil,306000000,306000000,1020000000,nvhost_podgov,0,3,,47093,48531,48218,47718,47406,48312,5055,756,1433,0.375,19.273,7.370
3927315807318,10013637,99.864,100.000,729600,729600,1728000,schedutil,306000000,306000000,1020000000,nvhost_podgov,0,3,,47250,48312,48062,47625,47500,48312,5055,756,1433,0.372,19.282,7.180
3927325796443,9989125,100.109,100.000,729600,729600,1728000,schedutil,306000000,306000000,1020000000,nvhost_podgov,0,3,,47093,48312,48062,47593,47562,48312,5055,756,1433,0.379,19.275,7.300
3927335811456,10015013,99.850,100.000,729600,729600,1728000,schedutil,306000000,306000000,1020000000,nvhost_podgov,0,3,,47062,48375,48125,47781,47468,48375,5055,756,1433,0.366,19.281,7.070
3927345807204,9995748,100.043,100.000,729600,729600,1728000,schedutil,306000000,306000000,1020000000,nvhost_podgov,0,3,,47218,48218,48125,47656,47531,48218,5055,756,1433,0.375,19.284,7.230
3927355797897,9990693,100.093,100.000,729600,729600,1728000,schedutil,306000000,306000000,1020000000,nvhost_podgov,0,3,,47187,48281,48093,47531,47531,48281,5055,756,1433,0.390,19.277,7.510
3927365808494,10010597,99.894,100.000,729600,729600,1728000,schedutil,306000000,306000000,1020000000,nvhost_podgov,0,3,,47062,48312,48125,47625,47500,48312,5055,756,1433,0.369,19.281,7.010
3927375792210,9983716,100.163,100.000,729600,729600,1728000,schedutil,306000000,306000000,1020000000,nvhost_podgov,0,3,,47125,48312,48156,47656,47531,48312,5055,756,1433,0.381,19.277,7.350
3927385809783,10017573,99.825,100.000,729600,729600,1728000,schedutil,306000000,306000000,1020000000,nvhost_podgov,0,3,,47125,48500,48093,47625,47500,48500,5055,756,1433,0.383,19.284,7.130
3927395807420,9997637,100.024,100.000,729600,729600,1728000,schedutil,306000000,306000000,1020000000,nvhost_podgov,0,3,,47156,48468,48062,47781,47500,48468,5055,756,1433,0.388,19.280,7.480
3927405799136,9991716,100.083,100.000,729600,729600,1728000,schedutil,306000000,306000000,1020000000,nvhost_podgov,0,3,,47093,48312,48187,47593,47500,48312,5055,756,1433,0.395,19.281,7.620
3927415797189,9998053,100.019,100.000,729600,729600,1728000,schedutil,306000000,306000000,1020000000,nvhost_podgov,0,3,,47125,48250,48156,47593,47437,48250,5055,756,1433,0.369,19.271,7.100
3927425805610,10008421,99.916,100.000,729600,729600,1728000,schedutil,306000000,306000000,1020000000,nvhost_podgov,0,3,,47093,48406,48093,47781,47531,48406,5055,756,1433,0.364,19.286,7.530
3927435807790,10002180,99.978,100.000,729600,729600,1728000,schedutil,306000000,306000000,1020000000,nvhost_podgov,0,3,,47312,48406,48187,47656,47437,48625,5055,756,1433,0.367,19.279,7.090
3927445810227,10002437,99.976,100.000,729600,729600,1728000,schedutil,306000000,306000000,1020000000,nvhost_podgov,0,3,,47312,48625,48062,47562,47468,48625,5055,756,1433,0.389,19.284,7.500
3927455806552,9996325,100.037,100.000,729600,729600,1728000,schedutil,306000000,306000000,1020000000,nvhost_podgov,0,3,,47156,48312,48062,47625,47437,48312,5055,756,1433,0.376,19.277,7.260
3927465792540,9985988,100.140,100.000,729600,729600,1728000,schedutil,306000000,306000000,1020000000,nvhost_podgov,0,3,,47062,48312,48187,47656,47437,48312,5055,756,1433,0.403,19.276,7.760
3927475808577,10016037,99.840,100.000,729600,729600,1728000,schedutil,306000000,306000000,1020000000,nvhost_podgov,0,3,,47187,48406,48187,47687,47531,48406,5055,756,1433,0.357,19.280,6.890
3927485803462,9994885,100.051,100.000,729600,729600,1728000,schedutil,306000000,306000000,1020000000,nvhost_podgov,0,3,,47156,48406,48031,47593,47468,48406,5055,756,1433,0.393,19.279,7.560
3927495812875,10009413,99.906,100.000,729600,729600,1728000,schedutil,306000000,306000000,1020000000,nvhost_podgov,0,3,,47062,48281,48250,47656,47562,48281,5055,756,1433,0.375,19.284,6.940
3927505797839,9984964,100.151,100.000,729600,729600,1728000,schedutil,306000000,306000000,1020000000,nvhost_podgov,0,3,,47156,48218,48125,47562,47531,48218,5055,756,1433,0.372,19.275,7.180
3927515808820,10010981,99.890,100.000,729600,729600,1728000,schedutil,306000000,306000000,1020000000,nvhost_podgov,0,3,,47125,48375,48093,47593,47437,48375,5055,756,1433,0.380,19.285,7.350
3927525813401,10004581,99.954,100.000,729600,729600,1728000,schedutil,306000000,306000000,1020000000,nvhost_podgov,0,3,,47093,48281,48062,47781,47406,48281,5055,756,1433,0.410,19.275,7.900
3927535802973,9989572,100.104,100.000,729600,729600,1728000,schedutil,306000000,306000000,1020000000,nvhost_podgov,0,3,,47093,48531,48250,47687,47562,48531,5055,756,1433,0.388,19.277,7.510
3927545802370,9999397,100.006,100.000,729600,729600,1728000,schedutil,306000000,306000000,1020000000,nvhost_podgov,0,3,,47125,48468,48093,47593,47500,48468,5095,756,1433,0.359,19.280,6.910
3927555792487,9990117,100.099,100.000,729600,729600,1728000,schedutil,306000000,306000000,1020000000,nvhost_podgov,0,3,,47093,48281,48062,47781,47500,48281,5095,756,1433,0.410,19.276,7.210
3927565811692,10019205,99.808,100.000,729600,729600,1728000,schedutil,306000000,306000000,1020000000,nvhost_podgov,0,3,,47312,48343,48187,47625,47531,48343,5095,756,1433,0.364,19.280,7.010
3927575804592,9992900,100.071,100.000,729600,729600,1728000,schedutil,306000000,306000000,1020000000,nvhost_podgov,0,3,,47250,48406,48156,47687,47468,48406,5095,756,1433,0.403,19.284,7.760
3927585809813,10005221,99.948,100.000,729600,729600,1728000,schedutil,306000000,306000000,1020000000,nvhost_podgov,0,3,,47093,48312,48093,47562,47562,48281,5055,756,1433,0.356,19.281,6.870
3927595792761,9982948,100.171,100.000,729600,729600,1728000,schedutil,306000000,306000000,1020000000,nvhost_podgov,0,3,,47250,48593,48312,47750,47500,48593,5055,756,1433,0.400,19.274,7.710
3927605807646,10014885,99.851,100.000,729600,729600,1728000,schedutil,306000000,306000000,1020000000,nvhost_podgov,0,3,,47312,48625,48093,47593,47500,48468,5055,756,1433,0.365,19.281,7.040
3927615808419,10000773,99.992,100.000,729600,729600,1728000,schedutil,306000000,306000000,1020000000,nvhost_podgov,0,3,,47156,48312,48062,47531,47531,48312,5055,756,1433,0.384,19.280,7.400
3927625805992,9997573,100.024,100.000,729600,729600,1728000,schedutil,306000000,306000000,1020000000,nvhost_podgov,0,3,,47062,48531,48312,47625,47468,48531,5095,756,1433,0.367,19.276,7.080
3927635806796,10000804,99.992,100.000,729600,729600,1728000,schedutil,306000000,306000000,1020000000,nvhost_podgov,0,3,,47218,48437,48125,47687,47562,48437,5095,756,1433,0.372,19.281,7.180
3927645806001,9999205,100.008,100.000,729600,729600,1728000,schedutil,306000000,306000000,1020000000,nvhost_podgov,0,3,,47187,48250,48093,47625,47531,48250,5095,756,1433,0.381,19.279,7.400
3927655807638,10001637,99.984,100.000,729600,729600,1728000,schedutil,306000000,306000000,1020000000,nvhost_podgov,0,3,,47093,48312,48156,47781,47500,48312,5055,756,1433,0.365,19.280,7.040
3927665804154,9996516,100.035,100.000,729600,729600,1728000,schedutil,306000000,306000000,1020000000,nvhost_podgov,0,3,,47093,48375,48125,47625,47562,48375,5055,756,1433,0.372,19.281,7.860
3927675808319,10004165,99.958,100.000,729600,729600,1728000,schedutil,306000000,306000000,1020000000,nvhost_podgov,0,3,,47093,48312,48125,47562,47437,48312,5055,756,1433,0.369,19.282,7.120
3927685792164,9983845,100.162,100.000,729600,729600,1728000,schedutil,306000000,306000000,1020000000,nvhost_podgov,0,3,,47062,48656,48156,47812,47468,48656,5055,756,1433,0.412,19.276,7.950
3927695808329,10016165,99.839,100.000,729600,729600,1728000,schedutil,306000000,306000000,1020000000,nvhost_podgov,0,3,,47000,48531,48187,47625,47500,48531,5095,756,1433,0.360,19.282,6.940
3927705805165,9996836,100.032,100.000,729600,729600,1728000,schedutil,306000000,306000000,1020000000,nvhost_podgov,0,3,,47281,48281,48062,47625,47468,48281,5095,756,1433,0.370,19.281,7.130
3927715807378,10002213,99.978,100.000,729600,729600,1728000,schedutil,306000000,306000000,1020000000,nvhost_podgov,0,3,,47093,48312,48093,47718,47562,48437,5055,756,1433,0.374,19.276,7.210
3927725807863,10000485,99.995,100.000,729600,729600,1728000,schedutil,306000000,306000000,1020000000,nvhost_podgov,0,3,,47250,48343,48156,47625,47562,48343,5055,756,1433,0.381,19.284,6.900
3927735792123,9984260,100.158,100.000,729600,729600,1728000,schedutil,306000000,306000000,1020000000,nvhost_podgov,0,3,,47218,48406,48187,47531,47531,48312,5055,756,1433,0.379,19.273,7.300
3927745810432,10018309,99.817,100.000,729600,729600,1728000,schedutil,306000000,306000000,1020000000,nvhost_podgov,0,3,,47062,48656,48062,47718,47468,48656,5055,756,1433,0.379,19.284,7.090
3927755791909,9981477,100.186,100.000,729600,729600,1728000,schedutil,306000000,306000000,1020000000,nvhost_podgov,0,3,,47062,48593,48218,47750,47562,48343,5055,756,1433,0.385,19.274,7.420
3927765806890,10014981,99.850,100.000,729600,729600,1728000,schedutil,306000000,306000000,1020000000,nvhost_podgov,0,3,,47187,48281,48062,47593,47468,48281,5055,756,1433,0.372,19.281,7.180
3927775807182,10000292,99.997,100.000,729600,729600,1728000,schedutil,306000000,306000000,1020000000,nvhost_podgov,0,3,,47218,48500,48062,47750,47500,48500,5055,756,1433,0.378,19.279,7.280
3927785806355,9999173,100.008,100.000,729600,729600,1728000,schedutil,306000000,306000000,1020000000,nvhost_podgov,0,3,,47031,48375,48218,47593,47500,48375,5055,756,1433,0.375,19.280,7.230
3927795792727,9986372,100.136,100.000,729600,729600,1728000,schedutil,306000000,306000000,1020000000,nvhost_podgov,0,3,,47093,48281,48125,47562,47500,48281,5055,756,1433,0.407,19.279,7.860
3927805808284,10015557,99.845,100.000,729600,729600,1728000,schedutil,306000000,306000000,1020000000,nvhost_podgov,0,3,,47156,48250,48031,47562,47468,48250,5055,756,1433,0.370,19.280,7.130
3927815811457,10003173,99.968,100.000,729600,729600,1728000,schedutil,306000000,306000000,1020000000,nvhost_podgov,0,3,,47062,48375,48187,47750,47468,48375,5055,756,1433,0.366,19.281,7.210
3927825797382,9985925,100.141,100.000,729600,729600,1728000,schedutil,306000000,306000000,1020000000,nvhost_podgov,0,3,,47062,48343,48125,47687,47531,48343,5055,756,1433,0.410,19.285,7.910
3927835807850,10010468,99.895,100.000,729600,729600,1728000,schedutil,306000000,306000000,1020000000,nvhost_podgov,0,3,,47062,48531,48187,47593,47437,48531,5055,756,1433,0.375,19.282,6.990
3927845803695,9995845,100.042,100.000,729600,729600,1728000,schedutil,306000000,306000000,1020000000,nvhost_podgov,0,3,,47062,48531,48250,47718,47468,48312,5055,756,1433,0.388,19.280,7.480
3927855796788,9993093,100.069,100.000,729600,729600,1728000,schedutil,306000000,306000000,1020000000,nvhost_podgov,0,3,,47250,48312,48187,47593,47531,48312,5055,756,1433,0.385,19.279,7.450
3927865806681,10009893,99.901,100.000,729600,729600,1728000,schedutil,306000000,306000000,1020000000,nvhost_podgov,0,3,,47343,48312,48125,47687,47500,48437,5055,756,1433,0.372,19.279,7.180
3927875806429,9999748,100.003,100.000,729600,729600,1728000,schedutil,306000000,306000000,1020000000,nvhost_podgov,0,3,,47062,48375,48125,47625,47468,48375,5055,756,1433,0.370,19.282,6.900
3927885791842,9985413,100.146,100.000,729600,729600,1728000,schedutil,306000000,306000000,1020000000,nvhost_podgov,0,3,,47312,48156,48218,47718,47531,48218,5055,756,1433,0.389,19.274,7.490
3927895810311,10018469,99.816,100.000,729600,729600,1728000,schedutil,306000000,306000000,1020000000,nvhost_podgov,0,3,,47250,48250,48156,47656,47562,48250,5055,756,1433,0.375,19.286,7.620
3927905807723,9997412,100.026,100.000,729600,729600,1728000,schedutil,306000000,306000000,1020000000,nvhost_podgov,0,3,,47156,48312,48125,47656,47500,48312,5055,756,1433,0.388,19.273,7.460
3927915811088,10003365,99.966,100.000,729600,729600,1728000,schedutil,306000000,306000000,1020000000,nvhost_podgov,0,3,,47093,48375,48218,47656,47468,48375,5055,756,1433,0.374,19.281,7.210
3927925807093,9996005,100.040,100.000,729600,729600,1728000,schedutil,306000000,306000000,1020000000,nvhost_podgov,0,3,,47218,48500,48187,47593,47468,48500,5055,756,1433,0.367,19.277,6.960
3927935803417,9996324,100.037,100.000,729600,729600,1728000,schedutil,306000000,306000000,1020000000,nvhost_podgov,0,3,,47125,48468,48125,47593,47468,48468,5055,756,1433,0.374,19.279,7.210
3927945806366,10002949,99.971,100.000,729600,729600,1728000,schedutil,306000000,306000000,1020000000,nvhost_podgov,0,3,,47031,48250,48281,47656,47500,48281,5055,756,1433,0.360,19.281,6.940
3927955792067,9985701,100.143,100.000,729600,729600,1728000,schedutil,306000000,306000000,1020000000,nvhost_podgov,0,3,,47031,48281,48187,47656,47562,48281,5055,756,1433,0.405,19.277,7.810
3927965809608,10017541,99.825,100.000,729600,729600,1728000,schedutil,306000000,306000000,1020000000,nvhost_podgov,0,3,,47062,48312,48062,47562,47468,48312,5055,756,1433,0.361,19.281,6.960
3927975806604,9996996,100.030,100.000,729600,729600,1728000,schedutil,306000000,306000000,1020000000,nvhost_podgov,0,3,,47062,48312,48062,47687,47468,48687,5055,756,1433,0.393,19.274,7.560
3927985808721,10002117,99.979,100.000,729600,729600,1728000,schedutil,306000000,306000000,1020000000,nvhost_podgov,0,3,,47281,48562,48156,47656,47500,48562,5055,756,1433,0.369,19.279,7.040
3927995792181,9983460,100.166,100.000,729600,729600,1728000,schedutil,306000000,306000000,1020000000,nvhost_podgov,0,3,,47187,48562,48156,47687,47500,48312,5055,756,1433,0.396,19.276,7.640
3928005796858,10004677,99.953,100.000,729600,729600,1728000,schedutil,306000000,306000000,1020000000,nvhost_podgov,0,3,,47062,48312,48062,47625,47468,48312,5055,756,1433,0.367,19.282,7.090
3928015795039,9998181,100.018,100.000,729600,729600,1728000,schedutil,306000000,306000000,1020000000,nvhost_podgov,0,3,,47218,48375,48218,47656,47500,48375,5055,756,1433,0.372,19.281,7.180
3928025794339,9999300,100.007,100.000,729600,729600,1728000,schedutil,306000000,306000000,1020000000,nvhost_podgov,0,3,,47187,48437,48156,47562,47531,48437,5055,756,1433,0.378,19.280,7.230
3928035793096,9998757,100.012,100.000,729600,729600,1728000,schedutil,306000000,306000000,1020000000,nvhost_podgov,0,3,,47125,48281,48156,47718,47500,48281,5055,756,1433,0.362,19.282,6.990
3928045791053,9997957,100.020,100.000,729600,729600,1728000,schedutil,306000000,306000000,1020000000,nvhost_podgov,0,3,,47031,48312,48187,47750,47562,48312,5055,756,1433,0.404,19.282,7.670
3928055796114,10005061,99.949,100.000,729600,729600,1728000,schedutil,306000000,306000000,1020000000,nvhost_podgov,0,3,,47125,48343,48062,47625,47468,48343,5055,756,1433,0.365,19.284,7.040
3928065800918,10004804,99.952,100.000,729600,729600,1728000,schedutil,306000000,306000000,1020000000,nvhost_podgov,0,3,,47093,48312,48125,47812,47468,48312,5055,756,1433,0.378,19.276,7.730
3928075809275,10008357,99.916,100.000,729600,729600,1728000,schedutil,306000000,306000000,1020000000,nvhost_podgov,0,3,,47062,48500,48156,47625,47500,48500,5055,756,1433,0.398,19.274,7.670
3928091298956,15489681,64.559,99.988,729600,729600,1728000,schedutil,306000000,306000000,1020000000,nvhost_podgov,0,3,,47031,48406,48312,47687,47500,48406,5055,756,1433,0.419,19.266,8.060
3928095792356,4493400,222.549,100.000,729600,729600,1728000,schedutil,306000000,306000000,1020000000,nvhost_podgov,0,3,,47125,48281,48062,47531,47562,48281,5055,756,1433,0.422,19.270,8.140
3928105795209,10002853,99.971,100.000,729600,729600,1728000,schedutil,306000000,306000000,1020000000,nvhost_podgov,0,3,,47062,48312,48093,47656,47468,48312,5055,756,1433,0.410,19.266,7.900
3928115788494,9993285,100.067,100.000,729600,729600,1728000,schedutil,306000000,306000000,1020000000,nvhost_podgov,0,3,,47187,48312,48062,47562,47531,48312,5055,756,1433,0.420,19.264,8.090
3928125795474,10006980,99.930,100.000,729600,729600,1728000,schedutil,306000000,306000000,1020000000,nvhost_podgov,0,3,,47062,48343,48125,47593,47531,48187,5055,756,1433,0.360,19.275,6.940
3928135786455,9990981,100.090,100.000,729600,729600,1728000,schedutil,306000000,306000000,1020000000,nvhost_podgov,0,3,,47062,48625,48125,47718,47437,48625,5055,756,1433,0.362,19.276,6.990
3928145796924,10010469,99.895,100.000,729600,729600,1728000,schedutil,306000000,306000000,1020000000,nvhost_podgov,0,3,,47187,48593,48125,47625,47500,48343,5055,756,1433,0.347,19.282,6.690
3928155786400,9989476,100.105,100.000,729600,729600,1728000,schedutil,306000000,306000000,1020000000,nvhost_podgov,0,3,,47218,48312,48125,47593,47500,48312,5055,756,1433,0.366,19.277,7.070
3928165812838,10026438,99.736,100.000,729600,729600,1728000,schedutil,306000000,306000000,1020000000,nvhost_podgov,0,3,,47093,48406,48156,47750,47500,48406,5055,756,1433,0.351,19.284,6.770
3928175787594,9974756,100.253,100.000,729600,729600,1728000,schedutil,306000000,306000000,1020000000,nvhost_podgov,0,3,,47218,48406,48093,47656,47531,48406,5055,756,1433,0.370,19.282,7.130
3928185794607,10007013,99.930,100.000,729600,729600,1728000,schedutil,306000000,306000000,1020000000,nvhost_podgov,0,3,,47187,48312,48062,47656,47531,48312,5055,756,1433,0.343,19.282,6.600
3928195793555,9998948,100.011,100.000,729600,729600,1728000,schedutil,306000000,306000000,1020000000,nvhost_podgov,0,3,,47093,48218,48062,47781,47468,48218,5055,756,1433,0.380,19.288,6.750
3928205790584,9997029,100.030,100.000,729600,729600,1728000,schedutil,306000000,306000000,1020000000,nvhost_podgov,0,3,,47062,48406,48187,47625,47531,48406,5055,756,1433,0.362,19.281,6.990
3928215795965,10005381,99.946,100.000,729600,729600,1728000,schedutil,306000000,306000000,1020000000,nvhost_podgov,0,3,,47062,48343,48125,47656,47562,48343,5055,756,1433,0.378,19.285,6.550
3928225792737,9996772,100.032,100.000,729600,729600,1728000,schedutil,306000000,306000000,1020000000,nvhost_podgov,0,3,,47125,48562,48125,47781,47500,48562,5055,756,1433,0.365,19.286,7.040
3928235793094,10000357,99.996,100.000,729600,729600,1728000,schedutil,306000000,306000000,1020000000,nvhost_podgov,0,3,,47062,48500,48250,47593,47562,48500,5055,756,1433,0.356,19.289,6.530
3928245792971,9999877,100.001,100.000,729600,729600,1728000,schedutil,306000000,306000000,1020000000,nvhost_podgov,0,3,,47343,48312,48125,47593,47531,48312,5055,756,1433,0.375,19.288,7.230
3928255789615,9996644,100.034,100.000,729600,729600,1728000,schedutil,306000000,306000000,1020000000,nvhost_podgov,0,3,,47093,48312,48156,47656,47468,48343,5055,756,1433,0.365,19.282,7.040
3928265795060,10005445,99.946,100.000,729600,729600,1728000,schedutil,306000000,306000000,1020000000,nvhost_podgov,0,3,,47062,48375,48187,47718,47500,48375,5055,756,1433,0.352,19.288,6.820
3928275794521,9999461,100.005,100.000,729600,729600,1728000,schedutil,306000000,306000000,1020000000,nvhost_podgov,0,3,,47312,48343,48156,47656,47500,48250,5055,756,1433,0.355,19.284,6.850
3928285793470,9998949,100.011,100.000,729600,729600,1728000,schedutil,306000000,306000000,1020000000,nvhost_podgov,0,3,,47187,48187,48093,47593,47531,48187,5055,756,1433,0.346,19.284,6.680
3928295793090,9999620,100.004,100.000,729600,729600,1728000,schedutil,306000000,306000000,1020000000,nvhost_podgov,0,3,,47062,48281,48343,47687,47500,48343,5055,756,1433,0.369,19.289,7.120
3928305795303,10002213,99.978,100.000,729600,729600,1728000,schedutil,306000000,306000000,1020000000,nvhost_podgov,0,3,,47281,48312,48156,47625,47562,48312,5055,756,1433,0.346,19.288,6.680
3928315785868,9990565,100.094,100.000,729600,729600,1728000,schedutil,306000000,306000000,1020000000,nvhost_podgov,0,3,,47187,48437,48187,47656,47500,48437,5055,756,1433,0.369,19.284,7.120
3928325796368,10010500,99.895,100.000,729600,729600,1728000,schedutil,306000000,306000000,1020000000,nvhost_podgov,0,3,,47062,48468,48062,47781,47500,48468,5055,756,1433,0.340,19.288,6.550
3928335792405,9996037,100.040,100.000,729600,729600,1728000,schedutil,306000000,306000000,1020000000,nvhost_podgov,0,3,,47062,48281,48156,47687,47531,48281,5055,756,1433,0.367,19.277,7.080
3928345798618,10006213,99.938,100.000,729600,729600,1728000,schedutil,306000000,306000000,1020000000,nvhost_podgov,0,3,,47093,48250,48093,47718,47562,48250,5055,756,1433,0.352,19.289,6.600
3928355794431,9995813,100.042,100.000,729600,729600,1728000,schedutil,306000000,306000000,1020000000,nvhost_podgov,0,3,,47062,48406,48125,47781,47531,48406,5055,756,1433,0.359,19.284,6.910
3928365793923,9999492,100.005,100.000,729600,729600,1728000,schedutil,306000000,306000000,1020000000,nvhost_podgov,0,3,,47000,48406,48218,47593,47562,48406,5055,716,1433,0.351,19.289,6.680
3928375788296,9994373,100.056,100.000,729600,729600,1728000,schedutil,306000000,306000000,1020000000,nvhost_podgov,0,3,,47156,48562,48125,47625,47562,48562,5055,716,1433,0.381,19.286,7.010
3928385795501,10007205,99.928,100.000,729600,729600,1728000,schedutil,306000000,306000000,1020000000,nvhost_podgov,0,3,,47093,48531,48093,47687,47468,48281,5055,716,1433,0.359,19.288,6.440
3928395795121,9999620,100.004,100.000,729600,729600,1728000,schedutil,306000000,306000000,1020000000,nvhost_podgov,0,3,,47093,48312,48187,47718,47437,48312,5055,716,1433,0.349,19.288,6.730
3928405813718,10018597,99.814,100.000,729600,729600,1728000,schedutil,306000000,306000000,1020000000,nvhost_podgov,0,3,,47250,48218,48062,47593,47375,48406,5055,716,1433,0.365,19.282,7.040
3928415804123,9990405,100.096,100.000,729600,729600,1728000,schedutil,306000000,306000000,1020000000,nvhost_podgov,0,3,,47156,48468,48187,47531,47406,48468,5055,716,1433,0.343,19.285,6.600
3928425787103,9982980,100.170,100.000,729600,729600,1728000,schedutil,306000000,306000000,1020000000,nvhost_podgov,0,3,,47031,48281,48031,47687,47406,48281,5055,716,1433,0.381,19.289,7.360
3928435794724,10007621,99.924,100.000,729600,729600,1728000,schedutil,306000000,306000000,1020000000,nvhost_podgov,0,3,,47218,48250,48125,47625,47531,48250,5055,756,1433,0.341,19.281,6.580
3928445801129,10006405,99.936,100.000,729600,729600,1728000,schedutil,306000000,306000000,1020000000,nvhost_podgov,0,3,,47312,48312,48187,47625,47468,48312,5055,756,1433,0.360,19.281,6.940
3928455791405,9990276,100.097,100.000,729600,729600,1728000,schedutil,306000000,306000000,1020000000,nvhost_podgov,0,3,,47031,48312,48093,47750,47468,48312,5055,716,1433,0.349,19.281,6.960
3928465787122,9995717,100.043,100.000,729600,729600,1728000,schedutil,306000000,306000000,1020000000,nvhost_podgov,0,3,,47156,48500,48156,47625,47531,48500,5055,716,1433,0.376,19.281,6.770
3928475796023,10008901,99.911,100.000,729600,729600,1728000,schedutil,306000000,306000000,1020000000,nvhost_podgov,0,3,,47218,48468,48187,47625,47531,48468,5055,756,1433,0.341,19.286,6.580
3928485806076,10010053,99.900,100.000,729600,729600,1728000,schedutil,306000000,306000000,1020000000,nvhost_podgov,0,3,,47125,48281,48093,47750,47437,48281,5055,756,1433,0.352,19.281,6.800
3928495792960,9986884,100.131,100.000,729600,729600,1728000,schedutil,306000000,306000000,1020000000,nvhost_podgov,0,3,,47062,48312,48218,47718,47468,48312,5055,716,1433,0.354,19.289,6.960
3928505792485,9999525,100.005,100.000,729600,729600,1728000,schedutil,306000000,306000000,1020000000,nvhost_podgov,0,3,,47125,48375,48187,47656,47531,48375,5055,716,1433,0.345,19.288,6.680
3928515786217,9993732,100.063,100.000,729600,729600,1728000,schedutil,306000000,306000000,1020000000,nvhost_podgov,0,3,,47062,48406,48125,47718,47500,48406,5055,716,1433,0.356,19.284,6.870
3928525809807,10023590,99.765,100.000,729600,729600,1728000,schedutil,306000000,306000000,1020000000,nvhost_podgov,0,3,,47343,48687,48093,47625,47500,48687,5055,756,1433,0.344,19.284,6.630
3928535804467,9994660,100.053,100.000,729600,729600,1728000,schedutil,306000000,306000000,1020000000,nvhost_podgov,0,3,,47281,48531,48218,47625,47500,48312,5055,756,1433,0.396,19.280,8.170
3928545793144,9988677,100.113,100.000,729600,729600,1728000,schedutil,306000000,306000000,1020000000,nvhost_podgov,0,3,,47125,48343,48062,47781,47500,48343,5055,756,1433,0.347,19.285,6.710
3928555798396,10005252,99.948,100.000,729600,729600,1728000,schedutil,306000000,306000000,1020000000,nvhost_podgov,0,3,,47093,48437,48250,47687,47500,48437,5055,756,1433,0.383,19.284,7.370
3928565796897,9998501,100.015,100.000,729600,729600,1728000,schedutil,306000000,306000000,1020000000,nvhost_podgov,0,3,,47218,48468,48156,47687,47562,48468,5055,756,1433,0.345,19.285,6.660
3928575794054,9997157,100.028,100.000,729600,729600,1728000,schedutil,306000000,306000000,1020000000,nvhost_podgov,0,3,,47125,48250,48187,47593,47562,48250,5055,756,1433,0.355,19.285,6.530
3928585793194,9999140,100.009,100.000,729600,729600,1728000,schedutil,306000000,306000000,1020000000,nvhost_podgov,0,3,,47062,48281,48312,47687,47468,48281,5055,756,1433,0.360,19.286,6.960
3928595807215,10014021,99.860,100.000,729600,729600,1728000,schedutil,306000000,306000000,1020000000,nvhost_podgov,0,3,,47250,48406,48218,47656,47531,48406,5055,756,1433,0.345,19.288,6.660
3928605787348,9980133,100.199,100.000,729600,729600,1728000,schedutil,306000000,306000000,1020000000,nvhost_podgov,0,3,,47156,48343,48125,47500,47437,48343,5055,756,1433,0.370,19.279,7.130
3928615797944,10010596,99.894,100.000,729600,729600,1728000,schedutil,306000000,306000000,1020000000,nvhost_podgov,0,3,,47062,48531,48281,47718,47500,48531,5055,756,1433,0.343,19.279,6.600
3928625793565,9995621,100.044,100.000,729600,729600,1728000,schedutil,306000000,306000000,1020000000,nvhost_podgov,0,3,,47062,48500,48218,47687,47593,48500,5055,756,1433,0.370,19.281,7.130
3928635797986,10004421,99.956,100.000,729600,729600,1728000,schedutil,306000000,306000000,1020000000,nvhost_podgov,0,3,,47187,48343,48093,47625,47562,48343,5055,756,1433,0.349,19.282,6.720
3928645785862,9987876,100.121,100.000,729600,729600,1728000,schedutil,306000000,306000000,1020000000,nvhost_podgov,0,3,,47062,48250,48093,47750,47437,48500,5055,756,1433,0.390,19.286,7.530
3928655796459,10010597,99.894,100.000,729600,729600,1728000,schedutil,306000000,306000000,1020000000,nvhost_podgov,0,3,,47343,48375,48187,47562,47531,48375,5055,756,1433,0.344,19.286,6.630
3928665793648,9997189,100.028,100.000,729600,729600,1728000,schedutil,306000000,306000000,1020000000,nvhost_podgov,0,3,,47312,48437,48093,47562,47531,48312,5055,756,1433,0.354,19.285,6.850
3928675795925,10002277,99.977,100.000,729600,729600,1728000,schedutil,306000000,306000000,1020000000,nvhost_podgov,0,3,,47031,48250,48062,47781,47437,48250,5055,755,1433,0.378,19.284,7.280
3928685795929,10000004,100.000,100.000,729600,729600,1728000,schedutil,306000000,306000000,1020000000,nvhost_podgov,0,3,,47250,48281,48218,47656,47406,48281,5055,755,1433,0.351,19.290,6.770
3928695787326,9991397,100.086,100.000,729600,729600,1728000,schedutil,306000000,306000000,1020000000,nvhost_podgov,0,3,,47250,48312,48187,47656,47500,48312,5055,755,1433,0.372,19.275,7.180
3928705797283,10009957,99.901,100.000,729600,729600,1728000,schedutil,306000000,306000000,1020000000,nvhost_podgov,0,3,,47250,48437,48062,47656,47500,48437,5055,756,1433,0.352,19.289,6.550
3928715786215,9988932,100.111,100.000,729600,729600,1728000,schedutil,306000000,306000000,1020000000,nvhost_podgov,0,3,,47062,48437,48281,47593,47468,48437,5055,756,1433,0.364,19.279,7.010
3928725797676,10011461,99.886,100.000,729600,729600,1728000,schedutil,306000000,306000000,1020000000,nvhost_podgov,0,3,,47187,48281,48218,47593,47500,48281,5055,756,1433,0.357,19.289,6.600
3928735811313,10013637,99.864,100.000,729600,729600,1728000,schedutil,306000000,306000000,1020000000,nvhost_podgov,0,3,,47062,48156,48062,47625,47531,48156,5055,756,1433,0.349,19.280,6.720
3928745796821,9985508,100.145,100.000,729600,729600,1728000,schedutil,306000000,306000000,1020000000,nvhost_podgov,0,3,,47000,48375,48093,47750,47500,48375,5055,756,1433,0.346,19.290,6.540
3928755790586,9993765,100.062,100.000,729600,729600,1728000,schedutil,306000000,306000000,1020000000,nvhost_podgov,0,3,,47062,48343,48218,47625,47531,48656,5055,756,1433,0.370,19.280,6.720
3928765795967,10005381,99.946,100.000,729600,729600,1728000,schedutil,306000000,306000000,1020000000,nvhost_podgov,0,3,,47156,48562,48187,47687,47500,48562,5055,756,1433,0.345,19.290,6.660
3928775792579,9996612,100.034,100.000,729600,729600,1728000,schedutil,306000000,306000000,1020000000,nvhost_podgov,0,3,,47156,48500,48031,47718,47468,48500,5055,756,1433,0.351,19.286,6.770
3928785793448,10000869,99.991,100.000,729600,729600,1728000,schedutil,306000000,306000000,1020000000,nvhost_podgov,0,3,,47062,48312,48156,47625,47500,48312,5055,756,1433,0.361,19.285,6.960
3928795811085,10017637,99.824,100.000,729600,729600,1728000,schedutil,306000000,306000000,1020000000,nvhost_podgov,0,3,,47343,48343,48156,47593,47562,48375,5055,756,1433,0.364,19.288,7.090
3928805790929,9979844,100.202,100.000,729600,729600,1728000,schedutil,306000000,306000000,1020000000,nvhost_podgov,0,3,,47062,48343,48093,47687,47500,48343,5055,756,1433,0.372,19.290,7.180
3928815794678,10003749,99.963,100.000,729600,729600,1728000,schedutil,306000000,306000000,1020000000,nvhost_podgov,0,3,,47250,48437,48250,47750,47500,48250,5055,756,1433,0.354,19.286,6.600
3928825786779,9992101,100.079,100.000,729600,729600,1728000,schedutil,306000000,306000000,1020000000,nvhost_podgov,0,3,,47250,48250,48156,47625,47562,48250,5055,756,1433,0.393,19.288,7.560
3928835812992,10026213,99.739,100.000,729600,729600,1728000,schedutil,306000000,306000000,1020000000,nvhost_podgov,0,3,,47062,48312,48062,47687,47500,48312,5055,756,1433,0.362,19.290,6.630
3928845786884,9973892,100.262,100.000,729600,729600,1728000,schedutil,306000000,306000000,1020000000,nvhost_podgov,0,3,,47125,48312,48156,47625,47437,48312,5055,756,1433,0.360,19.276,6.940
3928855794825,10007941,99.921,100.000,729600,729600,1728000,schedutil,306000000,306000000,1020000000,nvhost_podgov,0,3,,47218,48562,48156,47562,47562,48562,5055,756,1433,0.360,19.290,6.580
3928865792462,9997637,100.024,100.000,729600,729600,1728000,schedutil,306000000,306000000,1020000000,nvhost_podgov,0,3,,47125,48468,48125,47718,47500,48312,5055,756,1433,0.367,19.282,7.090
3928875797202,10004740,99.953,100.000,729600,729600,1728000,schedutil,306000000,306000000,1020000000,nvhost_podgov,0,3,,47062,48281,48281,47687,47468,48281,5055,756,1433,0.346,19.285,6.720
3928885794231,9997029,100.030,100.000,729600,729600,1728000,schedutil,306000000,306000000,1020000000,nvhost_podgov,0,3,,47218,48250,48156,47531,47562,48250,5055,756,1433,0.350,19.282,6.750
3928895793500,9999269,100.007,100.000,729600,729600,1728000,schedutil,306000000,306000000,1020000000,nvhost_podgov,0,3,,47093,48343,48093,47656,47531,48343,5055,756,1433,0.352,19.281,6.800
3928905808417,10014917,99.851,100.000,729600,729600,1728000,schedutil,306000000,306000000,1020000000,nvhost_podgov,0,3,,47093,48343,48281,47718,47468,48343,5055,756,1433,0.346,19.289,6.680
3928915805285,9996868,100.031,100.000,729600,729600,1728000,schedutil,306000000,306000000,1020000000,nvhost_podgov,0,3,,47062,48625,48125,47562,47531,48625,5055,756,1433,0.354,19.281,6.820
3928925809098,10003813,99.962,100.000,729600,729600,1728000,schedutil,306000000,306000000,1020000000,nvhost_podgov,0,3,,47125,48500,48125,47625,47562,48343,5055,756,1433,0.340,19.285,6.550
3928935792238,9983140,100.169,100.000,729600,729600,1728000,schedutil,306000000,306000000,1020000000,nvhost_podgov,0,3,,47093,48281,48250,47625,47531,48281,5055,756,1433,0.388,19.281,6.770
3928945806227,10013989,99.860,100.000,729600,729600,1728000,schedutil,306000000,306000000,1020000000,nvhost_podgov,0,3,,47312,48312,48125,47718,47500,48406,5055,756,1433,0.360,19.288,6.940
3928955796376,9990149,100.099,100.000,729600,729600,1728000,schedutil,306000000,306000000,1020000000,nvhost_podgov,0,3,,47281,48468,48125,47562,47468,48468,5055,756,1433,0.389,19.284,7.310
3928965806333,10009957,99.901,100.000,729600,729600,1728000,schedutil,306000000,306000000,1020000000,nvhost_podgov,0,3,,47062,48281,48093,47750,47500,48281,5055,756,1433,0.360,19.286,6.770
3928975808033,10001700,99.983,100.000,729600,729600,1728000,schedutil,306000000,306000000,1020000000,nvhost_podgov,0,3,,47281,48218,48187,47687,47437,48218,5055,756,1433,0.344,19.286,6.630
3928985805542,9997509,100.025,100.000,729600,729600,1728000,schedutil,306000000,306000000,1020000000,nvhost_podgov,0,3,,47187,48375,48093,47656,47593,48375,5055,756,1433,0.359,19.277,7.210
3928995808619,10003077,99.969,100.000,729600,729600,1728000,schedutil,306000000,306000000,1020000000,nvhost_podgov,0,3,,47156,48343,48062,47812,47468,48343,5055,756,1433,0.344,19.286,6.630
3929005802511,9993892,100.061,100.000,729600,729600,1728000,schedutil,306000000,306000000,1020000000,nvhost_podgov,0,3,,47156,48593,48218,47593,47531,48593,5055,756,1433,0.367,19.290,7.530
3929015807796,10005285,99.947,100.000,729600,729600,1728000,schedutil,306000000,306000000,1020000000,nvhost_podgov,0,3,,47187,48562,48187,47656,47531,48562,5055,756,1433,0.338,19.282,6.500
3929025799385,9991589,100.084,100.000,729600,729600,1728000,schedutil,306000000,306000000,1020000000,nvhost_podgov,0,3,,47187,48312,48125,47656,47406,48312,5055,756,1433,0.393,19.290,7.580
3929035810686,10011301,99.887,100.000,729600,729600,1728000,schedutil,306000000,306000000,1020000000,nvhost_podgov,0,3,,47062,48281,48218,47656,47468,48281,5055,756,1433,0.341,19.285,6.580
3929045803074,9992388,100.076,100.000,729600,729600,1728000,schedutil,306000000,306000000,1020000000,nvhost_podgov,0,3,,47062,48343,48093,47625,47593,48343,5055,756,1433,0.384,19.289,6.850
3929055809255,10006181,99.938,100.000,729600,729600,1728000,schedutil,306000000,306000000,1020000000,nvhost_podgov,0,3,,47093,48343,48093,47531,47437,48250,5055,756,1433,0.357,19.282,6.900
3929065810508,10001253,99.987,100.000,729600,729600,1728000,schedutil,306000000,306000000,1020000000,nvhost_podgov,0,3,,47093,48718,48218,47781,47468,48718,5055,756,1433,0.360,19.284,6.940
3929075810160,9999652,100.003,100.000,729600,729600,1728000,schedutil,306000000,306000000,1020000000,nvhost_podgov,0,3,,47250,48531,48187,47687,47531,48343,5055,756,1433,0.354,19.286,7.130
3929085808053,9997893,100.021,100.000,729600,729600,1728000,schedutil,306000000,306000000,1020000000,nvhost_podgov,0,3,,47312,48281,48093,47593,47500,48281,5055,755,1433,0.351,19.288,6.770
3929095791161,9983108,100.169,100.000,729600,729600,1728000,schedutil,306000000,306000000,1020000000,nvhost_podgov,0,3,,47125,48312,48062,47718,47468,48437,5055,755,1433,0.362,19.280,6.990
3929105805822,10014661,99.854,100.000,729600,729600,1728000,schedutil,306000000,306000000,1020000000,nvhost_podgov,0,3,,47218,48375,48250,47656,47531,48375,5055,755,1433,0.354,19.288,6.750
3929115808323,10002501,99.975,100.000,729600,729600,1728000,schedutil,306000000,306000000,1020000000,nvhost_podgov,0,3,,47187,48281,48187,47593,47468,48281,5055,755,1433,0.360,19.281,6.750
3929125809192,10000869,99.991,100.000,729600,729600,1728000,schedutil,306000000,306000000,1020000000,nvhost_podgov,0,3,,47062,48312,48062,47781,47531,48312,5055,755,1433,0.346,19.288,6.680
3929135795660,9986468,100.136,100.000,729600,729600,1728000,schedutil,306000000,306000000,1020000000,nvhost_podgov,0,3,,47125,48312,48250,47625,47500,48312,5055,755,1433,0.381,19.277,7.350
3929145805649,10009989,99.900,100.000,729600,729600,1728000,schedutil,306000000,306000000,1020000000,nvhost_podgov,0,3,,47156,48281,48156,47625,47531,48281,5055,755,1433,0.350,19.284,6.750
3929155796182,9990533,100.095,100.000,729600,729600,1728000,schedutil,306000000,306000000,1020000000,nvhost_podgov,0,3,,47156,48531,48125,47531,47500,48531,5055,755,1433,0.355,19.282,6.850
3929165796026,9999844,100.002,100.000,729600,729600,1728000,schedutil,306000000,306000000,1020000000,nvhost_podgov,0,3,,47031,48500,48281,47687,47500,48500,5055,756,1433,0.383,19.285,7.370
3929175806943,10010917,99.891,100.000,729600,729600,1728000,schedutil,306000000,306000000,1020000000,nvhost_podgov,0,3,,47125,48218,48187,47625,47562,48218,5055,756,1433,0.356,19.289,6.660
3929185795940,9988997,100.110,100.000,729600,729600,1728000,schedutil,306000000,306000000,1020000000,nvhost_podgov,0,3,,47093,48281,48062,47593,47500,48375,5055,756,1433,0.384,19.277,7.400
3929195811721,10015781,99.842,100.000,729600,729600,1728000,schedutil,306000000,306000000,1020000000,nvhost_podgov,0,3,,47093,48437,48125,47718,47500,48437,5055,756,1433,0.365,19.291,6.600
3929205804141,9992420,100.076,100.000,729600,729600,1728000,schedutil,306000000,306000000,1020000000,nvhost_podgov,0,3,,47281,48375,48187,47562,47500,48312,5055,756,1433,0.369,19.285,7.120
3929215807794,10003653,99.963,100.000,729600,729600,1728000,schedutil,306000000,306000000,1020000000,nvhost_podgov,0,3,,47156,48187,48156,47562,47468,48187,5055,756,1433,0.347,19.291,6.580
3929225796566,9988772,100.112,100.000,729600,729600,1728000,schedutil,306000000,306000000,1020000000,nvhost_podgov,0,3,,47031,48312,48062,47687,47500,48312,5055,756,1433,0.354,19.286,6.820
3929235797211,10000645,99.994,100.000,729600,729600,1728000,schedutil,306000000,306000000,1020000000,nvhost_podgov,0,3,,47281,48312,48125,47625,47562,48312,5055,756,1433,0.381,19.284,7.160
3929245808576,10011365,99.886,100.000,729600,729600,1728000,schedutil,306000000,306000000,1020000000,nvhost_podgov,0,3,,47187,48500,48187,47500,47531,48500,5055,756,1433,0.356,19.285,6.870
3929255791300,9982724,100.173,100.000,729600,729600,1728000,schedutil,306000000,306000000,1020000000,nvhost_podgov,0,3,,47062,48437,48093,47781,47406,48437,5055,756,1433,0.381,19.279,7.350
3929265807945,10016645,99.834,100.000,729600,729600,1728000,schedutil,306000000,306000000,1020000000,nvhost_podgov,0,3,,47125,48281,48218,47593,47562,48281,5055,756,1433,0.344,19.285,6.630
3929275792558,9984613,100.154,100.000,729600,729600,1728000,schedutil,306000000,306000000,1020000000,nvhost_podgov,0,3,,47250,48281,48125,47656,47500,48281,5055,756,1433,0.378,19.282,7.280
3929285808435,10015877,99.841,100.000,729600,729600,1728000,schedutil,306000000,306000000,1020000000,nvhost_podgov,0,3,,47125,48312,48156,47781,47531,48312,5055,756,1433,0.339,19.284,6.530
3929295802007,9993572,100.064,100.000,729600,729600,1728000,schedutil,306000000,306000000,1020000000,nvhost_podgov,0,3,,47062,48312,48250,47687,47562,48312,5055,756,1433,0.369,19.279,7.100
3929305807132,10005125,99.949,100.000,729600,729600,1728000,schedutil,306000000,306000000,1020000000,nvhost_podgov,0,3,,47156,48625,48156,47562,47437,48625,5055,756,1433,0.345,19.290,6.550
3929315792033,9984901,100.151,100.000,729600,729600,1728000,schedutil,306000000,306000000,1020000000,nvhost_podgov,0,3,,47062,48468,48156,47781,47500,48281,5055,756,1433,0.379,19.279,7.300
3929325808454,10016421,99.836,100.000,729600,729600,1728000,schedutil,306000000,306000000,1020000000,nvhost_podgov,0,3,,47062,48312,48218,47687,47500,48312,5055,756,1433,0.356,19.293,7.090
3929335805674,9997220,100.028,100.000,729600,729600,1728000,schedutil,306000000,306000000,1020000000,nvhost_podgov,0,3,,47250,48312,48187,47625,47562,48468,5055,756,1433,0.365,19.279,6.550
3929345810607,10004933,99.951,100.000,729600,729600,1728000,schedutil,306000000,306000000,1020000000,nvhost_podgov,0,3,,47062,48343,48093,47562,47468,48343,5055,756,1433,0.355,19.290,6.680
3929355795155,9984548,100.155,100.000,729600,729600,1728000,schedutil,306000000,306000000,1020000000,nvhost_podgov,0,3,,47062,48343,48250,47718,47500,48312,5055,756,1433,0.355,19.282,6.580
3929365805720,10010565,99.894,100.000,729600,729600,1728000,schedutil,306000000,306000000,1020000000,nvhost_podgov,0,3,,47312,48250,48250,47687,47562,48250,5055,756,1433,0.356,19.285,7.120
3929375797693,9991973,100.080,100.000,729600,729600,1728000,schedutil,306000000,306000000,1020000000,nvhost_podgov,0,3,,47218,48375,48125,47656,47468,48375,5055,756,1433,0.359,19.282,6.910
3929385806722,10009029,99.910,100.000,729600,729600,1728000,schedutil,306000000,306000000,1020000000,nvhost_podgov,0,3,,47062,48281,48343,47687,47500,48343,5055,756,1433,0.381,19.280,6.820
3929395808646,10001924,99.981,100.000,729600,729600,1728000,schedutil,306000000,306000000,1020000000,nvhost_podgov,0,3,,47312,48500,48156,47593,47562,48500,5055,756,1433,0.334,19.286,6.440
3929405797259,9988613,100.114,100.000,729600,729600,1728000,schedutil,306000000,306000000,1020000000,nvhost_podgov,0,3,,47187,48500,48125,47656,47562,48500,5055,756,1433,0.385,19.286,6.800
3929415818064,10020805,99.792,100.000,729600,729600,1728000,schedutil,306000000,306000000,1020000000,nvhost_podgov,0,3,,47062,48312,48062,47718,47437,48312,5055,756,1433,0.357,19.284,6.900
3929425799156,9981092,100.189,100.000,729600,729600,1728000,schedutil,306000000,306000000,1020000000,nvhost_podgov,0,3,,47156,48281,48187,47718,47500,48281,5055,756,1433,0.362,19.290,6.990
3929435810841,10011685,99.883,100.000,729600,729600,1728000,schedutil,306000000,306000000,1020000000,nvhost_podgov,0,3,,47093,48375,48156,47718,47500,48375,5055,756,1433,0.344,19.281,6.630
3929445802142,9991301,100.087,100.000,729600,729600,1728000,schedutil,306000000,306000000,1020000000,nvhost_podgov,0,3,,47125,48343,48000,47718,47500,48343,5055,756,1433,0.354,19.284,6.820
3929455797314,9995172,100.048,100.000,729600,729600,1728000,schedutil,306000000,306000000,1020000000,nvhost_podgov,0,3,,47062,48656,48250,47718,47562,48656,5055,756,1433,0.371,19.275,7.160
3929465807271,10009957,99.901,100.000,729600,729600,1728000,schedutil,306000000,306000000,1020000000,nvhost_podgov,0,3,,47281,48593,48156,47562,47500,48312,5055,756,1433,0.351,19.286,6.770
3929475791947,9984676,100.153,100.000,729600,729600,1728000,schedutil,306000000,306000000,1020000000,nvhost_podgov,0,3,,47062,48343,48156,47593,47468,48343,5055,756,1433,0.380,19.280,7.210
3929485806928,10014981,99.850,100.000,729600,729600,1728000,schedutil,306000000,306000000,1020000000,nvhost_podgov,0,3,,47062,48312,48343,47625,47500,48437,5055,756,1433,0.344,19.286,6.630
3929495796853,9989925,100.101,100.000,729600,729600,1728000,schedutil,306000000,306000000,1020000000,nvhost_podgov,0,3,,47343,48375,48187,47625,47500,48375,5055,756,1433,0.351,19.284,6.770
3929505810906,10014053,99.860,100.000,729600,729600,1728000,schedutil,306000000,306000000,1020000000,nvhost_podgov,0,3,,47218,48250,48093,47625,47531,48250,5055,756,1433,0.339,19.284,6.530
3929515792158,9981252,100.188,100.000,729600,729600,1728000,schedutil,306000000,306000000,1020000000,nvhost_podgov,0,3,,47062,48218,48093,47781,47500,48218,5055,756,1433,0.391,19.290,7.550
3929525805507,10013349,99.867,100.000,729600,729600,1728000,schedutil,306000000,306000000,1020000000,nvhost_podgov,0,3,,47218,48343,48187,47593,47500,48343,5055,756,1433,0.341,19.285,6.580
3929535808424,10002917,99.971,100.000,729600,729600,1728000,schedutil,306000000,306000000,1020000000,nvhost_podgov,0,3,,47250,48312,48156,47562,47500,48312,5055,756,1433,0.350,19.288,6.850
3929545804236,9995812,100.042,100.000,729600,729600,1728000,schedutil,306000000,306000000,1020000000,nvhost_podgov,0,3,,47093,48531,48062,47781,47500,48531,5055,756,1433,0.409,19.264,7.870
3929555812209,10007973,99.920,100.000,729600,729600,1728000,schedutil,306000000,306000000,1020000000,nvhost_podgov,0,3,,47062,48468,48156,47687,47562,48468,5055,756,1433,0.369,19.288,7.120
3929565799926,9987717,100.123,100.000,729600,729600,1728000,schedutil,306000000,306000000,1020000000,nvhost_podgov,0,3,,47218,48281,48093,47531,47531,48281,5055,756,1433,0.372,19.280,7.180
3929575810523,10010597,99.894,100.000,729600,729600,1728000,schedutil,306000000,306000000,1020000000,nvhost_podgov,0,3,,47125,48312,48125,47812,47500,48312,5055,756,1433,0.364,19.290,7.010
3929585793471,9982948,100.171,100.000,729600,729600,1728000,schedutil,306000000,306000000,1020000000,nvhost_podgov,0,3,,47062,48343,48250,47593,47562,48343,5055,756,1433,0.367,19.279,7.090
3929595813252,10019781,99.803,100.000,729600,729600,1728000,schedutil,306000000,306000000,1020000000,nvhost_podgov,0,3,,47093,48343,48093,47625,47500,48250,5055,756,1433,0.354,19.288,6.820
3929605805673,9992421,100.076,100.000,729600,729600,1728000,schedutil,306000000,306000000,1020000000,nvhost_podgov,0,3,,47093,48281,48062,47750,47468,48281,5055,756,1433,0.366,19.277,7.070
3929616035058,10229385,97.758,99.999,729600,729600,1728000,schedutil,306000000,306000000,1020000000,nvhost_podgov,0,3,,47093,48312,48218,47718,47500,48312,5055,756,1433,0.351,19.288,6.770
3929625792818,9757760,102.483,100.000,729600,729600,1728000,schedutil,306000000,306000000,1020000000,nvhost_podgov,0,3,,47250,48312,48125,47656,47500,48312,5055,756,1433,0.372,19.281,6.550
3929635798614,10005796,99.942,100.000,729600,729600,1728000,schedutil,306000000,306000000,1020000000,nvhost_podgov,0,3,,47062,48468,48062,47750,47500,48468,5055,756,1433,0.378,19.286,7.280
3929645804283,10005669,99.943,100.000,729600,729600,1728000,schedutil,306000000,306000000,1020000000,nvhost_podgov,0,3,,47062,48500,48187,47750,47531,48500,5055,756,1433,0.354,19.291,6.850
3929655808288,10004005,99.960,100.000,729600,729600,1728000,schedutil,306000000,306000000,1020000000,nvhost_podgov,0,3,,47156,48250,48156,47656,47531,48250,5055,756,1433,0.351,19.286,6.770
3929665808101,9999813,100.002,100.000,729600,729600,1728000,schedutil,306000000,306000000,1020000000,nvhost_podgov,0,3,,47062,48343,48125,47593,47562,48343,5055,756,1433,0.359,19.289,6.630
3929675791337,9983236,100.168,100.000,729600,729600,1728000,schedutil,306000000,306000000,1020000000,nvhost_podgov,0,3,,47062,48343,48218,47750,47437,48343,5055,756,1433,0.369,19.277,7.100
3929685809422,10018085,99.819,100.000,729600,729600,1728000,schedutil,306000000,306000000,1020000000,nvhost_podgov,0,3,,47187,48312,48218,47531,47500,48312,5055,756,1433,0.354,19.281,6.750
3929695790514,9981092,100.189,100.000,729600,729600,1728000,schedutil,306000000,306000000,1020000000,nvhost_podgov,0,3,,47250,48562,48093,47656,47531,48562,5055,756,1433,0.361,19.279,6.960
3929705806295,10015781,99.842,100.000,729600,729600,1728000,schedutil,306000000,306000000,1020000000,nvhost_podgov,0,3,,47062,48531,48250,47750,47468,48531,5055,756,1433,0.347,19.290,6.630
3929715807900,10001605,99.984,100.000,729600,729600,1728000,schedutil,306000000,306000000,1020000000,nvhost_podgov,0,3,,47062,48343,48156,47593,47468,48343,5055,756,1433,0.344,19.281,6.630
3929725806433,9998533,100.015,100.000,729600,729600,1728000,schedutil,306000000,306000000,1020000000,nvhost_podgov,0,3,,47093,48312,48156,47656,47468,48312,5055,756,1433,0.346,19.290,6.750
3929735806981,10000548,99.995,100.000,729600,729600,1728000,schedutil,306000000,306000000,1020000000,nvhost_podgov,0,3,,47093,48406,48062,47750,47500,48406,5055,756,1433,0.372,19.280,6.690
3929745808330,10001349,99.987,100.000,729600,729600,1728000,schedutil,306000000,306000000,1020000000,nvhost_podgov,0,3,,47312,48375,48250,47656,47562,48312,5055,756,1433,0.351,19.290,6.770
3929755809263,10000933,99.991,100.000,729600,729600,1728000,schedutil,306000000,306000000,1020000000,nvhost_podgov,0,3,,47281,48250,48093,47562,47531,48250,5055,756,1433,0.351,19.288,6.770
3929765803059,9993796,100.062,100.000,729600,729600,1728000,schedutil,306000000,306000000,1020000000,nvhost_podgov,0,3,,47062,48312,48156,47750,47437,48312,5055,756,1433,0.356,19.289,6.870
3929775807224,10004165,99.958,100.000,729600,729600,1728000,schedutil,306000000,306000000,1020000000,nvhost_podgov,0,3,,47312,48375,48250,47687,47531,48375,5055,756,1433,0.349,19.286,6.720
3929785803965,9996741,100.033,100.000,729600,729600,1728000,schedutil,306000000,306000000,1020000000,nvhost_podgov,0,3,,47281,48468,48125,47656,47500,48468,5055,756,1433,0.354,19.281,6.820
3929795806977,10003012,99.970,100.000,729600,729600,1728000,schedutil,306000000,306000000,1020000000,nvhost_podgov,0,3,,47187,48468,48093,47656,47468,48468,5055,756,1433,0.361,19.289,6.530
3929805793862,9986885,100.131,100.000,729600,729600,1728000,schedutil,306000000,306000000,1020000000,nvhost_podgov,0,3,,47000,48218,48281,47625,47468,48281,5055,756,1433,0.386,19.286,7.450
3929815807659,10013797,99.862,100.000,729600,729600,1728000,schedutil,306000000,306000000,1020000000,nvhost_podgov,0,3,,47187,48250,48156,47562,47531,48250,5055,756,1433,0.354,19.289,6.550
3929825797519,9989860,100.102,100.000,729600,729600,1728000,schedutil,306000000,306000000,1020000000,nvhost_podgov,0,3,,47156,48343,48062,47656,47500,48343,5055,756,1433,0.364,19.288,7.010
3929835796884,9999365,100.006,100.000,729600,729600,1728000,schedutil,306000000,306000000,1020000000,nvhost_podgov,0,3,,47093,48406,48218,47656,47500,48406,5055,755,1433,0.365,19.286,7.310
3929845806169,10009285,99.907,100.000,729600,729600,1728000,schedutil,306000000,306000000,1020000000,nvhost_podgov,0,3,,47062,48593,48125,47593,47531,48593,5055,755,1433,0.355,19.286,6.850
3929855808638,10002469,99.975,100.000,729600,729600,1728000,schedutil,306000000,306000000,1020000000,nvhost_podgov,0,3,,47093,48531,48125,47625,47500,48531,5055,755,1433,0.350,19.281,6.680
3929865806562,9997924,100.021,100.000,729600,729600,1728000,schedutil,306000000,306000000,1020000000,nvhost_podgov,0,3,,47093,48312,48125,47687,47500,48312,5055,755,1433,0.347,19.286,6.710
3929875791015,9984453,100.156,100.000,729600,729600,1728000,schedutil,306000000,306000000,1020000000,nvhost_podgov,0,3,,47312,48375,48218,47718,47562,48375,5055,755,1433,0.376,19.284,7.260
3929885806220,10015205,99.848,100.000,729600,729600,1728000,schedutil,306000000,306000000,1020000000,nvhost_podgov,0,3,,47312,48437,48125,47531,47406,48437,5055,755,1433,0.347,19.289,6.710
3929895791344,9985124,100.149,100.000,729600,729600,1728000,schedutil,306000000,306000000,1020000000,nvhost_podgov,0,3,,47125,48406,48062,47656,47531,48250,5055,755,1433,0.385,19.285,6.940
3929905808629,10017285,99.827,100.000,729600,729600,1728000,schedutil,306000000,306000000,1020000000,nvhost_podgov,0,3,,47250,48218,48125,47656,47562,48250,5055,755,1433,0.335,19.290,6.460
3929915806586,9997957,100.020,100.000,729600,729600,1728000,schedutil,306000000,306000000,1020000000,nvhost_podgov,0,3,,47250,48312,48125,47593,47562,48312,5055,755,1433,0.362,19.279,6.990
3929925814718,10008132,99.919,100.000,729600,729600,1728000,schedutil,306000000,306000000,1020000000,nvhost_podgov,0,3,,47125,48281,48093,47593,47562,48281,5055,755,1433,0.347,19.285,6.710
3929935794915,9980197,100.198,100.000,729600,729600,1728000,schedutil,306000000,306000000,1020000000,nvhost_podgov,0,3,,47125,48531,48187,47593,47500,48531,5055,755,1433,0.384,19.284,6.660
3929945809224,10014309,99.857,100.000,729600,729600,1728000,schedutil,306000000,306000000,1020000000,nvhost_podgov,0,3,,47218,48562,48156,47625,47500,48562,5055,755,1433,0.347,19.289,6.710
3929955795468,9986244,100.138,100.000,729600,729600,1728000,schedutil,306000000,306000000,1020000000,nvhost_podgov,0,3,,47218,48250,48093,47656,47500,48250,5055,755,1433,0.349,19.286,6.720
3929965792465,9996997,100.030,100.000,729600,729600,1728000,schedutil,306000000,306000000,1020000000,nvhost_podgov,0,3,,47062,48250,48281,47656,47437,48250,5055,755,1433,0.362,19.275,6.990
3929975810742,10018277,99.818,100.000,729600,729600,1728000,schedutil,306000000,306000000,1020000000,nvhost_podgov,0,3,,47093,48375,48125,47656,47500,48375,5055,755,1433,0.346,19.286,6.680
3929985791738,9980996,100.190,100.000,729600,729600,1728000,schedutil,306000000,306000000,1020000000,nvhost_podgov,0,3,,47093,48375,48156,47593,47468,48375,5055,755,1433,0.374,19.282,7.160
3929995808863,10017125,99.829,100.000,729600,729600,1728000,schedutil,306000000,306000000,1020000000,nvhost_podgov,0,3,,47062,48718,48062,47718,47468,48718,5055,756,1433,0.339,19.288,6.530
3930005802436,9993573,100.064,100.000,729600,729600,1728000,schedutil,306000000,306000000,1020000000,nvhost_podgov,0,3,,47062,48625,48093,47656,47531,48312,5055,756,1433,0.385,19.276,6.770
3930015808680,10006244,99.938,100.000,729600,729600,1728000,schedutil,306000000,306000000,1020000000,nvhost_podgov,0,3,,47125,48406,48156,47625,47531,48406,5055,756,1433,0.336,19.284,6.490
3930025791085,9982405,100.176,100.000,729600,729600,1728000,schedutil,306000000,306000000,1020000000,nvhost_podgov,0,3,,47062,48468,48093,47781,47406,48468,5055,756,1433,0.396,19.286,7.640
3930035809426,10018341,99.817,100.000,729600,729600,1728000,schedutil,306000000,306000000,1020000000,nvhost_podgov,0,3,,47250,48468,48218,47687,47562,48468,5055,756,1433,0.339,19.285,6.530
3930045805206,9995780,100.042,100.000,729600,729600,1728000,schedutil,306000000,306000000,1020000000,nvhost_podgov,0,3,,47250,48218,48062,47593,47562,48218,5055,756,1433,0.354,19.280,6.820
3930055807547,10002341,99.977,100.000,729600,729600,1728000,schedutil,306000000,306000000,1020000000,nvhost_podgov,0,3,,47062,48281,48062,47687,47500,48281,5055,756,1433,0.351,19.284,6.770
3930065807808,10000261,99.997,100.000,729600,729600,1728000,schedutil,306000000,306000000,1020000000,nvhost_podgov,0,3,,47187,48343,48250,47656,47468,48343,5055,756,1433,0.347,19.286,6.710
3930075797668,9989860,100.102,100.000,729600,729600,1728000,schedutil,306000000,306000000,1020000000,nvhost_podgov,0,3,,47187,48312,48125,47593,47468,48562,5055,756,1433,0.355,19.281,6.850
3930085810281,10012613,99.874,100.000,729600,729600,1728000,schedutil,306000000,306000000,1020000000,nvhost_podgov,0,3,,47125,48593,48093,47781,47500,48593,5055,716,1433,0.351,19.286,6.770
3930095792525,9982244,100.178,100.000,729600,729600,1728000,schedutil,306000000,306000000,1020000000,nvhost_podgov,0,3,,47156,48500,48218,47687,47406,48500,5055,716,1433,0.366,19.279,7.070
3930105808338,10015813,99.842,100.000,729600,729600,1728000,schedutil,306000000,306000000,1020000000,nvhost_podgov,0,3,,47156,48312,48156,47656,47562,48312,5055,756,1433,0.343,19.282,6.600
3930115807415,9999077,100.009,100.000,729600,729600,1728000,schedutil,306000000,306000000,1020000000,nvhost_podgov,0,3,,47156,48281,48093,47593,47500,48375,5055,756,1433,0.361,19.285,6.680
3930125807036,9999621,100.004,100.000,729600,729600,1728000,schedutil,306000000,306000000,1020000000,nvhost_podgov,0,3,,47031,48343,48156,47750,47468,48343,5055,756,1433,0.346,19.285,6.680
3930135791392,9984356,100.157,100.000,729600,729600,1728000,schedutil,306000000,306000000,1020000000,nvhost_podgov,0,3,,47062,48312,48156,47656,47531,48250,5055,756,1433,0.370,19.275,6.530
3930145810117,10018725,99.813,100.000,729600,729600,1728000,schedutil,306000000,306000000,1020000000,nvhost_podgov,0,3,,47093,48250,48062,47593,47562,48250,5055,756,1433,0.340,19.286,6.550
3930155806186,9996069,100.039,100.000,729600,729600,1728000,schedutil,306000000,306000000,1020000000,nvhost_podgov,0,3,,47062,48687,48250,47781,47562,48312,5055,756,1433,0.410,19.273,7.420
3930165796974,9990788,100.092,100.000,729600,729600,1728000,schedutil,306000000,306000000,1020000000,nvhost_podgov,0,3,,47281,48312,48250,47687,47562,48312,5055,716,1433,0.399,19.276,7.690
3930175806067,10009093,99.909,100.000,729600,729600,1728000,schedutil,306000000,306000000,1020000000,nvhost_podgov,0,3,,47250,48500,48156,47625,47406,48500,5055,716,1433,0.372,19.282,6.940
3930185794712,9988645,100.114,100.000,729600,729600,1728000,schedutil,306000000,306000000,1020000000,nvhost_podgov,0,3,,47125,48468,48062,47718,47500,48468,5055,716,1433,0.386,19.275,7.450
3930195809565,10014853,99.852,100.000,729600,729600,1728000,schedutil,306000000,306000000,1020000000,nvhost_podgov,0,3,,47281,48312,48312,47625,47562,48312,5055,716,1433,0.374,19.280,7.230
3930205797281,9987716,100.123,100.000,729600,729600,1728000,schedutil,306000000,306000000,1020000000,nvhost_podgov,0,3,,47218,48250,48062,47531,47500,48250,5055,716,1433,0.395,19.266,7.620
3930215801414,10004133,99.959,100.000,729600,729600,1728000,schedutil,306000000,306000000,1020000000,nvhost_podgov,0,3,,47093,48250,48062,47781,47531,48250,5055,716,1433,0.372,19.282,7.180
3930225793834,9992420,100.076,100.000,729600,729600,1728000,schedutil,306000000,306000000,1020000000,nvhost_podgov,0,3,,47156,48375,48218,47781,47500,48375,5055,716,1433,0.395,19.275,7.620
3930235811759,10017925,99.821,100.000,729600,729600,1728000,schedutil,306000000,306000000,1020000000,nvhost_podgov,0,3,,47218,48562,48187,47593,47500,48562,5055,716,1433,0.374,19.284,7.210
3930245793652,9981893,100.181,100.000,729600,729600,1728000,schedutil,306000000,306000000,1020000000,nvhost_podgov,0,3,,47125,48593,48062,47562,47531,48593,5055,716,1433,0.370,19.281,7.130
3930255795928,10002276,99.977,100.000,729600,729600,1728000,schedutil,306000000,306000000,1020000000,nvhost_podgov,0,3,,47125,48250,48250,47687,47531,48250,5055,716,1433,0.374,19.280,7.210
3930265792765,9996837,100.032,100.000,729600,729600,1728000,schedutil,306000000,306000000,1020000000,nvhost_podgov,0,3,,47187,48312,48187,47625,47500,48312,5055,716,1433,0.360,19.281,6.940
3930275793058,10000293,99.997,100.000,729600,729600,1728000,schedutil,306000000,306000000,1020000000,nvhost_podgov,0,3,,47187,48531,48062,47656,47468,48531,5055,716,1433,0.400,19.279,7.710
3930285797542,10004484,99.955,100.000,729600,729600,1728000,schedutil,306000000,306000000,1020000000,nvhost_podgov,0,3,,47093,48343,48093,47750,47468,48312,5055,716,1433,0.360,19.282,6.940
3930295788459,9990917,100.091,100.000,729600,729600,1728000,schedutil,306000000,306000000,1020000000,nvhost_podgov,0,3,,47312,48250,48281,47625,47531,48281,5055,716,1433,0.379,19.281,7.300
3930305797072,10008613,99.914,100.000,729600,729600,1728000,schedutil,306000000,306000000,1020000000,nvhost_podgov,0,3,,47125,48343,48062,47625,47500,48343,5055,716,1433,0.380,19.284,6.940
3930315792916,9995844,100.042,100.000,729600,729600,1728000,schedutil,306000000,306000000,1020000000,nvhost_podgov,0,3,,47062,48281,48093,47718,47500,48281,5055,716,1433,0.372,19.282,7.180
3930325794745,10001829,99.982,100.000,729600,729600,1728000,schedutil,306000000,306000000,1020000000,nvhost_podgov,0,3,,47343,48531,48125,47656,47531,48531,5055,716,1433,0.365,19.285,6.920
3930335794974,10000229,99.998,100.000,729600,729600,1728000,schedutil,306000000,306000000,1020000000,nvhost_podgov,0,3,,47218,48500,48156,47625,47500,48500,5055,716,1433,0.364,19.277,7.010
3930345795138,10000164,99.998,100.000,729600,729600,1728000,schedutil,306000000,306000000,1020000000,nvhost_podgov,0,3,,47062,48312,48156,47750,47500,48312,5055,716,1433,0.366,19.288,7.740
3930355795047,9999909,100.001,100.000,729600,729600,1728000,schedutil,306000000,306000000,1020000000,nvhost_podgov,0,3,,47156,48218,48156,47656,47593,48218,5055,716,1433,0.365,19.284,7.040
3930365794956,9999909,100.001,100.000,729600,729600,1728000,schedutil,306000000,306000000,1020000000,nvhost_podgov,0,3,,47187,48343,48093,47656,47531,48343,5055,716,1433,0.372,19.277,7.180
3930375794032,9999076,100.009,100.000,729600,729600,1728000,schedutil,306000000,306000000,1020000000,nvhost_podgov,0,3,,47125,48375,48062,47718,47562,48375,5055,716,1433,0.369,19.281,7.100
3930385786133,9992101,100.079,100.000,729600,729600,1728000,schedutil,306000000,306000000,1020000000,nvhost_podgov,0,3,,47031,48656,48218,47718,47531,48656,5055,716,1433,0.399,19.275,7.300
3930395796794,10010661,99.894,100.000,729600,729600,1728000,schedutil,306000000,306000000,1020000000,nvhost_podgov,0,3,,47062,48625,48187,47625,47468,48625,5055,716,1433,0.360,19.281,6.940
3930405792766,9995972,100.040,100.000,729600,729600,1728000,schedutil,306000000,306000000,1020000000,nvhost_podgov,0,3,,47093,48281,48093,47781,47437,48281,5055,716,1433,0.395,19.279,7.420
3930415814564,10021798,99.782,100.000,729600,729600,1728000,schedutil,306000000,306000000,1020000000,nvhost_podgov,0,3,,47031,48312,48281,47781,47531,48437,5055,716,1433,0.354,19.285,6.820
3930425795432,9980868,100.192,100.000,729600,729600,1728000,schedutil,306000000,306000000,1020000000,nvhost_podgov,0,3,,47406,48437,48093,47593,47500,48437,5055,716,1433,0.401,19.275,7.730
3930435812365,10016933,99.831,100.000,729600,729600,1728000,schedutil,306000000,306000000,1020000000,nvhost_podgov,0,3,,47093,48218,48125,47593,47437,48218,5055,716,1433,0.379,19.280,7.160
3930445798129,9985764,100.143,100.000,729600,729600,1728000,schedutil,306000000,306000000,1020000000,nvhost_podgov,0,3,,47093,48281,48218,47781,47468,48281,5055,716,1433,0.383,19.280,7.370
3930455794294,9996165,100.038,100.000,729600,729600,1728000,schedutil,306000000,306000000,1020000000,nvhost_podgov,0,3,,47281,48343,48218,47656,47468,48343,5055,716,1433,0.367,19.275,7.080
3930465793946,9999652,100.003,100.000,729600,729600,1728000,schedutil,306000000,306000000,1020000000,nvhost_podgov,0,3,,47218,48281,48156,47593,47437,48593,5055,716,1433,0.384,19.282,7.160
3930475786495,9992549,100.075,100.000,729600,729600,1728000,schedutil,306000000,306000000,1020000000,nvhost_podgov,0,3,,47062,48531,48281,47781,47500,48531,5055,716,1433,0.395,19.279,7.510
3930485806980,10020485,99.796,100.000,729600,729600,1728000,schedutil,306000000,306000000,1020000000,nvhost_podgov,0,3,,47156,48500,48281,47687,47562,48500,5055,716,1433,0.361,19.277,6.960
3930495788808,9981828,100.182,100.000,729600,729600,1728000,schedutil,306000000,306000000,1020000000,nvhost_podgov,0,3,,47187,48375,48093,47562,47500,48375,5055,716,1433,0.380,19.279,7.320
3930505796493,10007685,99.923,100.000,729600,729600,1728000,schedutil,306000000,306000000,1020000000,nvhost_podgov,0,3,,47062,48218,48125,47687,47500,48218,5055,716,1433,0.364,19.281,7.010
3930515806610,10010117,99.899,100.000,729600,729600,1728000,schedutil,306000000,306000000,1020000000,nvhost_podgov,0,3,,47093,48375,48218,47781,47562,48375,5055,716,1433,0.390,19.275,7.510
3930525796023,9989413,100.106,100.000,729600,729600,1728000,schedutil,306000000,306000000,1020000000,nvhost_podgov,0,3,,47062,48343,48125,47625,47562,48343,5055,716,1433,0.362,19.282,6.990
3930535793211,9997188,100.028,100.000,729600,729600,1728000,schedutil,306000000,306000000,1020000000,nvhost_podgov,0,3,,47125,48281,48125,47781,47468,48281,5055,716,1433,0.406,19.275,7.830
3930545796160,10002949,99.971,100.000,729600,729600,1728000,schedutil,306000000,306000000,1020000000,nvhost_podgov,0,3,,47031,48656,48218,47718,47562,48343,5055,716,1433,0.360,19.282,6.940
3930555794661,9998501,100.015,100.000,729600,729600,1728000,schedutil,306000000,306000000,1020000000,nvhost_podgov,0,3,,47281,48312,48156,47625,47500,48312,5055,716,1433,0.410,19.275,7.480
3930565806025,10011364,99.886,100.000,729600,729600,1728000,schedutil,306000000,306000000,1020000000,nvhost_podgov,0,3,,47187,48281,48062,47531,47468,48468,5055,716,1433,0.415,19.281,8.000
3930575809422,10003397,99.966,100.000,729600,729600,1728000,schedutil,306000000,306000000,1020000000,nvhost_podgov,0,3,,47062,48500,48218,47687,47531,48500,5055,756,1433,0.381,19.282,6.990
3930585808595,9999173,100.008,100.000,729600,729600,1728000,schedutil,306000000,306000000,1020000000,nvhost_podgov,0,3,,47312,48281,48218,47656,47531,48281,5055,756,1433,0.410,19.277,7.900
3930595811320,10002725,99.973,100.000,729600,729600,1728000,schedutil,306000000,306000000,1020000000,nvhost_podgov,0,3,,47281,48343,48125,47625,47406,48343,5055,756,1433,0.372,19.281,7.180
3930605797276,9985956,100.141,100.000,729600,729600,1728000,schedutil,306000000,306000000,1020000000,nvhost_podgov,0,3,,47062,48468,48343,47718,47562,48468,5055,756,1433,0.398,19.275,7.100
3930615800737,10003461,99.965,100.000,729600,729600,1728000,schedutil,306000000,306000000,1020000000,nvhost_podgov,0,3,,47187,48437,48125,47593,47531,48437,5055,756,1433,0.390,19.282,7.530
3930625809189,10008452,99.916,100.000,729600,729600,1728000,schedutil,306000000,306000000,1020000000,nvhost_podgov,0,3,,47187,48656,48156,47593,47562,48656,5055,756,1433,0.370,19.280,7.210
3930635806986,9997797,100.022,100.000,729600,729600,1728000,schedutil,306000000,306000000,1020000000,nvhost_podgov,0,3,,47062,48625,48062,47781,47406,48625,5055,756,1433,0.378,19.281,7.280
3930645806927,9999941,100.001,100.000,729600,729600,1728000,schedutil,306000000,306000000,1020000000,nvhost_podgov,0,3,,47062,48281,48281,47750,47562,48281,5055,756,1433,0.370,19.284,7.130
3930655797043,9990116,100.099,100.000,729600,729600,1728000,schedutil,306000000,306000000,1020000000,nvhost_podgov,0,3,,47187,48312,48125,47593,47500,48437,5055,756,1433,0.394,19.273,7.590
3930665808472,10011429,99.886,100.000,729600,729600,1728000,schedutil,306000000,306000000,1020000000,nvhost_podgov,0,3,,47093,48406,48093,47687,47468,48406,5055,756,1433,0.380,19.285,7.040
3930675803997,9995525,100.045,100.000,729600,729600,1728000,schedutil,306000000,306000000,1020000000,nvhost_podgov,0,3,,47062,48375,48218,47593,47562,48218,5055,756,1433,0.371,19.275,7.160
3930685817762,10013765,99.863,100.000,729600,729600,1728000,schedutil,306000000,306000000,1020000000,nvhost_podgov,0,3,,47375,48187,48156,47593,47562,48187,5055,756,1433,0.381,19.280,7.350
3930695792934,9975172,100.249,100.000,729600,729600,1728000,schedutil,306000000,306000000,1020000000,nvhost_podgov,0,3,,47062,48281,48125,47781,47406,48375,5055,756,1433,0.394,19.273,7.590
3930705807243,10014309,99.857,100.000,729600,729600,1728000,schedutil,306000000,306000000,1020000000,nvhost_podgov,0,3,,47218,48312,48218,47718,47468,48312,5055,756,1433,0.379,19.285,7.480
3930715806191,9998948,100.011,100.000,729600,729600,1728000,schedutil,306000000,306000000,1020000000,nvhost_podgov,0,3,,47281,48593,48156,47687,47562,48593,5055,756,1433,0.383,19.282,7.090
3930725795092,9988901,100.111,100.000,729600,729600,1728000,schedutil,306000000,306000000,1020000000,nvhost_podgov,0,3,,47156,48531,48156,47593,47437,48531,5055,756,1433,0.395,19.280,7.620
3930735808121,10013029,99.870,100.000,729600,729600,1728000,schedutil,306000000,306000000,1020000000,nvhost_podgov,0,3,,47062,48281,48218,47718,47437,48281,5055,756,1433,0.365,19.279,7.040
3930745804157,9996036,100.040,100.000,729600,729600,1728000,schedutil,306000000,306000000,1020000000,nvhost_podgov,0,3,,47218,48281,48093,47656,47562,48281,5055,756,1433,0.389,19.281,7.500
3930755804482,10000325,99.997,100.000,729600,729600,1728000,schedutil,306000000,306000000,1020000000,nvhost_podgov,0,3,,47156,48406,48093,47531,47500,48406,5055,756,1433,0.356,19.282,6.870
3930765803879,9999397,100.006,100.000,729600,729600,1728000,schedutil,306000000,306000000,1020000000,nvhost_podgov,0,3,,47093,48343,48125,47687,47468,48343,5055,756,1433,0.380,19.279,7.320
3930775807403,10003524,99.965,100.000,729600,729600,1728000,schedutil,306000000,306000000,1020000000,nvhost_podgov,0,3,,47187,48656,48250,47625,47562,48656,5055,756,1433,0.364,19.282,7.010
3930785797488,9990085,100.099,100.000,729600,729600,1728000,schedutil,306000000,306000000,1020000000,nvhost_podgov,0,3,,47093,48562,48156,47531,47531,48562,5055,756,1433,0.384,19.279,7.400
3930795810133,10012645,99.874,100.000,729600,729600,1728000,schedutil,306000000,306000000,1020000000,nvhost_podgov,0,3,,47093,48281,48093,47781,47468,48281,5055,756,1433,0.370,19.282,6.990
3930805809209,9999076,100.009,100.000,729600,729600,1728000,schedutil,306000000,306000000,1020000000,nvhost_podgov,0,3,,47062,48343,48093,47718,47531,48375,5055,756,1433,0.361,19.279,6.960
3930815798142,9988933,100.111,100.000,729600,729600,1728000,schedutil,306000000,306000000,1020000000,nvhost_podgov,0,3,,47156,48406,48187,47562,47500,48406,5055,756,1433,0.380,19.276,7.490
3930825803203,10005061,99.949,100.000,729600,729600,1728000,schedutil,306000000,306000000,1020000000,nvhost_podgov,0,3,,47093,48406,48062,47750,47531,48281,5055,756,1433,0.367,19.281,7.090
3930835797799,9994596,100.054,100.000,729600,729600,1728000,schedutil,306000000,306000000,1020000000,nvhost_podgov,0,3,,47343,48281,48250,47593,47562,48281,5055,756,1433,0.389,19.277,7.510
3930845806668,10008869,99.911,100.000,729600,729600,1728000,schedutil,306000000,306000000,1020000000,nvhost_podgov,0,3,,47250,48375,48062,47687,47500,48375,5055,756,1433,0.361,19.284,6.960
3930855791664,9984996,100.150,100.000,729600,729600,1728000,schedutil,306000000,306000000,1020000000,nvhost_podgov,0,3,,47062,48312,48125,47781,47531,48312,5055,756,1433,0.409,19.279,7.370
3930865809045,10017381,99.826,100.000,729600,729600,1728000,schedutil,306000000,306000000,1020000000,nvhost_podgov,0,3,,47218,48531,48218,47656,47562,48531,5055,756,1433,0.364,19.280,7.010
3930875791482,9982437,100.176,100.000,729600,729600,1728000,schedutil,306000000,306000000,1020000000,nvhost_podgov,0,3,,47281,48500,48093,47656,47562,48500,5055,756,1433,0.410,19.281,7.910
3930885799231,10007749,99.923,100.000,729600,729600,1728000,schedutil,306000000,306000000,1020000000,nvhost_podgov,0,3,,47250,48312,48062,47531,47468,48312,5055,756,1433,0.380,19.279,7.320
3930895798211,9998980,100.010,100.000,729600,729600,1728000,schedutil,306000000,306000000,1020000000,nvhost_podgov,0,3,,47031,48312,48218,47718,47531,48312,5055,756,1433,0.385,19.276,7.420
3930905806952,10008741,99.913,100.000,729600,729600,1728000,schedutil,306000000,306000000,1020000000,nvhost_podgov,0,3,,47187,48375,48187,47687,47468,48375,5055,756,1433,0.359,19.281,6.910
3930915807661,10000709,99.993,100.000,729600,729600,1728000,schedutil,306000000,306000000,1020000000,nvhost_podgov,0,3,,47125,48406,48093,47562,47500,48406,5055,756,1433,0.374,19.279,7.210
3930925808657,10000996,99.990,100.000,729600,729600,1728000,schedutil,306000000,306000000,1020000000,nvhost_podgov,0,3,,47031,48312,48343,47656,47468,48343,5055,756,1433,0.369,19.282,7.120
3930935815158,10006501,99.935,100.000,729600,729600,1728000,schedutil,306000000,306000000,1020000000,nvhost_podgov,0,3,,47062,48343,48125,47656,47531,48343,5055,756,1433,0.391,19.282,7.540
3930945797339,9982181,100.179,100.000,729600,729600,1728000,schedutil,306000000,306000000,1020000000,nvhost_podgov,0,3,,47156,48343,48125,47625,47562,48343,5055,756,1433,0.367,19.279,7.370
3930955794591,9997252,100.027,100.000,729600,729600,1728000,schedutil,306000000,306000000,1020000000,nvhost_podgov,0,3,,47125,48375,48093,47656,47500,48562,5055,756,1433,0.367,19.279,7.090
3930965786180,9991589,100.084,100.000,729600,729600,1728000,schedutil,306000000,306000000,1020000000,nvhost_podgov,0,3,,47375,48500,48062,47718,47531,48500,5055,756,1433,0.378,19.275,7.270
3930975796201,10010021,99.900,100.000,729600,729600,1728000,schedutil,306000000,306000000,1020000000,nvhost_podgov,0,3,,47281,48281,48156,47531,47468,48281,5055,756,1433,0.366,19.279,7.070
3930985792621,9996420,100.036,100.000,729600,729600,1728000,schedutil,306000000,306000000,1020000000,nvhost_podgov,0,3,,47062,48312,48093,47781,47500,48312,5055,756,1433,0.391,19.273,7.620
3930995798290,10005669,99.943,100.000,729600,729600,1728000,schedutil,306000000,306000000,1020000000,nvhost_podgov,0,3,,47281,48312,48187,47625,47500,48312,5055,756,1433,0.367,19.285,7.090
3931005791638,9993348,100.067,100.000,729600,729600,1728000,schedutil,306000000,306000000,1020000000,nvhost_podgov,0,3,,47281,48312,48156,47562,47468,48656,5055,756,1433,0.399,19.276,7.690
3931015796027,10004389,99.956,100.000,729600,729600,1728000,schedutil,306000000,306000000,1020000000,nvhost_podgov,0,3,,47093,48593,48093,47656,47562,48593,5055,756,1433,0.371,19.281,7.160
3931025805760,10009733,99.903,100.000,729600,729600,1728000,schedutil,306000000,306000000,1020000000,nvhost_podgov,0,3,,47062,48500,48281,47750,47468,48312,5055,756,1433,0.367,19.285,7.090
3931035787556,9981796,100.182,100.000,729600,729600,1728000,schedutil,306000000,306000000,1020000000,nvhost_podgov,0,3,,47187,48312,48218,47562,47562,48312,5055,756,1433,0.394,19.276,7.590
3931045795945,10008389,99.916,100.000,729600,729600,1728000,schedutil,306000000,306000000,1020000000,nvhost_podgov,0,3,,47156,48281,48062,47593,47500,48281,5055,756,1433,0.371,19.282,6.940
3931055790734,9994789,100.052,100.000,729600,729600,1728000,schedutil,306000000,306000000,1020000000,nvhost_podgov,0,3,,47062,48343,48156,47687,47531,48343,5055,756,1433,0.391,19.275,7.540
3931065797395,10006661,99.933,100.000,729600,729600,1728000,schedutil,306000000,306000000,1020000000,nvhost_podgov,0,3,,47093,48406,48156,47593,47531,48406,5055,756,1433,0.370,19.284,7.130
3931075794423,9997028,100.030,100.000,729600,729600,1728000,schedutil,306000000,306000000,1020000000,nvhost_podgov,0,3,,47218,48312,48187,47656,47500,48312,5055,756,1433,0.391,19.277,7.210
3931085793084,9998661,100.013,100.000,729600,729600,1728000,schedutil,306000000,306000000,1020000000,nvhost_podgov,0,3,,47062,48562,48125,47750,47468,48312,5055,756,1433,0.374,19.284,7.210
3931095791456,9998372,100.016,100.000,729600,729600,1728000,schedutil,306000000,306000000,1020000000,nvhost_podgov,0,3,,47375,48312,48187,47625,47500,48312,5055,756,1433,0.390,19.277,7.510
3931105794821,10003365,99.966,100.000,729600,729600,1728000,schedutil,306000000,306000000,1020000000,nvhost_podgov,0,3,,47125,48312,48218,47562,47500,48437,5055,756,1433,0.367,19.280,7.090
3931115793802,9998981,100.010,100.000,729600,729600,1728000,schedutil,306000000,306000000,1020000000,nvhost_podgov,0,3,,47093,48468,48156,47781,47468,48468,5055,756,1433,0.390,19.280,7.070
3931125792815,9999013,100.010,100.000,729600,729600,1728000,schedutil,306000000,306000000,1020000000,nvhost_podgov,0,3,,47281,48343,48187,47593,47500,48343,5055,756,1433,0.374,19.280,7.210
3931135793907,10001092,99.989,100.000,729600,729600,1728000,schedutil,306000000,306000000,1020000000,nvhost_podgov,0,3,,47250,48250,48093,47625,47406,48406,5055,756,1433,0.378,19.284,7.280
3931145787224,9993317,100.067,100.000,729600,729600,1728000,schedutil,306000000,306000000,1020000000,nvhost_podgov,0,3,,47062,48343,48125,47781,47468,48343,5055,756,1433,0.389,19.271,7.490
3931155794717,10007493,99.925,100.000,729600,729600,1728000,schedutil,306000000,306000000,1020000000,nvhost_podgov,0,3,,47093,48437,48218,47687,47500,48437,5055,756,1433,0.371,19.282,6.900
3931165785825,9991108,100.089,100.000,729600,729600,1728000,schedutil,306000000,306000000,1020000000,nvhost_podgov,0,3,,47187,48718,48125,47593,47437,48718,5055,756,1433,0.383,19.274,7.370
3931175808806,10022981,99.771,100.000,729600,729600,1728000,schedutil,306000000,306000000,1020000000,nvhost_podgov,0,3,,47125,48593,48062,47875,47531,48593,5055,756,1433,0.370,19.285,6.990
3931185795275,9986469,100.135,100.000,729600,729600,1728000,schedutil,306000000,306000000,1020000000,nvhost_podgov,0,3,,47062,48343,48218,47718,47437,48343,5055,756,1433,0.401,19.281,7.730
3931195797999,10002724,99.973,100.000,729600,729600,1728000,schedutil,306000000,306000000,1020000000,nvhost_podgov,0,3,,47125,48250,48187,47718,47500,48250,5055,756,1433,0.376,19.285,6.920
3931205788116,9990117,100.099,100.000,729600,729600,1728000,schedutil,306000000,306000000,1020000000,nvhost_podgov,0,3,,47125,48406,48187,47593,47562,48406,5055,756,1433,0.371,19.275,7.160
3931215797145,10009029,99.910,100.000,729600,729600,1728000,schedutil,306000000,306000000,1020000000,nvhost_podgov,0,3,,47062,48375,48218,47781,47468,48281,5055,756,1433,0.366,19.285,7.070
3931225792701,9995556,100.044,100.000,729600,729600,1728000,schedutil,306000000,306000000,1020000000,nvhost_podgov,0,3,,47031,48250,48187,47562,47500,48250,5055,756,1433,0.371,19.280,7.160
3931235802402,10009701,99.903,100.000,729600,729600,1728000,schedutil,306000000,306000000,1020000000,nvhost_podgov,0,3,,47062,48312,48125,47625,47562,48312,5055,716,1433,0.409,19.275,7.880
3931245797927,9995525,100.045,100.000,729600,729600,1728000,schedutil,306000000,306000000,1020000000,nvhost_podgov,0,3,,47093,48312,48093,47750,47500,48312,5055,716,1433,0.371,19.280,7.160
3931255793419,9995492,100.045,100.000,729600,729600,1728000,schedutil,306000000,306000000,1020000000,nvhost_podgov,0,3,,47312,48562,48156,47656,47562,48562,5055,756,1433,0.372,19.279,7.180
3931265794384,10000965,99.990,100.000,729600,729600,1728000,schedutil,306000000,306000000,1020000000,nvhost_podgov,0,3,,47218,48500,48125,47500,47406,48281,5055,756,1433,0.370,19.277,7.130
3931275786516,9992132,100.079,100.000,729600,729600,1728000,schedutil,306000000,306000000,1020000000,nvhost_podgov,0,3,,47093,48312,48125,47781,47531,48312,5055,756,1433,0.403,19.277,7.760
3931285794393,10007877,99.921,100.000,729600,729600,1728000,schedutil,306000000,306000000,1020000000,nvhost_podgov,0,3,,47281,48250,48250,47593,47531,48250,5055,756,1433,0.364,19.281,7.010
3931295795358,10000965,99.990,100.000,729600,729600,1728000,schedutil,306000000,306000000,1020000000,nvhost_podgov,0,3,,47218,48343,48156,47718,47531,48343,5055,756,1433,0.384,19.275,7.400
3931305793763,9998405,100.016,100.000,729600,729600,1728000,schedutil,306000000,306000000,1020000000,nvhost_podgov,0,3,,47062,48343,48125,47781,47500,48343,5055,716,1433,0.374,19.285,6.960
3931315786855,9993092,100.069,100.000,729600,729600,1728000,schedutil,306000000,306000000,1020000000,nvhost_podgov,0,3,,47062,48656,48281,47593,47562,48656,5055,716,1433,0.406,19.276,7.420
3931325791404,10004549,99.955,100.000,729600,729600,1728000,schedutil,306000000,306000000,1020000000,nvhost_podgov,0,3,,47218,48593,48156,47625,47531,48312,5055,716,1433,0.379,19.281,7.450
3931335790320,9998916,100.011,100.000,729600,729600,1728000,schedutil,306000000,306000000,1020000000,nvhost_podgov,0,3,,47156,48312,48125,47625,47531,48312,5055,716,1433,0.383,19.275,7.370
3931345789365,9999045,100.010,100.000,729600,729600,1728000,schedutil,306000000,306000000,1020000000,nvhost_podgov,0,3,,47031,48312,48218,47687,47562,48437,5055,756,1433,0.388,19.276,7.560
3931355794618,10005253,99.947,100.000,729600,729600,1728000,schedutil,306000000,306000000,1020000000,nvhost_podgov,0,3,,47062,48437,48218,47562,47562,48437,5055,756,1433,0.364,19.282,7.010
3931365806271,10011653,99.884,100.000,729600,729600,1728000,schedutil,306000000,306000000,1020000000,nvhost_podgov,0,3,,47187,48406,48125,47687,47468,48218,5055,756,1433,0.372,19.273,7.180
3931375798243,9991972,100.080,100.000,729600,729600,1728000,schedutil,306000000,306000000,1020000000,nvhost_podgov,0,3,,47062,48281,48281,47718,47500,48281,5055,756,1433,0.359,19.281,6.910
3931385801960,10003717,99.963,100.000,729600,729600,1728000,schedutil,306000000,306000000,1020000000,nvhost_podgov,0,3,,47281,48406,48156,47656,47500,48406,5055,756,1433,0.376,19.273,7.640
3931395791948,9989988,100.100,100.000,729600,729600,1728000,schedutil,306000000,306000000,1020000000,nvhost_podgov,0,3,,47187,48312,48093,47593,47531,48312,5055,756,1433,0.384,19.277,7.400
3931405788465,9996517,100.035,100.000,729600,729600,1728000,schedutil,306000000,306000000,1020000000,nvhost_podgov,0,3,,47062,48562,48125,47750,47531,48562,5055,756,1433,0.395,19.277,7.010
3931415791030,10002565,99.974,100.000,729600,729600,1728000,schedutil,306000000,306000000,1020000000,nvhost_podgov,0,3,,47218,48562,48187,47718,47500,48562,5055,756,1433,0.379,19.273,7.300
3931425795259,10004229,99.958,100.000,729600,729600,1728000,schedutil,306000000,306000000,1020000000,nvhost_podgov,0,3,,47218,48312,48156,47687,47531,48312,5055,756,1433,0.369,19.284,7.120
3931435811424,10016165,99.839,100.000,729600,729600,1728000,schedutil,306000000,306000000,1020000000,nvhost_podgov,0,3,,47062,48218,48125,47812,47500,48218,5055,756,1433,0.367,19.277,7.810
3931445795396,9983972,100.161,100.000,729600,729600,1728000,schedutil,306000000,306000000,1020000000,nvhost_podgov,0,3,,47093,48375,48187,47687,47562,48375,5055,756,1433,0.374,19.284,7.180
3931455786952,9991556,100.085,100.000,729600,729600,1728000,schedutil,306000000,306000000,1020000000,nvhost_podgov,0,3,,47156,48406,48156,47625,47531,48218,5055,756,1433,0.390,19.275,7.510
3931465796685,10009733,99.903,100.000,729600,729600,1728000,schedutil,306000000,306000000,1020000000,nvhost_podgov,0,3,,47187,48218,48093,47781,47531,48218,5055,756,1433,0.359,19.280,6.910
3931475787474,9990789,100.092,100.000,729600,729600,1728000,schedutil,306000000,306000000,1020000000,nvhost_podgov,0,3,,47062,48562,48156,47750,47531,48562,5055,756,1433,0.372,19.275,7.180
3931485795350,10007876,99.921,100.000,729600,729600,1728000,schedutil,306000000,306000000,1020000000,nvhost_podgov,0,3,,47125,48312,48218,47656,47562,48312,5055,756,1433,0.360,19.277,6.940
3931495795355,10000005,100.000,100.000,729600,729600,1728000,schedutil,306000000,306000000,1020000000,nvhost_podgov,0,3,,47062,48312,48125,47500,47500,48468,5055,756,1433,0.385,19.282,7.420
3931505793568,9998213,100.018,100.000,729600,729600,1728000,schedutil,306000000,306000000,1020000000,nvhost_podgov,0,3,,47031,48406,48250,47687,47468,48406,5055,756,1433,0.367,19.279,7.090
3931515788932,9995364,100.046,100.000,729600,729600,1728000,schedutil,306000000,306000000,1020000000,nvhost_podgov,0,3,,47312,48281,48156,47656,47531,48281,5055,756,1433,0.384,19.281,7.400
3931525794953,10006021,99.940,100.000,729600,729600,1728000,schedutil,306000000,306000000,1020000000,nvhost_podgov,0,3,,47062,48281,48093,47562,47531,48281,5055,756,1433,0.359,19.280,6.910
3931535793966,9999013,100.010,100.000,729600,729600,1728000,schedutil,306000000,306000000,1020000000,nvhost_podgov,0,3,,47062,48343,48250,47718,47500,48343,5055,756,1433,0.376,19.281,6.940
3931545792658,9998692,100.013,100.000,729600,729600,1728000,schedutil,306000000,306000000,1020000000,nvhost_podgov,0,3,,47250,48343,48218,47656,47500,48343,5055,756,1433,0.380,19.288,7.370
3931555793399,10000741,99.993,100.000,729600,729600,1728000,schedutil,306000000,306000000,1020000000,nvhost_podgov,0,3,,47218,48625,48156,47593,47468,48625,5055,756,1433,0.367,19.282,6.910
3931565795772,10002373,99.976,100.000,729600,729600,1728000,schedutil,306000000,306000000,1020000000,nvhost_podgov,0,3,,47062,48593,48125,47750,47468,48593,5055,756,1433,0.401,19.261,7.920
3931575811009,10015237,99.848,100.000,729600,729600,1728000,schedutil,306000000,306000000,1020000000,nvhost_podgov,0,3,,47312,48312,48156,47625,47562,48312,5055,756,1433,0.394,19.281,7.590
3931585791813,9980804,100.192,100.000,729600,729600,1728000,schedutil,306000000,306000000,1020000000,nvhost_podgov,0,3,,47218,48281,48125,47593,47531,48281,5055,756,1433,0.403,19.273,7.760
3931595793898,10002085,99.979,100.000,729600,729600,1728000,schedutil,306000000,306000000,1020000000,nvhost_podgov,0,3,,47093,48375,48062,47718,47500,48375,5055,756,1433,0.367,19.277,7.080
3931605793806,9999908,100.001,100.000,729600,729600,1728000,schedutil,306000000,306000000,1020000000,nvhost_podgov,0,3,,47062,48343,48218,47625,47562,48343,5055,756,1433,0.374,19.280,7.210
3931615790675,9996869,100.031,100.000,729600,729600,1728000,schedutil,306000000,306000000,1020000000,nvhost_podgov,0,3,,47062,48281,48187,47593,47500,48281,5055,756,1433,0.410,19.285,7.910
3931625793688,10003013,99.970,100.000,729600,729600,1728000,schedutil,306000000,306000000,1020000000,nvhost_podgov,0,3,,47156,48343,48093,47750,47562,48343,5055,756,1433,0.370,19.284,7.130
3931635789692,9996004,100.040,100.000,729600,729600,1728000,schedutil,306000000,306000000,1020000000,nvhost_podgov,0,3,,47031,48312,48218,47718,47468,48312,5055,756,1433,0.388,19.279,7.480
3931645794017,10004325,99.957,100.000,729600,729600,1728000,schedutil,306000000,306000000,1020000000,nvhost_podgov,0,3,,47343,48500,48156,47531,47562,48500,5055,756,1433,0.372,19.284,6.990
3931655786277,9992260,100.077,100.000,729600,729600,1728000,schedutil,306000000,306000000,1020000000,nvhost_podgov,0,3,,47125,48500,48125,47531,47468,48500,5055,756,1433,0.385,19.277,7.420
3931665792746,10006469,99.935,100.000,729600,729600,1728000,schedutil,306000000,306000000,1020000000,nvhost_podgov,0,3,,47093,48312,48250,47718,47500,48312,5055,756,1433,0.375,19.281,6.960
3931675786031,9993285,100.067,100.000,729600,729600,1728000,schedutil,306000000,306000000,1020000000,nvhost_podgov,0,3,,47250,48281,48125,47656,47562,48281,5055,756,1433,0.390,19.273,7.510
3931685796052,10010021,99.900,100.000,729600,729600,1728000,schedutil,306000000,306000000,1020000000,nvhost_podgov,0,3,,47187,48343,48125,47593,47562,48343,5055,756,1433,0.395,19.285,7.420
3931695791704,9995652,100.043,100.000,729600,729600,1728000,schedutil,306000000,306000000,1020000000,nvhost_podgov,0,3,,47062,48375,48250,47687,47531,48375,5055,756,1433,0.372,19.277,7.180
3931705795357,10003653,99.963,100.000,729600,729600,1728000,schedutil,306000000,306000000,1020000000,nvhost_podgov,0,3,,47156,48562,48125,47625,47500,48562,5055,756,1433,0.372,19.284,7.090
3931715805602,10010245,99.898,100.000,729600,729600,1728000,schedutil,306000000,306000000,1020000000,nvhost_podgov,0,3,,47250,48593,48093,47625,47500,48593,5055,756,1433,0.370,19.280,7.130
3931725792614,9987012,100.130,100.000,729600,729600,1728000,schedutil,306000000,306000000,1020000000,nvhost_podgov,0,3,,47031,48312,48156,47718,47437,48312,5055,756,1433,0.391,19.282,7.540
3931735789643,9997029,100.030,100.000,729600,729600,1728000,schedutil,306000000,306000000,1020000000,nvhost_podgov,0,3,,47062,48343,48187,47625,47500,48531,5055,756,1433,0.379,19.277,7.300
3931745795120,10005477,99.945,100.000,729600,729600,1728000,schedutil,306000000,306000000,1020000000,nvhost_podgov,0,3,,47093,48406,48156,47593,47468,48406,5055,756,1433,0.372,19.285,7.180
3931755796276,10001156,99.988,100.000,729600,729600,1728000,schedutil,306000000,306000000,1020000000,nvhost_podgov,0,3,,47125,48406,48125,47718,47500,48250,5055,756,1433,0.359,19.282,6.910
3931765786041,9989765,100.102,100.000,729600,729600,1728000,schedutil,306000000,306000000,1020000000,nvhost_podgov,0,3,,47062,48281,48281,47718,47531,48281,5055,756,1433,0.395,19.274,7.620
3931775797278,10011237,99.888,100.000,729600,729600,1728000,schedutil,306000000,306000000,1020000000,nvhost_podgov,0,3,,47343,48281,48125,47687,47500,48312,5055,756,1433,0.360,19.281,6.940
3931785793090,9995812,100.042,100.000,729600,729600,1728000,schedutil,306000000,306000000,1020000000,nvhost_podgov,0,3,,47125,48375,48125,47687,47500,48656,5055,756,1433,0.401,19.279,7.730
3931795794151,10001061,99.989,100.000,729600,729600,1728000,schedutil,306000000,306000000,1020000000,nvhost_podgov,0,3,,47250,48593,48187,47718,47531,48593,5055,756,1433,0.376,19.280,7.130
3931805792651,9998500,100.015,100.000,729600,729600,1728000,schedutil,306000000,306000000,1020000000,nvhost_podgov,0,3,,47250,48531,48062,47656,47562,48531,5055,756,1433,0.359,19.279,6.910
3931815792848,10000197,99.998,100.000,729600,729600,1728000,schedutil,306000000,306000000,1020000000,nvhost_podgov,0,3,,47062,48312,48093,47625,47531,48312,5055,756,1433,0.376,19.275,7.620
3931825795381,10002533,99.975,100.000,729600,729600,1728000,schedutil,306000000,306000000,1020000000,nvhost_podgov,0,3,,47093,48250,48218,47656,47531,48250,5055,756,1433,0.359,19.284,6.910
3931835787065,9991684,100.083,100.000,729600,729600,1728000,schedutil,306000000,306000000,1020000000,nvhost_podgov,0,3,,47218,48406,48093,47625,47562,48406,5055,756,1433,0.403,19.275,7.180
3931845794718,10007653,99.924,100.000,729600,729600,1728000,schedutil,306000000,306000000,1020000000,nvhost_podgov,0,3,,47187,48343,48156,47625,47500,48343,5055,756,1433,0.361,19.281,6.960
3931855788739,9994021,100.060,100.000,729600,729600,1728000,schedutil,306000000,306000000,1020000000,nvhost_podgov,0,3,,47093,48156,48281,47687,47375,48156,5055,756,1433,0.401,19.281,7.260
3931865793959,10005220,99.948,100.000,729600,729600,1728000,schedutil,306000000,306000000,1020000000,nvhost_podgov,0,3,,47156,48656,48250,47687,47562,48656,5055,756,1433,0.362,19.281,6.990
3931875791500,9997541,100.025,100.000,729600,729600,1728000,schedutil,306000000,306000000,1020000000,nvhost_podgov,0,3,,47125,48343,48156,47562,47531,48343,5055,756,1433,0.395,19.277,7.100
3931885799089,10007589,99.924,100.000,729600,729600,1728000,schedutil,306000000,306000000,1020000000,nvhost_podgov,0,3,,47093,48312,48031,47750,47531,48531,5055,756,1433,0.364,19.281,7.010
3931895794581,9995492,100.045,100.000,729600,729600,1728000,schedutil,306000000,306000000,1020000000,nvhost_podgov,0,3,,47000,48406,48218,47687,47531,48406,5055,756,1433,0.372,19.284,7.180
3931905790586,9996005,100.040,100.000,729600,729600,1728000,schedutil,306000000,306000000,1020000000,nvhost_podgov,0,3,,47093,48437,48125,47593,47468,48312,5055,756,1433,0.394,19.275,7.590
3931915790367,9999781,100.002,100.000,729600,729600,1728000,schedutil,306000000,306000000,1020000000,nvhost_podgov,0,3,,47093,48312,48093,47656,47562,48312,5055,756,1433,0.394,19.276,7.690
3931925793411,10003044,99.970,100.000,729600,729600,1728000,schedutil,306000000,306000000,1020000000,nvhost_podgov,0,3,,47281,48406,48187,47656,47562,48406,5055,756,1433,0.389,19.275,7.490
3931935799304,10005893,99.941,100.000,729600,729600,1728000,schedutil,306000000,306000000,1020000000,nvhost_podgov,0,3,,47281,48406,48156,47593,47468,48406,5055,756,1433,0.366,19.277,7.070
3931945807469,10008165,99.918,100.000,729600,729600,1728000,schedutil,306000000,306000000,1020000000,nvhost_podgov,0,3,,47031,48625,48125,47781,47437,48625,5055,756,1433,0.376,19.273,7.680
3931955812626,10005157,99.948,100.000,729600,729600,1728000,schedutil,306000000,306000000,1020000000,nvhost_podgov,0,3,,47093,48625,48218,47718,47562,48625,5055,756,1433,0.365,19.279,7.040
3931965793910,9981284,100.188,100.000,729600,729600,1728000,schedutil,306000000,306000000,1020000000,nvhost_podgov,0,3,,47281,48312,48281,47687,47500,48312,5055,756,1433,0.409,19.277,7.880
3931975807675,10013765,99.863,100.000,729600,729600,1728000,schedutil,306000000,306000000,1020000000,nvhost_podgov,0,3,,47187,48312,48156,47531,47562,48312,5055,756,1433,0.365,19.279,7.040
3931985808256,10000581,99.994,100.000,729600,729600,1728000,schedutil,306000000,306000000,1020000000,nvhost_podgov,0,3,,47156,48406,48250,47750,47531,48406,5055,756,1433,0.375,19.279,7.130
3931995807492,9999236,100.008,100.000,729600,729600,1728000,schedutil,306000000,306000000,1020000000,nvhost_podgov,0,3,,47187,48312,48156,47687,47468,48218,5055,756,1433,0.385,19.280,7.420
3932005804713,9997221,100.028,100.000,729600,729600,1728000,schedutil,306000000,306000000,1020000000,nvhost_podgov,0,3,,47187,48281,48156,47625,47562,48281,5055,756,1433,0.375,19.284,6.990
3932015797517,9992804,100.072,100.000,729600,729600,1728000,schedutil,306000000,306000000,1020000000,nvhost_podgov,0,3,,47062,48656,48312,47750,47468,48375,5055,756,1433,0.385,19.275,7.420
3932025810610,10013093,99.869,100.000,729600,729600,1728000,schedutil,306000000,306000000,1020000000,nvhost_podgov,0,3,,47062,48406,48218,47718,47531,48406,5055,756,1433,0.374,19.284,7.070
3932035791767,9981157,100.189,100.000,729600,729600,1728000,schedutil,306000000,306000000,1020000000,nvhost_podgov,0,3,,47093,48312,48156,47562,47468,48625,5055,756,1433,0.386,19.275,7.450
3932045809404,10017637,99.824,100.000,729600,729600,1728000,schedutil,306000000,306000000,1020000000,nvhost_podgov,0,3,,47062,48500,48125,47750,47562,48500,5055,756,1433,0.372,19.288,7.180
3932055808224,9998820,100.012,100.000,729600,729600,1728000,schedutil,306000000,306000000,1020000000,nvhost_podgov,0,3,,47281,48312,48125,47625,47562,48312,5055,756,1433,0.367,19.282,7.090
3932065796677,9988453,100.116,100.000,729600,729600,1728000,schedutil,306000000,306000000,1020000000,nvhost_podgov,0,3,,47250,48250,48062,47625,47500,48250,5055,756,1433,0.405,19.277,7.810
3932075806025,10009348,99.907,100.000,729600,729600,1728000,schedutil,306000000,306000000,1020000000,nvhost_podgov,0,3,,47062,48406,48093,47750,47531,48406,5055,756,1433,0.360,19.279,6.940
3932085796910,9990885,100.091,100.000,729600,729600,1728000,schedutil,306000000,306000000,1020000000,nvhost_podgov,0,3,,47343,48343,48281,47687,47531,48343,5055,756,1433,0.401,19.281,7.730
3932095809139,10012229,99.878,100.000,729600,729600,1728000,schedutil,306000000,306000000,1020000000,nvhost_podgov,0,3,,47218,48562,48062,47531,47531,48562,5055,756,1433,0.381,19.282,6.940
3932105805463,9996324,100.037,100.000,729600,729600,1728000,schedutil,306000000,306000000,1020000000,nvhost_podgov,0,3,,47062,48562,48156,47625,47531,48562,5055,756,1433,0.393,19.282,7.560
3932115807420,10001957,99.980,100.000,729600,729600,1728000,schedutil,306000000,306000000,1020000000,nvhost_podgov,0,3,,47093,48281,48218,47750,47468,48281,5055,756,1433,0.372,19.282,6.960
3932125790592,9983172,100.169,100.000,729600,729600,1728000,schedutil,306000000,306000000,1020000000,nvhost_podgov,0,3,,47156,48281,48218,47656,47562,48437,5055,756,1433,0.379,19.275,7.300
3932135798981,10008389,99.916,100.000,729600,729600,1728000,schedutil,306000000,306000000,1020000000,nvhost_podgov,0,3,,47250,48406,48125,47593,47500,48406,5055,756,1433,0.385,19.280,7.500
3932145808298,10009317,99.907,100.000,729600,729600,1728000,schedutil,306000000,306000000,1020000000,nvhost_podgov,0,3,,47093,48437,48218,47687,47500,48218,5055,756,1433,0.375,19.281,7.230
3932155804431,9996133,100.039,100.000,729600,729600,1728000,schedutil,306000000,306000000,1020000000,nvhost_podgov,0,3,,47062,48250,48156,47656,47531,48250,5055,756,1433,0.390,19.285,7.400
3932165802835,9998404,100.016,100.000,729600,729600,1728000,schedutil,306000000,306000000,1020000000,nvhost_podgov,0,3,,47093,48343,48062,47656,47468,48343,5055,756,1433,0.372,19.280,6.960
3932175792248,9989413,100.106,100.000,729600,729600,1728000,schedutil,306000000,306000000,1020000000,nvhost_podgov,0,3,,47093,48312,48062,47718,47468,48312,5055,756,1433,0.406,19.276,7.830
3932185809885,10017637,99.824,100.000,729600,729600,1728000,schedutil,306000000,306000000,1020000000,nvhost_podgov,0,3,,47312,48562,48250,47718,47531,48562,5055,756,1433,0.366,19.280,7.070
3932195805089,9995204,100.048,100.000,729600,729600,1728000,schedutil,306000000,306000000,1020000000,nvhost_podgov,0,3,,47250,48500,48125,47593,47562,48500,5055,756,1433,0.394,19.279,7.590
3932205808710,10003621,99.964,100.000,729600,729600,1728000,schedutil,306000000,306000000,1020000000,nvhost_podgov,0,3,,47062,48343,48156,47718,47500,48343,5055,756,1433,0.356,19.281,6.870
3932215793834,9985124,100.149,100.000,729600,729600,1728000,schedutil,306000000,306000000,1020000000,nvhost_podgov,0,3,,47250,48312,48218,47656,47468,48312,5055,756,1433,0.406,19.266,7.820
3932225812687,10018853,99.812,100.000,729600,729600,1728000,schedutil,306000000,306000000,1020000000,nvhost_podgov,0,3,,47250,48375,48125,47593,47531,48375,5055,756,1433,0.361,19.281,6.960
3932235808436,9995749,100.043,100.000,729600,729600,1728000,schedutil,306000000,306000000,1020000000,nvhost_podgov,0,3,,47062,48343,48093,47656,47500,48281,5055,756,1433,0.374,19.284,7.230
3932245801784,9993348,100.067,100.000,729600,729600,1728000,schedutil,306000000,306000000,1020000000,nvhost_podgov,0,3,,47218,48281,48218,47625,47500,48312,5055,756,1433,0.388,19.281,7.590
3932255810205,10008421,99.916,100.000,729600,729600,1728000,schedutil,306000000,306000000,1020000000,nvhost_podgov,0,3,,47281,48562,48187,47625,47531,48562,5055,756,1433,0.395,19.280,7.620
3932265792194,9981989,100.180,100.000,729600,729600,1728000,schedutil,306000000,306000000,1020000000,nvhost_podgov,0,3,,47093,48406,48093,47781,47531,48406,5055,756,1433,0.400,19.274,7.620
3932275810727,10018533,99.815,100.000,729600,729600,1728000,schedutil,306000000,306000000,1020000000,nvhost_podgov,0,3,,47062,48281,48218,47718,47531,48437,5055,756,1433,0.360,19.277,6.940
3932285815979,10005252,99.948,100.000,729600,729600,1728000,schedutil,306000000,306000000,1020000000,nvhost_podgov,0,3,,47156,48468,48125,47625,47562,48468,5055,756,1433,0.379,19.274,7.710
3932295806032,9990053,100.100,100.000,729600,729600,1728000,schedutil,306000000,306000000,1020000000,nvhost_podgov,0,3,,47156,48500,48125,47593,47500,48281,5055,756,1433,0.366,19.279,7.070
3932305791604,9985572,100.144,100.000,729600,729600,1728000,schedutil,306000000,306000000,1020000000,nvhost_podgov,0,3,,47062,48312,48218,47718,47437,48312,5055,756,1433,0.361,19.277,6.960
3932315798073,10006469,99.935,100.000,729600,729600,1728000,schedutil,306000000,306000000,1020000000,nvhost_podgov,0,3,,47062,48375,48187,47625,47406,48375,5055,756,1433,0.385,19.273,7.420
3932325811614,10013541,99.865,100.000,729600,729600,1728000,schedutil,306000000,306000000,1020000000,nvhost_podgov,0,3,,47062,48375,48093,47593,47437,48375,5055,756,1433,0.367,19.284,7.260
3932335797122,9985508,100.145,100.000,729600,729600,1728000,schedutil,306000000,306000000,1020000000,nvhost_podgov,0,3,,47093,48562,48312,47718,47468,48562,5055,756,1433,0.393,19.276,7.560
3932345808743,10011621,99.884,100.000,729600,729600,1728000,schedutil,306000000,306000000,1020000000,nvhost_podgov,0,3,,47250,48562,48156,47625,47500,48562,5055,756,1433,0.372,19.284,7.180
3932355791916,9983173,100.169,100.000,729600,729600,1728000,schedutil,306000000,306000000,1020000000,nvhost_podgov,0,3,,47281,48312,48062,47656,47500,48312,5055,756,1433,0.394,19.273,7.590
3932365808177,10016261,99.838,100.000,729600,729600,1728000,schedutil,306000000,306000000,1020000000,nvhost_podgov,0,3,,47125,48250,48093,47781,47500,48250,5055,756,1433,0.367,19.286,7.080
3932375793397,9985220,100.148,100.000,729600,729600,1728000,schedutil,306000000,306000000,1020000000,nvhost_podgov,0,3,,47218,48437,48250,47656,47562,48437,5055,756,1433,0.391,19.275,7.540
3932385808986,10015589,99.844,100.000,729600,729600,1728000,schedutil,306000000,306000000,1020000000,nvhost_podgov,0,3,,47187,48375,48062,47593,47468,48375,5055,756,1433,0.372,19.280,7.180
3932395797310,9988324,100.117,100.000,729600,729600,1728000,schedutil,306000000,306000000,1020000000,nvhost_podgov,0,3,,47093,48250,48187,47781,47468,48250,5055,756,1433,0.380,19.277,7.320
3932405806371,10009061,99.909,100.000,729600,729600,1728000,schedutil,306000000,306000000,1020000000,nvhost_podgov,0,3,,47093,48687,48187,47656,47562,48687,5055,756,1433,0.367,19.279,7.090
3932415790119,9983748,100.163,100.000,729600,729600,1728000,schedutil,306000000,306000000,1020000000,nvhost_podgov,0,3,,47187,48343,48125,47625,47562,48343,5055,756,1433,0.374,19.271,7.210
3932425810316,10020197,99.798,100.000,729600,729600,1728000,schedutil,306000000,306000000,1020000000,nvhost_podgov,0,3,,47187,48312,48156,47625,47562,48500,5055,756,1433,0.370,19.284,7.130
3932435809809,9999493,100.005,100.000,729600,729600,1728000,schedutil,306000000,306000000,1020000000,nvhost_podgov,0,3,,47062,48437,48250,47687,47500,48437,5055,756,1433,0.367,19.280,7.130
3932445808822,9999013,100.010,100.000,729600,729600,1728000,schedutil,306000000,306000000,1020000000,nvhost_podgov,0,3,,47062,48312,48156,47656,47531,48312,5055,756,1433,0.390,19.280,7.510
3932455811162,10002340,99.977,100.000,729600,729600,1728000,schedutil,306000000,306000000,1020000000,nvhost_podgov,0,3,,47062,48281,48062,47625,47531,48281,5055,756,1433,0.383,19.282,6.960
3932465794207,9983045,100.170,100.000,729600,729600,1728000,schedutil,306000000,306000000,1020000000,nvhost_podgov,0,3,,47093,48437,48218,47656,47468,48437,5055,756,1433,0.389,19.279,7.500
3932475808132,10013925,99.861,100.000,729600,729600,1728000,schedutil,306000000,306000000,1020000000,nvhost_podgov,0,3,,47375,48343,48125,47687,47562,48343,5055,756,1433,0.383,19.285,6.940
3932485805320,9997188,100.028,100.000,729600,729600,1728000,schedutil,306000000,306000000,1020000000,nvhost_podgov,0,3,,47218,48656,48125,47687,47468,48656,5055,756,1433,0.401,19.282,7.730
3932495809037,10003717,99.963,100.000,729600,729600,1728000,schedutil,306000000,306000000,1020000000,nvhost_podgov,0,3,,47062,48625,48093,47781,47500,48625,5055,756,1433,0.378,19.286,7.120
3932505794961,9985924,100.141,100.000,729600,729600,1728000,schedutil,306000000,306000000,1020000000,nvhost_podgov,0,3,,47218,48281,48281,47687,47500,48281,5055,756,1433,0.374,19.274,7.210
3932515810134,10015173,99.848,100.000,729600,729600,1728000,schedutil,306000000,306000000,1020000000,nvhost_podgov,0,3,,47187,48312,48156,47625,47437,48312,5055,756,1433,0.380,19.285,7.230
3932525804187,9994053,100.060,100.000,729600,729600,1728000,schedutil,306000000,306000000,1020000000,nvhost_podgov,0,3,,47062,48375,48093,47687,47468,48375,5055,756,1433,0.370,19.284,7.130
3932535793343,9989156,100.109,100.000,729600,729600,1728000,schedutil,306000000,306000000,1020000000,nvhost_podgov,0,3,,47156,48437,48218,47687,47531,48437,5055,756,1433,0.394,19.276,7.480
3932545809476,10016133,99.839,100.000,729600,729600,1728000,schedutil,306000000,306000000,1020000000,nvhost_podgov,0,3,,47093,48281,48156,47625,47437,48281,5055,756,1433,0.365,19.281,7.040
3932555790984,9981508,100.185,100.000,729600,729600,1728000,schedutil,306000000,306000000,1020000000,nvhost_podgov,0,3,,47062,48281,48093,47625,47468,48312,5055,756,1433,0.404,19.284,7.780
3932565807469,10016485,99.835,100.000,729600,729600,1728000,schedutil,306000000,306000000,1020000000,nvhost_podgov,0,3,,47062,48312,48218,47750,47562,48312,5055,756,1433,0.372,19.284,7.040
3932575791506,9984037,100.160,100.000,729600,729600,1728000,schedutil,306000000,306000000,1020000000,nvhost_podgov,0,3,,47125,48312,48187,47593,47562,48625,5055,756,1433,0.429,19.282,7.310
3932585804791,10013285,99.867,100.000,729600,729600,1728000,schedutil,306000000,306000000,1020000000,nvhost_podgov,0,3,,47187,48468,48125,47781,47500,48468,5055,756,1433,0.398,19.271,7.650
3932595809275,10004484,99.955,100.000,729600,729600,1728000,schedutil,306000000,306000000,1020000000,nvhost_podgov,0,3,,47156,48281,48250,47687,47531,48281,5055,756,1433,0.407,19.281,7.860
3932605813152,10003877,99.961,100.000,729600,729600,1728000,schedutil,306000000,306000000,1020000000,nvhost_podgov,0,3,,47343,48312,48156,47625,47500,48312,5055,756,1433,0.391,19.285,7.810
3932615799813,9986661,100.134,100.000,729600,729600,1728000,schedutil,306000000,306000000,1020000000,nvhost_podgov,0,3,,47187,48375,48156,47593,47531,48375,5055,756,1433,0.374,19.275,7.210
3932625800137,10000324,99.997,100.000,729600,729600,1728000,schedutil,306000000,306000000,1020000000,nvhost_podgov,0,3,,47062,48343,48187,47687,47500,48343,5055,756,1433,0.369,19.285,7.230
3932635794574,9994437,100.056,100.000,729600,729600,1728000,schedutil,306000000,306000000,1020000000,nvhost_podgov,0,3,,47281,48593,48156,47656,47625,48593,5055,756,1433,0.370,19.284,7.130
3932645793458,9998884,100.011,100.000,729600,729600,1728000,schedutil,306000000,306000000,1020000000,nvhost_podgov,0,3,,47187,48593,48218,47718,47406,48375,5055,756,1433,0.376,19.277,7.260
3932655793175,9999717,100.003,100.000,729600,729600,1728000,schedutil,306000000,306000000,1020000000,nvhost_podgov,0,3,,47093,48312,48062,47906,47468,48312,5055,756,1433,0.366,19.281,7.070
3932665786779,9993604,100.064,100.000,729600,729600,1728000,schedutil,306000000,306000000,1020000000,nvhost_podgov,0,3,,47218,48312,48312,47625,47562,48468,5055,756,1433,0.415,19.275,8.000
3932675796672,10009893,99.901,100.000,729600,729600,1728000,schedutil,306000000,306000000,1020000000,nvhost_podgov,0,3,,47156,48437,48156,47656,47531,48437,5055,756,1433,0.369,19.282,7.120
3932685809413,10012741,99.873,100.000,729600,729600,1728000,schedutil,306000000,306000000,1020000000,nvhost_podgov,0,3,,47125,48468,48062,47750,47562,48250,5055,756,1433,0.404,19.266,7.440
3932695794186,9984773,100.153,100.000,729600,729600,1728000,schedutil,306000000,306000000,1020000000,nvhost_podgov,0,3,,47062,48312,48187,47718,47531,48312,5055,756,1433,0.388,19.280,7.480
3932705789582,9995396,100.046,100.000,729600,729600,1728000,schedutil,306000000,306000000,1020000000,nvhost_podgov,0,3,,47156,48281,48125,47687,47562,48312,5055,756,1433,0.403,19.279,6.990
3932715798707,10009125,99.909,100.000,729600,729600,1728000,schedutil,306000000,306000000,1020000000,nvhost_podgov,0,3,,47156,48312,48156,47781,47500,48312,5055,756,1433,0.361,19.279,6.960
3932725794264,9995557,100.044,100.000,729600,729600,1728000,schedutil,306000000,306000000,1020000000,nvhost_podgov,0,3,,47031,48625,48156,47656,47437,48625,5055,756,1433,0.376,19.284,7.260
3932735790556,9996292,100.037,100.000,729600,729600,1728000,schedutil,306000000,306000000,1020000000,nvhost_podgov,0,3,,47281,48500,48187,47687,47531,48500,5055,756,1433,0.393,19.273,7.560
3932745796673,10006117,99.939,100.000,729600,729600,1728000,schedutil,306000000,306000000,1020000000,nvhost_podgov,0,3,,47093,48312,48125,47562,47500,48312,5055,756,1433,0.371,19.284,7.160
3932755791813,9995140,100.049,100.000,729600,729600,1728000,schedutil,306000000,306000000,1020000000,nvhost_podgov,0,3,,47031,48218,48281,47687,47562,48281,5055,756,1433,0.389,19.277,7.490
3932765795178,10003365,99.966,100.000,729600,729600,1728000,schedutil,306000000,306000000,1020000000,nvhost_podgov,0,3,,47250,48343,48218,47656,47531,48343,5055,756,1433,0.364,19.280,7.010
3932775786511,9991333,100.087,100.000,729600,729600,1728000,schedutil,306000000,306000000,1020000000,nvhost_podgov,0,3,,47250,48437,48187,47593,47531,48437,5055,756,1433,0.376,19.275,7.260
3932785797683,10011172,99.888,100.000,729600,729600,1728000,schedutil,306000000,306000000,1020000000,nvhost_podgov,0,3,,47031,48156,48343,47656,47468,48343,5055,756,1433,0.360,19.280,6.940
3932795787736,9990053,100.100,100.000,729600,729600,1728000,schedutil,306000000,306000000,1020000000,nvhost_podgov,0,3,,47250,48625,48218,47656,47500,48625,5055,756,1433,0.374,19.279,7.210
3932805795901,10008165,99.918,100.000,729600,729600,1728000,schedutil,306000000,306000000,1020000000,nvhost_podgov,0,3,,47125,48312,48125,47593,47562,48312,5055,756,1433,0.362,19.279,6.990
3932815795713,9999812,100.002,100.000,729600,729600,1728000,schedutil,306000000,306000000,1020000000,nvhost_podgov,0,3,,47062,48343,48218,47812,47468,48343,5055,756,1433,0.391,19.277,6.990
3932825794374,9998661,100.013,100.000,729600,729600,1728000,schedutil,306000000,306000000,1020000000,nvhost_podgov,0,3,,47031,48468,48125,47625,47593,48468,5055,756,1433,0.361,19.284,6.960
3932835786410,9992036,100.080,100.000,729600,729600,1728000,schedutil,306000000,306000000,1020000000,nvhost_podgov,0,3,,47093,48343,48125,47687,47593,48312,5055,756,1433,0.404,19.277,7.450
3932845795375,10008965,99.910,100.000,729600,729600,1728000,schedutil,306000000,306000000,1020000000,nvhost_podgov,0,3,,47093,48281,48093,47812,47437,48281,5055,756,1433,0.360,19.284,6.940
3932855794004,9998629,100.014,100.000,729600,729600,1728000,schedutil,306000000,306000000,1020000000,nvhost_podgov,0,3,,47062,48343,48187,47625,47625,48343,5055,756,1433,0.376,19.284,7.130
3932865791705,9997701,100.023,100.000,729600,729600,1728000,schedutil,306000000,306000000,1020000000,nvhost_podgov,0,3,,47406,48312,48187,47562,47562,48312,5055,756,1433,0.400,19.277,7.710
3932875811774,10020069,99.800,100.000,729600,729600,1728000,schedutil,306000000,306000000,1020000000,nvhost_podgov,0,3,,47093,48531,48062,47687,47531,48531,5055,756,1433,0.378,19.284,7.280
3932885793506,9981732,100.183,100.000,729600,729600,1728000,schedutil,306000000,306000000,1020000000,nvhost_podgov,0,3,,47281,48625,48312,47656,47531,48625,5055,756,1433,0.375,19.281,7.590
3932895794535,10001029,99.990,100.000,729600,729600,1728000,schedutil,306000000,306000000,1020000000,nvhost_podgov,0,3,,47343,48281,48156,47593,47500,48281,5055,756,1433,0.364,19.277,7.010
3932905792427,9997892,100.021,100.000,729600,729600,1728000,schedutil,306000000,306000000,1020000000,nvhost_podgov,0,3,,47125,48312,48093,47656,47531,48312,5055,756,1433,0.400,19.282,7.720
3932915795024,10002597,99.974,100.000,729600,729600,1728000,schedutil,306000000,306000000,1020000000,nvhost_podgov,0,3,,47125,48437,48250,47687,47562,48437,5055,756,1433,0.367,19.279,7.090
3932925788596,9993572,100.064,100.000,729600,729600,1728000,schedutil,306000000,306000000,1020000000,nvhost_podgov,0,3,,47281,48437,48156,47562,47562,48437,5055,756,1433,0.374,19.273,7.510
3932935794393,10005797,99.942,100.000,729600,729600,1728000,schedutil,306000000,306000000,1020000000,nvhost_podgov,0,3,,47156,48250,48218,47625,47531,48250,5055,756,1433,0.360,19.279,6.940
3932945808222,10013829,99.862,100.000,729600,729600,1728000,schedutil,306000000,306000000,1020000000,nvhost_podgov,0,3,,47093,48250,48187,47781,47437,48343,5055,756,1433,0.380,19.280,7.370
3932955800610,9992388,100.076,100.000,729600,729600,1728000,schedutil,306000000,306000000,1020000000,nvhost_podgov,0,3,,47187,48375,48187,47593,47562,48375,5055,756,1433,0.398,19.282,7.670
3932965809479,10008869,99.911,100.000,729600,729600,1728000,schedutil,306000000,306000000,1020000000,nvhost_podgov,0,3,,47187,48468,48093,47625,47531,48468,5055,756,1433,0.381,19.284,7.350
3932975792364,9982885,100.171,100.000,729600,729600,1728000,schedutil,306000000,306000000,1020000000,nvhost_podgov,0,3,,47125,48531,48156,47781,47562,48531,5055,756,1433,0.384,19.274,7.400
3932985813809,10021445,99.786,100.000,729600,729600,1728000,schedutil,306000000,306000000,1020000000,nvhost_podgov,0,3,,47062,48343,48218,47625,47562,48343,5055,756,1433,0.379,19.281,7.010
3932995793141,9979332,100.207,100.000,729600,729600,1728000,schedutil,306000000,306000000,1020000000,nvhost_podgov,0,3,,47125,48312,48250,47562,47500,48312,5055,756,1433,0.390,19.275,7.510
3933005812698,10019557,99.805,100.000,729600,729600,1728000,schedutil,306000000,306000000,1020000000,nvhost_podgov,0,3,,47093,48343,48093,47781,47500,48343,5055,756,1433,0.374,19.282,7.130
3933015808671,9995973,100.040,100.000,729600,729600,1728000,schedutil,306000000,306000000,1020000000,nvhost_podgov,0,3,,47281,48312,48250,47781,47562,48312,5055,756,1433,0.374,19.277,7.210
3933025810915,10002244,99.978,100.000,729600,729600,1728000,schedutil,306000000,306000000,1020000000,nvhost_podgov,0,3,,47343,48656,48062,47656,47468,48656,5055,756,1433,0.385,19.281,7.420
3933035793320,9982405,100.176,100.000,729600,729600,1728000,schedutil,306000000,306000000,1020000000,nvhost_podgov,0,3,,47125,48531,48093,47750,47531,48531,5055,756,1433,0.389,19.271,7.490
3933045809804,10016484,99.835,100.000,729600,729600,1728000,schedutil,306000000,306000000,1020000000,nvhost_podgov,0,3,,47312,48312,48218,47750,47500,48312,5055,756,1433,0.407,19.277,7.860
3933055803409,9993605,100.064,100.000,729600,729600,1728000,schedutil,306000000,306000000,1020000000,nvhost_podgov,0,3,,47312,48250,48125,47625,47531,48250,5055,756,1433,0.395,19.274,7.620
3933065794421,9991012,100.090,100.000,729600,729600,1728000,schedutil,306000000,306000000,1020000000,nvhost_podgov,0,3,,47187,48500,48125,47781,47500,48500,5055,756,1433,0.426,19.275,8.220
3933075808410,10013989,99.860,100.000,729600,729600,1728000,schedutil,306000000,306000000,1020000000,nvhost_podgov,0,3,,47062,48375,48250,47718,47500,48312,5055,756,1433,0.404,19.276,7.780
3933085792255,9983845,100.162,100.000,729600,729600,1728000,schedutil,306000000,306000000,1020000000,nvhost_podgov,0,3,,47187,48250,48187,47718,47500,48250,5055,756,1433,0.486,19.260,9.360
3933103113331,17321076,57.733,99.986,729600,729600,1728000,schedutil,306000000,306000000,1020000000,nvhost_podgov,0,3,,47062,48656,48218,47656,47562,48656,5055,756,1433,0.460,19.264,8.010
3933105797256,2683925,372.589,100.000,729600,729600,1728000,schedutil,306000000,306000000,1020000000,nvhost_podgov,0,3,,47031,48250,48312,47781,47500,48312,5055,756,1433,0.448,19.261,8.610
3933115794669,9997413,100.026,100.000,729600,729600,1728000,schedutil,306000000,306000000,1020000000,nvhost_podgov,0,3,,47062,48312,48125,47656,47562,48593,5055,756,1433,0.435,19.269,7.970
3933125786385,9991716,100.083,100.000,729600,729600,1728000,schedutil,306000000,306000000,1020000000,nvhost_podgov,0,3,,47125,48468,48187,47625,47468,48468,5055,756,1433,0.444,19.262,8.550
3933135797430,10011045,99.890,100.000,729600,729600,1728000,schedutil,306000000,306000000,1020000000,nvhost_podgov,0,3,,47093,48250,48093,47750,47500,48250,5055,756,1433,0.420,19.273,8.240
3933145793723,9996293,100.037,100.000,729600,729600,1728000,schedutil,306000000,306000000,1020000000,nvhost_podgov,0,3,,47281,48312,48218,47656,47562,48312,5055,756,1433,0.384,19.280,7.320
3933155789407,9995684,100.043,100.000,729600,729600,1728000,schedutil,306000000,306000000,1020000000,nvhost_podgov,0,3,,47281,48312,48218,47625,47437,48312,5055,756,1433,0.412,19.274,7.950
3933165796036,10006629,99.934,100.000,729600,729600,1728000,schedutil,306000000,306000000,1020000000,nvhost_podgov,0,3,,47093,48343,48062,47781,47531,48218,5055,756,1433,0.375,19.279,7.230
3933175786600,9990564,100.094,100.000,729600,729600,1728000,schedutil,306000000,306000000,1020000000,nvhost_podgov,0,3,,47343,48250,48218,47687,47562,48250,5055,756,1433,0.412,19.276,7.270
3933185811182,10024582,99.755,100.000,729600,729600,1728000,schedutil,306000000,306000000,1020000000,nvhost_podgov,0,3,,47218,48593,48125,47656,47500,48593,5055,756,1433,0.370,19.281,7.130
3933195792754,9981572,100.185,100.000,729600,729600,1728000,schedutil,306000000,306000000,1020000000,nvhost_podgov,0,3,,47062,48343,48093,47656,47562,48343,5055,756,1433,0.410,19.277,7.560
3933205808151,10015397,99.846,100.000,729600,729600,1728000,schedutil,306000000,306000000,1020000000,nvhost_podgov,0,3,,47062,48281,48218,47750,47531,48281,5055,756,1433,0.371,19.277,7.160
3933215807579,9999428,100.006,100.000,729600,729600,1728000,schedutil,306000000,306000000,1020000000,nvhost_podgov,0,3,,47218,48437,48156,47593,47468,48437,5055,756,1433,0.396,19.277,7.640
3933225807360,9999781,100.002,100.000,729600,729600,1728000,schedutil,306000000,306000000,1020000000,nvhost_podgov,0,3,,47156,48406,48156,47656,47562,48281,5055,756,1433,0.367,19.282,7.090
3933235799429,9992069,100.079,100.000,729600,729600,1728000,schedutil,306000000,306000000,1020000000,nvhost_podgov,0,3,,47093,48312,48250,47718,47531,48312,5055,756,1433,0.386,19.274,7.450
3933245810825,10011396,99.886,100.000,729600,729600,1728000,schedutil,306000000,306000000,1020000000,nvhost_podgov,0,3,,47062,48218,48156,47656,47468,48406,5055,756,1433,0.384,19.279,7.640
3933255808654,9997829,100.022,100.000,729600,729600,1728000,schedutil,306000000,306000000,1020000000,nvhost_podgov,0,3,,47093,48375,48093,47625,47468,48375,5055,756,1433,0.379,19.281,7.310
3933265805011,9996357,100.036,100.000,729600,729600,1728000,schedutil,306000000,306000000,1020000000,nvhost_podgov,0,3,,47062,48656,48156,47750,47406,48656,5055,756,1433,0.378,19.275,7.270
3933275807415,10002404,99.976,100.000,729600,729600,1728000,schedutil,306000000,306000000,1020000000,nvhost_podgov,0,3,,47250,48531,48218,47625,47531,48531,5055,756,1433,0.365,19.271,7.040
3933285793756,9986341,100.137,100.000,729600,729600,1728000,schedutil,306000000,306000000,1020000000,nvhost_podgov,0,3,,47281,48312,48093,47593,47500,48312,5055,756,1433,0.414,19.276,7.970
3933295809121,10015365,99.847,100.000,729600,729600,1728000,schedutil,306000000,306000000,1020000000,nvhost_podgov,0,3,,47062,48281,48156,47656,47562,48281,5055,756,1433,0.369,19.276,7.100
3933305796453,9987332,100.127,100.000,729600,729600,1728000,schedutil,306000000,306000000,1020000000,nvhost_podgov,0,3,,47375,48468,48156,47656,47562,48468,5055,756,1433,0.424,19.279,8.170
3933315810570,10014117,99.859,100.000,729600,729600,1728000,schedutil,306000000,306000000,1020000000,nvhost_podgov,0,3,,47250,48343,48156,47656,47531,48343,5055,756,1433,0.371,19.281,7.160
3933325793038,9982468,100.176,100.000,729600,729600,1728000,schedutil,306000000,306000000,1020000000,nvhost_podgov,0,3,,47062,48312,48062,47656,47531,48312,5055,756,1433,0.409,19.275,7.880
3933335805747,10012709,99.873,100.000,729600,729600,1728000,schedutil,306000000,306000000,1020000000,nvhost_podgov,0,3,,47156,48625,48218,47687,47593,48625,5055,756,1433,0.393,19.279,7.560
3933345805048,9999301,100.007,100.000,729600,729600,1728000,schedutil,306000000,306000000,1020000000,nvhost_podgov,0,3,,47218,48343,48062,47625,47531,48343,5055,756,1433,0.380,19.279,7.320
3933355806268,10001220,99.988,100.000,729600,729600,1728000,schedutil,306000000,306000000,1020000000,nvhost_podgov,0,3,,47218,48343,48093,47781,47531,48500,5055,756,1433,0.409,19.280,7.880
3933365804353,9998085,100.019,100.000,729600,729600,1728000,schedutil,306000000,306000000,1020000000,nvhost_podgov,0,3,,47031,48500,48218,47750,47531,48312,5055,756,1433,0.380,19.280,7.300
3933375791781,9987428,100.126,100.000,729600,729600,1728000,schedutil,306000000,306000000,1020000000,nvhost_podgov,0,3,,47125,48437,48125,47625,47562,48281,5055,756,1433,0.381,19.270,7.350
3933385808874,10017093,99.829,100.000,729600,729600,1728000,schedutil,306000000,306000000,1020000000,nvhost_podgov,0,3,,47156,48250,48125,47781,47500,48250,5055,756,1433,0.372,19.279,7.180
3933395792143,9983269,100.168,100.000,729600,729600,1728000,schedutil,306000000,306000000,1020000000,nvhost_podgov,0,3,,47031,48281,48312,47750,47500,48406,5055,756,1433,0.380,19.270,7.320
3933405810164,10018021,99.820,100.000,729600,729600,1728000,schedutil,306000000,306000000,1020000000,nvhost_podgov,0,3,,47343,48375,48187,47656,47562,48375,5055,756,1433,0.370,19.276,7.130
3933415792760,9982596,100.174,100.000,729600,729600,1728000,schedutil,306000000,306000000,1020000000,nvhost_podgov,0,3,,47125,48625,48062,47562,47562,48625,5055,756,1433,0.376,19.269,7.240
3933425809213,10016453,99.836,100.000,729600,729600,1728000,schedutil,306000000,306000000,1020000000,nvhost_podgov,0,3,,47093,48593,48250,47781,47531,48593,5055,756,1433,0.361,19.279,6.960
3933435807074,9997861,100.021,100.000,729600,729600,1728000,schedutil,306000000,306000000,1020000000,nvhost_podgov,0,3,,47343,48343,48187,47593,47531,48343,5055,756,1433,0.378,19.281,7.320
3933446045771,10238697,97.669,99.999,729600,729600,1728000,schedutil,306000000,306000000,1020000000,nvhost_podgov,0,3,,47250,48312,48218,47687,47593,48312,5055,756,1433,0.396,19.280,7.640
3933455796683,9750912,102.555,100.000,729600,729600,1728000,schedutil,306000000,306000000,1020000000,nvhost_podgov,0,3,,47062,48500,48218,47656,47437,48500,5055,756,1433,0.372,19.279,7.500
3933465787087,9990404,100.096,100.000,729600,729600,1728000,schedutil,306000000,306000000,1020000000,nvhost_podgov,0,3,,47156,48406,48187,47687,47562,48406,5055,756,1433,0.410,19.270,7.900
3933475794996,10007909,99.921,100.000,729600,729600,1728000,schedutil,306000000,306000000,1020000000,nvhost_podgov,0,3,,47156,48312,48125,47718,47468,48312,5055,756,1433,0.381,19.280,7.210
3933485799673,10004677,99.953,100.000,729600,729600,1728000,schedutil,306000000,306000000,1020000000,nvhost_podgov,0,3,,47093,48250,48125,47781,47531,48250,5055,756,1433,0.412,19.280,7.950
3933495795165,9995492,100.045,100.000,729600,729600,1728000,schedutil,306000000,306000000,1020000000,nvhost_podgov,0,3,,47093,48375,48281,47718,47500,48375,5055,756,1433,0.386,19.282,7.180
3933505786498,9991333,100.087,100.000,729600,729600,1728000,schedutil,306000000,306000000,1020000000,nvhost_podgov,0,3,,47156,48375,48125,47656,47562,48375,5055,756,1433,0.400,19.271,7.710
3933515795878,10009380,99.906,100.000,729600,729600,1728000,schedutil,306000000,306000000,1020000000,nvhost_podgov,0,3,,47093,48562,48093,47718,47468,48562,5055,756,1433,0.380,19.279,7.370
3933525808491,10012613,99.874,100.000,729600,729600,1728000,schedutil,306000000,306000000,1020000000,nvhost_podgov,0,3,,47000,48281,48312,47687,47531,48312,5055,756,1433,0.384,19.281,7.400
3933535797360,9988869,100.111,100.000,729600,729600,1728000,schedutil,306000000,306000000,1020000000,nvhost_podgov,0,3,,47093,48218,48093,47593,47531,48218,5055,756,1433,0.388,19.277,7.480
3933545795092,9997732,100.023,100.000,729600,729600,1728000,schedutil,306000000,306000000,1020000000,nvhost_podgov,0,3,,47093,48437,48093,47562,47562,48437,5055,756,1433,0.369,19.281,7.100
3933555791993,9996901,100.031,100.000,729600,729600,1728000,schedutil,306000000,306000000,1020000000,nvhost_podgov,0,3,,47093,48343,48281,47718,47468,48343,5055,756,1433,0.391,19.277,7.540
3933565796318,10004325,99.957,100.000,729600,729600,1728000,schedutil,306000000,306000000,1020000000,nvhost_podgov,0,3,,47250,48656,48218,47656,47562,48656,5055,756,1433,0.374,19.280,7.210
3933575786114,9989796,100.102,100.000,729600,729600,1728000,schedutil,306000000,306000000,1020000000,nvhost_podgov,0,3,,47187,48625,48125,47593,47500,48625,5055,756,1433,0.407,19.275,7.860
3933585795495,10009381,99.906,100.000,729600,729600,1728000,schedutil,306000000,306000000,1020000000,nvhost_podgov,0,3,,47062,48281,48093,47656,47437,48281,5055,756,1433,0.396,19.281,7.100
3933595804492,10008997,99.910,100.000,729600,729600,1728000,schedutil,306000000,306000000,1020000000,nvhost_podgov,0,3,,47250,48281,48156,47687,47562,48281,5055,756,1433,0.411,19.270,7.920
3933605794544,9990052,100.100,100.000,729600,729600,1728000,schedutil,306000000,306000000,1020000000,nvhost_podgov,0,3,,47250,48468,48156,47656,47531,48468,5055,756,1433,0.391,19.282,7.320
3933615791413,9996869,100.031,100.000,729600,729600,1728000,schedutil,306000000,306000000,1020000000,nvhost_podgov,0,3,,47218,48500,48187,47812,47437,48500,5055,756,1433,0.385,19.270,7.420
3933625794169,10002756,99.972,100.000,729600,729600,1728000,schedutil,306000000,306000000,1020000000,nvhost_podgov,0,3,,47156,48281,48218,47687,47562,48281,5055,756,1433,0.381,19.282,7.420
3933635793150,9998981,100.010,100.000,729600,729600,1728000,schedutil,306000000,306000000,1020000000,nvhost_podgov,0,3,,47156,48312,48156,47593,47531,48406,5055,756,1433,0.376,19.276,7.260
3933645793347,10000197,99.998,100.000,729600,729600,1728000,schedutil,306000000,306000000,1020000000,nvhost_podgov,0,3,,47218,48312,48093,47562,47562,48312,5055,756,1433,0.378,19.274,7.270
3933655793671,10000324,99.997,100.000,729600,729600,1728000,schedutil,306000000,306000000,1020000000,nvhost_podgov,0,3,,47156,48312,48281,47625,47531,48500,5055,756,1433,0.366,19.279,7.070
3933665791500,9997829,100.022,100.000,729600,729600,1728000,schedutil,306000000,306000000,1020000000,nvhost_podgov,0,3,,47125,48656,48187,47625,47562,48656,5055,756,1433,0.380,19.275,8.050
3933675795121,10003621,99.964,100.000,729600,729600,1728000,schedutil,306000000,306000000,1020000000,nvhost_podgov,0,3,,47125,48281,48125,47531,47500,48281,5055,756,1433,0.367,19.284,7.090
3933685789333,9994212,100.058,100.000,729600,729600,1728000,schedutil,306000000,306000000,1020000000,nvhost_podgov,0,3,,47062,48312,48281,47625,47468,48312,5055,756,1433,0.424,19.276,8.170
3933695809594,10020261,99.798,100.000,729600,729600,1728000,schedutil,306000000,306000000,1020000000,nvhost_podgov,0,3,,47281,48531,48218,47687,47531,48531,5055,756,1433,0.370,19.279,7.130
3933705805375,9995781,100.042,100.000,729600,729600,1728000,schedutil,306000000,306000000,1020000000,nvhost_podgov,0,3,,47281,48343,48125,47656,47562,48250,5055,756,1433,0.400,19.279,7.710
3933715800483,9995108,100.049,100.000,729600,729600,1728000,schedutil,306000000,306000000,1020000000,nvhost_podgov,0,3,,47125,48312,48093,47718,47437,48312,5055,756,1433,0.378,19.273,7.540
3933725807016,10006533,99.935,100.000,729600,729600,1728000,schedutil,306000000,306000000,1020000000,nvhost_podgov,0,3,,47312,48656,48187,47593,47531,48656,5055,756,1433,0.376,19.275,7.260
3933735796012,9988996,100.110,100.000,729600,729600,1728000,schedutil,306000000,306000000,1020000000,nvhost_podgov,0,3,,47250,48343,48187,47656,47468,48343,5055,756,1433,0.378,19.270,7.710
3933745805457,10009445,99.906,100.000,729600,729600,1728000,schedutil,306000000,306000000,1020000000,nvhost_podgov,0,3,,47062,48437,48093,47812,47468,48437,5055,756,1433,0.370,19.276,7.100
3933755804150,9998693,100.013,100.000,729600,729600,1728000,schedutil,306000000,306000000,1020000000,nvhost_podgov,0,3,,47187,48468,48218,47625,47562,48468,5055,756,1433,0.383,19.279,7.370
3933765807323,10003173,99.968,100.000,729600,729600,1728000,schedutil,306000000,306000000,1020000000,nvhost_podgov,0,3,,47187,48375,48093,47656,47562,48312,5055,756,1433,0.372,19.281,7.180
3933775792127,9984804,100.152,100.000,729600,729600,1728000,schedutil,306000000,306000000,1020000000,nvhost_podgov,0,3,,47093,48218,48093,47750,47437,48218,5055,756,1433,0.389,19.275,7.490
3933785810052,10017925,99.821,100.000,729600,729600,1728000,schedutil,306000000,306000000,1020000000,nvhost_podgov,0,3,,47062,48250,48250,47687,47500,48312,5055,756,1433,0.366,19.280,7.070
3933795805800,9995748,100.043,100.000,729600,729600,1728000,schedutil,306000000,306000000,1020000000,nvhost_podgov,0,3,,47187,48343,48187,47656,47531,48343,5055,756,1433,0.388,19.273,7.270
3933805806989,10001189,99.988,100.000,729600,729600,1728000,schedutil,306000000,306000000,1020000000,nvhost_podgov,0,3,,47187,48625,48093,47781,47468,48625,5055,756,1433,0.405,19.284,7.810
3933815808818,10001829,99.982,100.000,729600,729600,1728000,schedutil,306000000,306000000,1020000000,nvhost_podgov,0,3,,47312,48562,48218,47718,47500,48281,5055,756,1433,0.386,19.275,7.450
3933825809654,10000836,99.992,100.000,729600,729600,1728000,schedutil,306000000,306000000,1020000000,nvhost_podgov,0,3,,47375,48375,48125,47625,47531,48375,5055,756,1433,0.376,19.281,7.260
3933835807675,9998021,100.020,100.000,729600,729600,1728000,schedutil,306000000,306000000,1020000000,nvhost_podgov,0,3,,47062,48281,48187,47656,47562,48437,5055,756,1433,0.366,19.277,7.070
3933845790751,9983076,100.170,100.000,729600,729600,1728000,schedutil,306000000,306000000,1020000000,nvhost_podgov,0,3,,47125,48406,48187,47687,47500,48406,5055,756,1433,0.384,19.276,7.400
3933855810628,10019877,99.802,100.000,729600,729600,1728000,schedutil,306000000,306000000,1020000000,nvhost_podgov,0,3,,47250,48406,48187,47687,47562,48406,5055,756,1433,0.375,19.282,7.230
3933865805257,9994629,100.054,100.000,729600,729600,1728000,schedutil,306000000,306000000,1020000000,nvhost_podgov,0,3,,47218,48281,48125,47562,47500,48281,5055,756,1433,0.389,19.275,7.490
3933875808494,10003237,99.968,100.000,729600,729600,1728000,schedutil,306000000,306000000,1020000000,nvhost_podgov,0,3,,47062,48218,48343,47750,47437,48343,5055,716,1433,0.376,19.276,7.260
3933885792306,9983812,100.162,100.000,729600,729600,1728000,schedutil,306000000,306000000,1020000000,nvhost_podgov,0,3,,47218,48343,48156,47687,47625,48343,5055,716,1433,0.393,19.271,7.560
3933895810839,10018533,99.815,100.000,729600,729600,1728000,schedutil,306000000,306000000,1020000000,nvhost_podgov,0,3,,47187,48312,48218,47593,47468,48500,5055,716,1433,0.379,19.279,7.300
3933905804347,9993508,100.065,100.000,729600,729600,1728000,schedutil,306000000,306000000,1020000000,nvhost_podgov,0,3,,47062,48406,48031,47781,47531,48406,5055,716,1433,0.380,19.281,7.320
3933915797664,9993317,100.067,100.000,729600,729600,1728000,schedutil,306000000,306000000,1020000000,nvhost_podgov,0,3,,47062,48406,48187,47562,47531,48312,5055,716,1433,0.407,19.275,7.860
3933925806021,10008357,99.916,100.000,729600,729600,1728000,schedutil,306000000,306000000,1020000000,nvhost_podgov,0,3,,47093,48312,48156,47593,47500,48312,5055,716,1433,0.391,19.280,7.070
3933935805609,9999588,100.004,100.000,729600,729600,1728000,schedutil,306000000,306000000,1020000000,nvhost_podgov,0,3,,47062,48406,48156,47656,47500,48406,5055,716,1433,0.400,19.280,7.720
3933945808558,10002949,99.971,100.000,729600,729600,1728000,schedutil,306000000,306000000,1020000000,nvhost_podgov,0,3,,47062,48343,48250,47718,47562,48343,5055,716,1433,0.378,19.285,7.230
3933955808467,9999909,100.001,100.000,729600,729600,1728000,schedutil,306000000,306000000,1020000000,nvhost_podgov,0,3,,47281,48687,48125,47593,47500,48687,5055,716,1433,0.407,19.276,7.860
3933965810711,10002244,99.978,100.000,729600,729600,1728000,schedutil,306000000,306000000,1020000000,nvhost_podgov,0,3,,47156,48593,48156,47656,47437,48593,5055,716,1433,0.388,19.281,7.100
3933975796348,9985637,100.144,100.000,729600,729600,1728000,schedutil,306000000,306000000,1020000000,nvhost_podgov,0,3,,47187,48312,48281,47781,47531,48312,5055,716,1433,0.391,19.273,7.540
3933985809409,10013061,99.870,100.000,729600,729600,1728000,schedutil,306000000,306000000,1020000000,nvhost_podgov,0,3,,47281,48218,48187,47656,47531,48218,5055,756,1433,0.390,19.281,7.180
3933995791557,9982148,100.179,100.000,729600,729600,1728000,schedutil,306000000,306000000,1020000000,nvhost_podgov,0,3,,47093,48406,48093,47687,47531,48406,5055,756,1433,0.406,19.270,7.830
3934005807978,10016421,99.836,100.000,729600,729600,1728000,schedutil,306000000,306000000,1020000000,nvhost_podgov,0,3,,47156,48375,48312,47656,47531,48375,5055,756,1433,0.379,19.279,7.300
3934015808815,10000837,99.992,100.000,729600,729600,1728000,schedutil,306000000,306000000,1020000000,nvhost_podgov,0,3,,47312,48312,48156,47656,47531,48312,5055,756,1433,0.390,19.274,7.510
3934025807379,9998564,100.014,100.000,729600,729600,1728000,schedutil,306000000,306000000,1020000000,nvhost_podgov,0,3,,47281,48281,48125,47593,47468,48437,5055,756,1433,0.384,19.276,7.400
3934035808248,10000869,99.991,100.000,729600,729600,1728000,schedutil,306000000,306000000,1020000000,nvhost_podgov,0,3,,47093,48312,48156,47781,47500,48312,5055,756,1433,0.384,19.280,6.940
3934045796572,9988324,100.117,100.000,729600,729600,1728000,schedutil,306000000,306000000,1020000000,nvhost_podgov,0,3,,47093,48593,48187,47718,47531,48593,5055,756,1433,0.411,19.281,7.920
3934055809633,10013061,99.870,100.000,729600,729600,1728000,schedutil,306000000,306000000,1020000000,nvhost_podgov,0,3,,47156,48500,48218,47687,47500,48500,5055,756,1433,0.376,19.280,7.130
3934065797381,9987748,100.123,100.000,729600,729600,1728000,schedutil,306000000,306000000,1020000000,nvhost_podgov,0,3,,47093,48250,48125,47750,47500,48250,5055,756,1433,0.417,19.280,8.050
3934075808330,10010949,99.891,100.000,729600,729600,1728000,schedutil,306000000,306000000,1020000000,nvhost_podgov,0,3,,47062,48343,48218,47656,47562,48343,5055,756,1433,0.384,19.281,7.040
3934085791919,9983589,100.164,100.000,729600,729600,1728000,schedutil,306000000,306000000,1020000000,nvhost_podgov,0,3,,47343,48406,48093,47593,47437,48406,5055,756,1433,0.405,19.277,7.810
3934095803155,10011236,99.888,100.000,729600,729600,1728000,schedutil,306000000,306000000,1020000000,nvhost_podgov,0,3,,47125,48406,48093,47812,47500,48406,5055,756,1433,0.385,19.275,7.490
