ts_ns,dt_ns,inst_rate_hz,avg_rate_hz,cpu_khz,cpu_min_khz,cpu_max_khz,cpu_governor,gpu_hz,gpu_min_hz,gpu_max_hz,gpu_governor,fan_cur_state,fan_max_state,fan_pwm,temp_cpu_mC,temp_gpu_mC,temp_soc0_mC,temp_soc1_mC,temp_soc2_mC,temp_tj_mC,vdd_in_mW,vdd_cpu_gpu_cv_mW,vdd_soc_mW,ina260_current_A,ina260_voltage_V,ina260_power_W
4066044452285,0,,,729600,729600,1728000,schedutil,306000000,306000000,1020000000,nvhost_podgov,0,3,,47125,48312,48125,47593,47468,48312,,,,0.395,19.269,7.210
4066094537936,50085651,19.966,19.966,729600,729600,1728000,schedutil,306000000,306000000,1020000000,nvhost_podgov,0,3,,47125,48375,48062,47781,47468,48375,,,,0.352,19.280,6.800
4066144676740,50138804,19.945,19.955,729600,729600,1728000,schedutil,306000000,306000000,1020000000,nvhost_podgov,0,3,,47187,48500,48062,47625,47500,48500,4856,597,1433,0.370,19.285,7.130
4066194543634,49866894,20.053,19.988,729600,729600,1728000,schedutil,306000000,306000000,1020000000,nvhost_podgov,0,3,,46937,48125,48125,47625,47468,48125,4856,597,1433,0.359,19.285,6.770
4066244523395,49979761,20.008,19.993,729600,729600,1728000,schedutil,306000000,306000000,1020000000,nvhost_podgov,0,3,,47000,48343,48156,47593,47468,48343,4856,597,1433,0.347,19.280,6.690
4066294521780,49998385,20.001,19.994,729600,729600,1728000,schedutil,306000000,306000000,1020000000,nvhost_podgov,0,3,,47093,48406,48218,47593,47468,48406,4856,597,1433,0.349,19.290,6.710
4066344514277,49992497,20.003,19.996,729600,729600,1728000,schedutil,306000000,306000000,1020000000,nvhost_podgov,0,3,,47031,48343,48125,47593,47437,48218,4856,597,1433,0.341,19.285,6.580
4066394514422,50000145,20.000,19.996,729600,729600,1728000,schedutil,306000000,306000000,1020000000,nvhost_podgov,0,3,,47218,48375,48062,47625,47500,48375,4856,597,1433,0.365,19.285,7.040
4066444534760,50020338,19.992,19.996,729600,729600,1728000,schedutil,306000000,306000000,1020000000,nvhost_podgov,0,3,,47000,48562,48062,47750,47437,48250,4856,597,1433,0.360,19.282,6.940
4066494518968,49984208,20.006,19.997,729600,729600,1728000,schedutil,306000000,306000000,1020000000,nvhost_podgov,0,3,,47000,48250,48125,47562,47468,48250,4856,596,1433,0.340,19.285,6.550
4066544517642,49998674,20.001,19.997,729600,729600,1728000,schedutil,306000000,306000000,1020000000,nvhost_podgov,0,3,,46968,48406,48093,47718,47406,48406,4856,597,1433,0.341,19.281,6.580
4066594515899,49998257,20.001,19.998,729600,729600,1728000,schedutil,306000000,306000000,1020000000,nvhost_podgov,0,3,,47062,48218,48125,47593,47468,48218,4856,597,1433,0.359,19.289,6.530
4066644516460,50000561,20.000,19.998,729600,729600,1728000,schedutil,306000000,306000000,1020000000,nvhost_podgov,0,3,,46937,48218,48156,47625,47406,48218,4856,596,1433,0.347,19.284,6.710
4066694518429,50001969,19.999,19.998,729600,729600,1728000,schedutil,306000000,306000000,1020000000,nvhost_podgov,0,3,,47062,48437,48062,47625,47468,48437,4856,596,1433,0.351,19.284,6.770
4066744534286,50015857,19.994,19.998,729600,729600,1728000,schedutil,306000000,306000000,1020000000,nvhost_podgov,0,3,,47062,48187,48187,47562,47500,48187,4856,597,1433,0.355,19.289,6.550
4066794530623,49996337,20.001,19.998,729600,729600,1728000,schedutil,306000000,306000000,1020000000,nvhost_podgov,0,3,,47062,48250,48062,47593,47500,48250,4856,597,1433,0.341,19.284,6.580
4066844527728,49997105,20.001,19.998,729600,729600,1728000,schedutil,306000000,306000000,1020000000,nvhost_podgov,0,3,,47156,48500,48125,47656,47437,48500,4896,597,1433,0.354,19.284,6.820
4066894531809,50004081,19.998,19.998,729600,729600,1728000,schedutil,306000000,306000000,1020000000,nvhost_podgov,0,3,,47000,48250,48187,47687,47531,48250,4896,597,1433,0.356,19.290,6.730
4066944521394,49989585,20.004,19.998,729600,729600,1728000,schedutil,306000000,306000000,1020000000,nvhost_podgov,0,3,,47125,48250,48125,47625,47468,48250,4896,597,1433,0.349,19.285,6.770
4066994513987,49992593,20.003,19.999,729600,729600,1728000,schedutil,306000000,306000000,1020000000,nvhost_podgov,0,3,,46906,48437,48218,47625,47500,48218,4896,597,1433,0.352,19.282,6.800
4067044518197,50004210,19.998,19.999,729600,729600,1728000,schedutil,306000000,306000000,1020000000,nvhost_podgov,0,3,,47031,48218,48093,47562,47500,48218,4896,597,1433,0.359,19.288,6.600
4067094532390,50014193,19.994,19.998,729600,729600,1728000,schedutil,306000000,306000000,1020000000,nvhost_podgov,0,3,,47125,48281,48187,47656,47437,48281,4856,597,1433,0.389,19.280,7.500
4067144520823,49988433,20.005,19.999,729600,729600,1728000,schedutil,306000000,306000000,1020000000,nvhost_podgov,0,3,,47093,48593,48125,47531,47500,48250,4896,597,1433,0.354,19.286,6.820
4067194522152,50001329,19.999,19.999,729600,729600,1728000,schedutil,306000000,306000000,1020000000,nvhost_podgov,0,3,,47312,48250,48125,47562,47406,48250,4896,597,1433,0.356,19.286,6.770
4067244521017,49998865,20.000,19.999,729600,729600,1728000,schedutil,306000000,306000000,1020000000,nvhost_podgov,0,3,,46968,48312,48125,47687,47468,48312,4896,597,1433,0.343,19.286,6.600
4067294535786,50014769,19.994,19.999,1113600,729600,1728000,schedutil,306000000,306000000,1020000000,nvhost_podgov,0,3,,47093,48281,48187,47656,47500,48281,4896,597,1433,0.390,19.274,7.510
4067344541916,50006130,19.998,19.999,729600,729600,1728000,schedutil,306000000,306000000,1020000000,nvhost_podgov,0,3,,47062,48187,48062,47687,47406,48187,4976,676,1433,0.352,19.285,6.680
4067394522412,49980496,20.008,19.999,729600,729600,1728000,schedutil,306000000,306000000,1020000000,nvhost_podgov,0,3,,47156,48250,48125,47625,47562,48250,4976,636,1433,0.346,19.288,6.680
4067444523485,50001073,20.000,19.999,729600,729600,1728000,schedutil,306000000,306000000,1020000000,nvhost_podgov,0,3,,47062,48250,48218,47687,47468,48250,4976,636,1433,0.369,19.280,7.120
4067494527663,50004178,19.998,19.999,729600,729600,1728000,schedutil,306000000,306000000,1020000000,nvhost_podgov,0,3,,47218,48281,48062,47562,47406,48312,4936,636,1433,0.349,19.286,6.720
4067544523615,49995952,20.002,19.999,729600,729600,1728000,schedutil,306000000,306000000,1020000000,nvhost_podgov,0,3,,47062,48218,48218,47625,47562,48218,4936,635,1433,0.340,19.282,6.550
4067594522545,49998930,20.000,19.999,729600,729600,1728000,schedutil,306000000,306000000,1020000000,nvhost_podgov,0,3,,47031,48343,48093,47531,47437,48343,4936,635,1433,0.355,19.288,6.660
4067644520674,49998129,20.001,19.999,729600,729600,1728000,schedutil,306000000,306000000,1020000000,nvhost_podgov,0,3,,47187,48281,48125,47656,47500,48281,4896,636,1433,0.343,19.286,6.600
4067694519603,49998929,20.000,19.999,729600,729600,1728000,schedutil,306000000,306000000,1020000000,nvhost_podgov,0,3,,47062,48312,48062,47625,47437,48312,4896,636,1433,0.350,19.286,6.750
4067744762088,50242485,19.903,19.996,729600,729600,1728000,schedutil,306000000,306000000,1020000000,nvhost_podgov,0,3,,47281,48312,48125,47562,47500,48312,4896,635,1433,0.352,19.288,6.710
4067794522069,49759981,20.096,19.999,729600,729600,1728000,schedutil,306000000,306000000,1020000000,nvhost_podgov,0,3,,46937,48250,48250,47687,47468,48375,4896,635,1433,0.343,19.284,6.600
4067844520934,49998865,20.000,19.999,729600,729600,1728000,schedutil,306000000,306000000,1020000000,nvhost_podgov,0,3,,47031,48281,48093,47625,47437,48281,4896,636,1433,0.347,19.285,6.710
4067894734491,50213557,19.915,19.997,729600,729600,1728000,schedutil,306000000,306000000,1020000000,nvhost_podgov,0,3,,47000,48312,48218,47593,47500,48312,4896,596,1433,0.354,19.291,6.520
4067944521032,49786541,20.086,19.999,729600,729600,1728000,schedutil,306000000,306000000,1020000000,nvhost_podgov,0,3,,47062,48187,48156,47593,47500,48343,4896,596,1433,0.352,19.286,6.800
4067994521561,50000529,20.000,19.999,729600,729600,1728000,schedutil,306000000,306000000,1020000000,nvhost_podgov,0,3,,46968,48218,48218,47656,47500,48250,4896,596,1433,0.351,19.286,6.770
4068044744654,50223093,19.911,19.997,729600,729600,1728000,schedutil,306000000,306000000,1020000000,nvhost_podgov,0,3,,47031,48281,48062,47562,47437,48281,4896,596,1433,0.345,19.286,6.660
4068094765440,50020786,19.992,19.997,729600,729600,1728000,schedutil,306000000,306000000,1020000000,nvhost_podgov,0,3,,47093,48468,48156,47562,47406,48468,4896,596,1433,0.344,19.289,6.630
4068144535788,49770348,20.092,19.999,729600,729600,1728000,schedutil,306000000,306000000,1020000000,nvhost_podgov,0,3,,47062,48281,48062,47718,47468,48281,4896,596,1433,0.381,19.281,7.350
4068194512637,49976849,20.009,19.999,729600,729600,1728000,schedutil,306000000,306000000,1020000000,nvhost_podgov,0,3,,47187,48312,48093,47531,47468,48312,4896,596,1433,0.400,19.276,7.710
4068244770483,50257846,19.897,19.997,729600,729600,1728000,schedutil,306000000,306000000,1020000000,nvhost_podgov,0,3,,47000,48468,48281,47718,47406,48468,4896,596,1433,0.366,19.281,7.070
4068294521663,49751180,20.100,19.999,729600,729600,1728000,schedutil,306000000,306000000,1020000000,nvhost_podgov,0,3,,47218,48281,48062,47562,47531,48281,4896,596,1433,0.375,19.282,7.070
4068344538545,50016882,19.993,19.999,729600,729600,1728000,schedutil,306000000,306000000,1020000000,nvhost_podgov,0,3,,47000,48375,48187,47687,47437,48375,4896,635,1433,0.375,19.282,7.160
4068394526402,49987857,20.005,19.999,729600,729600,1728000,schedutil,306000000,306000000,1020000000,nvhost_podgov,0,3,,47093,48593,48125,47468,47406,48593,4936,635,1433,0.361,19.280,6.960
4068444512754,49986352,20.005,19.999,729600,729600,1728000,schedutil,306000000,306000000,1020000000,nvhost_podgov,0,3,,47156,48312,48125,47656,47531,48250,4936,635,1433,0.403,19.266,8.450
4068494521603,50008849,19.996,19.999,729600,729600,1728000,schedutil,306000000,306000000,1020000000,nvhost_podgov,0,3,,47093,48406,48062,47750,47437,48406,4936,635,1433,0.364,19.282,7.010
4068544774649,50253046,19.899,19.997,729600,729600,1728000,schedutil,306000000,306000000,1020000000,nvhost_podgov,0,3,,46937,48500,48125,47656,47437,48500,4896,635,1433,0.369,19.281,7.100
4068594758538,49983889,20.006,19.998,729600,729600,1728000,schedutil,306000000,306000000,1020000000,nvhost_podgov,0,3,,47000,48312,48062,47687,47437,48187,4896,596,1433,0.374,19.280,7.210
4068644758907,50000369,20.000,19.998,729600,729600,1728000,schedutil,306000000,306000000,1020000000,nvhost_podgov,0,3,,47093,48562,48156,47531,47437,48562,4896,596,1433,0.372,19.282,7.070
4068694521672,49762765,20.095,19.999,729600,729600,1728000,schedutil,306000000,306000000,1020000000,nvhost_podgov,0,3,,47000,48531,48218,47750,47437,48531,4896,596,1433,0.379,19.280,7.300
4068744531353,50009681,19.996,19.999,729600,729600,1728000,schedutil,306000000,306000000,1020000000,nvhost_podgov,0,3,,47125,48312,48093,47687,47406,48250,4896,596,1433,0.376,19.282,6.990
4068794530666,49999313,20.000,19.999,729600,729600,1728000,schedutil,306000000,306000000,1020000000,nvhost_podgov,0,3,,46968,48437,48093,47625,47406,48437,4896,596,1433,0.364,19.279,7.010
4068844529851,49999185,20.000,19.999,729600,729600,1728000,schedutil,306000000,306000000,1020000000,nvhost_podgov,0,3,,47031,48187,48093,47593,47437,48187,4896,596,1433,0.365,19.281,7.040
4068894529068,49999217,20.000,19.999,729600,729600,1728000,schedutil,306000000,306000000,1020000000,nvhost_podgov,0,3,,47125,48250,48093,47625,47531,48250,4896,596,1433,0.376,19.286,7.010
4068944522525,49993457,20.003,20.000,729600,729600,1728000,schedutil,306000000,306000000,1020000000,nvhost_podgov,0,3,,47062,48468,48031,47781,47437,48468,4896,596,1433,0.372,19.281,7.720
4068994522158,49999633,20.000,20.000,729600,729600,1728000,schedutil,306000000,306000000,1020000000,nvhost_podgov,0,3,,47125,48156,48125,47593,47437,48156,4896,596,1433,0.367,19.276,7.080
4069044521791,49999633,20.000,20.000,729600,729600,1728000,schedutil,306000000,306000000,1020000000,nvhost_podgov,0,3,,47031,48250,48093,47687,47437,48250,4896,596,1433,0.372,19.281,7.010
4069094521392,49999601,20.000,20.000,729600,729600,1728000,schedutil,306000000,306000000,1020000000,nvhost_podgov,0,3,,47187,48406,48062,47625,47406,48406,4896,596,1433,0.361,19.282,6.960
4069144537409,50016017,19.994,19.999,729600,729600,1728000,schedutil,306000000,306000000,1020000000,nvhost_podgov,0,3,,47062,48156,48250,47625,47406,48250,4896,635,1433,0.383,19.282,7.370
4069194524402,49986993,20.005,20.000,729600,729600,1728000,schedutil,306000000,306000000,1020000000,nvhost_podgov,0,3,,47093,48156,48125,47562,47468,48156,4896,635,1433,0.376,19.284,6.910
4069244520995,49996593,20.001,20.000,729600,729600,1728000,schedutil,306000000,306000000,1020000000,nvhost_podgov,0,3,,47218,48500,48218,47656,47500,48250,4896,635,1433,0.380,19.280,7.090
4069294519220,49998225,20.001,20.000,729600,729600,1728000,schedutil,306000000,306000000,1020000000,nvhost_podgov,0,3,,47125,48218,48125,47562,47468,48218,4896,635,1433,0.374,19.285,7.210
4069344517253,49998033,20.001,20.000,729600,729600,1728000,schedutil,306000000,306000000,1020000000,nvhost_podgov,0,3,,47000,48125,48093,47625,47531,48125,4896,635,1433,0.362,19.279,6.990
4069394762491,50245238,19.902,19.998,729600,729600,1728000,schedutil,306000000,306000000,1020000000,nvhost_podgov,0,3,,47031,48531,48125,47750,47437,48250,4896,596,1433,0.361,19.279,6.960
4069444523047,49760556,20.096,20.000,729600,729600,1728000,schedutil,306000000,306000000,1020000000,nvhost_podgov,0,3,,47156,48187,48156,47593,47437,48187,4896,596,1433,0.365,19.284,7.040
4069494518232,49995185,20.002,20.000,729600,729600,1728000,schedutil,306000000,306000000,1020000000,nvhost_podgov,0,3,,47000,48281,48062,47687,47500,48281,4896,596,1433,0.400,19.277,7.710
4069544525257,50007025,19.997,20.000,729600,729600,1728000,schedutil,306000000,306000000,1020000000,nvhost_podgov,0,3,,47125,48218,48093,47656,47562,48250,4896,596,1433,0.361,19.279,6.960
4069594530298,50005041,19.998,20.000,729600,729600,1728000,schedutil,306000000,306000000,1020000000,nvhost_podgov,0,3,,47000,48218,48125,47656,47437,48218,4896,596,1433,0.370,19.285,7.130
4069644533131,50002833,19.999,20.000,729600,729600,1728000,schedutil,306000000,306000000,1020000000,nvhost_podgov,0,3,,47062,48312,48062,47562,47468,48312,4896,596,1433,0.361,19.280,6.960
4069694522268,49989137,20.004,20.000,729600,729600,1728000,schedutil,306000000,306000000,1020000000,nvhost_podgov,0,3,,47156,48156,48187,47625,47500,48281,4896,596,1433,0.364,19.281,7.010
4069744510444,49988176,20.005,20.000,729600,729600,1728000,schedutil,306000000,306000000,1020000000,nvhost_podgov,0,3,,47062,48250,48093,47656,47437,48250,4896,596,1433,0.399,19.276,7.350
4069794534366,50023922,19.990,20.000,729600,729600,1728000,schedutil,306000000,306000000,1020000000,nvhost_podgov,0,3,,47218,48281,48156,47656,47531,48281,4896,596,1433,0.439,19.264,8.450
4069844523535,49989169,20.004,20.000,729600,729600,1728000,schedutil,306000000,306000000,1020000000,nvhost_podgov,0,3,,46937,48343,48062,47750,47468,48343,4896,596,1433,0.344,19.282,6.630
4069894522816,49999281,20.000,20.000,729600,729600,1728000,schedutil,306000000,306000000,1020000000,nvhost_podgov,0,3,,47000,48156,48093,47656,47468,48156,4896,596,1433,0.406,19.279,7.620
4069944518001,49995185,20.002,20.000,729600,729600,1728000,schedutil,306000000,306000000,1020000000,nvhost_podgov,0,3,,47031,48312,48156,47687,47375,48312,4856,596,1433,0.350,19.284,6.750
4069994517761,49999760,20.000,20.000,729600,729600,1728000,schedutil,306000000,306000000,1020000000,nvhost_podgov,0,3,,47093,48312,48093,47656,47468,48312,4856,596,1433,0.356,19.285,6.870
4070044522643,50004882,19.998,20.000,729600,729600,1728000,schedutil,306000000,306000000,1020000000,nvhost_podgov,0,3,,46937,48250,48156,47656,47531,48250,4856,596,1433,0.355,19.288,6.630
4070094518755,49996112,20.002,20.000,729600,729600,1728000,schedutil,306000000,306000000,1020000000,nvhost_podgov,0,3,,47156,48312,48125,47625,47531,48312,4856,596,1433,0.334,19.285,6.440
4070144525493,50006738,19.997,20.000,729600,729600,1728000,schedutil,306000000,306000000,1020000000,nvhost_podgov,0,3,,47062,48375,48156,47687,47531,48375,4856,596,1433,0.359,19.282,6.910
4070194521989,49996496,20.001,20.000,729600,729600,1728000,schedutil,306000000,306000000,1020000000,nvhost_podgov,0,3,,47062,48312,48062,47531,47500,48312,4896,596,1433,0.349,19.288,6.550
4070244532599,50010610,19.996,20.000,729600,729600,1728000,schedutil,306000000,306000000,1020000000,nvhost_podgov,0,3,,47156,48312,48187,47562,47562,48312,4896,596,1433,0.357,19.285,6.900
4070294520263,49987664,20.005,20.000,729600,729600,1728000,schedutil,306000000,306000000,1020000000,nvhost_podgov,0,3,,47000,48343,48031,47718,47500,48343,4896,596,1433,0.355,19.285,6.850
4070344517144,49996881,20.001,20.000,729600,729600,1728000,schedutil,306000000,306000000,1020000000,nvhost_podgov,0,3,,47156,48218,48125,47687,47500,48375,4896,596,1433,0.354,19.290,6.580
4070394518953,50001809,19.999,20.000,729600,729600,1728000,schedutil,306000000,306000000,1020000000,nvhost_podgov,0,3,,47031,48250,48218,47625,47375,48250,4896,596,1433,0.341,19.282,6.580
4070444517530,49998577,20.001,20.000,729600,729600,1728000,schedutil,306000000,306000000,1020000000,nvhost_podgov,0,3,,47062,48375,48156,47593,47500,48375,4896,596,1433,0.354,19.288,6.820
4070494535436,50017906,19.993,20.000,729600,729600,1728000,schedutil,306000000,306000000,1020000000,nvhost_podgov,0,3,,47125,48406,48156,47687,47468,48406,4896,596,1433,0.383,19.280,7.370
4070544523292,49987856,20.005,20.000,729600,729600,1728000,schedutil,306000000,306000000,1020000000,nvhost_podgov,0,3,,47062,48312,48062,47593,47406,48312,4896,596,1433,0.347,19.288,6.710
4070594522509,49999217,20.000,20.000,729600,729600,1728000,schedutil,306000000,306000000,1020000000,nvhost_podgov,0,3,,47281,48343,48156,47593,47531,48343,4896,597,1433,0.349,19.290,6.720
4070644519134,49996625,20.001,20.000,729600,729600,1728000,schedutil,306000000,306000000,1020000000,nvhost_podgov,0,3,,47031,48250,48093,47750,47437,48437,4896,597,1433,0.346,19.286,6.680
4070694519215,50000081,20.000,20.000,729600,729600,1728000,schedutil,306000000,306000000,1020000000,nvhost_podgov,0,3,,47062,48312,48125,47656,47531,48312,4896,596,1433,0.338,19.288,6.520
4070744529184,50009969,19.996,20.000,729600,729600,1728000,schedutil,306000000,306000000,1020000000,nvhost_podgov,0,3,,47062,48375,48250,47718,47500,48375,4896,596,1433,0.369,19.288,7.120
4070794522161,49992977,20.003,20.000,729600,729600,1728000,schedutil,306000000,306000000,1020000000,nvhost_podgov,0,3,,47062,48468,48062,47593,47468,48468,4856,596,1433,0.344,19.285,6.630
4070844532706,50010545,19.996,20.000,729600,729600,1728000,schedutil,306000000,306000000,1020000000,nvhost_podgov,0,3,,46968,48343,48187,47750,47437,48343,4856,596,1433,0.340,19.286,6.550
4070894528435,49995729,20.002,20.000,729600,729600,1728000,schedutil,306000000,306000000,1020000000,nvhost_podgov,0,3,,47125,48406,48062,47562,47437,48406,4856,597,1433,0.356,19.285,6.630
4070944531972,50003537,19.999,20.000,729600,729600,1728000,schedutil,306000000,306000000,1020000000,nvhost_podgov,0,3,,46968,48500,48093,47656,47468,48500,4856,596,1433,0.350,19.285,6.750
4070994515989,49984017,20.006,20.000,729600,729600,1728000,schedutil,306000000,306000000,1020000000,nvhost_podgov,0,3,,47093,48312,48125,47781,47468,48312,4856,596,1433,0.366,19.276,7.070
4071044523750,50007761,19.997,20.000,729600,729600,1728000,schedutil,306000000,306000000,1020000000,nvhost_podgov,0,3,,47125,48437,48156,47656,47468,48437,4856,596,1433,0.360,19.289,6.630
4071094518742,49994992,20.002,20.000,729600,729600,1728000,schedutil,306000000,306000000,1020000000,nvhost_podgov,0,3,,47031,48218,48093,47781,47437,48218,4856,597,1433,0.343,19.286,6.600
4071144527336,50008594,19.997,20.000,729600,729600,1728000,schedutil,306000000,306000000,1020000000,nvhost_podgov,0,3,,47250,48500,48062,47625,47468,48500,4856,596,1433,0.388,19.276,7.480
4071194534681,50007345,19.997,20.000,729600,729600,1728000,schedutil,306000000,306000000,1020000000,nvhost_podgov,0,3,,46968,48500,48187,47718,47468,48500,4896,596,1433,0.354,19.288,6.580
4071244512361,49977680,20.009,20.000,729600,729600,1728000,schedutil,306000000,306000000,1020000000,nvhost_podgov,0,3,,47062,48218,48031,47531,47437,48218,4896,596,1433,0.361,19.282,6.960
4071294523290,50010929,19.996,20.000,729600,729600,1728000,schedutil,306000000,306000000,1020000000,nvhost_podgov,0,3,,47156,48375,48250,47718,47500,48250,4896,596,1433,0.352,19.284,6.800
4071344519403,49996113,20.002,20.000,729600,729600,1728000,schedutil,306000000,306000000,1020000000,nvhost_podgov,0,3,,47093,48562,48062,47562,47468,48562,4896,597,1433,0.359,19.288,6.580
4071394519484,50000081,20.000,20.000,729600,729600,1728000,schedutil,306000000,306000000,1020000000,nvhost_podgov,0,3,,46937,48281,48125,47625,47406,48281,4896,596,1433,0.343,19.286,6.600
4071444527341,50007857,19.997,20.000,729600,729600,1728000,schedutil,306000000,306000000,1020000000,nvhost_podgov,0,3,,47031,48437,48093,47718,47406,48250,4856,597,1433,0.345,19.284,6.660
4071494517598,49990257,20.004,20.000,729600,729600,1728000,schedutil,306000000,306000000,1020000000,nvhost_podgov,0,3,,47062,48531,48125,47593,47500,48531,4856,596,1433,0.367,19.280,7.300
4071544531183,50013585,19.995,20.000,729600,729600,1728000,schedutil,306000000,306000000,1020000000,nvhost_podgov,0,3,,47062,48218,48062,47656,47375,48218,4856,596,1433,0.343,19.282,6.600
4071594517600,49986417,20.005,20.000,729600,729600,1728000,schedutil,306000000,306000000,1020000000,nvhost_podgov,0,3,,47156,48250,48156,47593,47468,48250,4896,597,1433,0.350,19.285,6.750
4071644518321,50000721,20.000,20.000,729600,729600,1728000,schedutil,306000000,306000000,1020000000,nvhost_podgov,0,3,,47000,48593,48218,47750,47437,48593,4896,597,1433,0.343,19.286,6.600
4071694529826,50011505,19.995,20.000,729600,729600,1728000,schedutil,306000000,306000000,1020000000,nvhost_podgov,0,3,,47250,48187,48093,47562,47531,48187,4856,596,1433,0.336,19.288,6.490
4071744522930,49993104,20.003,20.000,729600,729600,1728000,schedutil,306000000,306000000,1020000000,nvhost_podgov,0,3,,47000,48281,48187,47625,47437,48281,4856,596,1433,0.352,19.281,6.800
4071794527363,50004433,19.998,20.000,729600,729600,1728000,schedutil,306000000,306000000,1020000000,nvhost_podgov,0,3,,47062,48187,48125,47593,47531,48187,4856,596,1433,0.360,19.286,6.600
4071844532020,50004657,19.998,20.000,729600,729600,1728000,schedutil,306000000,306000000,1020000000,nvhost_podgov,0,3,,47250,48281,48156,47593,47531,48281,4896,596,1433,0.343,19.282,6.600
4071894535781,50003761,19.998,20.000,729600,729600,1728000,schedutil,306000000,306000000,1020000000,nvhost_podgov,0,3,,47000,48312,48093,47781,47468,48312,4856,596,1433,0.351,19.289,6.600
4071944531926,49996145,20.002,20.000,729600,729600,1728000,schedutil,306000000,306000000,1020000000,nvhost_podgov,0,3,,47375,48250,48093,47625,47562,48250,4856,596,1433,0.345,19.286,6.660
4071994522055,49990129,20.004,20.000,729600,729600,1728000,schedutil,306000000,306000000,1020000000,nvhost_podgov,0,3,,47062,48281,48062,47718,47437,48281,4856,596,1433,0.355,19.284,6.850
4072044535800,50013745,19.995,20.000,729600,729600,1728000,schedutil,306000000,306000000,1020000000,nvhost_podgov,0,3,,47062,48281,48125,47531,47531,48281,4856,596,1433,0.349,19.285,6.720
4072094520553,49984753,20.006,20.000,729600,729600,1728000,schedutil,306000000,306000000,1020000000,nvhost_podgov,0,3,,47062,48218,48187,47625,47468,48343,4856,596,1433,0.343,19.288,6.600
4072144530490,50009937,19.996,20.000,729600,729600,1728000,schedutil,306000000,306000000,1020000000,nvhost_podgov,0,3,,47093,48187,48125,47531,47437,48187,4856,596,1433,0.351,19.285,6.770
4072194532235,50001745,19.999,20.000,729600,729600,1728000,schedutil,306000000,306000000,1020000000,nvhost_podgov,0,3,,47031,48250,48187,47656,47562,48250,4896,596,1433,0.360,19.290,6.680
4072244528988,49996753,20.001,20.000,729600,729600,1728000,schedutil,306000000,306000000,1020000000,nvhost_podgov,0,3,,47062,48250,48062,47687,47468,48312,4896,597,1433,0.375,19.288,7.230
4072294533389,50004401,19.998,20.000,729600,729600,1728000,schedutil,306000000,306000000,1020000000,nvhost_podgov,0,3,,47218,48218,48125,47718,47468,48218,4896,597,1433,0.405,19.281,7.810
4072344538942,50005553,19.998,20.000,729600,729600,1728000,schedutil,306000000,306000000,1020000000,nvhost_podgov,0,3,,47125,48218,48093,47781,47468,48218,4936,636,1433,0.359,19.288,6.580
4072394530574,49991632,20.003,20.000,729600,729600,1728000,schedutil,306000000,306000000,1020000000,nvhost_podgov,0,3,,47187,48375,48093,47625,47562,48375,4976,675,1433,0.344,19.286,6.630
4072444527199,49996625,20.001,20.000,729600,729600,1728000,schedutil,306000000,306000000,1020000000,nvhost_podgov,0,3,,46968,48218,48031,47718,47406,48218,4936,636,1433,0.350,19.288,6.750
4072494528176,50000977,20.000,20.000,729600,729600,1728000,schedutil,306000000,306000000,1020000000,nvhost_podgov,0,3,,47218,48343,48187,47625,47531,48343,4936,635,1433,0.361,19.290,6.600
4072544532641,50004465,19.998,20.000,729600,729600,1728000,schedutil,306000000,306000000,1020000000,nvhost_podgov,0,3,,47156,48343,48156,47750,47531,48343,4936,635,1433,0.381,19.282,7.350
4072594521682,49989041,20.004,20.000,729600,729600,1728000,schedutil,306000000,306000000,1020000000,nvhost_podgov,0,3,,47062,48250,48093,47562,47468,48250,4936,635,1433,0.346,19.284,6.680
4072644518690,49997008,20.001,20.000,729600,729600,1728000,schedutil,306000000,306000000,1020000000,nvhost_podgov,0,3,,47187,48281,48187,47656,47531,48281,4936,635,1433,0.352,19.289,6.580
4072694529715,50011025,19.996,20.000,729600,729600,1728000,schedutil,306000000,306000000,1020000000,nvhost_podgov,0,3,,47062,48312,48062,47781,47468,48312,4896,635,1433,0.344,19.286,6.630
4072744530564,50000849,20.000,20.000,729600,729600,1728000,schedutil,306000000,306000000,1020000000,nvhost_podgov,0,3,,47062,48312,48093,47656,47531,48312,4896,635,1433,0.347,19.284,6.710
4072794537973,50007409,19.997,20.000,729600,729600,1728000,schedutil,306000000,306000000,1020000000,nvhost_podgov,0,3,,47000,48281,48093,47687,47468,48281,4896,635,1433,0.357,19.285,6.900
4072844520550,49982577,20.007,20.000,729600,729600,1728000,schedutil,306000000,306000000,1020000000,nvhost_podgov,0,3,,47156,48406,48187,47656,47531,48406,4896,635,1433,0.345,19.288,6.660
4072894527159,50006609,19.997,20.000,729600,729600,1728000,schedutil,306000000,306000000,1020000000,nvhost_podgov,0,3,,47000,48250,48125,47687,47468,48468,4896,596,1433,0.350,19.289,6.750
4072944523816,49996657,20.001,20.000,729600,729600,1728000,schedutil,306000000,306000000,1020000000,nvhost_podgov,0,3,,47218,48312,48062,47562,47500,48312,4896,596,1433,0.360,19.285,6.940
4072994532473,50008657,19.997,20.000,729600,729600,1728000,schedutil,306000000,306000000,1020000000,nvhost_podgov,0,3,,47062,48375,48187,47656,47562,48375,4896,596,1433,0.396,19.282,7.640
4073044529257,49996784,20.001,20.000,729600,729600,1728000,schedutil,306000000,306000000,1020000000,nvhost_podgov,0,3,,47000,48343,48093,47593,47500,48531,4896,596,1433,0.365,19.285,6.920
4073094533594,50004337,19.998,20.000,729600,729600,1728000,schedutil,306000000,306000000,1020000000,nvhost_podgov,0,3,,47125,48312,48156,47656,47468,48312,4896,596,1433,0.386,19.281,7.010
4073144530379,49996785,20.001,20.000,729600,729600,1728000,schedutil,306000000,306000000,1020000000,nvhost_podgov,0,3,,47093,48468,48062,47781,47500,48468,4896,596,1433,0.352,19.281,6.800
4073194535644,50005265,19.998,20.000,729600,729600,1728000,schedutil,306000000,306000000,1020000000,nvhost_podgov,0,3,,47156,48593,48093,47562,47468,48593,4896,596,1433,0.378,19.285,7.130
4073244533837,49998193,20.001,20.000,729600,729600,1728000,schedutil,306000000,306000000,1020000000,nvhost_podgov,0,3,,47000,48343,48062,47750,47437,48343,4896,596,1433,0.385,19.284,7.420
4073294534430,50000593,20.000,20.000,729600,729600,1728000,schedutil,306000000,306000000,1020000000,nvhost_podgov,0,3,,47031,48437,48218,47687,47500,48437,4896,596,1433,0.372,19.281,7.180
4073344537647,50003217,19.999,20.000,729600,729600,1728000,schedutil,306000000,306000000,1020000000,nvhost_podgov,0,3,,47031,48187,48218,47718,47500,48218,4896,596,1433,0.371,19.288,6.920
4073394525183,49987536,20.005,20.000,729600,729600,1728000,schedutil,306000000,306000000,1020000000,nvhost_podgov,0,3,,47062,48343,48125,47656,47468,48343,4936,635,1433,0.362,19.285,6.990
4073444516528,49991345,20.003,20.000,729600,729600,1728000,schedutil,306000000,306000000,1020000000,nvhost_podgov,0,3,,47281,48500,48156,47718,47437,48500,4896,635,1433,0.369,19.280,7.100
4073494520033,50003505,19.999,20.000,729600,729600,1728000,schedutil,306000000,306000000,1020000000,nvhost_podgov,0,3,,47156,48218,48093,47562,47500,48218,4896,596,1433,0.375,19.284,6.960
4073544519282,49999249,20.000,20.000,729600,729600,1728000,schedutil,306000000,306000000,1020000000,nvhost_podgov,0,3,,47000,48250,48218,47656,47562,48250,4896,596,1433,0.399,19.275,7.680
4073594531459,50012177,19.995,20.000,729600,729600,1728000,schedutil,306000000,306000000,1020000000,nvhost_podgov,0,3,,47062,48500,48093,47781,47437,48500,4896,635,1433,0.371,19.279,7.160
4073644535988,50004529,19.998,20.000,729600,729600,1728000,schedutil,306000000,306000000,1020000000,nvhost_podgov,0,3,,47125,48218,48218,47562,47437,48218,4896,635,1433,0.384,19.282,7.010
4073694521956,49985968,20.006,20.000,729600,729600,1728000,schedutil,306000000,306000000,1020000000,nvhost_podgov,0,3,,47062,48437,48125,47718,47375,48437,4896,596,1433,0.364,19.280,7.010
4073744521045,49999089,20.000,20.000,729600,729600,1728000,schedutil,306000000,306000000,1020000000,nvhost_podgov,0,3,,47250,48562,48062,47656,47500,48562,4896,596,1433,0.371,19.284,7.160
4073794514598,49993553,20.003,20.000,729600,729600,1728000,schedutil,306000000,306000000,1020000000,nvhost_podgov,0,3,,47062,48218,48218,47718,47500,48218,4896,596,1433,0.385,19.273,7.420
4073844522391,50007793,19.997,20.000,729600,729600,1728000,schedutil,306000000,306000000,1020000000,nvhost_podgov,0,3,,47031,48406,48125,47562,47468,48250,4896,596,1433,0.362,19.282,6.990
4073894519656,49997265,20.001,20.000,729600,729600,1728000,schedutil,306000000,306000000,1020000000,nvhost_podgov,0,3,,47125,48562,48218,47593,47562,48562,4896,596,1433,0.365,19.284,7.040
4073944519032,49999376,20.000,20.000,729600,729600,1728000,schedutil,306000000,306000000,1020000000,nvhost_podgov,0,3,,47062,48125,48093,47625,47500,48125,4896,596,1433,0.383,19.281,6.940
4073994519721,50000689,20.000,20.000,729600,729600,1728000,schedutil,306000000,306000000,1020000000,nvhost_podgov,0,3,,47187,48500,48125,47625,47406,48218,4856,596,1433,0.366,19.280,7.070
4074044745310,50225589,19.910,19.999,729600,729600,1728000,schedutil,306000000,306000000,1020000000,nvhost_podgov,0,3,,46968,48250,48062,47750,47500,48250,4856,596,1433,0.378,19.281,7.280
4074094532587,49787277,20.085,20.000,729600,729600,1728000,schedutil,306000000,306000000,1020000000,nvhost_podgov,0,3,,47000,48187,48156,47531,47437,48187,4856,596,1433,0.372,19.280,6.960
4074144539004,50006417,19.997,20.000,729600,729600,1728000,schedutil,306000000,306000000,1020000000,nvhost_podgov,0,3,,47000,48250,48187,47718,47468,48250,4856,596,1433,0.378,19.277,7.280
4074194527629,49988625,20.005,20.000,729600,729600,1728000,schedutil,306000000,306000000,1020000000,nvhost_podgov,0,3,,47125,48218,48125,47593,47437,48218,4896,596,1433,0.370,19.285,7.210
4074244528317,50000688,20.000,20.000,729600,729600,1728000,schedutil,306000000,306000000,1020000000,nvhost_podgov,0,3,,47000,48250,48250,47562,47531,48250,4896,596,1433,0.356,19.277,6.870
4074294524174,49995857,20.002,20.000,729600,729600,1728000,schedutil,306000000,306000000,1020000000,nvhost_podgov,0,3,,47218,48281,48125,47562,47437,48281,4896,596,1433,0.376,19.280,7.260
4074344522783,49998609,20.001,20.000,729600,729600,1728000,schedutil,306000000,306000000,1020000000,nvhost_podgov,0,3,,47031,48125,48156,47718,47500,48156,4896,596,1433,0.383,19.282,6.870
4074394523568,50000785,20.000,20.000,729600,729600,1728000,schedutil,306000000,306000000,1020000000,nvhost_podgov,0,3,,47062,48218,48062,47562,47437,48218,4896,596,1433,0.374,19.279,7.210
4074444521793,49998225,20.001,20.000,729600,729600,1728000,schedutil,306000000,306000000,1020000000,nvhost_podgov,0,3,,47156,48312,48187,47625,47531,48312,4856,596,1433,0.370,19.280,7.130
4074494519889,49998096,20.001,20.000,729600,729600,1728000,schedutil,306000000,306000000,1020000000,nvhost_podgov,0,3,,47062,48187,48156,47687,47500,48187,4856,596,1433,0.372,19.282,7.120
4074544519234,49999345,20.000,20.000,729600,729600,1728000,schedutil,306000000,306000000,1020000000,nvhost_podgov,0,3,,47312,48218,48093,47656,47531,48218,4856,596,1433,0.370,19.281,7.130
4074594533459,50014225,19.994,20.000,729600,729600,1728000,schedutil,306000000,306000000,1020000000,nvhost_podgov,0,3,,47000,48281,48187,47593,47437,48281,4856,596,1433,0.366,19.277,7.070
4074644540260,50006801,19.997,20.000,729600,729600,1728000,schedutil,306000000,306000000,1020000000,nvhost_podgov,0,3,,47062,48250,48062,47593,47468,48343,4856,596,1433,0.380,19.284,6.870
4074694736473,50196213,19.922,19.999,729600,729600,1728000,schedutil,306000000,306000000,1020000000,nvhost_podgov,0,3,,47281,48250,48281,47718,47562,48281,4856,596,1433,0.360,19.279,6.940
4074744512037,49775564,20.090,20.000,729600,729600,1728000,schedutil,306000000,306000000,1020000000,nvhost_podgov,0,3,,47125,48312,48062,47593,47500,48312,4856,596,1433,0.414,19.280,7.970
4074794537302,50025265,19.990,20.000,729600,729600,1728000,schedutil,306000000,306000000,1020000000,nvhost_podgov,0,3,,46937,48250,48125,47656,47531,48312,4856,596,1433,0.436,19.265,8.600
4074844520551,49983249,20.007,20.000,729600,729600,1728000,schedutil,306000000,306000000,1020000000,nvhost_podgov,0,3,,47031,48281,48062,47750,47468,48437,4896,596,1433,0.350,19.275,6.750
4074894522936,50002385,19.999,20.000,729600,729600,1728000,schedutil,306000000,306000000,1020000000,nvhost_podgov,0,3,,47062,48312,48156,47625,47562,48312,4896,596,1433,0.350,19.282,6.750
4074944523784,50000848,20.000,20.000,729600,729600,1728000,schedutil,306000000,306000000,1020000000,nvhost_podgov,0,3,,47062,48250,48218,47750,47437,48437,4896,596,1433,0.356,19.289,6.680
4074994519769,49995985,20.002,20.000,729600,729600,1728000,schedutil,306000000,306000000,1020000000,nvhost_podgov,0,3,,47125,48218,48062,47625,47468,48218,4896,596,1433,0.383,19.286,7.370
4075044526634,50006865,19.997,20.000,729600,729600,1728000,schedutil,306000000,306000000,1020000000,nvhost_podgov,0,3,,47062,48312,48187,47750,47468,48312,4896,596,1433,0.350,19.285,6.770
4075094535195,50008561,19.997,20.000,729600,729600,1728000,schedutil,306000000,306000000,1020000000,nvhost_podgov,0,3,,47281,48375,48156,47625,47468,48375,4896,597,1433,0.350,19.286,6.530
4075144524556,49989361,20.004,20.000,729600,729600,1728000,schedutil,306000000,306000000,1020000000,nvhost_podgov,0,3,,47062,48281,48156,47687,47500,48281,4896,597,1433,0.345,19.284,6.660
4075194681407,50156851,19.937,19.999,729600,729600,1728000,schedutil,306000000,306000000,1020000000,nvhost_podgov,0,3,,47093,48281,48125,47781,47531,48281,4896,596,1433,0.357,19.289,6.900
4075244521485,49840078,20.064,20.000,729600,729600,1728000,schedutil,306000000,306000000,1020000000,nvhost_podgov,0,3,,47281,48437,48125,47656,47375,48437,4896,596,1433,0.340,19.285,6.550
4075294527838,50006353,19.997,20.000,729600,729600,1728000,schedutil,306000000,306000000,1020000000,nvhost_podgov,0,3,,47093,48312,48031,47718,47437,48531,4896,596,1433,0.349,19.291,6.730
4075344522575,49994737,20.002,20.000,729600,729600,1728000,schedutil,306000000,306000000,1020000000,nvhost_podgov,0,3,,47250,48406,48062,47656,47468,48406,4896,596,1433,0.367,19.280,6.680
4075394532352,50009777,19.996,20.000,729600,729600,1728000,schedutil,306000000,306000000,1020000000,nvhost_podgov,0,3,,47031,48500,48218,47625,47437,48500,4896,596,1433,0.344,19.285,6.630
4075444534096,50001744,19.999,20.000,729600,729600,1728000,schedutil,306000000,306000000,1020000000,nvhost_podgov,0,3,,47093,48281,48125,47656,47406,48593,4896,596,1433,0.339,19.284,6.530
4075494526721,49992625,20.003,20.000,729600,729600,1728000,schedutil,306000000,306000000,1020000000,nvhost_podgov,0,3,,47093,48343,48187,47687,47500,48343,4896,596,1433,0.356,19.290,6.600
4075544520370,49993649,20.003,20.000,729600,729600,1728000,schedutil,306000000,306000000,1020000000,nvhost_podgov,0,3,,47093,48468,48093,47562,47468,48468,4896,596,1433,0.371,19.285,6.720
4075594520962,50000592,20.000,20.000,729600,729600,1728000,schedutil,306000000,306000000,1020000000,nvhost_podgov,0,3,,46968,48343,48125,47656,47468,48250,4896,596,1433,0.344,19.285,6.630
4075644535571,50014609,19.994,20.000,729600,729600,1728000,schedutil,306000000,306000000,1020000000,nvhost_podgov,0,3,,47062,48343,48062,47750,47468,48343,4896,596,1433,0.354,19.289,6.600
4075694522404,49986833,20.005,20.000,729600,729600,1728000,schedutil,306000000,306000000,1020000000,nvhost_podgov,0,3,,47093,48437,48093,47625,47500,48437,4896,596,1433,0.339,19.286,6.530
4075744521365,49998961,20.000,20.000,729600,729600,1728000,schedutil,306000000,306000000,1020000000,nvhost_podgov,0,3,,47062,48312,48156,47781,47468,48218,4896,596,1433,0.354,19.282,6.820
4075794735946,50214581,19.915,19.999,729600,729600,1728000,schedutil,306000000,306000000,1020000000,nvhost_podgov,0,3,,47187,48437,48125,47656,47562,48437,4896,596,1433,0.360,19.288,6.600
4075844533622,49797676,20.081,20.000,729600,729600,1728000,schedutil,306000000,306000000,1020000000,nvhost_podgov,0,3,,47000,48562,48062,47687,47500,48562,4896,597,1433,0.350,19.286,6.750
4075894539463,50005841,19.998,20.000,729600,729600,1728000,schedutil,306000000,306000000,1020000000,nvhost_podgov,0,3,,47218,48250,48125,47593,47437,48250,4896,596,1433,0.344,19.286,6.630
4075944744668,50205205,19.918,19.999,729600,729600,1728000,schedutil,306000000,306000000,1020000000,nvhost_podgov,0,3,,47093,48437,48218,47687,47437,48437,4896,597,1433,0.347,19.289,6.550
4075994539465,49794797,20.082,20.000,729600,729600,1728000,schedutil,306000000,306000000,1020000000,nvhost_podgov,0,3,,47062,48531,48062,47625,47468,48531,4896,597,1433,0.340,19.284,6.550
4076044532921,49993456,20.003,20.000,729600,729600,1728000,schedutil,306000000,306000000,1020000000,nvhost_podgov,0,3,,47250,48156,48218,47625,47468,48218,4896,597,1433,0.359,19.281,6.910
4076094522122,49989201,20.004,20.000,729600,729600,1728000,schedutil,306000000,306000000,1020000000,nvhost_podgov,0,3,,47031,48437,48062,47750,47468,48437,4896,596,1433,0.369,19.271,6.820
4076144538043,50015921,19.994,20.000,729600,729600,1728000,schedutil,306000000,306000000,1020000000,nvhost_podgov,0,3,,47031,48562,48093,47656,47531,48562,4896,596,1433,0.347,19.288,6.710
4076194535628,49997585,20.001,20.000,729600,729600,1728000,schedutil,306000000,306000000,1020000000,nvhost_podgov,0,3,,47031,48187,48062,47718,47406,48187,4856,597,1433,0.384,19.275,7.400
4076244531612,49995984,20.002,20.000,729600,729600,1728000,schedutil,306000000,306000000,1020000000,nvhost_podgov,0,3,,47187,48468,48093,47531,47437,48468,4896,596,1433,0.361,19.289,6.630
4076294511917,49980305,20.008,20.000,729600,729600,1728000,schedutil,306000000,306000000,1020000000,nvhost_podgov,0,3,,47062,48250,48218,47687,47437,48250,4896,596,1433,0.371,19.279,7.160
4076344522910,50010993,19.996,20.000,729600,729600,1728000,schedutil,306000000,306000000,1020000000,nvhost_podgov,0,3,,47187,48156,48125,47593,47406,48156,4896,597,1433,0.361,19.288,6.680
4076394519502,49996592,20.001,20.000,729600,729600,1728000,schedutil,306000000,306000000,1020000000,nvhost_podgov,0,3,,47062,48500,48156,47687,47531,48250,4896,597,1433,0.340,19.288,6.550
4076444518783,49999281,20.000,20.000,729600,729600,1728000,schedutil,306000000,306000000,1020000000,nvhost_podgov,0,3,,46968,48218,48125,47562,47500,48218,4896,596,1433,0.343,19.284,6.600
4076494537584,50018801,19.992,20.000,729600,729600,1728000,schedutil,306000000,306000000,1020000000,nvhost_podgov,0,3,,47218,48187,48125,47656,47406,48187,4856,597,1433,0.352,19.289,6.550
4076544531617,49994033,20.002,20.000,729600,729600,1728000,schedutil,306000000,306000000,1020000000,nvhost_podgov,0,3,,47062,48562,48156,47781,47468,48250,4856,597,1433,0.381,19.285,7.350
4076594540209,50008592,19.997,20.000,729600,729600,1728000,schedutil,306000000,306000000,1020000000,nvhost_podgov,0,3,,47250,48156,48125,47593,47500,48156,4896,596,1433,0.340,19.285,6.550
4076644520962,49980753,20.008,20.000,729600,729600,1728000,schedutil,306000000,306000000,1020000000,nvhost_podgov,0,3,,47031,48281,48062,47718,47437,48281,4856,597,1433,0.351,19.286,6.580
4076694519890,49998928,20.000,20.000,729600,729600,1728000,schedutil,306000000,306000000,1020000000,nvhost_podgov,0,3,,47031,48281,48093,47687,47500,48281,4896,597,1433,0.340,19.286,6.550
4076744532707,50012817,19.995,20.000,729600,729600,1728000,schedutil,306000000,306000000,1020000000,nvhost_podgov,0,3,,47000,48218,48250,47718,47562,48250,4856,597,1433,0.350,19.284,6.750
4076794525716,49993009,20.003,20.000,729600,729600,1728000,schedutil,306000000,306000000,1020000000,nvhost_podgov,0,3,,47093,48187,48093,47625,47468,48187,4856,597,1433,0.378,19.275,7.270
4076844524741,49999025,20.000,20.000,729600,729600,1728000,schedutil,306000000,306000000,1020000000,nvhost_podgov,0,3,,47312,48218,48218,47656,47500,48218,4856,596,1433,0.344,19.286,6.630
4076894532021,50007280,19.997,20.000,729600,729600,1728000,schedutil,306000000,306000000,1020000000,nvhost_podgov,0,3,,47062,48218,48093,47562,47437,48218,4856,596,1433,0.349,19.282,6.720
4076944527366,49995345,20.002,20.000,729600,729600,1728000,schedutil,306000000,306000000,1020000000,nvhost_podgov,0,3,,47062,48281,48156,47656,47468,48281,4856,596,1433,0.359,19.289,6.630
4076994528983,50001617,19.999,20.000,729600,729600,1728000,schedutil,306000000,306000000,1020000000,nvhost_podgov,0,3,,47031,48250,48062,47750,47437,48250,4856,596,1433,0.343,19.289,6.600
4077044524455,49995472,20.002,20.000,729600,729600,1728000,schedutil,306000000,306000000,1020000000,nvhost_podgov,0,3,,47125,48218,48125,47687,47437,48437,4856,596,1433,0.354,19.279,6.820
4077094530104,50005649,19.998,20.000,729600,729600,1728000,schedutil,306000000,306000000,1020000000,nvhost_podgov,0,3,,47031,48250,48062,47656,47406,48437,4856,596,1433,0.359,19.286,6.820
4077144532361,50002257,19.999,20.000,729600,729600,1728000,schedutil,306000000,306000000,1020000000,nvhost_podgov,0,3,,47187,48375,48125,47625,47562,48375,4856,596,1433,0.346,19.285,6.680
4077194520985,49988624,20.005,20.000,729600,729600,1728000,schedutil,306000000,306000000,1020000000,nvhost_podgov,0,3,,47093,48312,48156,47656,47531,48312,4856,596,1433,0.347,19.290,6.690
4077244528938,50007953,19.997,20.000,729600,729600,1728000,schedutil,306000000,306000000,1020000000,nvhost_podgov,0,3,,47093,48281,48062,47562,47468,48281,4896,596,1433,0.356,19.286,6.600
4077294537979,50009041,19.996,20.000,729600,729600,1728000,schedutil,306000000,306000000,1020000000,nvhost_podgov,0,3,,47250,48312,48218,47718,47531,48312,4896,596,1433,0.389,19.276,7.490
4077344539308,50001329,19.999,20.000,729600,729600,1728000,schedutil,306000000,306000000,1020000000,nvhost_podgov,0,3,,47093,48250,48125,47531,47531,48437,4976,635,1433,0.355,19.281,6.850
4077394538717,49999409,20.000,20.000,729600,729600,1728000,schedutil,306000000,306000000,1020000000,nvhost_podgov,0,3,,47218,48281,48125,47625,47531,48281,4976,676,1433,0.354,19.288,6.550
4077444537869,49999152,20.000,20.000,729600,729600,1728000,schedutil,306000000,306000000,1020000000,nvhost_podgov,0,3,,46968,48375,48062,47750,47500,48375,4936,635,1433,0.341,19.284,6.580
4077494526558,49988689,20.005,20.000,729600,729600,1728000,schedutil,306000000,306000000,1020000000,nvhost_podgov,0,3,,47062,48437,48093,47531,47500,48437,4936,635,1433,0.352,19.286,6.550
4077544519470,49992912,20.003,20.000,729600,729600,1728000,schedutil,306000000,306000000,1020000000,nvhost_podgov,0,3,,47062,48343,48250,47656,47437,48343,4936,635,1433,0.352,19.281,6.690
4077594537471,50018001,19.993,20.000,729600,729600,1728000,schedutil,306000000,306000000,1020000000,nvhost_podgov,0,3,,47156,48343,48062,47562,47531,48343,4936,635,1433,0.339,19.282,6.530
4077644535184,49997713,20.001,20.000,729600,729600,1728000,schedutil,306000000,306000000,1020000000,nvhost_podgov,0,3,,47000,48437,48218,47656,47531,48437,4936,636,1433,0.355,19.290,6.660
4077694531680,49996496,20.001,20.000,729600,729600,1728000,schedutil,306000000,306000000,1020000000,nvhost_podgov,0,3,,47062,48281,48062,47593,47406,48281,4936,636,1433,0.344,19.285,6.630
4077744518577,49986897,20.005,20.000,729600,729600,1728000,schedutil,306000000,306000000,1020000000,nvhost_podgov,0,3,,47031,48375,48156,47656,47593,48375,4896,636,1433,0.391,19.288,7.550
4077794540098,50021521,19.991,20.000,729600,729600,1728000,schedutil,306000000,306000000,1020000000,nvhost_podgov,0,3,,47031,48437,48062,47781,47531,48437,4896,636,1433,0.357,19.289,6.900
4077844537203,49997105,20.001,20.000,729600,729600,1728000,schedutil,306000000,306000000,1020000000,nvhost_podgov,0,3,,47156,48312,48125,47656,47500,48250,4896,636,1433,0.350,19.289,6.750
4077894538115,50000912,20.000,20.000,729600,729600,1728000,schedutil,306000000,306000000,1020000000,nvhost_podgov,0,3,,47062,48375,48281,47718,47468,48375,4896,636,1433,0.344,19.286,6.630
4077944522164,49984049,20.006,20.000,729600,729600,1728000,schedutil,306000000,306000000,1020000000,nvhost_podgov,0,3,,47250,48437,48156,47531,47406,48437,4896,636,1433,0.354,19.290,6.550
4077994537285,50015121,19.994,20.000,729600,729600,1728000,schedutil,306000000,306000000,1020000000,nvhost_podgov,0,3,,47062,48218,48156,47718,47468,48218,4896,636,1433,0.385,19.284,6.630
4078044532405,49995120,20.002,20.000,729600,729600,1728000,schedutil,306000000,306000000,1020000000,nvhost_podgov,0,3,,47062,48343,48062,47687,47500,48343,4896,597,1433,0.370,19.282,7.130
4078094537894,50005489,19.998,20.000,729600,729600,1728000,schedutil,306000000,306000000,1020000000,nvhost_podgov,0,3,,47218,48468,48125,47656,47468,48468,4896,597,1433,0.383,19.282,6.990
4078144521654,49983760,20.006,20.000,729600,729600,1728000,schedutil,306000000,306000000,1020000000,nvhost_podgov,0,3,,47062,48312,48125,47687,47406,48281,4896,597,1433,0.366,19.282,7.070
4078194522471,50000817,20.000,20.000,729600,729600,1728000,schedutil,306000000,306000000,1020000000,nvhost_podgov,0,3,,47312,48531,48218,47625,47468,48531,4896,596,1433,0.396,19.281,7.640
4078244536728,50014257,19.994,20.000,729600,729600,1728000,schedutil,306000000,306000000,1020000000,nvhost_podgov,0,3,,47000,48500,48062,47750,47437,48500,4896,596,1433,0.376,19.282,7.420
4078294530920,49994192,20.002,20.000,729600,729600,1728000,schedutil,306000000,306000000,1020000000,nvhost_podgov,0,3,,47062,48250,48031,47593,47500,48250,4896,636,1433,0.367,19.279,7.090
4078344539641,50008721,19.997,20.000,729600,729600,1728000,schedutil,306000000,306000000,1020000000,nvhost_podgov,0,3,,47062,48437,48218,47593,47531,48437,4896,636,1433,0.380,19.280,7.320
4078394524458,49984817,20.006,20.000,729600,729600,1728000,schedutil,306000000,306000000,1020000000,nvhost_podgov,0,3,,47125,48593,48093,47593,47562,48593,4936,635,1433,0.371,19.279,7.180
4078444520570,49996112,20.002,20.000,729600,729600,1728000,schedutil,306000000,306000000,1020000000,nvhost_podgov,0,3,,46968,48281,48281,47718,47437,48281,4936,635,1433,0.391,19.281,7.540
4078494545067,50024497,19.990,20.000,729600,729600,1728000,schedutil,306000000,306000000,1020000000,nvhost_podgov,0,3,,47000,48562,48125,47593,47468,48562,4936,635,1433,0.380,19.273,7.320
4078544538236,49993169,20.003,20.000,729600,729600,1728000,schedutil,306000000,306000000,1020000000,nvhost_podgov,0,3,,47125,48187,48125,47687,47500,48187,4896,635,1433,0.365,19.281,6.990
4078594538220,49999984,20.000,20.000,729600,729600,1728000,schedutil,306000000,306000000,1020000000,nvhost_podgov,0,3,,47000,48156,48156,47750,47468,48156,4896,635,1433,0.365,19.282,7.040
4078644520189,49981969,20.007,20.000,729600,729600,1728000,schedutil,306000000,306000000,1020000000,nvhost_podgov,0,3,,47218,48500,48156,47625,47531,48500,4896,635,1433,0.375,19.285,7.010
4078694532686,50012497,19.995,20.000,729600,729600,1728000,schedutil,306000000,306000000,1020000000,nvhost_podgov,0,3,,47000,48250,48093,47781,47500,48250,4896,635,1433,0.362,19.279,6.990
4078744534238,50001552,19.999,20.000,729600,729600,1728000,schedutil,306000000,306000000,1020000000,nvhost_podgov,0,3,,47281,48218,48093,47625,47500,48218,4896,635,1433,0.375,19.279,7.230
4078794537519,50003281,19.999,20.000,729600,729600,1728000,schedutil,306000000,306000000,1020000000,nvhost_podgov,0,3,,47000,48562,48187,47625,47500,48312,4896,635,1433,0.374,19.282,7.210
4078844538784,50001265,19.999,20.000,729600,729600,1728000,schedutil,306000000,306000000,1020000000,nvhost_podgov,0,3,,47062,48218,48156,47625,47531,48218,4896,636,1433,0.362,19.281,6.990
4078894526992,49988208,20.005,20.000,729600,729600,1728000,schedutil,306000000,306000000,1020000000,nvhost_podgov,0,3,,47125,48281,48218,47593,47531,48281,4896,635,1433,0.366,19.281,7.070
4078944532161,50005169,19.998,20.000,729600,729600,1728000,schedutil,306000000,306000000,1020000000,nvhost_podgov,0,3,,47093,48531,48093,47781,47500,48218,4896,635,1433,0.372,19.277,6.990
4078994541041,50008880,19.996,20.000,729600,729600,1728000,schedutil,306000000,306000000,1020000000,nvhost_podgov,0,3,,47000,48250,48187,47625,47468,48250,4896,635,1433,0.362,19.279,6.990
4079044536514,49995473,20.002,20.000,729600,729600,1728000,schedutil,306000000,306000000,1020000000,nvhost_podgov,0,3,,47062,48250,48062,47750,47437,48250,4896,596,1433,0.374,19.281,7.210
4079094524850,49988336,20.005,20.000,729600,729600,1728000,schedutil,306000000,306000000,1020000000,nvhost_podgov,0,3,,47093,48562,48187,47656,47500,48250,4896,597,1433,0.385,19.285,6.960
4079144521059,49996209,20.002,20.000,729600,729600,1728000,schedutil,306000000,306000000,1020000000,nvhost_podgov,0,3,,47062,48250,48031,47687,47468,48250,4896,596,1433,0.360,19.281,6.940
4079194512659,49991600,20.003,20.000,729600,729600,1728000,schedutil,306000000,306000000,1020000000,nvhost_podgov,0,3,,47218,48250,48125,47593,47468,48250,4896,596,1433,0.405,19.282,7.810
4079244530052,50017393,19.993,20.000,729600,729600,1728000,schedutil,306000000,306000000,1020000000,nvhost_podgov,0,3,,47000,48312,48218,47625,47468,48312,4896,596,1433,0.380,19.281,6.940
4079294543669,50013617,19.995,20.000,729600,729600,1728000,schedutil,306000000,306000000,1020000000,nvhost_podgov,0,3,,47062,48218,48125,47562,47437,48218,4896,635,1433,0.360,19.281,6.940
4079344541446,49997777,20.001,20.000,729600,729600,1728000,schedutil,306000000,306000000,1020000000,nvhost_podgov,0,3,,47093,48281,48187,47593,47500,48281,4896,635,1433,0.374,19.280,7.210
4079394539094,49997648,20.001,20.000,729600,729600,1728000,schedutil,306000000,306000000,1020000000,nvhost_podgov,0,3,,47062,48281,48125,47781,47437,48281,4896,635,1433,0.385,19.284,7.090
4079444520903,49981809,20.007,20.000,729600,729600,1728000,schedutil,306000000,306000000,1020000000,nvhost_podgov,0,3,,47156,48281,48187,47656,47562,48281,4896,596,1433,0.407,19.284,7.860
4079494538840,50017937,19.993,20.000,729600,729600,1728000,schedutil,306000000,306000000,1020000000,nvhost_podgov,0,3,,46968,48312,48062,47718,47437,48312,4896,596,1433,0.376,19.281,7.260
4079544536488,49997648,20.001,20.000,729600,729600,1728000,schedutil,306000000,306000000,1020000000,nvhost_podgov,0,3,,47031,48343,48125,47562,47500,48343,4896,596,1433,0.374,19.282,6.910
4079594530489,49994001,20.002,20.000,729600,729600,1728000,schedutil,306000000,306000000,1020000000,nvhost_podgov,0,3,,47000,48187,48031,47687,47406,48187,4896,596,1433,0.365,19.281,7.040
4079644519337,49988848,20.004,20.000,729600,729600,1728000,schedutil,306000000,306000000,1020000000,nvhost_podgov,0,3,,47062,48281,48156,47593,47531,48281,4896,596,1433,0.372,19.284,7.040
4079694522938,50003601,19.999,20.000,729600,729600,1728000,schedutil,306000000,306000000,1020000000,nvhost_podgov,0,3,,47312,48312,48218,47687,47468,48312,4896,596,1433,0.378,19.274,7.270
4079744535178,50012240,19.995,20.000,729600,729600,1728000,schedutil,306000000,306000000,1020000000,nvhost_podgov,0,3,,47125,48312,48187,47562,47468,48312,4856,597,1433,0.362,19.280,6.990
4079794538747,50003569,19.999,20.000,729600,729600,1728000,schedutil,306000000,306000000,1020000000,nvhost_podgov,0,3,,47000,48343,48187,47656,47562,48343,4896,596,1433,0.432,19.275,8.330
4079844528523,49989776,20.004,20.000,729600,729600,1728000,schedutil,306000000,306000000,1020000000,nvhost_podgov,0,3,,47062,48437,48093,47562,47500,48437,4896,596,1433,0.347,19.286,6.710
4079894527132,49998609,20.001,20.000,729600,729600,1728000,schedutil,306000000,306000000,1020000000,nvhost_podgov,0,3,,47125,48312,48062,47593,47531,48500,4896,596,1433,0.344,19.284,6.630
4079944512716,49985584,20.006,20.000,729600,729600,1728000,schedutil,306000000,306000000,1020000000,nvhost_podgov,0,3,,47062,48312,48093,47656,47531,48312,4896,596,1433,0.389,19.281,6.800
4079994537757,50025041,19.990,20.000,729600,729600,1728000,schedutil,306000000,306000000,1020000000,nvhost_podgov,0,3,,47250,48437,48093,47656,47562,48437,4856,596,1433,0.361,19.282,6.580
4080044521198,49983441,20.007,20.000,729600,729600,1728000,schedutil,306000000,306000000,1020000000,nvhost_podgov,0,3,,47000,48250,48218,47687,47375,48531,4856,596,1433,0.341,19.286,6.580
4080094532286,50011088,19.996,20.000,729600,729600,1728000,schedutil,306000000,306000000,1020000000,nvhost_podgov,0,3,,47062,48375,48156,47531,47500,48375,4856,597,1433,0.360,19.288,6.750
4080144520751,49988465,20.005,20.000,729600,729600,1728000,schedutil,306000000,306000000,1020000000,nvhost_podgov,0,3,,47187,48375,48250,47625,47437,48375,4896,597,1433,0.344,19.285,6.630
4080194533056,50012305,19.995,20.000,729600,729600,1728000,schedutil,306000000,306000000,1020000000,nvhost_podgov,0,3,,47156,48531,48093,47656,47468,48531,4896,597,1433,0.354,19.281,6.820
4080244530320,49997264,20.001,20.000,729600,729600,1728000,schedutil,306000000,306000000,1020000000,nvhost_podgov,0,3,,47343,48281,48218,47656,47406,48281,4856,597,1433,0.383,19.279,7.400
4080294532417,50002097,19.999,20.000,729600,729600,1728000,schedutil,306000000,306000000,1020000000,nvhost_podgov,0,3,,47093,48406,48125,47562,47531,48406,4896,597,1433,0.340,19.285,6.550
4080344522193,49989776,20.004,20.000,729600,729600,1728000,schedutil,306000000,306000000,1020000000,nvhost_podgov,0,3,,47062,48562,48187,47656,47531,48562,4896,596,1433,0.350,19.286,6.750
4080394536482,50014289,19.994,20.000,729600,729600,1728000,schedutil,306000000,306000000,1020000000,nvhost_podgov,0,3,,47062,48406,48062,47687,47437,48406,4896,596,1433,0.359,19.289,6.630
4080444516498,49980016,20.008,20.000,729600,729600,1728000,schedutil,306000000,306000000,1020000000,nvhost_podgov,0,3,,47187,48468,48125,47562,47531,48468,4896,596,1433,0.360,19.284,7.180
4080494535555,50019057,19.992,20.000,729600,729600,1728000,schedutil,306000000,306000000,1020000000,nvhost_podgov,0,3,,47000,48531,48250,47593,47406,48531,4896,596,1433,0.351,19.285,6.770
4080544539252,50003697,19.999,20.000,729600,729600,1728000,schedutil,306000000,306000000,1020000000,nvhost_podgov,0,3,,47187,48312,48062,47562,47468,48281,4896,597,1433,0.351,19.289,6.460
4080594531780,49992528,20.003,20.000,729600,729600,1728000,schedutil,306000000,306000000,1020000000,nvhost_podgov,0,3,,47062,48468,48187,47593,47500,48468,4856,597,1433,0.345,19.286,6.660
4080644522516,49990736,20.004,20.000,729600,729600,1728000,schedutil,306000000,306000000,1020000000,nvhost_podgov,0,3,,47062,48531,48187,47562,47531,48531,4856,596,1433,0.355,19.290,6.850
4080694532805,50010289,19.996,20.000,729600,729600,1728000,schedutil,306000000,306000000,1020000000,nvhost_podgov,0,3,,47156,48343,48218,47687,47531,48281,4856,596,1433,0.361,19.289,7.480
4080744527766,49994961,20.002,20.000,729600,729600,1728000,schedutil,306000000,306000000,1020000000,nvhost_podgov,0,3,,47031,48468,48125,47687,47468,48468,4856,596,1433,0.352,19.282,6.800
4080794531910,50004144,19.998,20.000,729600,729600,1728000,schedutil,306000000,306000000,1020000000,nvhost_podgov,0,3,,47218,48250,48125,47593,47593,48250,4896,597,1433,0.351,19.282,6.770
4080844518999,49987089,20.005,20.000,729600,729600,1728000,schedutil,306000000,306000000,1020000000,nvhost_podgov,0,3,,47031,48375,48281,47656,47468,48250,4896,597,1433,0.340,19.288,6.550
4080894518759,49999760,20.000,20.000,729600,729600,1728000,schedutil,306000000,306000000,1020000000,nvhost_podgov,0,3,,47093,48593,48062,47625,47468,48593,4856,597,1433,0.344,19.284,6.630
4080944522648,50003889,19.998,20.000,729600,729600,1728000,schedutil,306000000,306000000,1020000000,nvhost_podgov,0,3,,47187,48250,48250,47687,47406,48250,4856,597,1433,0.384,19.285,7.400
4080994524616,50001968,19.999,20.000,729600,729600,1728000,schedutil,306000000,306000000,1020000000,nvhost_podgov,0,3,,47062,48187,48125,47500,47500,48187,4856,597,1433,0.338,19.285,6.500
4081044538105,50013489,19.995,20.000,729600,729600,1728000,schedutil,306000000,306000000,1020000000,nvhost_podgov,0,3,,46968,48531,48093,47625,47531,48531,4856,597,1433,0.338,19.284,6.500
4081094526505,49988400,20.005,20.000,729600,729600,1728000,schedutil,306000000,306000000,1020000000,nvhost_podgov,0,3,,47031,48218,48062,47625,47531,48218,4856,597,1433,0.346,19.289,6.600
4081144534618,50008113,19.997,20.000,729600,729600,1728000,schedutil,306000000,306000000,1020000000,nvhost_podgov,0,3,,47125,48156,48125,47562,47562,48156,4856,597,1433,0.344,19.286,6.630
4081194519498,49984880,20.006,20.000,729600,729600,1728000,schedutil,306000000,306000000,1020000000,nvhost_podgov,0,3,,47093,48562,48125,47718,47437,48562,4856,597,1433,0.360,19.286,6.940
4081244538651,50019153,19.992,20.000,729600,729600,1728000,schedutil,306000000,306000000,1020000000,nvhost_podgov,0,3,,47156,48218,48156,47625,47500,48218,4856,596,1433,0.351,19.290,6.540
4081294532108,49993457,20.003,20.000,729600,729600,1728000,schedutil,306000000,306000000,1020000000,nvhost_podgov,0,3,,47000,48281,48218,47687,47500,48281,4896,597,1433,0.343,19.285,6.600
4081344532956,50000848,20.000,20.000,729600,729600,1728000,schedutil,306000000,306000000,1020000000,nvhost_podgov,0,3,,47187,48656,48156,47562,47468,48656,4896,596,1433,0.350,19.284,6.750
4081394520973,49988017,20.005,20.000,729600,729600,1728000,schedutil,306000000,306000000,1020000000,nvhost_podgov,0,3,,47062,48218,48218,47656,47531,48218,4896,597,1433,0.361,19.288,6.580
4081444523741,50002768,19.999,20.000,729600,729600,1728000,schedutil,306000000,306000000,1020000000,nvhost_podgov,0,3,,47062,48281,48156,47593,47531,48281,4896,597,1433,0.376,19.277,6.720
4081494523982,50000241,20.000,20.000,729600,729600,1728000,schedutil,306000000,306000000,1020000000,nvhost_podgov,0,3,,47218,48187,48093,47718,47531,48312,4896,596,1433,0.346,19.284,6.680
4081544533854,50009872,19.996,20.000,729600,729600,1728000,schedutil,306000000,306000000,1020000000,nvhost_podgov,0,3,,47062,48218,48093,47718,47406,48218,4896,597,1433,0.361,19.289,6.460
4081594521935,49988081,20.005,20.000,729600,729600,1728000,schedutil,306000000,306000000,1020000000,nvhost_podgov,0,3,,47375,48250,48125,47593,47531,48250,4896,596,1433,0.344,19.285,6.630
4081644532287,50010352,19.996,20.000,729600,729600,1728000,schedutil,306000000,306000000,1020000000,nvhost_podgov,0,3,,47031,48187,48250,47750,47437,48312,4896,596,1433,0.355,19.286,6.850
4081694529936,49997649,20.001,20.000,729600,729600,1728000,schedutil,306000000,306000000,1020000000,nvhost_podgov,0,3,,47062,48250,48093,47625,47406,48250,4896,596,1433,0.356,19.279,7.210
4081744538497,50008561,19.997,20.000,729600,729600,1728000,schedutil,306000000,306000000,1020000000,nvhost_podgov,0,3,,47000,48312,48187,47718,47468,48312,4896,596,1433,0.344,19.284,6.630
4081794524017,49985520,20.006,20.000,729600,729600,1728000,schedutil,306000000,306000000,1020000000,nvhost_podgov,0,3,,47187,48312,48156,47562,47468,48312,4896,596,1433,0.350,19.281,6.750
4081844522465,49998448,20.001,20.000,729600,729600,1728000,schedutil,306000000,306000000,1020000000,nvhost_podgov,0,3,,47031,48312,48125,47593,47500,48312,4896,596,1433,0.340,19.285,6.550
4081894523730,50001265,19.999,20.000,729600,729600,1728000,schedutil,306000000,306000000,1020000000,nvhost_podgov,0,3,,47062,48343,48062,47593,47437,48343,4896,596,1433,0.336,19.285,6.490
4081944528546,50004816,19.998,20.000,729600,729600,1728000,schedutil,306000000,306000000,1020000000,nvhost_podgov,0,3,,47093,48312,48156,47593,47531,48312,4896,596,1433,0.367,19.285,7.090
4081994531027,50002481,19.999,20.000,729600,729600,1728000,schedutil,306000000,306000000,1020000000,nvhost_podgov,0,3,,47062,48312,48125,47750,47468,48312,4856,596,1433,0.362,19.288,6.600
4082044522819,49991792,20.003,20.000,729600,729600,1728000,schedutil,306000000,306000000,1020000000,nvhost_podgov,0,3,,47156,48375,48093,47562,47500,48375,4856,596,1433,0.344,19.285,6.630
4082094525908,50003089,19.999,20.000,729600,729600,1728000,schedutil,306000000,306000000,1020000000,nvhost_podgov,0,3,,46968,48375,48250,47750,47437,48375,4856,596,1433,0.351,19.291,6.770
4082144525956,50000048,20.000,20.000,729600,729600,1728000,schedutil,306000000,306000000,1020000000,nvhost_podgov,0,3,,47218,48281,48062,47562,47468,48281,4856,596,1433,0.344,19.282,6.630
4082194525973,50000017,20.000,20.000,729600,729600,1728000,schedutil,306000000,306000000,1020000000,nvhost_podgov,0,3,,47000,48343,48250,47625,47531,48343,4856,596,1433,0.351,19.284,6.770
4082244527877,50001904,19.999,20.000,729600,729600,1728000,schedutil,306000000,306000000,1020000000,nvhost_podgov,0,3,,47062,48375,48093,47625,47468,48375,4856,596,1433,0.359,19.289,6.910
4082294544726,50016849,19.993,20.000,729600,729600,1728000,schedutil,306000000,306000000,1020000000,nvhost_podgov,0,3,,47250,48250,48156,47687,47531,48406,4856,596,1433,0.395,19.277,7.490
4082344539111,49994385,20.002,20.000,729600,729600,1728000,schedutil,306000000,306000000,1020000000,nvhost_podgov,0,3,,47187,48312,48156,47750,47562,48312,4976,676,1433,0.351,19.288,6.770
4082394524343,49985232,20.006,20.000,729600,729600,1728000,schedutil,306000000,306000000,1020000000,nvhost_podgov,0,3,,47000,48343,48187,47625,47500,48343,4976,676,1433,0.355,19.289,6.600
4082444513863,49989520,20.004,20.000,729600,729600,1728000,schedutil,306000000,306000000,1020000000,nvhost_podgov,0,3,,47062,48281,48125,47781,47406,48531,4976,676,1433,0.352,19.282,6.800
4082494533464,50019601,19.992,20.000,729600,729600,1728000,schedutil,306000000,306000000,1020000000,nvhost_podgov,0,3,,47125,48375,48187,47687,47562,48375,4936,635,1433,0.347,19.288,6.710
4082544531080,49997616,20.001,20.000,729600,729600,1728000,schedutil,306000000,306000000,1020000000,nvhost_podgov,0,3,,47000,48406,48093,47562,47531,48406,4936,636,1433,0.357,19.288,6.630
4082594516569,49985489,20.006,20.000,729600,729600,1728000,schedutil,306000000,306000000,1020000000,nvhost_podgov,0,3,,47125,48281,48125,47593,47500,48531,4936,636,1433,0.339,19.289,6.530
4082644523945,50007376,19.997,20.000,729600,729600,1728000,schedutil,306000000,306000000,1020000000,nvhost_podgov,0,3,,47000,48375,48187,47687,47437,48375,4896,636,1433,0.351,19.284,6.770
4082694518906,49994961,20.002,20.000,729600,729600,1728000,schedutil,306000000,306000000,1020000000,nvhost_podgov,0,3,,47000,48437,48187,47593,47500,48437,4896,636,1433,0.359,19.279,7.100
4082744531818,50012912,19.995,20.000,729600,729600,1728000,schedutil,306000000,306000000,1020000000,nvhost_podgov,0,3,,47062,48531,48187,47687,47500,48531,4896,636,1433,0.346,19.284,6.680
4082794530171,49998353,20.001,20.000,729600,729600,1728000,schedutil,306000000,306000000,1020000000,nvhost_podgov,0,3,,47062,48375,48062,47781,47437,48375,4896,636,1433,0.355,19.288,6.850
4082844529611,49999440,20.000,20.000,729600,729600,1728000,schedutil,306000000,306000000,1020000000,nvhost_podgov,0,3,,47218,48468,48125,47687,47406,48468,4896,636,1433,0.354,19.288,6.520
4082894527516,49997905,20.001,20.000,729600,729600,1728000,schedutil,306000000,306000000,1020000000,nvhost_podgov,0,3,,47031,48625,48062,47718,47437,48625,4896,597,1433,0.340,19.286,6.550
4082944530860,50003344,19.999,20.000,729600,729600,1728000,schedutil,306000000,306000000,1020000000,nvhost_podgov,0,3,,47312,48343,48125,47562,47500,48343,4896,597,1433,0.365,19.286,7.040
4082994529245,49998385,20.001,20.000,729600,729600,1728000,schedutil,306000000,306000000,1020000000,nvhost_podgov,0,3,,47031,48468,48062,47687,47437,48468,4896,597,1433,0.354,19.289,6.530
4083044532877,50003632,19.999,20.000,729600,729600,1728000,schedutil,306000000,306000000,1020000000,nvhost_podgov,0,3,,47062,48250,48093,47593,47468,48250,4896,597,1433,0.341,19.284,6.580
4083094531294,49998417,20.001,20.000,729600,729600,1728000,schedutil,306000000,306000000,1020000000,nvhost_podgov,0,3,,47281,48406,48156,47687,47468,48406,4896,596,1433,0.352,19.289,6.800
4083144531726,50000432,20.000,20.000,729600,729600,1728000,schedutil,306000000,306000000,1020000000,nvhost_podgov,0,3,,47125,48531,48125,47562,47468,48531,4896,596,1433,0.345,19.289,6.660
4083194529086,49997360,20.001,20.000,729600,729600,1728000,schedutil,306000000,306000000,1020000000,nvhost_podgov,0,3,,47031,48250,48156,47687,47562,48250,4896,596,1433,0.359,19.274,6.910
4083244530639,50001553,19.999,20.000,729600,729600,1728000,schedutil,306000000,306000000,1020000000,nvhost_podgov,0,3,,47000,48343,48062,47718,47500,48281,4856,596,1433,0.375,19.281,7.210
4083294527903,49997264,20.001,20.000,729600,729600,1728000,schedutil,306000000,306000000,1020000000,nvhost_podgov,0,3,,47218,48593,48156,47593,47468,48593,4856,597,1433,0.362,19.279,6.990
4083344538992,50011089,19.996,20.000,729600,729600,1728000,schedutil,306000000,306000000,1020000000,nvhost_podgov,0,3,,47093,48250,48093,47750,47531,48250,4896,635,1433,0.367,19.281,7.090
4083394529184,49990192,20.004,20.000,729600,729600,1728000,schedutil,306000000,306000000,1020000000,nvhost_podgov,0,3,,47250,48500,48125,47625,47500,48250,4896,635,1433,0.376,19.285,6.920
4083444516336,49987152,20.005,20.000,729600,729600,1728000,schedutil,306000000,306000000,1020000000,nvhost_podgov,0,3,,47000,48593,48250,47718,47468,48593,4896,635,1433,0.385,19.275,7.510
4083494526017,50009681,19.996,20.000,729600,729600,1728000,schedutil,306000000,306000000,1020000000,nvhost_podgov,0,3,,47062,48281,48093,47562,47437,48281,4896,635,1433,0.362,19.282,6.990
4083544534674,50008657,19.997,20.000,729600,729600,1728000,schedutil,306000000,306000000,1020000000,nvhost_podgov,0,3,,47218,48250,48281,47625,47500,48281,4896,635,1433,0.376,19.285,7.090
4083594520706,49986032,20.006,20.000,729600,729600,1728000,schedutil,306000000,306000000,1020000000,nvhost_podgov,0,3,,47062,48218,48156,47593,47531,48218,4896,597,1433,0.359,19.282,6.910
4083644530482,50009776,19.996,20.000,729600,729600,1728000,schedutil,306000000,306000000,1020000000,nvhost_podgov,0,3,,47250,48281,48125,47687,47531,48281,4896,597,1433,0.375,19.284,7.230
4083694527683,49997201,20.001,20.000,729600,729600,1728000,schedutil,306000000,306000000,1020000000,nvhost_podgov,0,3,,47000,48281,48093,47687,47468,48281,4896,596,1433,0.376,19.276,7.450
4083744539443,50011760,19.995,20.000,729600,729600,1728000,schedutil,306000000,306000000,1020000000,nvhost_podgov,0,3,,47062,48218,48093,47687,47562,48312,4896,596,1433,0.371,19.281,7.210
4083794537668,49998225,20.001,20.000,729600,729600,1728000,schedutil,306000000,306000000,1020000000,nvhost_podgov,0,3,,47031,48250,48093,47656,47468,48250,4896,597,1433,0.367,19.282,7.090
4083844534708,49997040,20.001,20.000,729600,729600,1728000,schedutil,306000000,306000000,1020000000,nvhost_podgov,0,3,,47062,48312,48062,47468,47500,48312,4896,597,1433,0.369,19.282,6.990
4083894527077,49992369,20.003,20.000,729600,729600,1728000,schedutil,306000000,306000000,1020000000,nvhost_podgov,0,3,,46968,48218,48187,47656,47562,48218,4896,597,1433,0.362,19.282,6.990
4083944534261,50007184,19.997,20.000,729600,729600,1728000,schedutil,306000000,306000000,1020000000,nvhost_podgov,0,3,,47125,48281,48062,47562,47531,48281,4896,597,1433,0.378,19.279,7.280
4083994528741,49994480,20.002,20.000,729600,729600,1728000,schedutil,306000000,306000000,1020000000,nvhost_podgov,0,3,,47000,48218,48218,47687,47468,48218,4896,597,1433,0.375,19.279,7.230
4084044531414,50002673,19.999,20.000,729600,729600,1728000,schedutil,306000000,306000000,1020000000,nvhost_podgov,0,3,,47062,48218,48062,47468,47500,48375,4856,597,1433,0.361,19.281,6.960
4084094525926,49994512,20.002,20.000,729600,729600,1728000,schedutil,306000000,306000000,1020000000,nvhost_podgov,0,3,,47125,48218,48156,47625,47531,48218,4856,597,1433,0.372,19.284,6.990
4084144519095,49993169,20.003,20.000,729600,729600,1728000,schedutil,306000000,306000000,1020000000,nvhost_podgov,0,3,,47062,48250,48093,47687,47437,48250,4856,597,1433,0.369,19.282,6.960
4084194517543,49998448,20.001,20.000,729600,729600,1728000,schedutil,306000000,306000000,1020000000,nvhost_podgov,0,3,,47187,48218,48125,47625,47500,48343,4856,597,1433,0.390,19.271,7.510
4084244530968,50013425,19.995,20.000,729600,729600,1728000,schedutil,306000000,306000000,1020000000,nvhost_podgov,0,3,,47031,48281,48156,47656,47500,48281,4856,596,1433,0.379,19.280,7.300
4084294530824,49999856,20.000,20.000,729600,729600,1728000,schedutil,306000000,306000000,1020000000,nvhost_podgov,0,3,,47062,48312,48187,47531,47562,48312,4856,596,1433,0.424,19.275,7.620
4084344534201,50003377,19.999,20.000,729600,729600,1728000,schedutil,306000000,306000000,1020000000,nvhost_podgov,0,3,,47250,48375,48250,47687,47531,48375,4896,597,1433,0.391,19.276,7.540
4084394523689,49989488,20.004,20.000,729600,729600,1728000,schedutil,306000000,306000000,1020000000,nvhost_podgov,0,3,,47093,48312,48125,47593,47562,48312,4896,597,1433,0.372,19.284,6.940
4084444518073,49994384,20.002,20.000,729600,729600,1728000,schedutil,306000000,306000000,1020000000,nvhost_podgov,0,3,,47312,48281,48156,47687,47562,48281,4896,597,1433,0.372,19.279,7.180
4084494527690,50009617,19.996,20.000,729600,729600,1728000,schedutil,306000000,306000000,1020000000,nvhost_podgov,0,3,,47062,48375,48062,47750,47468,48375,4896,597,1433,0.362,19.281,6.990
4084544519962,49992272,20.003,20.000,729600,729600,1728000,schedutil,306000000,306000000,1020000000,nvhost_podgov,0,3,,47093,48312,48125,47625,47437,48312,4896,597,1433,0.372,19.282,7.040
4084594524106,50004144,19.998,20.000,729600,729600,1728000,schedutil,306000000,306000000,1020000000,nvhost_podgov,0,3,,47000,48312,48250,47687,47468,48312,4896,597,1433,0.359,19.281,6.910
4084644522267,49998161,20.001,20.000,729600,729600,1728000,schedutil,306000000,306000000,1020000000,nvhost_podgov,0,3,,47156,48437,48156,47531,47500,48437,4896,597,1433,0.372,19.280,7.180
4084694609133,50086866,19.965,20.000,729600,729600,1728000,schedutil,306000000,306000000,1020000000,nvhost_podgov,0,3,,47031,48312,48218,47750,47437,48562,4896,597,1433,0.390,19.277,7.510
4084744521243,49912110,20.035,20.000,729600,729600,1728000,schedutil,306000000,306000000,1020000000,nvhost_podgov,0,3,,47125,48343,48093,47593,47468,48343,4856,596,1433,0.366,19.281,7.070
4084794527596,50006353,19.997,20.000,729600,729600,1728000,schedutil,306000000,306000000,1020000000,nvhost_podgov,0,3,,47125,48406,48093,47531,47531,48406,4856,597,1433,0.366,19.280,7.070
4084844524380,49996784,20.001,20.000,729600,729600,1728000,schedutil,306000000,306000000,1020000000,nvhost_podgov,0,3,,47062,48312,48093,47593,47500,48312,4856,597,1433,0.409,19.277,7.490
4084894524269,49999889,20.000,20.000,729600,729600,1728000,schedutil,306000000,306000000,1020000000,nvhost_podgov,0,3,,47187,48343,48156,47656,47562,48343,4896,596,1433,0.341,19.284,6.580
4084944518781,49994512,20.002,20.000,729600,729600,1728000,schedutil,306000000,306000000,1020000000,nvhost_podgov,0,3,,47062,48406,48093,47781,47500,48406,4896,596,1433,0.390,19.277,7.510
4084994538446,50019665,19.992,20.000,729600,729600,1728000,schedutil,306000000,306000000,1020000000,nvhost_podgov,0,3,,47281,48312,48218,47593,47531,48656,4856,596,1433,0.361,19.290,6.540
4085044532510,49994064,20.002,20.000,729600,729600,1728000,schedutil,306000000,306000000,1020000000,nvhost_podgov,0,3,,47093,48375,48312,47750,47437,48375,4856,596,1433,0.344,19.289,6.630
4085094525902,49993392,20.003,20.000,729600,729600,1728000,schedutil,306000000,306000000,1020000000,nvhost_podgov,0,3,,47093,48437,48125,47656,47468,48437,4856,596,1433,0.351,19.282,6.770
4085144530207,50004305,19.998,20.000,729600,729600,1728000,schedutil,306000000,306000000,1020000000,nvhost_podgov,0,3,,47062,48312,48187,47750,47531,48593,4856,596,1433,0.350,19.289,6.660
4085194515663,49985456,20.006,20.000,729600,729600,1728000,schedutil,306000000,306000000,1020000000,nvhost_podgov,0,3,,47125,48375,48093,47625,47406,48375,4856,596,1433,0.369,19.277,7.100
4085244533312,50017649,19.993,20.000,729600,729600,1728000,schedutil,306000000,306000000,1020000000,nvhost_podgov,0,3,,47000,48500,48218,47718,47500,48500,4856,596,1433,0.356,19.284,6.870
4085294530608,49997296,20.001,20.000,729600,729600,1728000,schedutil,306000000,306000000,1020000000,nvhost_podgov,0,3,,47031,48312,48187,47781,47500,48312,4856,597,1433,0.359,19.285,6.630
4085344535648,50005040,19.998,20.000,729600,729600,1728000,schedutil,306000000,306000000,1020000000,nvhost_podgov,0,3,,47156,48375,48187,47656,47531,48375,4896,597,1433,0.345,19.286,6.660
4085394530065,49994417,20.002,20.000,729600,729600,1728000,schedutil,306000000,306000000,1020000000,nvhost_podgov,0,3,,47031,48500,48093,47781,47531,48500,4896,596,1433,0.350,19.289,6.750
4085444527681,49997616,20.001,20.000,729600,729600,1728000,schedutil,306000000,306000000,1020000000,nvhost_podgov,0,3,,47250,48218,48093,47593,47531,48218,4896,596,1433,0.385,19.285,6.820
4085494536178,50008497,19.997,20.000,729600,729600,1728000,schedutil,306000000,306000000,1020000000,nvhost_podgov,0,3,,47031,48406,48312,47781,47531,48281,4896,597,1433,0.349,19.284,6.720
4085544520322,49984144,20.006,20.000,729600,729600,1728000,schedutil,306000000,306000000,1020000000,nvhost_podgov,0,3,,47250,48593,48062,47562,47468,48593,4896,597,1433,0.360,19.291,6.940
4085594520082,49999760,20.000,20.000,729600,729600,1728000,schedutil,306000000,306000000,1020000000,nvhost_podgov,0,3,,47062,48281,48218,47625,47531,48281,4896,597,1433,0.347,19.286,6.710
4085644524098,50004016,19.998,20.000,729600,729600,1728000,schedutil,306000000,306000000,1020000000,nvhost_podgov,0,3,,47062,48500,48062,47562,47468,48500,4896,596,1433,0.346,19.284,6.680
4085694526419,50002321,19.999,20.000,729600,729600,1728000,schedutil,306000000,306000000,1020000000,nvhost_podgov,0,3,,47218,48625,48218,47687,47562,48625,4896,596,1433,0.361,19.275,6.960
4085744531331,50004912,19.998,20.000,729600,729600,1728000,schedutil,306000000,306000000,1020000000,nvhost_podgov,0,3,,47062,48312,48125,47781,47437,48312,4856,596,1433,0.341,19.286,6.580
4085794539732,50008401,19.997,20.000,729600,729600,1728000,schedutil,306000000,306000000,1020000000,nvhost_podgov,0,3,,46968,48468,48093,47625,47468,48218,4856,597,1433,0.347,19.286,6.710
4085844528196,49988464,20.005,20.000,729600,729600,1728000,schedutil,306000000,306000000,1020000000,nvhost_podgov,0,3,,47000,48218,48125,47687,47437,48218,4856,597,1433,0.357,19.290,6.600
4085894529460,50001264,19.999,20.000,729600,729600,1728000,schedutil,306000000,306000000,1020000000,nvhost_podgov,0,3,,47093,48187,48156,47593,47562,48187,4896,597,1433,0.340,19.281,6.550
4085944520676,49991216,20.004,20.000,729600,729600,1728000,schedutil,306000000,306000000,1020000000,nvhost_podgov,0,3,,47000,48406,48250,47750,47468,48312,4896,597,1433,0.384,19.288,7.400
4085994538773,50018097,19.993,20.000,729600,729600,1728000,schedutil,306000000,306000000,1020000000,nvhost_podgov,0,3,,47125,48218,48062,47531,47531,48218,4856,597,1433,0.366,19.289,6.580
4086044543270,50004497,19.998,20.000,729600,729600,1728000,schedutil,306000000,306000000,1020000000,nvhost_podgov,0,3,,47000,48312,48218,47687,47562,48312,4856,597,1433,0.344,19.286,6.630
4086094525974,49982704,20.007,20.000,729600,729600,1728000,schedutil,306000000,306000000,1020000000,nvhost_podgov,0,3,,47031,48250,48125,47718,47531,48250,4856,597,1433,0.350,19.284,6.750
4086144532358,50006384,19.997,20.000,729600,729600,1728000,schedutil,306000000,306000000,1020000000,nvhost_podgov,0,3,,47156,48250,48156,47625,47531,48250,4856,597,1433,0.361,19.291,6.550
4086194527094,49994736,20.002,20.000,729600,729600,1728000,schedutil,306000000,306000000,1020000000,nvhost_podgov,0,3,,47062,48250,48062,47781,47500,48250,4856,597,1433,0.376,19.279,7.260
4086244530791,50003697,19.999,20.000,729600,729600,1728000,schedutil,306000000,306000000,1020000000,nvhost_podgov,0,3,,47156,48312,48093,47562,47406,48312,4856,597,1433,0.364,19.284,7.010
4086294526295,49995504,20.002,20.000,729600,729600,1728000,schedutil,306000000,306000000,1020000000,nvhost_podgov,0,3,,47031,48187,48062,47718,47437,48187,4856,597,1433,0.362,19.286,6.660
4086344527911,50001616,19.999,20.000,729600,729600,1728000,schedutil,306000000,306000000,1020000000,nvhost_podgov,0,3,,47281,48281,48187,47687,47531,48281,4896,597,1433,0.354,19.288,6.820
4086394530296,50002385,19.999,20.000,729600,729600,1728000,schedutil,306000000,306000000,1020000000,nvhost_podgov,0,3,,47031,48312,48093,47656,47531,48312,4896,597,1433,0.354,19.286,6.820
4086444530728,50000432,20.000,20.000,729600,729600,1728000,schedutil,306000000,306000000,1020000000,nvhost_podgov,0,3,,47125,48281,48125,47593,47531,48281,4896,597,1433,0.352,19.285,7.310
4086494532952,50002224,19.999,20.000,729600,729600,1728000,schedutil,306000000,306000000,1020000000,nvhost_podgov,0,3,,47218,48281,48218,47625,47531,48281,4896,597,1433,0.344,19.285,6.630
4086544531881,49998929,20.000,20.000,729600,729600,1728000,schedutil,306000000,306000000,1020000000,nvhost_podgov,0,3,,47156,48312,48187,47593,47500,48312,4896,636,1433,0.350,19.290,6.750
4086594525049,49993168,20.003,20.000,729600,729600,1728000,schedutil,306000000,306000000,1020000000,nvhost_podgov,0,3,,47062,48187,48156,47593,47468,48343,4896,597,1433,0.340,19.288,6.550
4086644535817,50010768,19.996,20.000,729600,729600,1728000,schedutil,306000000,306000000,1020000000,nvhost_podgov,0,3,,47062,48312,48062,47781,47437,48312,4896,596,1433,0.339,19.285,6.530
4086694531418,49995601,20.002,20.000,729600,729600,1728000,schedutil,306000000,306000000,1020000000,nvhost_podgov,0,3,,47125,48312,48125,47593,47531,48312,4896,596,1433,0.365,19.289,7.040
4086744527786,49996368,20.001,20.000,729600,729600,1728000,schedutil,306000000,306000000,1020000000,nvhost_podgov,0,3,,47062,48312,48062,47718,47437,48406,4896,597,1433,0.343,19.286,6.600
4086794515962,49988176,20.005,20.000,729600,729600,1728000,schedutil,306000000,306000000,1020000000,nvhost_podgov,0,3,,47156,48343,48093,47593,47468,48343,4896,597,1433,0.340,19.286,6.550
4086844529739,50013777,19.994,20.000,729600,729600,1728000,schedutil,306000000,306000000,1020000000,nvhost_podgov,0,3,,46968,48343,48281,47687,47500,48343,4896,597,1433,0.349,19.290,6.550
4086894534139,50004400,19.998,20.000,729600,729600,1728000,schedutil,306000000,306000000,1020000000,nvhost_podgov,0,3,,47156,48437,48093,47593,47437,48437,4896,596,1433,0.345,19.285,6.660
4086944528267,49994128,20.002,20.000,729600,729600,1728000,schedutil,306000000,306000000,1020000000,nvhost_podgov,0,3,,47156,48218,48125,47718,47468,48218,4896,596,1433,0.378,19.285,7.280
4086994525403,49997136,20.001,20.000,729600,729600,1728000,schedutil,306000000,306000000,1020000000,nvhost_podgov,0,3,,47062,48312,48093,47562,47500,48312,4896,597,1433,0.355,19.291,6.710
4087044526636,50001233,20.000,20.000,729600,729600,1728000,schedutil,306000000,306000000,1020000000,nvhost_podgov,0,3,,47218,48437,48187,47593,47531,48437,4896,597,1433,0.339,19.293,6.540
4087094536540,50009904,19.996,20.000,729600,729600,1728000,schedutil,306000000,306000000,1020000000,nvhost_podgov,0,3,,47000,48312,48062,47718,47343,48312,4896,596,1433,0.346,19.282,6.680
4087144530733,49994193,20.002,20.000,729600,729600,1728000,schedutil,306000000,306000000,1020000000,nvhost_podgov,0,3,,47062,48343,48062,47562,47562,48343,4856,597,1433,0.351,19.285,7.090
4087194531133,50000400,20.000,20.000,729600,729600,1728000,schedutil,306000000,306000000,1020000000,nvhost_podgov,0,3,,47031,48437,48281,47718,47406,48437,4856,597,1433,0.376,19.280,7.260
4087244535437,50004304,19.998,20.000,729600,729600,1728000,schedutil,306000000,306000000,1020000000,nvhost_podgov,0,3,,47093,48312,48187,47687,47531,48312,4896,596,1433,0.341,19.285,6.580
4087294534558,49999121,20.000,20.000,729600,729600,1728000,schedutil,306000000,306000000,1020000000,nvhost_podgov,0,3,,47062,48437,48250,47656,47531,48437,4896,596,1433,0.405,19.280,7.320
4087344539278,50004720,19.998,20.000,729600,729600,1728000,schedutil,306000000,306000000,1020000000,nvhost_podgov,0,3,,47187,48500,48156,47531,47531,48500,4976,676,1433,0.360,19.286,6.940
4087394533598,49994320,20.002,20.000,729600,729600,1728000,schedutil,306000000,306000000,1020000000,nvhost_podgov,0,3,,47031,48312,48093,47625,47531,48687,4976,676,1433,0.354,19.284,6.820
4087444786739,50253141,19.899,20.000,729600,729600,1728000,schedutil,306000000,306000000,1020000000,nvhost_podgov,0,3,,47031,48437,48093,47531,47531,48437,4976,676,1433,0.359,19.280,7.040
4087494524446,49737707,20.105,20.000,729600,729600,1728000,schedutil,306000000,306000000,1020000000,nvhost_podgov,0,3,,47187,48500,48125,47625,47531,48500,4976,675,1433,0.350,19.286,6.750
4087544523343,49998897,20.000,20.000,729600,729600,1728000,schedutil,306000000,306000000,1020000000,nvhost_podgov,0,3,,47093,48406,48125,47781,47468,48281,4936,675,1433,0.339,19.290,6.530
4087594519327,49995984,20.002,20.000,729600,729600,1728000,schedutil,306000000,306000000,1020000000,nvhost_podgov,0,3,,47281,48437,48093,47656,47500,48437,4936,635,1433,0.341,19.290,6.580
4087644536624,50017297,19.993,20.000,729600,729600,1728000,schedutil,306000000,306000000,1020000000,nvhost_podgov,0,3,,47062,48562,48250,47750,47562,48562,4936,635,1433,0.334,19.282,6.440
4087694516415,49979791,20.008,20.000,729600,729600,1728000,schedutil,306000000,306000000,1020000000,nvhost_podgov,0,3,,47031,48312,48187,47593,47500,48281,4936,635,1433,0.366,19.280,7.070
4087744521744,50005329,19.998,20.000,729600,729600,1728000,schedutil,306000000,306000000,1020000000,nvhost_podgov,0,3,,47187,48468,48250,47718,47500,48468,4936,635,1433,0.334,19.289,6.440
4087794519872,49998128,20.001,20.000,729600,729600,1728000,schedutil,306000000,306000000,1020000000,nvhost_podgov,0,3,,47125,48562,48156,47593,47468,48562,4936,635,1433,0.355,19.288,6.710
4087844532881,50013009,19.995,20.000,729600,729600,1728000,schedutil,306000000,306000000,1020000000,nvhost_podgov,0,3,,47281,48250,48156,47625,47468,48250,4896,635,1433,0.352,19.291,6.550
4087894521633,49988752,20.005,20.000,729600,729600,1728000,schedutil,306000000,306000000,1020000000,nvhost_podgov,0,3,,47062,48406,48062,47718,47531,48406,4896,636,1433,0.347,19.288,6.710
4087944532369,50010736,19.996,20.000,729600,729600,1728000,schedutil,306000000,306000000,1020000000,nvhost_podgov,0,3,,47031,48656,48187,47656,47468,48656,4896,636,1433,0.345,19.288,6.660
4087994523841,49991472,20.003,20.000,729600,729600,1728000,schedutil,306000000,306000000,1020000000,nvhost_podgov,0,3,,47000,48187,48281,47687,47500,48187,4896,635,1433,0.355,19.291,6.550
4088044523922,50000081,20.000,20.000,729600,729600,1728000,schedutil,306000000,306000000,1020000000,nvhost_podgov,0,3,,47125,48500,48156,47562,47406,48500,4896,635,1433,0.338,19.288,6.520
4088094522370,49998448,20.001,20.000,729600,729600,1728000,schedutil,306000000,306000000,1020000000,nvhost_podgov,0,3,,46968,48187,48218,47625,47531,48218,4896,635,1433,0.343,19.285,6.600
4088144519122,49996752,20.001,20.000,729600,729600,1728000,schedutil,306000000,306000000,1020000000,nvhost_podgov,0,3,,47250,48312,48125,47593,47500,48312,4896,596,1433,0.350,19.282,7.070
4088194521954,50002832,19.999,20.000,729600,729600,1728000,schedutil,306000000,306000000,1020000000,nvhost_podgov,0,3,,47156,48468,48187,47625,47468,48468,4896,596,1433,0.346,19.285,6.680
4088244521747,49999793,20.000,20.000,729600,729600,1728000,schedutil,306000000,306000000,1020000000,nvhost_podgov,0,3,,47062,48218,48125,47750,47500,48218,4896,596,1433,0.347,19.285,6.710
4088294533987,50012240,19.995,20.000,729600,729600,1728000,schedutil,306000000,306000000,1020000000,nvhost_podgov,0,3,,47156,48312,48218,47593,47500,48312,4896,596,1433,0.374,19.284,7.040
4088344530995,49997008,20.001,20.000,729600,729600,1728000,schedutil,306000000,306000000,1020000000,nvhost_podgov,0,3,,47156,48531,48125,47781,47437,48531,4896,635,1433,0.362,19.280,6.990
4088394527588,49996593,20.001,20.000,729600,729600,1728000,schedutil,306000000,306000000,1020000000,nvhost_podgov,0,3,,47281,48250,48062,47593,47500,48250,4936,635,1433,0.369,19.277,7.100
4088444521716,49994128,20.002,20.000,729600,729600,1728000,schedutil,306000000,306000000,1020000000,nvhost_podgov,0,3,,47062,48250,48250,47781,47500,48250,4936,635,1433,0.383,19.284,7.370
4088494775465,50253749,19.899,20.000,729600,729600,1728000,schedutil,306000000,306000000,1020000000,nvhost_podgov,0,3,,47000,48312,48125,47562,47500,48312,4936,635,1433,0.378,19.281,7.280
4088544539284,49763819,20.095,20.000,729600,729600,1728000,schedutil,306000000,306000000,1020000000,nvhost_podgov,0,3,,47156,48250,48218,47750,47562,48250,4896,635,1433,0.371,19.281,7.160
4088594735593,50196309,19.922,20.000,729600,729600,1728000,schedutil,306000000,306000000,1020000000,nvhost_podgov,0,3,,47156,48281,48062,47562,47531,48281,4896,635,1433,0.371,19.285,6.990
4088644522357,49786764,20.086,20.000,729600,729600,1728000,schedutil,306000000,306000000,1020000000,nvhost_podgov,0,3,,46968,48312,48062,47687,47500,48312,4896,635,1433,0.398,19.275,7.670
4088694526341,50003984,19.998,20.000,729600,729600,1728000,schedutil,306000000,306000000,1020000000,nvhost_podgov,0,3,,47062,48250,48062,47750,47500,48250,4896,635,1433,0.372,19.284,7.180
4088744535829,50009488,19.996,20.000,729600,729600,1728000,schedutil,306000000,306000000,1020000000,nvhost_podgov,0,3,,47062,48281,48125,47656,47531,48281,4896,635,1433,0.378,19.285,6.960
4088794524261,49988432,20.005,20.000,729600,729600,1728000,schedutil,306000000,306000000,1020000000,nvhost_podgov,0,3,,47062,48281,48062,47625,47500,48281,4896,597,1433,0.359,19.279,6.910
4088844532438,50008177,19.997,20.000,729600,729600,1728000,schedutil,306000000,306000000,1020000000,nvhost_podgov,0,3,,47187,48281,48125,47562,47468,48281,4896,597,1433,0.376,19.284,7.260
4088894521254,49988816,20.004,20.000,729600,729600,1728000,schedutil,306000000,306000000,1020000000,nvhost_podgov,0,3,,47000,48312,48218,47718,47406,48312,4896,597,1433,0.398,19.279,7.100
4088944536886,50015632,19.994,20.000,729600,729600,1728000,schedutil,306000000,306000000,1020000000,nvhost_podgov,0,3,,47218,48312,48125,47625,47468,48312,4896,596,1433,0.385,19.276,7.420
4088994522854,49985968,20.006,20.000,729600,729600,1728000,schedutil,306000000,306000000,1020000000,nvhost_podgov,0,3,,47156,48250,48187,47718,47562,48250,4896,636,1433,0.374,19.282,6.990
4089044522135,49999281,20.000,20.000,729600,729600,1728000,schedutil,306000000,306000000,1020000000,nvhost_podgov,0,3,,47062,48312,48093,47781,47406,48312,4936,636,1433,0.360,19.280,6.940
4089094780524,50258389,19.897,20.000,729600,729600,1728000,schedutil,306000000,306000000,1020000000,nvhost_podgov,0,3,,47187,48312,48281,47656,47500,48312,4896,635,1433,0.362,19.281,6.990
4089144514519,49733995,20.107,20.000,729600,729600,1728000,schedutil,306000000,306000000,1020000000,nvhost_podgov,0,3,,47156,48281,48062,47781,47468,48437,4896,635,1433,0.417,19.282,8.050
4089194521351,50006832,19.997,20.000,729600,729600,1728000,schedutil,306000000,306000000,1020000000,nvhost_podgov,0,3,,47250,48312,48156,47531,47531,48312,4896,636,1433,0.366,19.281,7.070
4089244747484,50226133,19.910,20.000,729600,729600,1728000,schedutil,306000000,306000000,1020000000,nvhost_podgov,0,3,,47031,48343,48062,47781,47500,48343,4896,635,1433,0.367,19.285,7.090
4089294738156,49990672,20.004,20.000,729600,729600,1728000,schedutil,306000000,306000000,1020000000,nvhost_podgov,0,3,,47062,48250,48156,47593,47562,48437,4896,597,1433,0.374,19.286,6.920
4089344524312,49786156,20.086,20.000,729600,729600,1728000,schedutil,306000000,306000000,1020000000,nvhost_podgov,0,3,,47062,48312,48156,47656,47531,48312,4896,597,1433,0.405,19.271,7.810
4089394526440,50002128,19.999,20.000,729600,729600,1728000,schedutil,306000000,306000000,1020000000,nvhost_podgov,0,3,,47156,48406,48125,47625,47468,48406,4896,597,1433,0.415,19.276,8.000
4089444522200,49995760,20.002,20.000,729600,729600,1728000,schedutil,306000000,306000000,1020000000,nvhost_podgov,0,3,,46937,48281,48187,47625,47562,48437,4896,636,1433,0.380,19.284,6.940
4089494767917,50245717,19.902,20.000,729600,729600,1728000,schedutil,306000000,306000000,1020000000,nvhost_podgov,0,3,,47093,48281,48093,47781,47468,48281,4896,636,1433,0.355,19.280,6.850
4089544771678,50003761,19.998,20.000,729600,729600,1728000,schedutil,306000000,306000000,1020000000,nvhost_podgov,0,3,,47156,48343,48156,47625,47562,48343,4896,636,1433,0.375,19.277,7.230
4089594521481,49749803,20.101,20.000,729600,729600,1728000,schedutil,306000000,306000000,1020000000,nvhost_podgov,0,3,,47093,48437,48062,47781,47437,48437,4896,597,1433,0.386,19.285,7.010
4089644536665,50015184,19.994,20.000,729600,729600,1728000,schedutil,306000000,306000000,1020000000,nvhost_podgov,0,3,,47187,48312,48125,47625,47406,48187,4896,597,1433,0.380,19.281,7.230
4089694522281,49985616,20.006,20.000,729600,729600,1728000,schedutil,306000000,306000000,1020000000,nvhost_podgov,0,3,,47000,48375,48062,47718,47562,48375,4896,596,1433,0.375,19.281,7.210
4089744520570,49998289,20.001,20.000,729600,729600,1728000,schedutil,306000000,306000000,1020000000,nvhost_podgov,0,3,,47281,48437,48187,47656,47468,48437,4896,596,1433,0.362,19.282,6.990
4089794520746,50000176,20.000,20.000,729600,729600,1728000,schedutil,306000000,306000000,1020000000,nvhost_podgov,0,3,,47125,48406,48187,47625,47468,48406,4896,596,1433,0.365,19.280,7.040
4089844532602,50011856,19.995,20.000,729600,729600,1728000,schedutil,306000000,306000000,1020000000,nvhost_podgov,0,3,,47093,48406,48187,47500,47437,48406,4896,596,1433,0.378,19.286,7.280
4089894519626,49987024,20.005,20.000,729600,729600,1728000,schedutil,306000000,306000000,1020000000,nvhost_podgov,0,3,,47312,48500,48281,47687,47531,48500,4896,596,1433,0.421,19.265,8.120
4089944524666,50005040,19.998,20.000,729600,729600,1728000,schedutil,306000000,306000000,1020000000,nvhost_podgov,0,3,,47062,48312,48062,47781,47468,48312,4896,596,1433,0.347,19.284,6.710
4089994530507,50005841,19.998,20.000,729600,729600,1728000,schedutil,306000000,306000000,1020000000,nvhost_podgov,0,3,,47000,48406,48187,47625,47531,48406,4896,596,1433,0.357,19.290,6.890
4090044519931,49989424,20.004,20.000,729600,729600,1728000,schedutil,306000000,306000000,1020000000,nvhost_podgov,0,3,,47031,48531,48062,47718,47343,48531,4896,596,1433,0.344,19.288,6.630
4090094532875,50012944,19.995,20.000,729600,729600,1728000,schedutil,306000000,306000000,1020000000,nvhost_podgov,0,3,,47093,48343,48062,47531,47468,48218,4856,596,1433,0.346,19.286,6.680
4090144530395,49997520,20.001,20.000,729600,729600,1728000,schedutil,306000000,306000000,1020000000,nvhost_podgov,0,3,,47062,48531,48093,47687,47500,48531,4856,596,1433,0.362,19.289,6.990
4090194519179,49988784,20.004,20.000,729600,729600,1728000,schedutil,306000000,306000000,1020000000,nvhost_podgov,0,3,,47156,48593,48125,47593,47500,48593,4856,596,1433,0.343,19.286,6.600
4090244534268,50015089,19.994,20.000,729600,729600,1728000,schedutil,306000000,306000000,1020000000,nvhost_podgov,0,3,,47062,48375,48218,47562,47468,48250,4856,596,1433,0.349,19.285,6.720
4090294521580,49987312,20.005,20.000,729600,729600,1728000,schedutil,306000000,306000000,1020000000,nvhost_podgov,0,3,,47000,48468,48156,47500,47468,48468,4856,596,1433,0.362,19.290,6.550
4090344533628,50012048,19.995,20.000,729600,729600,1728000,schedutil,306000000,306000000,1020000000,nvhost_podgov,0,3,,47125,48250,48281,47625,47500,48250,4856,596,1433,0.343,19.284,6.600
4090394521548,49987920,20.005,20.000,729600,729600,1728000,schedutil,306000000,306000000,1020000000,nvhost_podgov,0,3,,47062,48312,48125,47781,47468,48312,4856,596,1433,0.383,19.279,7.370
4090444537917,50016369,19.993,20.000,729600,729600,1728000,schedutil,306000000,306000000,1020000000,nvhost_podgov,0,3,,47218,48500,48187,47562,47531,48500,4896,596,1433,0.357,19.288,6.530
4090494526733,49988816,20.004,20.000,729600,729600,1728000,schedutil,306000000,306000000,1020000000,nvhost_podgov,0,3,,47031,48250,48062,47687,47468,48250,4896,596,1433,0.340,19.286,6.550
4090544525533,49998800,20.000,20.000,729600,729600,1728000,schedutil,306000000,306000000,1020000000,nvhost_podgov,0,3,,47062,48187,48125,47593,47375,48187,4896,596,1433,0.354,19.282,6.820
4090594528525,50002992,19.999,20.000,729600,729600,1728000,schedutil,306000000,306000000,1020000000,nvhost_podgov,0,3,,47062,48531,48218,47718,47437,48531,4896,596,1433,0.346,19.289,6.580
4090644523613,49995088,20.002,20.000,729600,729600,1728000,schedutil,306000000,306000000,1020000000,nvhost_podgov,0,3,,47062,48250,48062,47656,47500,48250,4896,596,1433,0.370,19.282,6.690
4090694528973,50005360,19.998,20.000,729600,729600,1728000,schedutil,306000000,306000000,1020000000,nvhost_podgov,0,3,,47312,48312,48218,47718,47500,48312,4856,596,1433,0.354,19.285,6.820
4090744529373,50000400,20.000,20.000,729600,729600,1728000,schedutil,306000000,306000000,1020000000,nvhost_podgov,0,3,,47062,48468,48125,47562,47500,48468,4896,596,1433,0.350,19.285,6.600
4090794526734,49997361,20.001,20.000,729600,729600,1728000,schedutil,306000000,306000000,1020000000,nvhost_podgov,0,3,,47062,48281,48156,47656,47562,48281,4896,596,1433,0.336,19.289,6.490
4090844529982,50003248,19.999,20.000,729600,729600,1728000,schedutil,306000000,306000000,1020000000,nvhost_podgov,0,3,,47031,48250,48093,47687,47468,48250,4856,596,1433,0.375,19.285,7.230
4090894525422,49995440,20.002,20.000,729600,729600,1728000,schedutil,306000000,306000000,1020000000,nvhost_podgov,0,3,,47125,48593,48156,47593,47468,48312,4856,596,1433,0.372,19.282,6.530
4090944523902,49998480,20.001,20.000,729600,729600,1728000,schedutil,306000000,306000000,1020000000,nvhost_podgov,0,3,,47000,48250,48218,47593,47562,48250,4856,597,1433,0.346,19.284,6.680
4090994532174,50008272,19.997,20.000,729600,729600,1728000,schedutil,306000000,306000000,1020000000,nvhost_podgov,0,3,,47187,48250,48156,47593,47500,48250,4856,597,1433,0.356,19.288,6.870
4091044521726,49989552,20.004,20.000,729600,729600,1728000,schedutil,306000000,306000000,1020000000,nvhost_podgov,0,3,,47093,48187,48250,47625,47562,48312,4856,597,1433,0.338,19.286,6.520
4091094518286,49996560,20.001,20.000,729600,729600,1728000,schedutil,306000000,306000000,1020000000,nvhost_podgov,0,3,,47062,48281,48062,47687,47562,48281,4856,596,1433,0.344,19.286,6.630
4091144518782,50000496,20.000,20.000,729600,729600,1728000,schedutil,306000000,306000000,1020000000,nvhost_podgov,0,3,,47156,48218,48250,47531,47500,48250,4856,596,1433,0.362,19.281,6.990
4091194519823,50001041,20.000,20.000,729600,729600,1728000,schedutil,306000000,306000000,1020000000,nvhost_podgov,0,3,,47093,48187,48093,47562,47531,48312,4856,597,1433,0.339,19.288,6.530
4091244536319,50016496,19.993,20.000,729600,729600,1728000,schedutil,306000000,306000000,1020000000,nvhost_podgov,0,3,,47281,48218,48156,47531,47468,48218,4856,597,1433,0.343,19.285,6.600
4091294518479,49982160,20.007,20.000,729600,729600,1728000,schedutil,306000000,306000000,1020000000,nvhost_podgov,0,3,,47000,48281,48125,47718,47406,48281,4856,597,1433,0.357,19.291,6.600
4091344517535,49999056,20.000,20.000,729600,729600,1728000,schedutil,306000000,306000000,1020000000,nvhost_podgov,0,3,,47031,48312,48156,47625,47437,48312,4856,596,1433,0.343,19.282,6.600
4091394533200,50015665,19.994,20.000,729600,729600,1728000,schedutil,306000000,306000000,1020000000,nvhost_podgov,0,3,,47062,48312,48281,47718,47375,48312,4856,596,1433,0.360,19.286,6.940
4091444517567,49984367,20.006,20.000,729600,729600,1728000,schedutil,306000000,306000000,1020000000,nvhost_podgov,0,3,,47125,48281,48125,47593,47531,48281,4896,596,1433,0.367,19.288,6.710
4091494521904,50004337,19.998,20.000,729600,729600,1728000,schedutil,306000000,306000000,1020000000,nvhost_podgov,0,3,,46937,48406,48250,47687,47468,48406,4896,596,1433,0.343,19.289,6.600
4091544518432,49996528,20.001,20.000,729600,729600,1728000,schedutil,306000000,306000000,1020000000,nvhost_podgov,0,3,,47156,48218,48125,47562,47531,48218,4896,596,1433,0.349,19.284,6.720
4091594517712,49999280,20.000,20.000,729600,729600,1728000,schedutil,306000000,306000000,1020000000,nvhost_podgov,0,3,,47062,48250,48218,47531,47531,48250,4896,596,1433,0.351,19.290,6.580
4091644537760,50020048,19.992,20.000,729600,729600,1728000,schedutil,306000000,306000000,1020000000,nvhost_podgov,0,3,,47062,48312,48093,47718,47468,48312,4896,596,1433,0.362,19.288,6.990
4091694521200,49983440,20.007,20.000,729600,729600,1728000,schedutil,306000000,306000000,1020000000,nvhost_podgov,0,3,,47125,48312,48125,47593,47531,48312,4896,596,1433,0.345,19.286,6.660
4091744519008,49997808,20.001,20.000,729600,729600,1728000,schedutil,306000000,306000000,1020000000,nvhost_podgov,0,3,,47031,48281,48375,47750,47437,48281,4896,597,1433,0.362,19.288,6.550
4091794518480,49999472,20.000,20.000,729600,729600,1728000,schedutil,306000000,306000000,1020000000,nvhost_podgov,0,3,,47218,48343,48093,47656,47468,48343,4856,596,1433,0.341,19.284,6.580
4091844531521,50013041,19.995,20.000,729600,729600,1728000,schedutil,306000000,306000000,1020000000,nvhost_podgov,0,3,,47062,48312,48156,47718,47531,48375,4896,596,1433,0.352,19.284,6.800
4091894511376,49979855,20.008,20.000,729600,729600,1728000,schedutil,306000000,306000000,1020000000,nvhost_podgov,0,3,,47031,48312,48062,47531,47500,48312,4896,596,1433,0.361,19.277,7.070
4091944523265,50011889,19.995,20.000,729600,729600,1728000,schedutil,306000000,306000000,1020000000,nvhost_podgov,0,3,,47156,48437,48218,47562,47531,48437,4896,597,1433,0.341,19.285,6.580
4091994518929,49995664,20.002,20.000,729600,729600,1728000,schedutil,306000000,306000000,1020000000,nvhost_podgov,0,3,,47062,48218,48125,47625,47500,48500,4856,597,1433,0.351,19.289,6.770
4092044537665,50018736,19.993,20.000,729600,729600,1728000,schedutil,306000000,306000000,1020000000,nvhost_podgov,0,3,,46968,48343,48187,47656,47500,48343,4856,596,1433,0.356,19.286,6.630
4092094518801,49981136,20.008,20.000,729600,729600,1728000,schedutil,306000000,306000000,1020000000,nvhost_podgov,0,3,,47062,48437,48125,47750,47406,48437,4856,597,1433,0.341,19.284,6.580
4092144508513,49989712,20.004,20.000,729600,729600,1728000,schedutil,306000000,306000000,1020000000,nvhost_podgov,0,3,,47062,48312,48062,47656,47468,48562,4856,597,1433,0.383,19.288,6.900
4092194517937,50009424,19.996,20.000,729600,729600,1728000,schedutil,306000000,306000000,1020000000,nvhost_podgov,0,3,,47031,48343,48250,47593,47468,48343,4856,597,1433,0.341,19.285,6.580
4092244516545,49998608,20.001,20.000,729600,729600,1728000,schedutil,306000000,306000000,1020000000,nvhost_podgov,0,3,,47125,48468,48062,47531,47468,48468,4856,596,1433,0.349,19.285,6.720
4092294535410,50018865,19.992,20.000,729600,729600,1728000,schedutil,306000000,306000000,1020000000,nvhost_podgov,0,3,,47093,48625,48312,47625,47468,48625,4856,597,1433,0.389,19.280,7.500
4092344533634,49998224,20.001,20.000,729600,729600,1728000,schedutil,306000000,306000000,1020000000,nvhost_podgov,0,3,,47218,48343,48062,47687,47531,48343,4936,636,1433,0.345,19.284,6.660
4092394527186,49993552,20.003,20.000,729600,729600,1728000,schedutil,306000000,306000000,1020000000,nvhost_podgov,0,3,,47156,48468,48187,47593,47562,48468,4936,636,1433,0.350,19.284,6.750
4092444517922,49990736,20.004,20.000,729600,729600,1728000,schedutil,306000000,306000000,1020000000,nvhost_podgov,0,3,,47125,48562,48093,47750,47468,48562,4936,636,1433,0.351,19.286,6.580
4092494520210,50002288,19.999,20.000,729600,729600,1728000,schedutil,306000000,306000000,1020000000,nvhost_podgov,0,3,,47218,48375,48156,47625,47531,48375,4936,636,1433,0.344,19.284,6.630
4092544517506,49997296,20.001,20.000,729600,729600,1728000,schedutil,306000000,306000000,1020000000,nvhost_podgov,0,3,,47031,48500,48031,47718,47375,48500,4936,635,1433,0.349,19.282,6.720
4092594519986,50002480,19.999,20.000,729600,729600,1728000,schedutil,306000000,306000000,1020000000,nvhost_podgov,0,3,,47250,48218,48187,47625,47531,48218,4936,635,1433,0.357,19.291,6.520
4092644530370,50010384,19.996,20.000,729600,729600,1728000,schedutil,306000000,306000000,1020000000,nvhost_podgov,0,3,,47062,48406,48218,47687,47468,48250,4896,635,1433,0.350,19.284,6.750
4092694518194,49987824,20.005,20.000,729600,729600,1728000,schedutil,306000000,306000000,1020000000,nvhost_podgov,0,3,,47062,48468,48125,47593,47468,48468,4896,635,1433,0.349,19.282,6.720
4092744522082,50003888,19.998,20.000,729600,729600,1728000,schedutil,306000000,306000000,1020000000,nvhost_podgov,0,3,,47218,48281,48187,47656,47562,48281,4896,635,1433,0.349,19.290,6.600
4092794519890,49997808,20.001,20.000,729600,729600,1728000,schedutil,306000000,306000000,1020000000,nvhost_podgov,0,3,,47062,48437,48093,47593,47531,48281,4896,596,1433,0.338,19.286,6.520
4092844532163,50012273,19.995,20.000,729600,729600,1728000,schedutil,306000000,306000000,1020000000,nvhost_podgov,0,3,,47000,48593,48125,47562,47531,48593,4896,596,1433,0.356,19.284,6.870
4092894529523,49997360,20.001,20.000,729600,729600,1728000,schedutil,306000000,306000000,1020000000,nvhost_podgov,0,3,,47000,48281,48093,47781,47468,48281,4896,597,1433,0.355,19.286,6.850
4092944519811,49990288,20.004,20.000,729600,729600,1728000,schedutil,306000000,306000000,1020000000,nvhost_podgov,0,3,,47156,48406,48125,47625,47531,48281,4896,597,1433,0.340,19.281,6.550
4092994517715,49997904,20.001,20.000,729600,729600,1728000,schedutil,306000000,306000000,1020000000,nvhost_podgov,0,3,,47031,48562,48062,47656,47406,48562,4896,596,1433,0.351,19.290,6.770
4093044530979,50013264,19.995,20.000,729600,729600,1728000,schedutil,306000000,306000000,1020000000,nvhost_podgov,0,3,,47156,48312,48093,47531,47468,48312,4896,596,1433,0.354,19.288,6.710
4093094528467,49997488,20.001,20.000,729600,729600,1728000,schedutil,306000000,306000000,1020000000,nvhost_podgov,0,3,,46968,48187,48250,47687,47437,48250,4896,596,1433,0.341,19.288,6.580
4093144526371,49997904,20.001,20.000,729600,729600,1728000,schedutil,306000000,306000000,1020000000,nvhost_podgov,0,3,,47062,48593,48125,47562,47500,48593,4896,597,1433,0.355,19.291,6.850
4093194512243,49985872,20.006,20.000,729600,729600,1728000,schedutil,306000000,306000000,1020000000,nvhost_podgov,0,3,,47062,48250,48125,47562,47437,48250,4896,597,1433,0.371,19.277,6.890
4093244531907,50019664,19.992,20.000,729600,729600,1728000,schedutil,306000000,306000000,1020000000,nvhost_podgov,0,3,,47062,48187,48062,47562,47500,48187,4896,596,1433,0.343,19.284,6.600
4093294523763,49991856,20.003,20.000,729600,729600,1728000,schedutil,306000000,306000000,1020000000,nvhost_podgov,0,3,,47250,48187,48093,47593,47562,48187,4856,596,1433,0.350,19.291,6.630
4093344537604,50013841,19.994,20.000,729600,729600,1728000,schedutil,306000000,306000000,1020000000,nvhost_podgov,0,3,,47062,48312,48062,47781,47500,48312,4856,596,1433,0.355,19.281,6.720
4093394529108,49991504,20.003,20.000,729600,729600,1728000,schedutil,306000000,306000000,1020000000,nvhost_podgov,0,3,,47031,48312,48125,47593,47531,48312,4896,636,1433,0.378,19.266,7.270
4093444530980,50001872,19.999,20.000,729600,729600,1728000,schedutil,306000000,306000000,1020000000,nvhost_podgov,0,3,,47062,48250,48125,47656,47468,48312,4896,636,1433,0.388,19.274,7.480
4093494535956,50004976,19.998,20.000,729600,729600,1728000,schedutil,306000000,306000000,1020000000,nvhost_podgov,0,3,,47125,48281,48062,47593,47468,48281,4936,635,1433,0.361,19.279,6.960
4093544533540,49997584,20.001,20.000,729600,729600,1728000,schedutil,306000000,306000000,1020000000,nvhost_podgov,0,3,,47281,48312,48125,47656,47406,48312,4896,635,1433,0.364,19.279,7.010
4093594524180,49990640,20.004,20.000,729600,729600,1728000,schedutil,306000000,306000000,1020000000,nvhost_podgov,0,3,,47218,48343,48062,47656,47468,48437,4896,635,1433,0.376,19.285,6.900
4093644534180,50010000,19.996,20.000,729600,729600,1728000,schedutil,306000000,306000000,1020000000,nvhost_podgov,0,3,,47062,48312,48156,47562,47500,48312,4896,636,1433,0.364,19.280,7.010
4093694520340,49986160,20.006,20.000,729600,729600,1728000,schedutil,306000000,306000000,1020000000,nvhost_podgov,0,3,,47031,48312,48062,47625,47468,48312,4896,636,1433,0.370,19.277,7.130
4093744530468,50010128,19.996,20.000,729600,729600,1728000,schedutil,306000000,306000000,1020000000,nvhost_podgov,0,3,,47093,48343,48093,47656,47562,48375,4896,596,1433,0.375,19.282,7.210
4093794539572,50009104,19.996,20.000,729600,729600,1728000,schedutil,306000000,306000000,1020000000,nvhost_podgov,0,3,,47062,48281,48062,47750,47406,48281,4896,596,1433,0.362,19.279,6.990
4093844535204,49995632,20.002,20.000,729600,729600,1728000,schedutil,306000000,306000000,1020000000,nvhost_podgov,0,3,,47187,48312,48156,47625,47468,48312,4896,596,1433,0.372,19.280,7.180
4093894520788,49985584,20.006,20.000,729600,729600,1728000,schedutil,306000000,306000000,1020000000,nvhost_podgov,0,3,,47031,48312,48125,47718,47500,48312,4896,596,1433,0.369,19.281,6.850
4093944521412,50000624,20.000,20.000,729600,729600,1728000,schedutil,306000000,306000000,1020000000,nvhost_podgov,0,3,,47062,48312,48125,47531,47468,48312,4856,596,1433,0.379,19.276,7.300
4093994524692,50003280,19.999,20.000,729600,729600,1728000,schedutil,306000000,306000000,1020000000,nvhost_podgov,0,3,,47218,48312,48187,47687,47531,48312,4856,596,1433,0.374,19.281,7.210
4094044522212,49997520,20.001,20.000,729600,729600,1728000,schedutil,306000000,306000000,1020000000,nvhost_podgov,0,3,,47062,48312,48125,47531,47437,48312,4856,596,1433,0.395,19.279,6.940
4094094522516,50000304,20.000,20.000,729600,729600,1728000,schedutil,306000000,306000000,1020000000,nvhost_podgov,0,3,,47312,48281,48093,47656,47531,48281,4896,596,1433,0.360,19.279,6.940
4094144521924,49999408,20.000,20.000,729600,729600,1728000,schedutil,306000000,306000000,1020000000,nvhost_podgov,0,3,,47062,48406,48093,47562,47468,48406,4856,596,1433,0.378,19.281,7.280
4094194519636,49997712,20.001,20.000,729600,729600,1728000,schedutil,306000000,306000000,1020000000,nvhost_podgov,0,3,,47031,48375,48156,47625,47500,48375,4856,596,1433,0.361,19.282,6.960
4094244531364,50011728,19.995,20.000,729600,729600,1728000,schedutil,306000000,306000000,1020000000,nvhost_podgov,0,3,,47000,48312,48062,47750,47562,48437,4856,596,1433,0.372,19.284,7.180
4094294530805,49999441,20.000,20.000,729600,729600,1728000,schedutil,306000000,306000000,1020000000,nvhost_podgov,0,3,,47093,48312,48125,47531,47500,48312,4856,596,1433,0.375,19.277,7.230
4094344540389,50009584,19.996,20.000,729600,729600,1728000,schedutil,306000000,306000000,1020000000,nvhost_podgov,0,3,,47000,48437,48281,47718,47437,48437,4856,596,1433,0.380,19.281,7.260
4094394534869,49994480,20.002,20.000,729600,729600,1728000,schedutil,306000000,306000000,1020000000,nvhost_podgov,0,3,,47156,48250,48125,47593,47468,48531,4856,596,1433,0.365,19.279,7.040
4094444535141,50000272,20.000,20.000,729600,729600,1728000,schedutil,306000000,306000000,1020000000,nvhost_podgov,0,3,,47125,48312,48281,47593,47531,48312,4896,596,1433,0.375,19.281,7.230
4094494516436,49981295,20.007,20.000,729600,729600,1728000,schedutil,306000000,306000000,1020000000,nvhost_podgov,0,3,,47062,48343,48093,47593,47437,48343,4896,596,1433,0.409,19.276,7.880
4094544529413,50012977,19.995,20.000,729600,729600,1728000,schedutil,306000000,306000000,1020000000,nvhost_podgov,0,3,,47187,48250,48125,47687,47562,48593,4896,597,1433,0.366,19.279,7.070
4094594523252,49993839,20.002,20.000,729600,729600,1728000,schedutil,306000000,306000000,1020000000,nvhost_podgov,0,3,,47062,48312,48093,47750,47531,48312,4896,597,1433,0.381,19.284,6.960
4094644533637,50010385,19.996,20.000,729600,729600,1728000,schedutil,306000000,306000000,1020000000,nvhost_podgov,0,3,,47281,48406,48125,47531,47562,48406,4896,597,1433,0.366,19.281,7.070
4094694521300,49987663,20.005,20.000,729600,729600,1728000,schedutil,306000000,306000000,1020000000,nvhost_podgov,0,3,,47031,48312,48312,47687,47500,48531,4896,597,1433,0.370,19.279,7.130
4094744512036,49990736,20.004,20.000,729600,729600,1728000,schedutil,306000000,306000000,1020000000,nvhost_podgov,0,3,,47062,48343,48031,47625,47500,48343,4896,597,1433,0.404,19.276,7.080
4094794525589,50013553,19.995,20.000,729600,729600,1728000,schedutil,306000000,306000000,1020000000,nvhost_podgov,0,3,,47000,48437,48250,47625,47500,48437,4856,597,1433,0.359,19.281,6.910
4094844532517,50006928,19.997,20.000,729600,729600,1728000,schedutil,306000000,306000000,1020000000,nvhost_podgov,0,3,,47093,48187,48156,47625,47500,48187,4856,596,1433,0.367,19.276,7.080
4094894522389,49989872,20.004,20.000,729600,729600,1728000,schedutil,306000000,306000000,1020000000,nvhost_podgov,0,3,,46937,48375,48156,47687,47562,48375,4856,597,1433,0.374,19.285,6.940
4094944519204,49996815,20.001,20.000,729600,729600,1728000,schedutil,306000000,306000000,1020000000,nvhost_podgov,0,3,,47000,48500,48093,47562,47468,48500,4856,597,1433,0.391,19.270,7.540
4094994515540,49996336,20.001,20.000,729600,729600,1728000,schedutil,306000000,306000000,1020000000,nvhost_podgov,0,3,,47031,48250,48093,47625,47500,48250,4856,597,1433,0.360,19.273,6.940
4095044532389,50016849,19.993,20.000,729600,729600,1728000,schedutil,306000000,306000000,1020000000,nvhost_podgov,0,3,,47062,48500,48062,47718,47437,48500,4856,597,1433,0.364,19.284,6.630
4095094530069,49997680,20.001,20.000,729600,729600,1728000,schedutil,306000000,306000000,1020000000,nvhost_podgov,0,3,,47187,48468,48187,47500,47531,48281,4856,597,1433,0.357,19.281,6.900
4095144533285,50003216,19.999,20.000,729600,729600,1728000,schedutil,306000000,306000000,1020000000,nvhost_podgov,0,3,,47062,48187,48250,47687,47468,48250,4856,596,1433,0.356,19.284,6.870
4095194527829,49994544,20.002,20.000,729600,729600,1728000,schedutil,306000000,306000000,1020000000,nvhost_podgov,0,3,,47156,48406,48093,47593,47437,48281,4856,596,1433,0.350,19.288,6.580
4095244522885,49995056,20.002,20.000,729600,729600,1728000,schedutil,306000000,306000000,1020000000,nvhost_podgov,0,3,,46968,48500,48250,47625,47500,48312,4856,596,1433,0.379,19.281,6.660
4095294524757,50001872,19.999,20.000,729600,729600,1728000,schedutil,306000000,306000000,1020000000,nvhost_podgov,0,3,,47125,48187,48187,47593,47531,48187,4856,597,1433,0.352,19.288,6.820
4095344521797,49997040,20.001,20.000,729600,729600,1728000,schedutil,306000000,306000000,1020000000,nvhost_podgov,0,3,,47218,48406,48187,47718,47531,48250,4856,597,1433,0.362,19.288,6.550
4095394521301,49999504,20.000,20.000,729600,729600,1728000,schedutil,306000000,306000000,1020000000,nvhost_podgov,0,3,,47187,48562,48062,47781,47437,48562,4856,597,1433,0.347,19.288,6.710
4095444532261,50010960,19.996,20.000,729600,729600,1728000,schedutil,306000000,306000000,1020000000,nvhost_podgov,0,3,,47312,48281,48125,47531,47500,48281,4896,597,1433,0.361,19.288,6.960
4095494521813,49989552,20.004,20.000,729600,729600,1728000,schedutil,306000000,306000000,1020000000,nvhost_podgov,0,3,,47031,48281,48125,47687,47562,48281,4896,597,1433,0.355,19.277,6.850
4095544534053,50012240,19.995,20.000,729600,729600,1728000,schedutil,306000000,306000000,1020000000,nvhost_podgov,0,3,,47062,48187,48093,47562,47531,48187,4896,597,1433,0.345,19.282,6.660
4095594522484,49988431,20.005,20.000,729600,729600,1728000,schedutil,306000000,306000000,1020000000,nvhost_podgov,0,3,,47062,48312,48250,47656,47468,48312,4896,597,1433,0.349,19.288,6.490
4095644533861,50011377,19.995,20.000,729600,729600,1728000,schedutil,306000000,306000000,1020000000,nvhost_podgov,0,3,,47093,48312,48125,47625,47468,48312,4896,597,1433,0.340,19.284,6.550
4095694531893,49998032,20.001,20.000,729600,729600,1728000,schedutil,306000000,306000000,1020000000,nvhost_podgov,0,3,,47000,48187,48093,47718,47500,48187,4896,597,1433,0.343,19.281,6.600
4095744535077,50003184,19.999,20.000,729600,729600,1728000,schedutil,306000000,306000000,1020000000,nvhost_podgov,0,3,,47000,48250,48062,47562,47437,48250,4896,597,1433,0.356,19.285,6.660
4095794536565,50001488,19.999,20.000,729600,729600,1728000,schedutil,306000000,306000000,1020000000,nvhost_podgov,0,3,,47093,48281,48125,47656,47531,48281,4896,597,1433,0.340,19.285,6.550
4095844528420,49991855,20.003,20.000,729600,729600,1728000,schedutil,306000000,306000000,1020000000,nvhost_podgov,0,3,,47093,48250,48093,47781,47468,48250,4896,597,1433,0.352,19.288,6.800
4095894521044,49992624,20.003,20.000,729600,729600,1728000,schedutil,306000000,306000000,1020000000,nvhost_podgov,0,3,,47250,48312,48125,47593,47531,48312,4856,597,1433,0.351,19.285,6.600
4095944526852,50005808,19.998,20.000,729600,729600,1728000,schedutil,306000000,306000000,1020000000,nvhost_podgov,0,3,,47031,48312,48062,47750,47406,48312,4856,596,1433,0.366,19.285,7.070
4095994524020,49997168,20.001,20.000,729600,729600,1728000,schedutil,306000000,306000000,1020000000,nvhost_podgov,0,3,,47250,48187,48062,47625,47500,48250,4856,596,1433,0.361,19.286,6.960
4096044535172,50011152,19.996,20.000,729600,729600,1728000,schedutil,306000000,306000000,1020000000,nvhost_podgov,0,3,,47062,48312,48218,47687,47375,48312,4856,596,1433,0.352,19.290,6.600
4096094539221,50004049,19.998,20.000,729600,729600,1728000,schedutil,306000000,306000000,1020000000,nvhost_podgov,0,3,,47093,48312,48093,47562,47562,48312,4856,596,1433,0.367,19.280,7.090
4096144522180,49982959,20.007,20.000,729600,729600,1728000,schedutil,306000000,306000000,1020000000,nvhost_podgov,0,3,,47281,48281,48187,47593,47531,48312,4856,596,1433,0.352,19.285,6.800
4096194519508,49997328,20.001,20.000,729600,729600,1728000,schedutil,306000000,306000000,1020000000,nvhost_podgov,0,3,,47062,48250,48093,47750,47468,48250,4856,596,1433,0.359,19.286,6.580
4096244521220,50001712,19.999,20.000,729600,729600,1728000,schedutil,306000000,306000000,1020000000,nvhost_podgov,0,3,,47000,48343,48125,47562,47531,48562,4856,596,1433,0.370,19.277,7.130
4096294524724,50003504,19.999,20.000,729600,729600,1728000,schedutil,306000000,306000000,1020000000,nvhost_podgov,0,3,,47062,48250,48156,47781,47468,48375,4856,596,1433,0.355,19.282,6.850
4096344538820,50014096,19.994,20.000,729600,729600,1728000,schedutil,306000000,306000000,1020000000,nvhost_podgov,0,3,,47093,48218,48125,47593,47500,48437,4856,596,1433,0.354,19.285,6.820
4096394520244,49981424,20.007,20.000,729600,729600,1728000,schedutil,306000000,306000000,1020000000,nvhost_podgov,0,3,,47062,48312,48093,47687,47437,48312,4856,596,1433,0.344,19.288,6.630
4096444522116,50001872,19.999,20.000,729600,729600,1728000,schedutil,306000000,306000000,1020000000,nvhost_podgov,0,3,,47281,48375,48156,47593,47562,48375,4896,597,1433,0.369,19.289,7.120
4096494517172,49995056,20.002,20.000,729600,729600,1728000,schedutil,306000000,306000000,1020000000,nvhost_podgov,0,3,,46968,48218,48218,47718,47531,48437,4896,597,1433,0.381,19.280,7.350
4096544518628,50001456,19.999,20.000,729600,729600,1728000,schedutil,306000000,306000000,1020000000,nvhost_podgov,0,3,,47062,48343,48062,47562,47468,48343,4896,636,1433,0.350,19.282,6.750
4096594516148,49997520,20.001,20.000,729600,729600,1728000,schedutil,306000000,306000000,1020000000,nvhost_podgov,0,3,,47156,48343,48187,47625,47531,48343,4896,597,1433,0.347,19.289,6.630
4096644526500,50010352,19.996,20.000,729600,729600,1728000,schedutil,306000000,306000000,1020000000,nvhost_podgov,0,3,,47093,48312,48125,47781,47500,48312,4896,596,1433,0.359,19.284,6.550
4096694516979,49990479,20.004,20.000,729600,729600,1728000,schedutil,306000000,306000000,1020000000,nvhost_podgov,0,3,,47218,48312,48093,47625,47500,48312,4856,597,1433,0.344,19.285,6.630
4096744524068,50007089,19.997,20.000,729600,729600,1728000,schedutil,306000000,306000000,1020000000,nvhost_podgov,0,3,,47031,48375,48156,47718,47500,48375,4856,597,1433,0.364,19.280,6.800
4096794533844,50009776,19.996,20.000,729600,729600,1728000,schedutil,306000000,306000000,1020000000,nvhost_podgov,0,3,,47062,48250,48093,47562,47437,48250,4896,596,1433,0.344,19.288,6.630
4096844516835,49982991,20.007,20.000,729600,729600,1728000,schedutil,306000000,306000000,1020000000,nvhost_podgov,0,3,,46968,48312,48062,47718,47468,48312,4896,596,1433,0.346,19.285,6.680
4096894515603,49998768,20.000,20.000,729600,729600,1728000,schedutil,306000000,306000000,1020000000,nvhost_podgov,0,3,,47125,48500,48062,47593,47500,48500,4856,597,1433,0.355,19.286,6.680
4096944517603,50002000,19.999,20.000,729600,729600,1728000,schedutil,306000000,306000000,1020000000,nvhost_podgov,0,3,,47312,48312,48218,47593,47500,48312,4856,596,1433,0.334,19.289,6.440
4096994511155,49993552,20.003,20.000,729600,729600,1728000,schedutil,306000000,306000000,1020000000,nvhost_podgov,0,3,,47093,48312,48062,47593,47437,48312,4856,596,1433,0.364,19.282,7.010
4097044533571,50022416,19.991,20.000,729600,729600,1728000,schedutil,306000000,306000000,1020000000,nvhost_podgov,0,3,,47031,48468,48218,47593,47468,48468,4856,596,1433,0.351,19.290,6.770
4097094524275,49990704,20.004,20.000,729600,729600,1728000,schedutil,306000000,306000000,1020000000,nvhost_podgov,0,3,,47062,48281,48093,47593,47468,48187,4896,597,1433,0.341,19.284,6.580
4097144522371,49998096,20.001,20.000,729600,729600,1728000,schedutil,306000000,306000000,1020000000,nvhost_podgov,0,3,,47187,48343,48156,47593,47500,48343,4896,596,1433,0.349,19.282,6.720
4097194521971,49999600,20.000,20.000,729600,729600,1728000,schedutil,306000000,306000000,1020000000,nvhost_podgov,0,3,,47062,48562,48093,47656,47437,48562,4896,597,1433,0.360,19.290,6.540
4097244519843,49997872,20.001,20.000,729600,729600,1728000,schedutil,306000000,306000000,1020000000,nvhost_podgov,0,3,,47187,48218,48062,47625,47468,48218,4896,597,1433,0.388,19.285,6.680
4097294526163,50006320,19.997,20.000,729600,729600,1728000,schedutil,306000000,306000000,1020000000,nvhost_podgov,0,3,,47062,48437,48250,47718,47437,48437,4896,597,1433,0.393,19.279,7.560
4097344548675,50022512,19.991,20.000,729600,729600,1728000,schedutil,306000000,306000000,1020000000,nvhost_podgov,0,3,,47125,48500,48187,47625,47531,48500,4936,636,1433,0.361,19.288,6.660
4097394528691,49980016,20.008,20.000,729600,729600,1728000,schedutil,306000000,306000000,1020000000,nvhost_podgov,0,3,,47156,48312,48250,47718,47562,48312,4976,675,1433,0.341,19.285,6.580
4097444528611,49999920,20.000,20.000,729600,729600,1728000,schedutil,306000000,306000000,1020000000,nvhost_podgov,0,3,,47156,48437,48062,47625,47468,48312,4936,636,1433,0.383,19.274,7.370
4097494534547,50005936,19.998,20.000,729600,729600,1728000,schedutil,306000000,306000000,1020000000,nvhost_podgov,0,3,,47281,48562,48187,47687,47500,48562,4936,636,1433,0.359,19.284,7.180
4097544520706,49986159,20.006,20.000,729600,729600,1728000,schedutil,306000000,306000000,1020000000,nvhost_podgov,0,3,,47062,48187,48156,47562,47500,48187,4936,636,1433,0.339,19.284,6.530
4097594520050,49999344,20.000,20.000,729600,729600,1728000,schedutil,306000000,306000000,1020000000,nvhost_podgov,0,3,,47031,48343,48156,47625,47500,48343,4936,635,1433,0.351,19.289,6.770
4097644529922,50009872,19.996,20.000,729600,729600,1728000,schedutil,306000000,306000000,1020000000,nvhost_podgov,0,3,,47062,48656,48125,47718,47531,48656,4936,636,1433,0.365,19.289,6.580
4097694518514,49988592,20.005,20.000,729600,729600,1728000,schedutil,306000000,306000000,1020000000,nvhost_podgov,0,3,,47156,48312,48093,47656,47468,48312,4936,636,1433,0.341,19.285,6.580
4097744536930,50018416,19.993,20.000,729600,729600,1728000,schedutil,306000000,306000000,1020000000,nvhost_podgov,0,3,,47000,48500,48218,47625,47531,48218,4936,636,1433,0.379,19.280,7.310
4097794524210,49987280,20.005,20.000,729600,729600,1728000,schedutil,306000000,306000000,1020000000,nvhost_podgov,0,3,,47187,48250,48125,47593,47500,48250,4936,636,1433,0.341,19.288,6.580
4097844520642,49996432,20.001,20.000,729600,729600,1728000,schedutil,306000000,306000000,1020000000,nvhost_podgov,0,3,,47062,48218,48187,47687,47468,48218,4936,635,1433,0.344,19.281,6.630
4097894518514,49997872,20.001,20.000,729600,729600,1728000,schedutil,306000000,306000000,1020000000,nvhost_podgov,0,3,,47031,48593,48156,47593,47500,48281,4896,636,1433,0.355,19.288,6.770
4097944528898,50010384,19.996,20.000,729600,729600,1728000,schedutil,306000000,306000000,1020000000,nvhost_podgov,0,3,,47125,48187,48218,47562,47500,48218,4896,636,1433,0.361,19.284,6.530
4097994524561,49995663,20.002,20.000,729600,729600,1728000,schedutil,306000000,306000000,1020000000,nvhost_podgov,0,3,,47062,48250,48062,47750,47531,48250,4896,636,1433,0.369,19.285,7.120
4098044528065,50003504,19.999,20.000,729600,729600,1728000,schedutil,306000000,306000000,1020000000,nvhost_podgov,0,3,,47218,48656,48156,47656,47500,48312,4896,636,1433,0.357,19.288,6.550
4098094521713,49993648,20.003,20.000,729600,729600,1728000,schedutil,306000000,306000000,1020000000,nvhost_podgov,0,3,,47000,48187,48250,47656,47468,48187,4896,636,1433,0.339,19.285,6.530
4098144527937,50006224,19.998,20.000,729600,729600,1728000,schedutil,306000000,306000000,1020000000,nvhost_podgov,0,3,,47031,48218,48187,47562,47437,48218,4896,636,1433,0.374,19.286,7.210
4098194532593,50004656,19.998,20.000,729600,729600,1728000,schedutil,306000000,306000000,1020000000,nvhost_podgov,0,3,,47250,48312,48187,47687,47531,48312,4896,636,1433,0.356,19.290,6.580
4098244518977,49986384,20.005,20.000,729600,729600,1728000,schedutil,306000000,306000000,1020000000,nvhost_podgov,0,3,,47156,48187,48156,47531,47468,48187,4896,636,1433,0.366,19.281,7.070
4098294535889,50016912,19.993,20.000,729600,729600,1728000,schedutil,306000000,306000000,1020000000,nvhost_podgov,0,3,,47000,48218,48218,47656,47531,48218,4896,636,1433,0.352,19.285,6.800
4098344540705,50004816,19.998,20.000,729600,729600,1728000,schedutil,306000000,306000000,1020000000,nvhost_podgov,0,3,,47125,48312,48093,47531,47500,48312,4896,636,1433,0.352,19.285,6.550
4098394535825,49995120,20.002,20.000,729600,729600,1728000,schedutil,306000000,306000000,1020000000,nvhost_podgov,0,3,,47093,48312,48218,47593,47531,48312,4936,636,1433,0.344,19.284,6.630
4098444532801,49996976,20.001,20.000,729600,729600,1728000,schedutil,306000000,306000000,1020000000,nvhost_podgov,0,3,,47062,48281,48062,47750,47468,48281,4936,636,1433,0.355,19.284,6.850
4098494525840,49993039,20.003,20.000,729600,729600,1728000,schedutil,306000000,306000000,1020000000,nvhost_podgov,0,3,,47156,48312,48156,47656,47562,48312,4936,636,1433,0.357,19.277,6.890
4098544524704,49998864,20.000,20.000,729600,729600,1728000,schedutil,306000000,306000000,1020000000,nvhost_podgov,0,3,,47031,48218,48218,47687,47500,48218,4936,636,1433,0.366,19.279,7.070
4098594519216,49994512,20.002,20.000,729600,729600,1728000,schedutil,306000000,306000000,1020000000,nvhost_podgov,0,3,,47312,48281,48156,47562,47531,48281,4936,636,1433,0.370,19.282,7.130
4098644534240,50015024,19.994,20.000,729600,729600,1728000,schedutil,306000000,306000000,1020000000,nvhost_podgov,0,3,,47093,48312,48187,47750,47500,48312,4936,636,1433,0.369,19.279,6.990
4098694531728,49997488,20.001,20.000,729600,729600,1728000,schedutil,306000000,306000000,1020000000,nvhost_podgov,0,3,,47031,48250,48062,47625,47437,48406,4936,636,1433,0.361,19.279,6.960
4098744536128,50004400,19.998,20.000,729600,729600,1728000,schedutil,306000000,306000000,1020000000,nvhost_podgov,0,3,,47187,48281,48156,47625,47468,48406,4936,636,1433,0.393,19.284,7.560
4098794523087,49986959,20.005,20.000,729600,729600,1728000,schedutil,306000000,306000000,1020000000,nvhost_podgov,0,3,,47093,48406,48093,47781,47437,48406,4896,636,1433,0.378,19.281,6.940
4098844529855,50006768,19.997,20.000,729600,729600,1728000,schedutil,306000000,306000000,1020000000,nvhost_podgov,0,3,,47250,48281,48125,47562,47437,48406,4896,636,1433,0.370,19.281,7.130
4098894525295,49995440,20.002,20.000,729600,729600,1728000,schedutil,306000000,306000000,1020000000,nvhost_podgov,0,3,,47031,48250,48218,47718,47500,48250,4896,636,1433,0.372,19.282,7.180
4098944540191,50014896,19.994,20.000,729600,729600,1728000,schedutil,306000000,306000000,1020000000,nvhost_podgov,0,3,,47093,48343,48125,47656,47500,48343,4896,597,1433,0.379,19.280,6.990
4098994519823,49979632,20.008,20.000,729600,729600,1728000,schedutil,306000000,306000000,1020000000,nvhost_podgov,0,3,,47062,48343,48187,47781,47500,48343,4896,597,1433,0.374,19.279,7.210
4099044519135,49999312,20.000,20.000,729600,729600,1728000,schedutil,306000000,306000000,1020000000,nvhost_podgov,0,3,,47125,48250,48125,47625,47500,48250,4896,596,1433,0.371,19.281,6.960
4099094520751,50001616,19.999,20.000,729600,729600,1728000,schedutil,306000000,306000000,1020000000,nvhost_podgov,0,3,,46968,48437,48187,47593,47500,48437,4896,597,1433,0.361,19.279,6.960
4099144518654,49997903,20.001,20.000,729600,729600,1728000,schedutil,306000000,306000000,1020000000,nvhost_podgov,0,3,,47031,48500,48093,47781,47437,48500,4896,597,1433,0.360,19.281,6.940
4099194523822,50005168,19.998,20.000,729600,729600,1728000,schedutil,306000000,306000000,1020000000,nvhost_podgov,0,3,,47093,48375,48125,47656,47500,48375,4896,596,1433,0.403,19.275,7.590
4099244518622,49994800,20.002,20.000,729600,729600,1728000,schedutil,306000000,306000000,1020000000,nvhost_podgov,0,3,,47031,48375,48156,47750,47531,48375,4896,596,1433,0.362,19.276,6.990
4099294520718,50002096,19.999,20.000,729600,729600,1728000,schedutil,306000000,306000000,1020000000,nvhost_podgov,0,3,,47218,48531,48125,47687,47500,48531,4896,597,1433,0.361,19.282,6.960
4099344515838,49995120,20.002,20.000,729600,729600,1728000,schedutil,306000000,306000000,1020000000,nvhost_podgov,0,3,,46968,48343,48312,47687,47468,48343,4896,597,1433,0.398,19.280,6.940
4099394521390,50005552,19.998,20.000,729600,729600,1728000,schedutil,306000000,306000000,1020000000,nvhost_podgov,0,3,,47250,48437,48187,47687,47500,48437,4896,597,1433,0.361,19.282,6.960
4099444525022,50003632,19.999,20.000,729600,729600,1728000,schedutil,306000000,306000000,1020000000,nvhost_podgov,0,3,,47031,48562,48281,47593,47406,48562,4896,596,1433,0.384,19.281,7.400
4099494534606,50009584,19.996,20.000,729600,729600,1728000,schedutil,306000000,306000000,1020000000,nvhost_podgov,0,3,,47062,48312,48156,47687,47500,48156,4896,596,1433,0.380,19.280,7.160
4099544524797,49990191,20.004,20.000,729600,729600,1728000,schedutil,306000000,306000000,1020000000,nvhost_podgov,0,3,,47218,48437,48187,47593,47531,48437,4896,636,1433,0.362,19.281,6.990
4099594520525,49995728,20.002,20.000,729600,729600,1728000,schedutil,306000000,306000000,1020000000,nvhost_podgov,0,3,,47093,48531,48125,47781,47437,48531,4896,636,1433,0.370,19.281,7.130
4099644533565,50013040,19.995,20.000,729600,729600,1728000,schedutil,306000000,306000000,1020000000,nvhost_podgov,0,3,,47000,48312,48187,47656,47500,48281,4896,636,1433,0.375,19.282,6.990
4099694521517,49987952,20.005,20.000,729600,729600,1728000,schedutil,306000000,306000000,1020000000,nvhost_podgov,0,3,,47000,48468,48125,47781,47468,48468,4896,597,1433,0.383,19.277,7.370
4099744521948,50000431,20.000,20.000,729600,729600,1728000,schedutil,306000000,306000000,1020000000,nvhost_podgov,0,3,,47093,48531,48093,47593,47468,48531,4896,597,1433,0.399,19.281,7.510
4099794534637,50012689,19.995,20.000,729600,729600,1728000,schedutil,306000000,306000000,1020000000,nvhost_podgov,0,3,,47062,48312,48062,47687,47468,48312,4896,597,1433,0.375,19.282,6.960
4099844518876,49984239,20.006,20.000,729600,729600,1728000,schedutil,306000000,306000000,1020000000,nvhost_podgov,0,3,,47156,48500,48125,47625,47468,48187,4896,597,1433,0.372,19.277,7.180
4099894518732,49999856,20.000,20.000,729600,729600,1728000,schedutil,306000000,306000000,1020000000,nvhost_podgov,0,3,,46968,48687,48218,47593,47468,48687,4896,597,1433,0.369,19.285,7.100
4099944527740,50009008,19.996,20.000,729600,729600,1728000,schedutil,306000000,306000000,1020000000,nvhost_podgov,0,3,,47062,48281,48218,47625,47437,48281,4896,597,1433,0.371,19.279,7.010
4099994511307,49983567,20.007,20.000,729600,729600,1728000,schedutil,306000000,306000000,1020000000,nvhost_podgov,0,3,,47093,48500,48156,47625,47531,48500,4896,597,1433,0.414,19.267,7.970
4100044524859,50013552,19.995,20.000,729600,729600,1728000,schedutil,306000000,306000000,1020000000,nvhost_podgov,0,3,,47062,48187,48156,47781,47468,48187,4896,597,1433,0.359,19.286,6.630
4100094528939,50004080,19.998,20.000,729600,729600,1728000,schedutil,306000000,306000000,1020000000,nvhost_podgov,0,3,,47156,48343,48156,47593,47468,48343,4896,597,1433,0.399,19.274,7.510
4100144532315,50003376,19.999,20.000,729600,729600,1728000,schedutil,306000000,306000000,1020000000,nvhost_podgov,0,3,,47062,48500,48125,47750,47468,48500,4896,597,1433,0.347,19.284,6.710
4100194534123,50001808,19.999,20.000,729600,729600,1728000,schedutil,306000000,306000000,1020000000,nvhost_podgov,0,3,,47312,48250,48093,47656,47500,48250,4856,597,1433,0.347,19.289,7.090
4100244539675,50005552,19.998,20.000,729600,729600,1728000,schedutil,306000000,306000000,1020000000,nvhost_podgov,0,3,,47031,48281,48093,47718,47406,48281,4856,597,1433,0.356,19.273,6.860
4100294522634,49982959,20.007,20.000,729600,729600,1728000,schedutil,306000000,306000000,1020000000,nvhost_podgov,0,3,,47062,48468,48156,47531,47531,48468,4896,597,1433,0.343,19.285,6.600
4100344751583,50228949,19.909,20.000,729600,729600,1728000,schedutil,306000000,306000000,1020000000,nvhost_podgov,0,3,,47250,48281,48187,47718,47531,48281,4856,597,1433,0.355,19.290,6.850
4100394768655,50017072,19.993,20.000,729600,729600,1728000,schedutil,306000000,306000000,1020000000,nvhost_podgov,0,3,,47187,48281,48156,47593,47468,48281,4856,597,1433,0.362,19.289,6.410
4100444533626,49764971,20.094,20.000,729600,729600,1728000,schedutil,306000000,306000000,1020000000,nvhost_podgov,0,3,,46968,48593,48218,47687,47500,48281,4856,596,1433,0.361,19.286,6.960
4100494528714,49995088,20.002,20.000,729600,729600,1728000,schedutil,306000000,306000000,1020000000,nvhost_podgov,0,3,,47031,48281,48093,47718,47437,48281,4856,596,1433,0.354,19.288,6.550
4100544538426,50009712,19.996,20.000,729600,729600,1728000,schedutil,306000000,306000000,1020000000,nvhost_podgov,0,3,,47125,48281,48218,47687,47531,48281,4896,597,1433,0.341,19.285,6.580
4100594776718,50238292,19.905,20.000,729600,729600,1728000,schedutil,306000000,306000000,1020000000,nvhost_podgov,0,3,,47000,48375,48125,47687,47562,48375,4896,597,1433,0.341,19.284,6.580
4100644536793,49760075,20.096,20.000,729600,729600,1728000,schedutil,306000000,306000000,1020000000,nvhost_podgov,0,3,,47187,48250,48125,47531,47468,48250,4896,597,1433,0.356,19.288,6.550
4100694519849,49983056,20.007,20.000,729600,729600,1728000,schedutil,306000000,306000000,1020000000,nvhost_podgov,0,3,,46968,48281,48250,47625,47437,48281,4896,597,1433,0.355,19.275,7.100
4100744518264,49998415,20.001,20.000,729600,729600,1728000,schedutil,306000000,306000000,1020000000,nvhost_podgov,0,3,,47062,48343,48125,47625,47500,48343,4896,597,1433,0.347,19.286,6.690
4100794535721,50017457,19.993,20.000,729600,729600,1728000,schedutil,306000000,306000000,1020000000,nvhost_podgov,0,3,,47125,48281,48187,47687,47531,48281,4896,597,1433,0.360,19.288,6.530
4100844517656,49981935,20.007,20.000,729600,729600,1728000,schedutil,306000000,306000000,1020000000,nvhost_podgov,0,3,,47125,48250,48156,47625,47437,48250,4896,596,1433,0.341,19.285,6.580
4100894526920,50009264,19.996,20.000,729600,729600,1728000,schedutil,306000000,306000000,1020000000,nvhost_podgov,0,3,,47187,48375,48093,47625,47562,48375,4856,596,1433,0.350,19.284,6.750
4100944517464,49990544,20.004,20.000,729600,729600,1728000,schedutil,306000000,306000000,1020000000,nvhost_podgov,0,3,,46968,48312,48000,47750,47468,48312,4856,596,1433,0.362,19.289,6.770
4100994517927,50000463,20.000,20.000,729600,729600,1728000,schedutil,306000000,306000000,1020000000,nvhost_podgov,0,3,,47062,48312,48187,47625,47531,48312,4856,596,1433,0.341,19.285,6.580
4101044539000,50021073,19.992,20.000,729600,729600,1728000,schedutil,306000000,306000000,1020000000,nvhost_podgov,0,3,,46968,48375,48218,47656,47375,48375,4856,596,1433,0.351,19.284,6.770
4101094520519,49981519,20.007,20.000,729600,729600,1728000,schedutil,306000000,306000000,1020000000,nvhost_podgov,0,3,,47093,48312,48156,47593,47531,48312,4896,596,1433,0.339,19.284,6.530
4101144527831,50007312,19.997,20.000,729600,729600,1728000,schedutil,306000000,306000000,1020000000,nvhost_podgov,0,3,,47000,48312,48218,47625,47468,48312,4896,597,1433,0.341,19.286,6.580
4101194518951,49991120,20.004,20.000,729600,729600,1728000,schedutil,306000000,306000000,1020000000,nvhost_podgov,0,3,,47156,48375,48156,47562,47500,48375,4896,597,1433,0.367,19.288,7.040
4101244527799,50008848,19.996,20.000,729600,729600,1728000,schedutil,306000000,306000000,1020000000,nvhost_podgov,0,3,,47093,48312,48156,47687,47531,48500,4856,597,1433,0.350,19.289,6.750
4101294517254,49989455,20.004,20.000,729600,729600,1728000,schedutil,306000000,306000000,1020000000,nvhost_podgov,0,3,,47000,48312,48125,47687,47500,48312,4896,597,1433,0.350,19.286,6.750
4101344517366,50000112,20.000,20.000,729600,729600,1728000,schedutil,306000000,306000000,1020000000,nvhost_podgov,0,3,,47156,48343,48156,47593,47500,48343,4896,597,1433,0.350,19.290,6.630
4101394532198,50014832,19.994,20.000,729600,729600,1728000,schedutil,306000000,306000000,1020000000,nvhost_podgov,0,3,,47156,48281,48125,47656,47437,48375,4896,596,1433,0.340,19.285,6.550
4101444509173,49976975,20.009,20.000,729600,729600,1728000,schedutil,306000000,306000000,1020000000,nvhost_podgov,0,3,,47156,48312,48125,47656,47468,48312,4896,596,1433,0.393,19.285,7.560
4101494531269,50022096,19.991,20.000,729600,729600,1728000,schedutil,306000000,306000000,1020000000,nvhost_podgov,0,3,,47062,48375,48250,47750,47500,48375,4896,596,1433,0.367,19.288,6.550
4101544518773,49987504,20.005,20.000,729600,729600,1728000,schedutil,306000000,306000000,1020000000,nvhost_podgov,0,3,,47125,48531,48125,47687,47500,48531,4896,635,1433,0.340,19.284,6.550
4101594542789,50024016,19.990,20.000,729600,729600,1728000,schedutil,306000000,306000000,1020000000,nvhost_podgov,0,3,,47250,48312,48187,47718,47531,48312,4896,596,1433,0.350,19.284,6.750
4101644533717,49990928,20.004,20.000,729600,729600,1728000,schedutil,306000000,306000000,1020000000,nvhost_podgov,0,3,,47062,48375,48156,47593,47531,48375,4896,636,1433,0.360,19.288,6.750
4101694512740,49979023,20.008,20.000,729600,729600,1728000,schedutil,306000000,306000000,1020000000,nvhost_podgov,0,3,,47312,48593,48187,47625,47500,48593,4896,636,1433,0.361,19.264,6.960
4101744525684,50012944,19.995,20.000,729600,729600,1728000,schedutil,306000000,306000000,1020000000,nvhost_podgov,0,3,,47031,48312,48062,47750,47406,48312,4896,596,1433,0.347,19.281,6.690
4101794521124,49995440,20.002,20.000,729600,729600,1728000,schedutil,306000000,306000000,1020000000,nvhost_podgov,0,3,,47031,48406,48093,47625,47531,48406,4896,596,1433,0.352,19.286,6.520
4101844765880,50244756,19.903,20.000,729600,729600,1728000,schedutil,306000000,306000000,1020000000,nvhost_podgov,0,3,,47031,48562,48093,47687,47468,48562,4856,597,1433,0.345,19.282,6.660
4101894523363,49757483,20.097,20.000,729600,729600,1728000,schedutil,306000000,306000000,1020000000,nvhost_podgov,0,3,,47125,48343,48156,47593,47437,48343,4856,596,1433,0.355,19.286,6.850
4101944692822,50169459,19.932,20.000,729600,729600,1728000,schedutil,306000000,306000000,1020000000,nvhost_podgov,0,3,,47000,48406,48250,47562,47531,48406,4856,596,1433,0.385,19.286,6.870
4101994522755,49829933,20.068,20.000,729600,729600,1728000,schedutil,306000000,306000000,1020000000,nvhost_podgov,0,3,,47156,48593,48187,47562,47531,48593,4856,596,1433,0.343,19.281,6.600
4102044541139,50018384,19.993,20.000,729600,729600,1728000,schedutil,306000000,306000000,1020000000,nvhost_podgov,0,3,,47031,48312,48250,47625,47531,48218,4856,596,1433,0.354,19.284,6.820
4102094532930,49991791,20.003,20.000,729600,729600,1728000,schedutil,306000000,306000000,1020000000,nvhost_podgov,0,3,,47125,48531,48093,47593,47468,48531,4856,596,1433,0.349,19.284,6.600
4102144527954,49995024,20.002,20.000,729600,729600,1728000,schedutil,306000000,306000000,1020000000,nvhost_podgov,0,3,,47281,48625,48125,47656,47562,48625,4856,596,1433,0.341,19.285,6.580
4102194532258,50004304,19.998,20.000,729600,729600,1728000,schedutil,306000000,306000000,1020000000,nvhost_podgov,0,3,,47062,48281,48156,47718,47500,48281,4856,596,1433,0.360,19.281,6.940
4102244531122,49998864,20.000,20.000,729600,729600,1728000,schedutil,306000000,306000000,1020000000,nvhost_podgov,0,3,,47281,48531,48062,47625,47500,48531,4856,596,1433,0.357,19.286,6.630
4102294536609,50005487,19.998,20.000,729600,729600,1728000,schedutil,306000000,306000000,1020000000,nvhost_podgov,0,3,,47125,48312,48281,47718,47437,48312,4896,597,1433,0.388,19.274,7.460
4102344541425,50004816,19.998,20.000,729600,729600,1728000,schedutil,306000000,306000000,1020000000,nvhost_podgov,0,3,,47093,48250,48187,47625,47500,48250,4976,676,1433,0.354,19.285,6.820
4102394540897,49999472,20.000,20.000,729600,729600,1728000,schedutil,306000000,306000000,1020000000,nvhost_podgov,0,3,,47125,48500,48250,47718,47500,48500,4936,636,1433,0.349,19.285,6.720
4102444534641,49993744,20.003,20.000,729600,729600,1728000,schedutil,306000000,306000000,1020000000,nvhost_podgov,0,3,,47156,48250,48062,47593,47562,48250,4936,636,1433,0.357,19.288,6.900
4102494524480,49989839,20.004,20.000,729600,729600,1728000,schedutil,306000000,306000000,1020000000,nvhost_podgov,0,3,,46937,48312,48187,47625,47406,48312,4936,636,1433,0.385,19.280,7.160
4102544535056,50010576,19.996,20.000,729600,729600,1728000,schedutil,306000000,306000000,1020000000,nvhost_podgov,0,3,,47093,48531,48125,47781,47562,48531,4936,636,1433,0.345,19.285,6.660
4102594537056,50002000,19.999,20.000,729600,729600,1728000,schedutil,306000000,306000000,1020000000,nvhost_podgov,0,3,,47093,48250,48156,47687,47562,48250,4936,636,1433,0.351,19.286,6.770
4102644537199,50000143,20.000,20.000,729600,729600,1728000,schedutil,306000000,306000000,1020000000,nvhost_podgov,0,3,,47062,48312,48125,47750,47406,48312,4936,636,1433,0.349,19.281,6.990
4102694537567,50000368,20.000,20.000,729600,729600,1728000,schedutil,306000000,306000000,1020000000,nvhost_podgov,0,3,,47187,48593,48093,47593,47468,48593,4936,636,1433,0.376,19.286,7.260
4102744535439,49997872,20.001,20.000,729600,729600,1728000,schedutil,306000000,306000000,1020000000,nvhost_podgov,0,3,,46937,48218,48218,47781,47468,48218,4936,636,1433,0.344,19.285,6.630
4102794532415,49996976,20.001,20.000,729600,729600,1728000,schedutil,306000000,306000000,1020000000,nvhost_podgov,0,3,,47187,48218,48156,47625,47468,48218,4936,636,1433,0.364,19.291,6.550
4102844533774,50001359,19.999,20.000,729600,729600,1728000,schedutil,306000000,306000000,1020000000,nvhost_podgov,0,3,,47031,48656,48156,47656,47500,48312,4896,636,1433,0.343,19.288,6.600
4102894527646,49993872,20.002,20.000,729600,729600,1728000,schedutil,306000000,306000000,1020000000,nvhost_podgov,0,3,,47093,48218,48187,47531,47500,48218,4896,636,1433,0.345,19.286,6.660
4102944525517,49997871,20.001,20.000,729600,729600,1728000,schedutil,306000000,306000000,1020000000,nvhost_podgov,0,3,,47250,48312,48156,47562,47562,48312,4896,636,1433,0.393,19.281,6.940
4102994534205,50008688,19.997,20.000,729600,729600,1728000,schedutil,306000000,306000000,1020000000,nvhost_podgov,0,3,,47062,48187,48156,47781,47437,48281,4896,636,1433,0.344,19.282,6.630
4103044534381,50000176,20.000,20.000,729600,729600,1728000,schedutil,306000000,306000000,1020000000,nvhost_podgov,0,3,,47031,48218,48093,47656,47500,48218,4896,636,1433,0.350,19.284,6.750
4103094532381,49998000,20.001,20.000,729600,729600,1728000,schedutil,306000000,306000000,1020000000,nvhost_podgov,0,3,,46968,48281,48125,47781,47468,48281,4896,636,1433,0.349,19.285,6.550
4103144531756,49999375,20.000,20.000,729600,729600,1728000,schedutil,306000000,306000000,1020000000,nvhost_podgov,0,3,,47187,48312,48187,47562,47500,48343,4896,636,1433,0.346,19.286,6.680
4103194534460,50002704,19.999,20.000,729600,729600,1728000,schedutil,306000000,306000000,1020000000,nvhost_podgov,0,3,,47062,48312,48218,47593,47437,48312,4896,636,1433,0.378,19.279,7.280
4103244534604,50000144,20.000,20.000,729600,729600,1728000,schedutil,306000000,306000000,1020000000,nvhost_podgov,0,3,,47125,48281,48125,47593,47531,48281,4896,636,1433,0.352,19.289,6.580
4103294532284,49997680,20.001,20.000,729600,729600,1728000,schedutil,306000000,306000000,1020000000,nvhost_podgov,0,3,,47000,48312,48281,47656,47531,48312,4896,636,1433,0.341,19.282,6.580
4103344536139,50003855,19.998,20.000,729600,729600,1728000,schedutil,306000000,306000000,1020000000,nvhost_podgov,0,3,,47093,48187,48093,47781,47531,48187,4896,636,1433,0.351,19.277,6.770
4103394535931,49999792,20.000,20.000,729600,729600,1728000,schedutil,306000000,306000000,1020000000,nvhost_podgov,0,3,,47156,48312,48250,47718,47531,48312,4896,636,1433,0.351,19.285,6.580
4103444532779,49996848,20.001,20.000,729600,729600,1728000,schedutil,306000000,306000000,1020000000,nvhost_podgov,0,3,,47062,48312,48125,47750,47406,48312,4896,636,1433,0.354,19.286,6.820
4103494531418,49998639,20.001,20.000,729600,729600,1728000,schedutil,306000000,306000000,1020000000,nvhost_podgov,0,3,,47218,48250,48156,47625,47562,48250,4896,636,1433,0.349,19.285,6.580
4103544533322,50001904,19.999,20.000,729600,729600,1728000,schedutil,306000000,306000000,1020000000,nvhost_podgov,0,3,,47031,48218,48093,47593,47531,48218,4896,636,1433,0.341,19.285,6.580
4103594535162,50001840,19.999,20.000,729600,729600,1728000,schedutil,306000000,306000000,1020000000,nvhost_podgov,0,3,,47281,48375,48156,47687,47531,48375,4896,636,1433,0.345,19.285,6.660
4103644536873,50001711,19.999,20.000,729600,729600,1728000,schedutil,306000000,306000000,1020000000,nvhost_podgov,0,3,,47218,48312,48187,47656,47562,48312,4896,636,1433,0.369,19.284,6.820
4103694521945,49985072,20.006,20.000,729600,729600,1728000,schedutil,306000000,306000000,1020000000,nvhost_podgov,0,3,,47093,48312,48125,47593,47500,48312,4896,636,1433,0.378,19.271,7.270
4103744527945,50006000,19.998,20.000,729600,729600,1728000,schedutil,306000000,306000000,1020000000,nvhost_podgov,0,3,,47250,48406,48218,47625,47562,48406,4896,636,1433,0.365,19.281,7.040
4103794536344,50008399,19.997,20.000,729600,729600,1728000,schedutil,306000000,306000000,1020000000,nvhost_podgov,0,3,,47062,48250,48125,47562,47468,48468,4896,636,1433,0.380,19.281,7.130
4103844537128,50000784,20.000,20.000,729600,729600,1728000,schedutil,306000000,306000000,1020000000,nvhost_podgov,0,3,,47000,48343,48062,47593,47531,48343,4896,636,1433,0.380,19.280,6.940
4103894534008,49996880,20.001,20.000,729600,729600,1728000,schedutil,306000000,306000000,1020000000,nvhost_podgov,0,3,,47093,48406,48125,47718,47468,48406,4896,636,1433,0.361,19.280,6.960
4103944517447,49983439,20.007,20.000,729600,729600,1728000,schedutil,306000000,306000000,1020000000,nvhost_podgov,0,3,,47125,48375,48093,47656,47500,48531,4896,636,1433,0.406,19.279,7.450
4103994535735,50018288,19.993,20.000,729600,729600,1728000,schedutil,306000000,306000000,1020000000,nvhost_podgov,0,3,,47062,48312,48093,47750,47531,48312,4896,636,1433,0.381,19.284,7.350
4104044537479,50001744,19.999,20.000,729600,729600,1728000,schedutil,306000000,306000000,1020000000,nvhost_podgov,0,3,,47125,48343,48093,47593,47531,48343,4896,636,1433,0.367,19.279,7.090
4104094533910,49996431,20.001,20.000,729600,729600,1728000,schedutil,306000000,306000000,1020000000,nvhost_podgov,0,3,,47031,48468,48218,47687,47531,48468,4896,636,1433,0.385,19.284,6.940
4104144531942,49998032,20.001,20.000,729600,729600,1728000,schedutil,306000000,306000000,1020000000,nvhost_podgov,0,3,,47062,48343,48156,47562,47562,48343,4896,597,1433,0.395,19.282,7.620
4104194519893,49987951,20.005,20.000,729600,729600,1728000,schedutil,306000000,306000000,1020000000,nvhost_podgov,0,3,,47156,48406,48218,47562,47531,48406,4896,597,1433,0.403,19.280,7.920
4104244532645,50012752,19.995,20.000,729600,729600,1728000,schedutil,306000000,306000000,1020000000,nvhost_podgov,0,3,,47093,48562,48093,47562,47468,48562,4896,636,1433,0.372,19.281,6.900
4104294530837,49998192,20.001,20.000,729600,729600,1728000,schedutil,306000000,306000000,1020000000,nvhost_podgov,0,3,,47218,48343,48125,47625,47562,48343,4896,636,1433,0.360,19.280,6.940
4104344536709,50005872,19.998,20.000,729600,729600,1728000,schedutil,306000000,306000000,1020000000,nvhost_podgov,0,3,,47062,48437,48062,47656,47531,48437,4896,636,1433,0.386,19.280,7.450
4104394534932,49998223,20.001,20.000,729600,729600,1728000,schedutil,306000000,306000000,1020000000,nvhost_podgov,0,3,,47031,48593,48187,47593,47500,48593,4896,597,1433,0.380,19.281,6.940
4104444532516,49997584,20.001,20.000,729600,729600,1728000,schedutil,306000000,306000000,1020000000,nvhost_podgov,0,3,,47062,48437,48250,47718,47437,48437,4896,597,1433,0.367,19.273,7.080
4104494533044,50000528,20.000,20.000,729600,729600,1728000,schedutil,306000000,306000000,1020000000,nvhost_podgov,0,3,,47125,48468,48156,47625,47562,48468,4896,597,1433,0.366,19.279,7.070
4104544531427,49998383,20.001,20.000,729600,729600,1728000,schedutil,306000000,306000000,1020000000,nvhost_podgov,0,3,,47000,48250,48156,47593,47531,48250,4896,597,1433,0.360,19.275,6.940
4104594534099,50002672,19.999,20.000,729600,729600,1728000,schedutil,306000000,306000000,1020000000,nvhost_podgov,0,3,,47156,48406,48125,47625,47468,48250,4896,597,1433,0.361,19.276,6.960
4104644537347,50003248,19.999,20.000,729600,729600,1728000,schedutil,306000000,306000000,1020000000,nvhost_podgov,0,3,,47062,48531,48187,47656,47531,48531,4896,636,1433,0.371,19.280,7.160
4104694528050,49990703,20.004,20.000,729600,729600,1728000,schedutil,306000000,306000000,1020000000,nvhost_podgov,0,3,,47031,48187,48062,47781,47468,48187,4896,636,1433,0.406,19.281,7.830
4104744526114,49998064,20.001,20.000,729600,729600,1728000,schedutil,306000000,306000000,1020000000,nvhost_podgov,0,3,,47125,48343,48125,47625,47531,48250,4896,597,1433,0.369,19.280,7.100
4104794532561,50006447,19.997,20.000,729600,729600,1728000,schedutil,306000000,306000000,1020000000,nvhost_podgov,0,3,,47062,48531,48093,47718,47468,48531,4896,597,1433,0.372,19.282,7.180
4104844537281,50004720,19.998,20.000,729600,729600,1728000,schedutil,306000000,306000000,1020000000,nvhost_podgov,0,3,,47218,48250,48093,47625,47500,48250,4896,597,1433,0.361,19.281,6.960
4104894534705,49997424,20.001,20.000,729600,729600,1728000,schedutil,306000000,306000000,1020000000,nvhost_podgov,0,3,,47062,48312,48218,47656,47531,48312,4896,597,1433,0.361,19.281,6.960
4104944529216,49994511,20.002,20.000,729600,729600,1728000,schedutil,306000000,306000000,1020000000,nvhost_podgov,0,3,,47062,48562,48093,47562,47500,48562,4896,597,1433,0.386,19.276,7.210
4104994535600,50006384,19.997,20.000,729600,729600,1728000,schedutil,306000000,306000000,1020000000,nvhost_podgov,0,3,,47187,48250,48187,47687,47531,48250,4896,596,1433,0.357,19.281,6.900
4105044532800,49997200,20.001,20.000,729600,729600,1728000,schedutil,306000000,306000000,1020000000,nvhost_podgov,0,3,,47093,48281,48093,47625,47500,48281,4896,597,1433,0.403,19.274,7.760
4105094531887,49999087,20.000,20.000,729600,729600,1728000,schedutil,306000000,306000000,1020000000,nvhost_podgov,0,3,,47218,48625,48187,47593,47562,48625,4896,596,1433,0.360,19.288,6.800
4105144534495,50002608,19.999,20.000,729600,729600,1728000,schedutil,306000000,306000000,1020000000,nvhost_podgov,0,3,,47062,48156,48156,47718,47468,48156,4856,597,1433,0.355,19.285,6.850
4105194520110,49985615,20.006,20.000,729600,729600,1728000,schedutil,306000000,306000000,1020000000,nvhost_podgov,0,3,,47031,48312,48218,47625,47531,48312,4856,597,1433,0.374,19.282,7.210
4105244535710,50015600,19.994,20.000,729600,729600,1728000,schedutil,306000000,306000000,1020000000,nvhost_podgov,0,3,,47031,48218,48250,47750,47468,48250,4856,597,1433,0.357,19.289,6.660
4105294536110,50000400,20.000,20.000,729600,729600,1728000,schedutil,306000000,306000000,1020000000,nvhost_podgov,0,3,,47125,48312,48062,47562,47468,48312,4856,597,1433,0.344,19.286,6.630
4105344540734,50004624,19.998,20.000,729600,729600,1728000,schedutil,306000000,306000000,1020000000,nvhost_podgov,0,3,,46937,48312,48218,47687,47437,48312,4896,597,1433,0.357,19.286,6.900
4105394533901,49993167,20.003,20.000,729600,729600,1728000,schedutil,306000000,306000000,1020000000,nvhost_podgov,0,3,,47250,48218,48093,47593,47468,48218,4896,597,1433,0.354,19.288,6.680
4105444519804,49985903,20.006,20.000,729600,729600,1728000,schedutil,306000000,306000000,1020000000,nvhost_podgov,0,3,,47062,48156,48187,47750,47468,48187,4896,597,1433,0.351,19.279,6.770
4105494530380,50010576,19.996,20.000,729600,729600,1728000,schedutil,306000000,306000000,1020000000,nvhost_podgov,0,3,,47031,48250,48125,47781,47531,48250,4896,597,1433,0.346,19.284,6.680
4105544531516,50001136,20.000,20.000,729600,729600,1728000,schedutil,306000000,306000000,1020000000,nvhost_podgov,0,3,,47218,48281,48187,47625,47562,48343,4896,597,1433,0.354,19.282,6.690
4105594531435,49999919,20.000,20.000,729600,729600,1728000,schedutil,306000000,306000000,1020000000,nvhost_podgov,0,3,,47062,48250,48156,47718,47468,48250,4896,636,1433,0.341,19.285,6.580
4105644536219,50004784,19.998,20.000,729600,729600,1728000,schedutil,306000000,306000000,1020000000,nvhost_podgov,0,3,,47218,48312,48125,47687,47500,48312,4896,636,1433,0.352,19.291,6.800
4105694528523,49992304,20.003,20.000,729600,729600,1728000,schedutil,306000000,306000000,1020000000,nvhost_podgov,0,3,,47000,48281,48281,47625,47437,48312,4896,636,1433,0.371,19.275,7.160
4105744522010,49993487,20.003,20.000,729600,729600,1728000,schedutil,306000000,306000000,1020000000,nvhost_podgov,0,3,,47031,48250,48250,47625,47531,48250,4896,635,1433,0.343,19.288,6.600
4105794530314,50008304,19.997,20.000,729600,729600,1728000,schedutil,306000000,306000000,1020000000,nvhost_podgov,0,3,,47156,48343,48250,47687,47468,48343,4896,635,1433,0.345,19.286,6.660
4105844530681,50000367,20.000,20.000,729600,729600,1728000,schedutil,306000000,306000000,1020000000,nvhost_podgov,0,3,,47062,48343,48156,47687,47468,48343,4896,597,1433,0.346,19.284,6.680
4105894529257,49998576,20.001,20.000,729600,729600,1728000,schedutil,306000000,306000000,1020000000,nvhost_podgov,0,3,,46968,48281,48218,47625,47531,48281,4896,597,1433,0.344,19.284,6.630
4105944530137,50000880,20.000,20.000,729600,729600,1728000,schedutil,306000000,306000000,1020000000,nvhost_podgov,0,3,,47000,48312,48093,47750,47500,48312,4896,597,1433,0.371,19.277,7.210
4105994534152,50004015,19.998,20.000,729600,729600,1728000,schedutil,306000000,306000000,1020000000,nvhost_podgov,0,3,,47062,48343,48125,47593,47500,48343,4896,597,1433,0.362,19.288,6.730
4106044541432,50007280,19.997,20.000,729600,729600,1728000,schedutil,306000000,306000000,1020000000,nvhost_podgov,0,3,,47000,48281,48343,47781,47500,48343,4896,597,1433,0.349,19.284,6.720
4106094537416,49995984,20.002,20.000,729600,729600,1728000,schedutil,306000000,306000000,1020000000,nvhost_podgov,0,3,,47125,48343,48125,47593,47437,48343,4896,597,1433,0.350,19.288,6.630
4106144524951,49987535,20.005,20.000,729600,729600,1728000,schedutil,306000000,306000000,1020000000,nvhost_podgov,0,3,,46937,48437,48218,47750,47531,48437,4896,596,1433,0.357,19.285,6.900
4106194538247,50013296,19.995,20.000,729600,729600,1728000,schedutil,306000000,306000000,1020000000,nvhost_podgov,0,3,,47156,48312,48125,47562,47468,48312,4896,596,1433,0.350,19.288,6.750
4106244540374,50002127,19.999,20.000,729600,729600,1728000,schedutil,306000000,306000000,1020000000,nvhost_podgov,0,3,,47031,48343,48156,47656,47531,48343,4896,597,1433,0.347,19.289,6.600
4106294535974,49995600,20.002,20.000,729600,729600,1728000,schedutil,306000000,306000000,1020000000,nvhost_podgov,0,3,,47093,48375,48125,47781,47468,48375,4896,597,1433,0.344,19.288,6.630
4106344527381,49991407,20.003,20.000,729600,729600,1728000,schedutil,306000000,306000000,1020000000,nvhost_podgov,0,3,,47218,48312,48156,47687,47500,48531,4856,597,1433,0.354,19.282,6.820
4106394529893,50002512,19.999,20.000,729600,729600,1728000,schedutil,306000000,306000000,1020000000,nvhost_podgov,0,3,,47062,48406,48093,47750,47500,48406,4896,597,1433,0.357,19.289,6.490
4106444531797,50001904,19.999,20.000,729600,729600,1728000,schedutil,306000000,306000000,1020000000,nvhost_podgov,0,3,,47343,48406,48125,47625,47562,48406,4896,597,1433,0.345,19.280,6.660
4106494529604,49997807,20.001,20.000,729600,729600,1728000,schedutil,306000000,306000000,1020000000,nvhost_podgov,0,3,,47031,48281,48093,47687,47531,48625,4896,597,1433,0.351,19.285,6.770
4106544530068,50000464,20.000,20.000,729600,729600,1728000,schedutil,306000000,306000000,1020000000,nvhost_podgov,0,3,,47062,48406,48093,47593,47375,48406,4896,596,1433,0.401,19.280,7.500
4106594536867,50006799,19.997,20.000,729600,729600,1728000,schedutil,306000000,306000000,1020000000,nvhost_podgov,0,3,,47062,48500,48093,47718,47500,48500,4896,597,1433,0.339,19.289,6.530
4106644527507,49990640,20.004,20.000,729600,729600,1728000,schedutil,306000000,306000000,1020000000,nvhost_podgov,0,3,,47250,48625,48156,47625,47531,48625,4896,597,1433,0.361,19.281,6.960
4106694536674,50009167,19.996,20.000,729600,729600,1728000,schedutil,306000000,306000000,1020000000,nvhost_podgov,0,3,,47031,48437,48125,47687,47531,48437,4896,597,1433,0.365,19.285,6.630
4106744535058,49998384,20.001,20.000,729600,729600,1728000,schedutil,306000000,306000000,1020000000,nvhost_podgov,0,3,,47031,48531,48062,47781,47531,48531,4896,636,1433,0.344,19.280,6.630
4106794533089,49998031,20.001,20.000,729600,729600,1728000,schedutil,306000000,306000000,1020000000,nvhost_podgov,0,3,,47156,48250,48218,47687,47531,48250,4896,635,1433,0.356,19.288,6.870
4106844530897,49997808,20.001,20.000,729600,729600,1728000,schedutil,306000000,306000000,1020000000,nvhost_podgov,0,3,,47062,48406,48125,47687,47500,48406,4896,636,1433,0.360,19.285,6.390
4106894519776,49988879,20.004,20.000,729600,729600,1728000,schedutil,306000000,306000000,1020000000,nvhost_podgov,0,3,,47250,48500,48156,47656,47500,48500,4896,636,1433,0.340,19.289,6.550
4106944533648,50013872,19.994,20.000,729600,729600,1728000,schedutil,306000000,306000000,1020000000,nvhost_podgov,0,3,,46968,48250,48062,47687,47468,48250,4896,636,1433,0.380,19.286,6.870
4106994531840,49998192,20.001,20.000,729600,729600,1728000,schedutil,306000000,306000000,1020000000,nvhost_podgov,0,3,,47312,48406,48062,47562,47468,48406,4896,636,1433,0.360,19.285,6.530
4107044530639,49998799,20.000,20.000,729600,729600,1728000,schedutil,306000000,306000000,1020000000,nvhost_podgov,0,3,,47062,48468,48187,47718,47468,48468,4896,636,1433,0.346,19.284,6.680
4107094532671,50002032,19.999,20.000,729600,729600,1728000,schedutil,306000000,306000000,1020000000,nvhost_podgov,0,3,,47093,48187,48062,47593,47500,48187,4896,597,1433,0.356,19.288,6.600
4107144541871,50009200,19.996,20.000,729600,729600,1728000,schedutil,306000000,306000000,1020000000,nvhost_podgov,0,3,,47218,48437,48156,47593,47593,48437,4896,596,1433,0.344,19.285,6.630
4107194534142,49992271,20.003,20.000,729600,729600,1728000,schedutil,306000000,306000000,1020000000,nvhost_podgov,0,3,,47125,48625,48125,47781,47562,48625,4896,596,1433,0.351,19.285,6.770
4107244534478,50000336,20.000,20.000,729600,729600,1728000,schedutil,306000000,306000000,1020000000,nvhost_podgov,0,3,,47062,48218,48062,47656,47500,48218,4896,597,1433,0.351,19.290,6.600
4107294537725,50003247,19.999,20.000,729600,729600,1728000,schedutil,306000000,306000000,1020000000,nvhost_podgov,0,3,,47093,48531,48093,47718,47500,48250,4896,597,1433,0.395,19.280,7.620
4107344539853,50002128,19.999,20.000,729600,729600,1728000,schedutil,306000000,306000000,1020000000,nvhost_podgov,0,3,,47156,48625,48125,47593,47500,48625,4976,636,1433,0.356,19.288,6.870
4107394528060,49988207,20.005,20.000,729600,729600,1728000,schedutil,306000000,306000000,1020000000,nvhost_podgov,0,3,,47093,48281,48125,47750,47468,48281,4936,636,1433,0.384,19.284,7.400
4107444524844,49996784,20.001,20.000,729600,729600,1728000,schedutil,306000000,306000000,1020000000,nvhost_podgov,0,3,,47218,48406,48156,47593,47500,48312,4936,636,1433,0.345,19.289,6.660
4107494533659,50008815,19.996,20.000,729600,729600,1728000,schedutil,306000000,306000000,1020000000,nvhost_podgov,0,3,,47000,48218,48187,47687,47562,48218,4936,636,1433,0.346,19.284,6.680
4107544531467,49997808,20.001,20.000,729600,729600,1728000,schedutil,306000000,306000000,1020000000,nvhost_podgov,0,3,,47093,48312,48187,47562,47531,48312,4936,636,1433,0.351,19.286,6.550
4107594536730,50005263,19.998,20.000,729600,729600,1728000,schedutil,306000000,306000000,1020000000,nvhost_podgov,0,3,,47218,48250,48031,47656,47500,48250,4936,636,1433,0.340,19.282,6.550
4107644538346,50001616,19.999,20.000,729600,729600,1728000,schedutil,306000000,306000000,1020000000,nvhost_podgov,0,3,,47125,48250,48187,47718,47531,48250,4936,636,1433,0.385,19.285,7.420
4107694541177,50002831,19.999,20.000,729600,729600,1728000,schedutil,306000000,306000000,1020000000,nvhost_podgov,0,3,,47156,48281,48187,47593,47500,48281,4936,635,1433,0.350,19.285,6.500
4107744536905,49995728,20.002,20.000,729600,729600,1728000,schedutil,306000000,306000000,1020000000,nvhost_podgov,0,3,,47031,48343,48062,47718,47500,48343,4936,635,1433,0.343,19.286,6.600
4107794539032,50002127,19.999,20.000,729600,729600,1728000,schedutil,306000000,306000000,1020000000,nvhost_podgov,0,3,,47062,48250,48125,47593,47500,48250,4936,636,1433,0.349,19.288,6.720
4107844536488,49997456,20.001,20.000,729600,729600,1728000,schedutil,306000000,306000000,1020000000,nvhost_podgov,0,3,,47000,48281,48250,47750,47500,48281,4936,636,1433,0.365,19.288,6.660
4107894517783,49981295,20.007,20.000,729600,729600,1728000,schedutil,306000000,306000000,1020000000,nvhost_podgov,0,3,,47187,48312,48125,47625,47500,48312,4936,636,1433,0.375,19.276,7.230
4107944523431,50005648,19.998,20.000,729600,729600,1728000,schedutil,306000000,306000000,1020000000,nvhost_podgov,0,3,,47312,48281,48218,47625,47593,48343,4896,636,1433,0.350,19.286,6.720
4107994533302,50009871,19.996,20.000,729600,729600,1728000,schedutil,306000000,306000000,1020000000,nvhost_podgov,0,3,,47156,48281,48156,47593,47437,48281,4896,635,1433,0.336,19.288,6.490
4108044539142,50005840,19.998,20.000,729600,729600,1728000,schedutil,306000000,306000000,1020000000,nvhost_podgov,0,3,,47062,48312,48125,47625,47500,48312,4896,635,1433,0.333,19.284,6.410
4108094536310,49997168,20.001,20.000,729600,729600,1728000,schedutil,306000000,306000000,1020000000,nvhost_podgov,0,3,,47031,48281,48187,47750,47406,48343,4896,596,1433,0.357,19.290,6.540
4108144534277,49997967,20.001,20.000,729600,729600,1728000,schedutil,306000000,306000000,1020000000,nvhost_podgov,0,3,,47062,48312,48218,47656,47531,48312,4896,596,1433,0.371,19.285,7.160
4108194535925,50001648,19.999,20.000,729600,729600,1728000,schedutil,306000000,306000000,1020000000,nvhost_podgov,0,3,,47000,48406,48187,47718,47406,48406,4896,597,1433,0.344,19.284,6.630
4108244537220,50001295,19.999,20.000,729600,729600,1728000,schedutil,306000000,306000000,1020000000,nvhost_podgov,0,3,,47250,48218,48093,47625,47468,48375,4896,596,1433,0.357,19.289,6.750
4108294530004,49992784,20.003,20.000,729600,729600,1728000,schedutil,306000000,306000000,1020000000,nvhost_podgov,0,3,,47062,48312,48281,47593,47500,48312,4896,596,1433,0.344,19.285,6.630
4108344538627,50008623,19.997,20.000,729600,729600,1728000,schedutil,306000000,306000000,1020000000,nvhost_podgov,0,3,,47125,48312,48187,47593,47562,48312,4896,597,1433,0.346,19.285,6.680
4108394532563,49993936,20.002,20.000,729600,729600,1728000,schedutil,306000000,306000000,1020000000,nvhost_podgov,0,3,,47218,48468,48187,47656,47562,48468,4896,597,1433,0.352,19.286,6.800
4108444531746,49999183,20.000,20.000,729600,729600,1728000,schedutil,306000000,306000000,1020000000,nvhost_podgov,0,3,,47062,48343,48125,47593,47531,48343,4936,635,1433,0.347,19.288,6.710
4108494536370,50004624,19.998,20.000,729600,729600,1728000,schedutil,306000000,306000000,1020000000,nvhost_podgov,0,3,,47250,48375,48125,47656,47531,48375,4896,636,1433,0.351,19.286,6.770
4108544536449,50000079,20.000,20.000,729600,729600,1728000,schedutil,306000000,306000000,1020000000,nvhost_podgov,0,3,,47000,48343,48062,47718,47562,48343,4896,636,1433,0.356,19.290,6.660
4108594534673,49998224,20.001,20.000,729600,729600,1728000,schedutil,306000000,306000000,1020000000,nvhost_podgov,0,3,,47093,48343,48187,47687,47562,48343,4936,635,1433,0.345,19.288,6.660
4108644531776,49997103,20.001,20.000,729600,729600,1728000,schedutil,306000000,306000000,1020000000,nvhost_podgov,0,3,,47062,48375,48250,47625,47500,48375,4936,635,1433,0.374,19.286,7.210
4108694533360,50001584,19.999,20.000,729600,729600,1728000,schedutil,306000000,306000000,1020000000,nvhost_podgov,0,3,,47156,48468,48062,47593,47531,48468,4896,636,1433,0.354,19.288,6.820
4108744531615,49998255,20.001,20.000,729600,729600,1728000,schedutil,306000000,306000000,1020000000,nvhost_podgov,0,3,,46968,48343,48125,47687,47500,48562,4896,636,1433,0.339,19.284,6.530
4108794537775,50006160,19.998,20.000,729600,729600,1728000,schedutil,306000000,306000000,1020000000,nvhost_podgov,0,3,,47125,48406,48125,47531,47468,48406,4896,636,1433,0.371,19.284,7.160
4108844527870,49990095,20.004,20.000,729600,729600,1728000,schedutil,306000000,306000000,1020000000,nvhost_podgov,0,3,,47062,48406,48218,47656,47437,48406,4896,636,1433,0.376,19.280,6.960
4108894530989,50003119,19.999,20.000,729600,729600,1728000,schedutil,306000000,306000000,1020000000,nvhost_podgov,0,3,,47062,48312,48125,47750,47500,48625,4896,636,1433,0.403,19.279,7.760
4108944524509,49993520,20.003,20.000,729600,729600,1728000,schedutil,306000000,306000000,1020000000,nvhost_podgov,0,3,,47187,48375,48125,47687,47593,48375,4896,636,1433,0.369,19.282,7.120
4108994535244,50010735,19.996,20.000,729600,729600,1728000,schedutil,306000000,306000000,1020000000,nvhost_podgov,0,3,,47062,48500,48187,47718,47437,48500,4896,636,1433,0.371,19.280,7.130
4109044542044,50006800,19.997,20.000,729600,729600,1728000,schedutil,306000000,306000000,1020000000,nvhost_podgov,0,3,,47250,48375,48250,47593,47531,48250,4896,636,1433,0.378,19.277,6.910
4109094532011,49989967,20.004,20.000,729600,729600,1728000,schedutil,306000000,306000000,1020000000,nvhost_podgov,0,3,,47031,48500,48218,47718,47468,48500,4896,636,1433,0.372,19.285,7.180
4109144534651,50002640,19.999,20.000,729600,729600,1728000,schedutil,306000000,306000000,1020000000,nvhost_podgov,0,3,,47093,48562,48187,47625,47500,48562,4896,636,1433,0.400,19.276,7.710
4109194530794,49996143,20.002,20.000,729600,729600,1728000,schedutil,306000000,306000000,1020000000,nvhost_podgov,0,3,,47187,48250,48250,47687,47562,48250,4896,636,1433,0.372,19.281,7.180
4109244536058,50005264,19.998,20.000,729600,729600,1728000,schedutil,306000000,306000000,1020000000,nvhost_podgov,0,3,,47156,48437,48093,47656,47531,48437,4896,636,1433,0.372,19.286,7.180
4109294531785,49995727,20.002,20.000,729600,729600,1728000,schedutil,306000000,306000000,1020000000,nvhost_podgov,0,3,,47062,48625,48187,47625,47531,48625,4896,636,1433,0.365,19.280,7.040
4109344535833,50004048,19.998,20.000,729600,729600,1728000,schedutil,306000000,306000000,1020000000,nvhost_podgov,0,3,,47031,48312,48125,47812,47437,48312,4896,596,1433,0.370,19.284,7.130
4109394523880,49988047,20.005,20.000,729600,729600,1728000,schedutil,306000000,306000000,1020000000,nvhost_podgov,0,3,,47062,48468,48218,47625,47500,48468,4896,596,1433,0.385,19.277,7.010
4109444536120,50012240,19.995,20.000,729600,729600,1728000,schedutil,306000000,306000000,1020000000,nvhost_podgov,0,3,,47062,48500,48218,47750,47437,48500,4896,597,1433,0.361,19.280,6.960
4109494527879,49991759,20.003,20.000,729600,729600,1728000,schedutil,306000000,306000000,1020000000,nvhost_podgov,0,3,,47156,48250,48187,47656,47437,48250,4896,596,1433,0.378,19.279,7.010
4109544526551,49998672,20.001,20.000,729600,729600,1728000,schedutil,306000000,306000000,1020000000,nvhost_podgov,0,3,,47000,48437,48281,47718,47468,48437,4896,597,1433,0.371,19.284,7.120
4109594527942,50001391,19.999,20.000,729600,729600,1728000,schedutil,306000000,306000000,1020000000,nvhost_podgov,0,3,,47125,48625,48125,47656,47531,48625,4896,597,1433,0.365,19.280,7.040
4109644532342,50004400,19.998,20.000,729600,729600,1728000,schedutil,306000000,306000000,1020000000,nvhost_podgov,0,3,,47000,48281,48125,47656,47531,48281,4896,597,1433,0.381,19.280,7.350
4109694550917,50018575,19.993,20.000,729600,729600,1728000,schedutil,306000000,306000000,1020000000,nvhost_podgov,0,3,,47062,48531,48062,47781,47468,48343,4896,597,1433,0.386,19.285,6.990
4109744528692,49977775,20.009,20.000,729600,729600,1728000,schedutil,306000000,306000000,1020000000,nvhost_podgov,0,3,,47218,48218,48187,47625,47562,48218,4896,636,1433,0.362,19.281,6.990
4109794526052,49997360,20.001,20.000,729600,729600,1728000,schedutil,306000000,306000000,1020000000,nvhost_podgov,0,3,,47031,48250,48187,47781,47437,48250,4896,597,1433,0.375,19.281,7.230
4109844522387,49996335,20.001,20.000,729600,729600,1728000,schedutil,306000000,306000000,1020000000,nvhost_podgov,0,3,,47250,48468,48125,47625,47531,48312,4896,596,1433,0.365,19.281,6.910
4109894512194,49989807,20.004,20.000,729600,729600,1728000,schedutil,306000000,306000000,1020000000,nvhost_podgov,0,3,,47031,48250,48281,47750,47562,48281,4896,596,1433,0.400,19.277,7.710
4109944539442,50027248,19.989,20.000,729600,729600,1728000,schedutil,306000000,306000000,1020000000,nvhost_podgov,0,3,,47062,48312,48093,47656,47468,48312,4896,597,1433,0.376,19.280,7.260
4109994533602,49994160,20.002,20.000,729600,729600,1728000,schedutil,306000000,306000000,1020000000,nvhost_podgov,0,3,,47187,48531,48218,47687,47500,48250,4896,596,1433,0.369,19.282,7.090
4110044533393,49999791,20.000,20.000,729600,729600,1728000,schedutil,306000000,306000000,1020000000,nvhost_podgov,0,3,,47156,48281,48093,47562,47500,48281,4896,596,1433,0.361,19.282,6.960
4110094524160,49990767,20.004,20.000,729600,729600,1728000,schedutil,306000000,306000000,1020000000,nvhost_podgov,0,3,,47031,48343,48125,47593,47500,48343,4896,597,1433,0.406,19.276,7.780
4110144594033,50069873,19.972,20.000,729600,729600,1728000,schedutil,306000000,306000000,1020000000,nvhost_podgov,0,3,,47062,48312,48156,47718,47531,48312,4896,597,1433,0.351,19.277,7.160
4110194532991,49938958,20.024,20.000,729600,729600,1728000,schedutil,306000000,306000000,1020000000,nvhost_podgov,0,3,,47156,48218,48156,47625,47500,48218,4896,597,1433,0.344,19.276,6.630
4110244539311,50006320,19.997,20.000,729600,729600,1728000,schedutil,306000000,306000000,1020000000,nvhost_podgov,0,3,,47062,48218,48125,47750,47531,48218,4856,596,1433,0.350,19.290,6.750
4110294528958,49989647,20.004,20.000,729600,729600,1728000,schedutil,306000000,306000000,1020000000,nvhost_podgov,0,3,,47156,48343,48187,47562,47531,48343,4856,596,1433,0.343,19.288,6.600
4110344528078,49999120,20.000,20.000,729600,729600,1728000,schedutil,306000000,306000000,1020000000,nvhost_podgov,0,3,,46968,48281,48218,47718,47468,48281,4856,597,1433,0.345,19.286,6.660
4110394513373,49985295,20.006,20.000,729600,729600,1728000,schedutil,306000000,306000000,1020000000,nvhost_podgov,0,3,,47031,48312,48125,47625,47500,48312,4856,597,1433,0.385,19.279,6.660
4110444539853,50026480,19.989,20.000,729600,729600,1728000,schedutil,306000000,306000000,1020000000,nvhost_podgov,0,3,,47156,48312,48156,47625,47500,48312,4856,597,1433,0.335,19.285,6.460
4110494529052,49989199,20.004,20.000,729600,729600,1728000,schedutil,306000000,306000000,1020000000,nvhost_podgov,0,3,,47093,48343,48156,47625,47531,48343,4856,597,1433,0.346,19.289,6.680
4110544529483,50000431,20.000,20.000,729600,729600,1728000,schedutil,306000000,306000000,1020000000,nvhost_podgov,0,3,,47281,48312,48187,47687,47468,48312,4856,596,1433,0.351,19.289,6.550
4110594533211,50003728,19.999,20.000,729600,729600,1728000,schedutil,306000000,306000000,1020000000,nvhost_podgov,0,3,,47000,48406,48156,47750,47468,48406,4856,596,1433,0.385,19.281,7.420
4110644517738,49984527,20.006,20.000,729600,729600,1728000,schedutil,306000000,306000000,1020000000,nvhost_podgov,0,3,,47031,48437,48125,47625,47531,48437,4856,596,1433,0.370,19.282,7.450
4110694533978,50016240,19.994,20.000,729600,729600,1728000,schedutil,306000000,306000000,1020000000,nvhost_podgov,0,3,,47031,48312,48062,47750,47468,48312,4896,597,1433,0.347,19.290,6.490
4110744531113,49997135,20.001,20.000,729600,729600,1728000,schedutil,306000000,306000000,1020000000,nvhost_podgov,0,3,,47125,48343,48187,47593,47500,48343,4896,596,1433,0.338,19.288,6.520
4110794530553,49999440,20.000,20.000,729600,729600,1728000,schedutil,306000000,306000000,1020000000,nvhost_podgov,0,3,,47312,48250,48250,47781,47531,48437,4856,596,1433,0.349,19.282,6.720
4110844527528,49996975,20.001,20.000,729600,729600,1728000,schedutil,306000000,306000000,1020000000,nvhost_podgov,0,3,,47093,48343,48156,47593,47437,48343,4856,596,1433,0.355,19.289,6.360
4110894531607,50004079,19.998,20.000,729600,729600,1728000,schedutil,306000000,306000000,1020000000,nvhost_podgov,0,3,,47031,48406,48156,47593,47562,48406,4856,596,1433,0.349,19.285,6.720
4110944526119,49994512,20.002,20.000,729600,729600,1728000,schedutil,306000000,306000000,1020000000,nvhost_podgov,0,3,,47031,48406,48156,47562,47468,48406,4856,596,1433,0.355,19.285,6.850
4110994525526,49999407,20.000,20.000,729600,729600,1728000,schedutil,306000000,306000000,1020000000,nvhost_podgov,0,3,,47218,48281,48187,47593,47468,48281,4856,596,1433,0.354,19.289,6.600
4111044530342,50004816,19.998,20.000,729600,729600,1728000,schedutil,306000000,306000000,1020000000,nvhost_podgov,0,3,,47062,48375,48187,47750,47531,48375,4856,596,1433,0.343,19.284,6.600
4111094520725,49990383,20.004,20.000,729600,729600,1728000,schedutil,306000000,306000000,1020000000,nvhost_podgov,0,3,,47218,48437,48125,47593,47531,48437,4856,596,1433,0.351,19.288,6.770
4111144515108,49994383,20.002,20.000,729600,729600,1728000,schedutil,306000000,306000000,1020000000,nvhost_podgov,0,3,,46968,48312,48125,47718,47562,48687,4856,596,1433,0.385,19.277,7.420
4111194535316,50020208,19.992,20.000,729600,729600,1728000,schedutil,306000000,306000000,1020000000,nvhost_podgov,0,3,,47062,48343,48125,47531,47531,48343,4856,596,1433,0.341,19.282,6.580
4111244527811,49992495,20.003,20.000,729600,729600,1728000,schedutil,306000000,306000000,1020000000,nvhost_podgov,0,3,,47187,48468,48281,47687,47562,48468,4856,596,1433,0.349,19.285,6.720
4111294532179,50004368,19.998,20.000,729600,729600,1728000,schedutil,306000000,306000000,1020000000,nvhost_podgov,0,3,,47125,48375,48125,47625,47437,48375,4856,596,1433,0.364,19.288,6.530
4111344533762,50001583,19.999,20.000,729600,729600,1728000,schedutil,306000000,306000000,1020000000,nvhost_podgov,0,3,,47187,48343,48125,47593,47593,48343,4856,597,1433,0.345,19.285,6.660
4111394523761,49989999,20.004,20.000,729600,729600,1728000,schedutil,306000000,306000000,1020000000,nvhost_podgov,0,3,,47031,48468,48125,47531,47437,48468,4856,597,1433,0.381,19.281,7.350
4111444531809,50008048,19.997,20.000,729600,729600,1728000,schedutil,306000000,306000000,1020000000,nvhost_podgov,0,3,,47062,48343,48093,47593,47500,48187,4856,597,1433,0.365,19.284,6.500
4111494528016,49996207,20.002,20.000,729600,729600,1728000,schedutil,306000000,306000000,1020000000,nvhost_podgov,0,3,,47031,48406,48125,47750,47500,48406,4856,596,1433,0.344,19.284,6.630
4111544531392,50003376,19.999,20.000,729600,729600,1728000,schedutil,306000000,306000000,1020000000,nvhost_podgov,0,3,,47156,48562,48156,47625,47562,48562,4856,597,1433,0.354,19.288,6.550
4111594533455,50002063,19.999,20.000,729600,729600,1728000,schedutil,306000000,306000000,1020000000,nvhost_podgov,0,3,,47000,48343,48281,47656,47500,48281,4856,596,1433,0.345,19.286,6.660
4111644526142,49992687,20.003,20.000,729600,729600,1728000,schedutil,306000000,306000000,1020000000,nvhost_podgov,0,3,,47250,48437,48093,47593,47468,48218,4856,596,1433,0.378,19.282,6.990
4111694537166,50011024,19.996,20.000,729600,729600,1728000,schedutil,306000000,306000000,1020000000,nvhost_podgov,0,3,,47062,48625,48156,47593,47562,48625,4896,597,1433,0.362,19.291,6.600
4111744530877,49993711,20.003,20.000,729600,729600,1728000,schedutil,306000000,306000000,1020000000,nvhost_podgov,0,3,,47062,48312,48093,47593,47500,48250,4896,597,1433,0.340,19.285,6.550
4111794521132,49990255,20.004,20.000,729600,729600,1728000,schedutil,306000000,306000000,1020000000,nvhost_podgov,0,3,,47187,48500,48156,47593,47562,48500,4896,596,1433,0.351,19.282,6.770
4111844518588,49997456,20.001,20.000,729600,729600,1728000,schedutil,306000000,306000000,1020000000,nvhost_podgov,0,3,,47062,48187,48156,47781,47406,48187,4856,597,1433,0.403,19.276,7.590
4111894530603,50012015,19.995,20.000,729600,729600,1728000,schedutil,306000000,306000000,1020000000,nvhost_podgov,0,3,,47281,48250,48250,47625,47562,48250,4856,597,1433,0.375,19.277,7.230
4111944533723,50003120,19.999,20.000,729600,729600,1728000,schedutil,306000000,306000000,1020000000,nvhost_podgov,0,3,,46968,48531,48375,47687,47531,48531,4856,596,1433,0.352,19.289,6.800
4111994529866,49996143,20.002,20.000,729600,729600,1728000,schedutil,306000000,306000000,1020000000,nvhost_podgov,0,3,,47062,48218,48250,47718,47468,48250,4856,596,1433,0.355,19.288,6.580
4112044531193,50001327,19.999,20.000,729600,729600,1728000,schedutil,306000000,306000000,1020000000,nvhost_podgov,0,3,,47125,48187,48250,47656,47562,48250,4856,596,1433,0.340,19.284,6.550
4112094529673,49998480,20.001,20.000,729600,729600,1728000,schedutil,306000000,306000000,1020000000,nvhost_podgov,0,3,,47093,48531,48218,47593,47562,48531,4856,597,1433,0.354,19.288,6.820
4112144515320,49985647,20.006,20.000,729600,729600,1728000,schedutil,306000000,306000000,1020000000,nvhost_podgov,0,3,,47031,48281,48187,47718,47562,48281,4856,597,1433,0.370,19.281,7.130
4112194525831,50010511,19.996,20.000,729600,729600,1728000,schedutil,306000000,306000000,1020000000,nvhost_podgov,0,3,,47000,48218,48125,47593,47500,48218,4856,596,1433,0.343,19.286,6.600
4112244532759,50006928,19.997,20.000,729600,729600,1728000,schedutil,306000000,306000000,1020000000,nvhost_podgov,0,3,,47093,48625,48218,47656,47500,48312,4856,597,1433,0.356,19.286,6.870
4112294528518,49995759,20.002,20.000,729600,729600,1728000,schedutil,306000000,306000000,1020000000,nvhost_podgov,0,3,,47093,48250,48093,47750,47406,48250,4856,597,1433,0.393,19.275,7.300
4112344529622,50001104,20.000,20.000,729600,729600,1728000,schedutil,306000000,306000000,1020000000,nvhost_podgov,0,3,,47281,48281,48125,47718,47562,48281,4936,636,1433,0.362,19.289,6.990
4112394515525,49985903,20.006,20.000,729600,729600,1728000,schedutil,306000000,306000000,1020000000,nvhost_podgov,0,3,,47000,48656,48343,47812,47562,48343,4936,636,1433,0.383,19.288,7.370
4112444541428,50025903,19.990,20.000,729600,729600,1728000,schedutil,306000000,306000000,1020000000,nvhost_podgov,0,3,,47218,48250,48187,47562,47437,48250,4936,636,1433,0.354,19.285,6.530
4112494536004,49994576,20.002,20.000,729600,729600,1728000,schedutil,306000000,306000000,1020000000,nvhost_podgov,0,3,,47031,48312,48343,47718,47531,48343,4936,636,1433,0.340,19.286,6.550
4112544535827,49999823,20.000,20.000,729600,729600,1728000,schedutil,306000000,306000000,1020000000,nvhost_podgov,0,3,,47062,48218,48125,47562,47531,48312,4936,636,1433,0.356,19.288,6.580
4112594532642,49996815,20.001,20.000,729600,729600,1728000,schedutil,306000000,306000000,1020000000,nvhost_podgov,0,3,,47312,48250,48187,47625,47562,48250,4896,636,1433,0.341,19.285,6.580
4112644522865,49990223,20.004,20.000,729600,729600,1728000,schedutil,306000000,306000000,1020000000,nvhost_podgov,0,3,,47125,48312,48093,47781,47531,48312,4896,636,1433,0.369,19.280,7.100
4112694534529,50011664,19.995,20.000,729600,729600,1728000,schedutil,306000000,306000000,1020000000,nvhost_podgov,0,3,,47343,48375,48156,47687,47500,48375,4936,636,1433,0.356,19.290,6.870
4112744530544,49996015,20.002,20.000,729600,729600,1728000,schedutil,306000000,306000000,1020000000,nvhost_podgov,0,3,,47062,48312,48093,47687,47500,48312,4896,635,1433,0.345,19.282,6.660
4112794527904,49997360,20.001,20.000,729600,729600,1728000,schedutil,306000000,306000000,1020000000,nvhost_podgov,0,3,,47093,48281,48125,47687,47562,48281,4896,635,1433,0.338,19.286,6.520
4112844526831,49998927,20.000,20.000,729600,729600,1728000,schedutil,306000000,306000000,1020000000,nvhost_podgov,0,3,,47062,48343,48250,47656,47562,48343,4896,597,1433,0.362,19.289,6.550
4112894514046,49987215,20.005,20.000,729600,729600,1728000,schedutil,306000000,306000000,1020000000,nvhost_podgov,0,3,,47187,48312,48062,47625,47531,48437,4896,597,1433,0.394,19.281,7.260
4112944535470,50021424,19.991,20.000,729600,729600,1728000,schedutil,306000000,306000000,1020000000,nvhost_podgov,0,3,,46968,48312,48250,47718,47562,48312,4896,596,1433,0.345,19.285,6.660
4112994520509,49985039,20.006,20.000,729600,729600,1728000,schedutil,306000000,306000000,1020000000,nvhost_podgov,0,3,,47062,48312,48125,47625,47468,48312,4896,597,1433,0.354,19.289,6.550
4113044516844,49996335,20.001,20.000,729600,729600,1728000,schedutil,306000000,306000000,1020000000,nvhost_podgov,0,3,,47156,48281,48187,47625,47562,48281,4896,597,1433,0.346,19.286,6.680
4113094524860,50008016,19.997,20.000,729600,729600,1728000,schedutil,306000000,306000000,1020000000,nvhost_podgov,0,3,,47062,48312,48156,47781,47500,48312,4896,596,1433,0.339,19.281,6.530
4113144524203,49999343,20.000,20.000,729600,729600,1728000,schedutil,306000000,306000000,1020000000,nvhost_podgov,0,3,,47187,48406,48156,47656,47531,48406,4896,596,1433,0.372,19.280,7.180
4113194529498,50005295,19.998,20.000,729600,729600,1728000,schedutil,306000000,306000000,1020000000,nvhost_podgov,0,3,,47031,48281,48062,47750,47500,48468,4856,596,1433,0.338,19.286,6.520
4113244530058,50000560,20.000,20.000,729600,729600,1728000,schedutil,306000000,306000000,1020000000,nvhost_podgov,0,3,,47312,48281,48156,47593,47500,48281,4896,596,1433,0.355,19.285,6.850
4113294529945,49999887,20.000,20.000,729600,729600,1728000,schedutil,306000000,306000000,1020000000,nvhost_podgov,0,3,,47031,48343,48281,47656,47531,48343,4896,597,1433,0.354,19.289,6.550
4113344541289,50011344,19.995,20.000,729600,729600,1728000,schedutil,306000000,306000000,1020000000,nvhost_podgov,0,3,,47093,48312,48125,47562,47562,48500,4896,597,1433,0.383,19.280,7.370
4113394530936,49989647,20.004,20.000,729600,729600,1728000,schedutil,306000000,306000000,1020000000,nvhost_podgov,0,3,,47312,48343,48187,47687,47562,48343,4896,597,1433,0.354,19.285,6.820
4113444537223,50006287,19.997,20.000,729600,729600,1728000,schedutil,306000000,306000000,1020000000,nvhost_podgov,0,3,,47093,48468,48093,47593,47593,48468,4896,635,1433,0.351,19.286,6.770
4113494532342,49995119,20.002,20.000,729600,729600,1728000,schedutil,306000000,306000000,1020000000,nvhost_podgov,0,3,,47031,48250,48218,47656,47500,48500,4896,635,1433,0.341,19.285,6.580
4113544530534,49998192,20.001,20.000,729600,729600,1728000,schedutil,306000000,306000000,1020000000,nvhost_podgov,0,3,,47062,48406,48156,47687,47562,48406,4896,635,1433,0.357,19.290,6.900
4113594529653,49999119,20.000,20.000,729600,729600,1728000,schedutil,306000000,306000000,1020000000,nvhost_podgov,0,3,,47156,48437,48125,47656,47562,48437,4896,597,1433,0.351,19.290,6.770
4113644535556,50005903,19.998,20.000,729600,729600,1728000,schedutil,306000000,306000000,1020000000,nvhost_podgov,0,3,,47062,48437,48062,47750,47562,48437,4896,597,1433,0.359,19.285,6.920
4113694532884,49997328,20.001,20.000,729600,729600,1728000,schedutil,306000000,306000000,1020000000,nvhost_podgov,0,3,,47187,48406,48093,47593,47531,48406,4896,635,1433,0.356,19.290,6.870
4113744523235,49990351,20.004,20.000,729600,729600,1728000,schedutil,306000000,306000000,1020000000,nvhost_podgov,0,3,,47062,48468,48218,47718,47625,48468,4896,636,1433,0.343,19.288,6.600
4113794517202,49993967,20.002,20.000,729600,729600,1728000,schedutil,306000000,306000000,1020000000,nvhost_podgov,0,3,,47062,48625,48156,47625,47500,48625,4896,597,1433,0.347,19.284,6.710
4113844529153,50011951,19.995,20.000,729600,729600,1728000,schedutil,306000000,306000000,1020000000,nvhost_podgov,0,3,,47156,48375,48281,47687,47562,48375,4896,597,1433,0.352,19.290,6.730
4113894517200,49988047,20.005,20.000,729600,729600,1728000,schedutil,306000000,306000000,1020000000,nvhost_podgov,0,3,,47093,48375,48125,47843,47500,48375,4896,597,1433,0.367,19.281,7.090
4113944527328,50010128,19.996,20.000,729600,729600,1728000,schedutil,306000000,306000000,1020000000,nvhost_podgov,0,3,,47218,48531,48156,47656,47500,48531,4896,596,1433,0.369,19.281,7.100
4113994515599,49988271,20.005,20.000,729600,729600,1728000,schedutil,306000000,306000000,1020000000,nvhost_podgov,0,3,,47031,48468,48156,47718,47468,48468,4896,596,1433,0.372,19.282,6.850
4114044533375,50017776,19.993,20.000,729600,729600,1728000,schedutil,306000000,306000000,1020000000,nvhost_podgov,0,3,,47031,48468,48187,47531,47500,48468,4896,597,1433,0.362,19.282,6.990
4114094527406,49994031,20.002,20.000,729600,729600,1728000,schedutil,306000000,306000000,1020000000,nvhost_podgov,0,3,,47000,48250,48156,47687,47500,48250,4856,596,1433,0.367,19.279,7.090
4114144519325,49991919,20.003,20.000,729600,729600,1728000,schedutil,306000000,306000000,1020000000,nvhost_podgov,0,3,,47062,48375,48156,47625,47500,48375,4856,596,1433,0.427,19.280,7.260
4114194530765,50011440,19.995,20.000,729600,729600,1728000,schedutil,306000000,306000000,1020000000,nvhost_podgov,0,3,,47343,48562,48250,47718,47562,48562,4856,596,1433,0.366,19.281,7.070
4114244529564,49998799,20.000,20.000,729600,729600,1728000,schedutil,306000000,306000000,1020000000,nvhost_podgov,0,3,,47093,48250,48125,47500,47562,48250,4856,596,1433,0.370,19.276,7.130
4114294536267,50006703,19.997,20.000,729600,729600,1728000,schedutil,306000000,306000000,1020000000,nvhost_podgov,0,3,,47062,48375,48187,47593,47500,48343,4856,596,1433,0.376,19.284,6.960
4114344530042,49993775,20.002,20.000,729600,729600,1728000,schedutil,306000000,306000000,1020000000,nvhost_podgov,0,3,,47031,48625,48093,47843,47500,48625,4856,596,1433,0.379,19.281,7.310
4114394534250,50004208,19.998,20.000,729600,729600,1728000,schedutil,306000000,306000000,1020000000,nvhost_podgov,0,3,,47187,48250,48218,47625,47500,48250,4856,596,1433,0.380,19.273,7.320
4114444522425,49988175,20.005,20.000,729600,729600,1728000,schedutil,306000000,306000000,1020000000,nvhost_podgov,0,3,,47062,48250,48125,47750,47468,48250,4856,596,1433,0.371,19.282,6.940
4114494527368,50004943,19.998,20.000,729600,729600,1728000,schedutil,306000000,306000000,1020000000,nvhost_podgov,0,3,,47250,48593,48156,47656,47562,48593,4856,596,1433,0.360,19.280,6.940
4114544527319,49999951,20.000,20.000,729600,729600,1728000,schedutil,306000000,306000000,1020000000,nvhost_podgov,0,3,,47062,48281,48187,47687,47531,48281,4856,596,1433,0.374,19.284,7.210
4114594531559,50004240,19.998,20.000,729600,729600,1728000,schedutil,306000000,306000000,1020000000,nvhost_podgov,0,3,,47125,48218,48187,47625,47531,48218,4856,596,1433,0.376,19.284,7.070
4114644522998,49991439,20.003,20.000,729600,729600,1728000,schedutil,306000000,306000000,1020000000,nvhost_podgov,0,3,,47187,48687,48218,47656,47468,48687,4856,596,1433,0.438,19.271,8.440
4114694530821,50007823,19.997,20.000,729600,729600,1728000,schedutil,306000000,306000000,1020000000,nvhost_podgov,0,3,,47093,48312,48093,47562,47531,48312,4856,596,1433,0.378,19.276,7.270
4114744532149,50001328,19.999,20.000,729600,729600,1728000,schedutil,306000000,306000000,1020000000,nvhost_podgov,0,3,,47250,48312,48218,47687,47562,48312,4896,596,1433,0.378,19.281,6.990
4114794537700,50005551,19.998,20.000,729600,729600,1728000,schedutil,306000000,306000000,1020000000,nvhost_podgov,0,3,,47062,48250,48093,47750,47500,48250,4896,597,1433,0.364,19.282,7.010
4114844530515,49992815,20.003,20.000,729600,729600,1728000,schedutil,306000000,306000000,1020000000,nvhost_podgov,0,3,,47062,48250,48156,47625,47500,48250,4896,596,1433,0.378,19.286,7.040
4114894534786,50004271,19.998,20.000,729600,729600,1728000,schedutil,306000000,306000000,1020000000,nvhost_podgov,0,3,,47031,48312,48093,47656,47468,48312,4896,596,1433,0.370,19.281,7.130
4114944525810,49991024,20.004,20.000,729600,729600,1728000,schedutil,306000000,306000000,1020000000,nvhost_podgov,0,3,,47156,48187,48093,47625,47531,48187,4896,596,1433,0.380,19.280,7.320
4114994534881,50009071,19.996,20.000,729600,729600,1728000,schedutil,306000000,306000000,1020000000,nvhost_podgov,0,3,,47000,48250,48187,47687,47468,48250,4896,596,1433,0.372,19.282,6.800
4115044531920,49997039,20.001,20.000,729600,729600,1728000,schedutil,306000000,306000000,1020000000,nvhost_podgov,0,3,,47156,48281,48093,47500,47531,48281,4896,596,1433,0.355,19.277,6.850
4115094534176,50002256,19.999,20.000,729600,729600,1728000,schedutil,306000000,306000000,1020000000,nvhost_podgov,0,3,,47093,48312,48250,47687,47562,48343,4856,596,1433,0.371,19.280,7.160
4115144532271,49998095,20.001,20.000,729600,729600,1728000,schedutil,306000000,306000000,1020000000,nvhost_podgov,0,3,,47093,48281,48062,47593,47437,48281,4856,596,1433,0.406,19.276,7.590
4115194526558,49994287,20.002,20.000,729600,729600,1728000,schedutil,306000000,306000000,1020000000,nvhost_podgov,0,3,,47218,48312,48250,47625,47531,48312,4856,596,1433,0.375,19.286,6.680
4115244526253,49999695,20.000,20.000,729600,729600,1728000,schedutil,306000000,306000000,1020000000,nvhost_podgov,0,3,,47093,48281,48062,47687,47468,48343,4856,596,1433,0.351,19.274,6.770
4115294525212,49998959,20.000,20.000,729600,729600,1728000,schedutil,306000000,306000000,1020000000,nvhost_podgov,0,3,,47281,48312,48156,47656,47531,48312,4856,596,1433,0.360,19.290,6.630
4115344534956,50009744,19.996,20.000,729600,729600,1728000,schedutil,306000000,306000000,1020000000,nvhost_podgov,0,3,,47031,48312,48218,47718,47437,48312,4856,596,1433,0.343,19.288,6.600
4115394527931,49992975,20.003,20.000,729600,729600,1728000,schedutil,306000000,306000000,1020000000,nvhost_podgov,0,3,,47062,48437,48156,47531,47562,48437,4856,596,1433,0.345,19.284,6.660
4115444528586,50000655,20.000,20.000,729600,729600,1728000,schedutil,306000000,306000000,1020000000,nvhost_podgov,0,3,,47125,48312,48250,47656,47500,48312,4856,596,1433,0.372,19.286,7.180
4115494537530,50008944,19.996,20.000,729600,729600,1728000,schedutil,306000000,306000000,1020000000,nvhost_podgov,0,3,,47093,48343,48156,47562,47562,48343,4856,596,1433,0.344,19.285,6.630
4115544520649,49983119,20.007,20.000,729600,729600,1728000,schedutil,306000000,306000000,1020000000,nvhost_podgov,0,3,,47031,48375,48250,47625,47562,48375,4856,596,1433,0.347,19.286,6.710
4115594530616,50009967,19.996,20.000,729600,729600,1728000,schedutil,306000000,306000000,1020000000,nvhost_podgov,0,3,,47062,48312,48093,47781,47531,48312,4856,596,1433,0.357,19.288,6.600
4115644527975,49997359,20.001,20.000,729600,729600,1728000,schedutil,306000000,306000000,1020000000,nvhost_podgov,0,3,,47218,48343,48156,47625,47531,48343,4856,596,1433,0.340,19.286,6.550
4115694519062,49991087,20.004,20.000,729600,729600,1728000,schedutil,306000000,306000000,1020000000,nvhost_podgov,0,3,,47093,48437,48093,47750,47531,48437,4856,596,1433,0.375,19.273,7.260
4115744537030,50017968,19.993,20.000,729600,729600,1728000,schedutil,306000000,306000000,1020000000,nvhost_podgov,0,3,,47156,48312,48187,47718,47562,48468,4896,596,1433,0.346,19.285,6.550
4115794532597,49995567,20.002,20.000,729600,729600,1728000,schedutil,306000000,306000000,1020000000,nvhost_podgov,0,3,,47031,48312,48250,47781,47531,48312,4896,596,1433,0.347,19.286,6.710
4115844522372,49989775,20.004,20.000,729600,729600,1728000,schedutil,306000000,306000000,1020000000,nvhost_podgov,0,3,,47281,48437,48187,47625,47531,48437,4896,596,1433,0.349,19.289,6.600
4115894531891,50009519,19.996,20.000,729600,729600,1728000,schedutil,306000000,306000000,1020000000,nvhost_podgov,0,3,,47156,48281,48218,47593,47593,48593,4896,596,1433,0.341,19.286,6.580
4115944520706,49988815,20.004,20.000,729600,729600,1728000,schedutil,306000000,306000000,1020000000,nvhost_podgov,0,3,,47125,48312,48187,47593,47562,48312,4896,596,1433,0.350,19.284,6.750
4115994534290,50013584,19.995,20.000,729600,729600,1728000,schedutil,306000000,306000000,1020000000,nvhost_podgov,0,3,,47250,48437,48218,47625,47500,48437,4856,596,1433,0.366,19.288,7.070
4116044539521,50005231,19.998,20.000,729600,729600,1728000,schedutil,306000000,306000000,1020000000,nvhost_podgov,0,3,,47062,48343,48218,47750,47531,48656,4856,596,1433,0.347,19.284,6.710
4116094531440,49991919,20.003,20.000,729600,729600,1728000,schedutil,306000000,306000000,1020000000,nvhost_podgov,0,3,,47250,48375,48250,47625,47562,48375,4856,596,1433,0.346,19.285,6.680
4116144535424,50003984,19.998,20.000,729600,729600,1728000,schedutil,306000000,306000000,1020000000,nvhost_podgov,0,3,,47093,48406,48312,47750,47500,48406,4856,596,1433,0.350,19.291,6.520
4116194525679,49990255,20.004,20.000,729600,729600,1728000,schedutil,306000000,306000000,1020000000,nvhost_podgov,0,3,,47125,48656,48093,47562,47562,48656,4856,596,1433,0.361,19.286,6.960
4116244530302,50004623,19.998,20.000,729600,729600,1728000,schedutil,306000000,306000000,1020000000,nvhost_podgov,0,3,,47062,48468,48281,47718,47531,48468,4856,596,1433,0.344,19.282,6.630
4116294531949,50001647,19.999,20.000,729600,729600,1728000,schedutil,306000000,306000000,1020000000,nvhost_podgov,0,3,,47125,48531,48156,47718,47531,48531,4856,596,1433,0.351,19.290,6.550
4116344535068,50003119,19.999,20.000,729600,729600,1728000,schedutil,306000000,306000000,1020000000,nvhost_podgov,0,3,,47062,48312,48281,47750,47531,48312,4856,597,1433,0.339,19.288,6.530
4116394531692,49996624,20.001,20.000,729600,729600,1728000,schedutil,306000000,306000000,1020000000,nvhost_podgov,0,3,,47093,48343,48125,47781,47468,48343,4856,596,1433,0.346,19.285,6.680
4116444517659,49985967,20.006,20.000,729600,729600,1728000,schedutil,306000000,306000000,1020000000,nvhost_podgov,0,3,,47187,48500,48218,47625,47562,48500,4856,596,1433,0.356,19.282,6.870
4116494527402,50009743,19.996,20.000,729600,729600,1728000,schedutil,306000000,306000000,1020000000,nvhost_podgov,0,3,,47031,48218,48093,47718,47468,48218,4856,596,1433,0.340,19.286,6.550
4116544528185,50000783,20.000,20.000,729600,729600,1728000,schedutil,306000000,306000000,1020000000,nvhost_podgov,0,3,,47187,48468,48187,47656,47562,48468,4856,596,1433,0.354,19.285,6.820
4116594525832,49997647,20.001,20.000,729600,729600,1728000,schedutil,306000000,306000000,1020000000,nvhost_podgov,0,3,,47031,48562,48281,47718,47500,48562,4856,597,1433,0.356,19.286,6.580
4116644532888,50007056,19.997,20.000,729600,729600,1728000,schedutil,306000000,306000000,1020000000,nvhost_podgov,0,3,,47250,48312,48187,47687,47468,48312,4856,597,1433,0.347,19.285,6.710
4116694517415,49984527,20.006,20.000,729600,729600,1728000,schedutil,306000000,306000000,1020000000,nvhost_podgov,0,3,,47062,48531,48218,47625,47468,48531,4856,597,1433,0.381,19.288,6.800
4116744528534,50011119,19.996,20.000,729600,729600,1728000,schedutil,306000000,306000000,1020000000,nvhost_podgov,0,3,,47125,48593,48156,47656,47468,48593,4896,596,1433,0.351,19.288,6.530
4116794517477,49988943,20.004,20.000,729600,729600,1728000,schedutil,306000000,306000000,1020000000,nvhost_podgov,0,3,,47250,48218,48125,47656,47562,48218,4856,597,1433,0.340,19.284,6.550
4116844529844,50012367,19.995,20.000,729600,729600,1728000,schedutil,306000000,306000000,1020000000,nvhost_podgov,0,3,,47125,48468,48250,47781,47500,48312,4856,596,1433,0.341,19.289,6.580
4116894534820,50004976,19.998,20.000,729600,729600,1728000,schedutil,306000000,306000000,1020000000,nvhost_podgov,0,3,,47031,48625,48187,47687,47500,48625,4856,597,1433,0.360,19.289,6.580
4116944517138,49982318,20.007,20.000,729600,729600,1728000,schedutil,306000000,306000000,1020000000,nvhost_podgov,0,3,,47031,48312,48156,47781,47562,48312,4856,597,1433,0.365,19.279,7.040
4116994536258,50019120,19.992,20.000,729600,729600,1728000,schedutil,306000000,306000000,1020000000,nvhost_podgov,0,3,,47093,48250,48156,47656,47500,48250,4856,597,1433,0.357,19.286,6.900
4117044529617,49993359,20.003,20.000,729600,729600,1728000,schedutil,306000000,306000000,1020000000,nvhost_podgov,0,3,,47031,48250,48187,47656,47468,48250,4856,596,1433,0.354,19.285,6.660
4117094534048,50004431,19.998,20.000,729600,729600,1728000,schedutil,306000000,306000000,1020000000,nvhost_podgov,0,3,,47187,48312,48156,47625,47562,48312,4856,596,1433,0.338,19.286,6.520
4117144532176,49998128,20.001,20.000,729600,729600,1728000,schedutil,306000000,306000000,1020000000,nvhost_podgov,0,3,,47000,48312,48156,47781,47531,48312,4856,597,1433,0.354,19.288,6.440
4117194527871,49995695,20.002,20.000,729600,729600,1728000,schedutil,306000000,306000000,1020000000,nvhost_podgov,0,3,,47062,48250,48187,47625,47500,48250,4856,597,1433,0.346,19.285,6.680
4117244531342,50003471,19.999,20.000,729600,729600,1728000,schedutil,306000000,306000000,1020000000,nvhost_podgov,0,3,,47187,48343,48187,47625,47562,48343,4856,596,1433,0.340,19.290,6.550
4117294538045,50006703,19.997,20.000,729600,729600,1728000,schedutil,306000000,306000000,1020000000,nvhost_podgov,0,3,,47187,48312,48125,47781,47468,48312,4856,596,1433,0.414,19.279,7.280
4117344538828,50000783,20.000,20.000,729600,729600,1728000,schedutil,306000000,306000000,1020000000,nvhost_podgov,0,3,,47343,48281,48156,47687,47562,48281,4936,636,1433,0.345,19.285,6.660
4117394532475,49993647,20.003,20.000,729600,729600,1728000,schedutil,306000000,306000000,1020000000,nvhost_podgov,0,3,,47062,48312,48187,47718,47531,48312,4936,635,1433,0.346,19.284,6.680
4117444528683,49996208,20.002,20.000,729600,729600,1728000,schedutil,306000000,306000000,1020000000,nvhost_podgov,0,3,,47375,48343,48187,47656,47562,48343,4936,635,1433,0.365,19.279,7.100
4117494536474,50007791,19.997,20.000,729600,729600,1728000,schedutil,306000000,306000000,1020000000,nvhost_podgov,0,3,,47062,48312,48250,47781,47531,48375,4936,635,1433,0.341,19.289,6.580
4117544534409,49997935,20.001,20.000,729600,729600,1728000,schedutil,306000000,306000000,1020000000,nvhost_podgov,0,3,,47187,48218,48187,47625,47593,48218,4936,635,1433,0.351,19.284,6.770
4117594533048,49998639,20.001,20.000,729600,729600,1728000,schedutil,306000000,306000000,1020000000,nvhost_podgov,0,3,,47250,48312,48250,47625,47531,48312,4936,635,1433,0.366,19.289,6.680
4117644533991,50000943,20.000,20.000,729600,729600,1728000,schedutil,306000000,306000000,1020000000,nvhost_podgov,0,3,,47187,48281,48125,47625,47531,48406,4936,636,1433,0.340,19.284,6.550
4117694518934,49984943,20.006,20.000,729600,729600,1728000,schedutil,306000000,306000000,1020000000,nvhost_podgov,0,3,,47062,48312,48281,47625,47625,48312,4936,636,1433,0.380,19.288,7.330
4117744532710,50013776,19.994,20.000,729600,729600,1728000,schedutil,306000000,306000000,1020000000,nvhost_podgov,0,3,,47062,48312,48093,47781,47500,48312,4936,636,1433,0.364,19.289,6.660
4117794533589,50000879,20.000,20.000,729600,729600,1728000,schedutil,306000000,306000000,1020000000,nvhost_podgov,0,3,,47156,48187,48250,47656,47562,48375,4936,636,1433,0.335,19.285,6.460
4117844526948,49993359,20.003,20.000,729600,729600,1728000,schedutil,306000000,306000000,1020000000,nvhost_podgov,0,3,,47125,48312,48218,47656,47437,48312,4936,636,1433,0.351,19.282,6.770
4117894534227,50007279,19.997,20.000,729600,729600,1728000,schedutil,306000000,306000000,1020000000,nvhost_podgov,0,3,,47250,48375,48125,47625,47531,48375,4896,596,1433,0.356,19.288,6.550
4117944530754,49996527,20.001,20.000,729600,729600,1728000,schedutil,306000000,306000000,1020000000,nvhost_podgov,0,3,,47062,48406,48250,47687,47531,48406,4896,596,1433,0.379,19.288,7.310
4117994529905,49999151,20.000,20.000,729600,729600,1728000,schedutil,306000000,306000000,1020000000,nvhost_podgov,0,3,,47093,48312,48187,47625,47500,48312,4896,596,1433,0.344,19.285,6.630
4118044531936,50002031,19.999,20.000,729600,729600,1728000,schedutil,306000000,306000000,1020000000,nvhost_podgov,0,3,,47156,48343,48250,47656,47531,48343,4896,596,1433,0.357,19.289,6.680
4118094530160,49998224,20.001,20.000,729600,729600,1728000,schedutil,306000000,306000000,1020000000,nvhost_podgov,0,3,,47093,48375,48093,47625,47500,48375,4896,597,1433,0.344,19.285,6.630
4118144534783,50004623,19.998,20.000,729600,729600,1728000,schedutil,306000000,306000000,1020000000,nvhost_podgov,0,3,,47312,48312,48093,47625,47562,48312,4896,597,1433,0.355,19.288,6.630
4118194530894,49996111,20.002,20.000,729600,729600,1728000,schedutil,306000000,306000000,1020000000,nvhost_podgov,0,3,,47031,48343,48125,47656,47500,48343,4896,596,1433,0.370,19.286,7.130
4118244533053,50002159,19.999,20.000,729600,729600,1728000,schedutil,306000000,306000000,1020000000,nvhost_podgov,0,3,,47062,48468,48250,47656,47562,48468,4896,596,1433,0.352,19.285,6.800
4118294535436,50002383,19.999,20.000,729600,729600,1728000,schedutil,306000000,306000000,1020000000,nvhost_podgov,0,3,,47000,48312,48250,47781,47500,48312,4896,596,1433,0.350,19.290,6.490
4118344539900,50004464,19.998,20.000,729600,729600,1728000,schedutil,306000000,306000000,1020000000,nvhost_podgov,0,3,,47250,48437,48093,47625,47468,48437,4856,596,1433,0.346,19.280,6.680
4118394528875,49988975,20.004,20.000,729600,729600,1728000,schedutil,306000000,306000000,1020000000,nvhost_podgov,0,3,,46968,48531,48156,47625,47562,48531,4896,635,1433,0.344,19.284,6.630
4118444534746,50005871,19.998,20.000,729600,729600,1728000,schedutil,306000000,306000000,1020000000,nvhost_podgov,0,3,,47125,48375,48156,47593,47531,48656,4896,635,1433,0.351,19.291,6.960
4118494526409,49991663,20.003,20.000,729600,729600,1728000,schedutil,306000000,306000000,1020000000,nvhost_podgov,0,3,,47062,48468,48187,47687,47562,48468,4896,635,1433,0.354,19.285,6.820
4118544530552,50004143,19.998,20.000,729600,729600,1728000,schedutil,306000000,306000000,1020000000,nvhost_podgov,0,3,,47093,48500,48093,47656,47468,48500,4896,635,1433,0.350,19.284,6.750
4118594541895,50011343,19.995,20.000,729600,729600,1728000,schedutil,306000000,306000000,1020000000,nvhost_podgov,0,3,,47187,48375,48187,47593,47531,48187,4896,597,1433,0.364,19.289,6.600
4118644532758,49990863,20.004,20.000,729600,729600,1728000,schedutil,306000000,306000000,1020000000,nvhost_podgov,0,3,,47093,48406,48093,47781,47468,48406,4896,635,1433,0.351,19.289,6.770
4118694526917,49994159,20.002,20.000,729600,729600,1728000,schedutil,306000000,306000000,1020000000,nvhost_podgov,0,3,,47187,48562,48156,47656,47562,48562,4896,635,1433,0.391,19.282,7.540
4118744533716,50006799,19.997,20.000,729600,729600,1728000,schedutil,306000000,306000000,1020000000,nvhost_podgov,0,3,,47031,48281,48281,47750,47468,48281,4896,635,1433,0.369,19.285,7.120
4118794522851,49989135,20.004,20.000,729600,729600,1728000,schedutil,306000000,306000000,1020000000,nvhost_podgov,0,3,,47093,48468,48093,47656,47437,48468,4896,635,1433,0.344,19.288,6.630
4118844534451,50011600,19.995,20.000,729600,729600,1728000,schedutil,306000000,306000000,1020000000,nvhost_podgov,0,3,,47250,48593,48281,47718,47562,48593,4896,635,1433,0.352,19.284,6.800
4118894525602,49991151,20.004,20.000,729600,729600,1728000,schedutil,306000000,306000000,1020000000,nvhost_podgov,0,3,,47093,48343,48093,47593,47562,48343,4896,635,1433,0.352,19.290,6.550
4118944536497,50010895,19.996,20.000,729600,729600,1728000,schedutil,306000000,306000000,1020000000,nvhost_podgov,0,3,,47312,48468,48187,47625,47500,48468,4896,635,1433,0.349,19.286,6.720
4118994515136,49978639,20.009,20.000,729600,729600,1728000,schedutil,306000000,306000000,1020000000,nvhost_podgov,0,3,,47062,48625,48218,47781,47562,48625,4896,635,1433,0.429,19.273,8.270
4119044532687,50017551,19.993,20.000,729600,729600,1728000,schedutil,306000000,306000000,1020000000,nvhost_podgov,0,3,,47062,48281,48125,47656,47531,48281,4896,635,1433,0.378,19.280,6.990
4119094521694,49989007,20.004,20.000,729600,729600,1728000,schedutil,306000000,306000000,1020000000,nvhost_podgov,0,3,,47062,48500,48312,47718,47500,48500,4896,596,1433,0.364,19.282,7.010
4119144534989,50013295,19.995,20.000,729600,729600,1728000,schedutil,306000000,306000000,1020000000,nvhost_podgov,0,3,,47156,48562,48125,47656,47531,48562,4896,596,1433,0.372,19.281,7.180
4119194522492,49987503,20.005,20.000,729600,729600,1728000,schedutil,306000000,306000000,1020000000,nvhost_podgov,0,3,,47062,48218,48156,47687,47468,48218,4896,596,1433,0.378,19.284,7.280
4119244534700,50012208,19.995,20.000,729600,729600,1728000,schedutil,306000000,306000000,1020000000,nvhost_podgov,0,3,,47250,48468,48218,47625,47500,48312,4896,596,1433,0.381,19.280,7.350
4119294531995,49997295,20.001,20.000,729600,729600,1728000,schedutil,306000000,306000000,1020000000,nvhost_podgov,0,3,,47125,48218,48187,47687,47562,48218,4896,596,1433,0.374,19.284,7.210
4119344534058,50002063,19.999,20.000,729600,729600,1728000,schedutil,306000000,306000000,1020000000,nvhost_podgov,0,3,,47062,48312,48187,47562,47375,48312,4896,597,1433,0.385,19.284,7.210
4119394531481,49997423,20.001,20.000,729600,729600,1728000,schedutil,306000000,306000000,1020000000,nvhost_podgov,0,3,,47125,48593,48218,47687,47500,48343,4896,596,1433,0.365,19.280,7.040
4119444534856,50003375,19.999,20.000,729600,729600,1728000,schedutil,306000000,306000000,1020000000,nvhost_podgov,0,3,,47093,48281,48156,47781,47468,48281,4896,596,1433,0.371,19.279,7.180
4119494528631,49993775,20.002,20.000,729600,729600,1728000,schedutil,306000000,306000000,1020000000,nvhost_podgov,0,3,,47281,48281,48156,47625,47531,48281,4896,596,1433,0.376,19.282,7.260
4119544535238,50006607,19.997,20.000,729600,729600,1728000,schedutil,306000000,306000000,1020000000,nvhost_podgov,0,3,,47000,48500,48281,47750,47437,48281,4856,596,1433,0.371,19.280,7.160
4119594538165,50002927,19.999,20.000,729600,729600,1728000,schedutil,306000000,306000000,1020000000,nvhost_podgov,0,3,,47156,48250,48156,47656,47437,48250,4856,597,1433,0.367,19.284,6.990
4119644540613,50002448,19.999,20.000,729600,729600,1728000,schedutil,306000000,306000000,1020000000,nvhost_podgov,0,3,,47250,48312,48250,47656,47437,48312,4856,596,1433,0.365,19.275,7.040
4119694517267,49976654,20.009,20.000,729600,729600,1728000,schedutil,306000000,306000000,1020000000,nvhost_podgov,0,3,,47156,48375,48093,47562,47531,48375,4896,596,1433,0.393,19.281,7.560
4119744540003,50022736,19.991,20.000,729600,729600,1728000,schedutil,306000000,306000000,1020000000,nvhost_podgov,0,3,,47000,48312,48250,47718,47468,48312,4896,596,1433,0.385,19.284,7.420
4119794525650,49985647,20.006,20.000,729600,729600,1728000,schedutil,306000000,306000000,1020000000,nvhost_podgov,0,3,,47031,48312,48187,47812,47500,48312,4896,635,1433,0.365,19.280,7.040
4119844529185,50003535,19.999,20.000,729600,729600,1728000,schedutil,306000000,306000000,1020000000,nvhost_podgov,0,3,,47125,48312,48250,47625,47562,48312,4896,635,1433,0.375,19.277,7.230
4119894518864,49989679,20.004,20.000,729600,729600,1728000,schedutil,306000000,306000000,1020000000,nvhost_podgov,0,3,,47093,48250,48062,47750,47500,48250,4896,596,1433,0.376,19.282,6.990
4119944521919,50003055,19.999,20.000,729600,729600,1728000,schedutil,306000000,306000000,1020000000,nvhost_podgov,0,3,,47281,48250,48187,47656,47500,48250,4896,596,1433,0.383,19.279,7.370
4119994520910,49998991,20.000,20.000,729600,729600,1728000,schedutil,306000000,306000000,1020000000,nvhost_podgov,0,3,,47062,48343,48281,47718,47468,48343,4896,596,1433,0.364,19.279,7.010
4120044522461,50001551,19.999,20.000,729600,729600,1728000,schedutil,306000000,306000000,1020000000,nvhost_podgov,0,3,,47187,48250,48156,47625,47500,48250,4896,596,1433,0.367,19.279,6.990
4120094536396,50013935,19.994,20.000,729600,729600,1728000,schedutil,306000000,306000000,1020000000,nvhost_podgov,0,3,,47093,48187,48218,47781,47531,48218,4896,596,1433,0.362,19.281,6.990
4120144532795,49996399,20.001,20.000,729600,729600,1728000,schedutil,306000000,306000000,1020000000,nvhost_podgov,0,3,,47125,48312,48093,47812,47500,48312,4896,596,1433,0.370,19.285,7.130
4120194518858,49986063,20.006,20.000,729600,729600,1728000,schedutil,306000000,306000000,1020000000,nvhost_podgov,0,3,,47250,48250,48218,47687,47500,48375,4896,596,1433,0.412,19.271,7.950
4120244528473,50009615,19.996,20.000,729600,729600,1728000,schedutil,306000000,306000000,1020000000,nvhost_podgov,0,3,,47156,48343,48093,47781,47500,48343,4896,597,1433,0.346,19.281,6.680
4120294533353,50004880,19.998,20.000,729600,729600,1728000,schedutil,306000000,306000000,1020000000,nvhost_podgov,0,3,,47031,48343,48156,47656,47468,48343,4896,596,1433,0.399,19.271,7.680
4120344532632,49999279,20.000,20.000,729600,729600,1728000,schedutil,306000000,306000000,1020000000,nvhost_podgov,0,3,,47031,48250,48156,47750,47500,48406,4896,597,1433,0.391,19.276,7.540
4120394535175,50002543,19.999,20.000,729600,729600,1728000,schedutil,306000000,306000000,1020000000,nvhost_podgov,0,3,,47187,48343,48125,47593,47500,48343,4896,596,1433,0.340,19.284,6.550
4120444525622,49990447,20.004,20.000,729600,729600,1728000,schedutil,306000000,306000000,1020000000,nvhost_podgov,0,3,,47093,48343,48250,47781,47562,48343,4896,596,1433,0.396,19.282,6.850
4120494541605,50015983,19.994,20.000,729600,729600,1728000,schedutil,306000000,306000000,1020000000,nvhost_podgov,0,3,,47125,48437,48093,47625,47500,48437,4896,596,1433,0.359,19.288,6.600
4120544534260,49992655,20.003,20.000,729600,729600,1728000,schedutil,306000000,306000000,1020000000,nvhost_podgov,0,3,,47062,48312,48156,47718,47562,48312,4896,596,1433,0.341,19.288,6.580
4120594527715,49993455,20.003,20.000,729600,729600,1728000,schedutil,306000000,306000000,1020000000,nvhost_podgov,0,3,,47062,48375,48125,47812,47531,48375,4856,596,1433,0.355,19.293,6.440
4120644530994,50003279,19.999,20.000,729600,729600,1728000,schedutil,306000000,306000000,1020000000,nvhost_podgov,0,3,,47125,48531,48281,47656,47500,48531,4856,596,1433,0.340,19.285,6.550
4120694515201,49984207,20.006,20.000,729600,729600,1728000,schedutil,306000000,306000000,1020000000,nvhost_podgov,0,3,,47062,48375,48093,47781,47562,48375,4856,596,1433,0.369,19.284,7.100
4120744531568,50016367,19.993,20.000,729600,729600,1728000,schedutil,306000000,306000000,1020000000,nvhost_podgov,0,3,,47281,48343,48250,47625,47562,48343,4856,596,1433,0.360,19.289,6.660
4120794534591,50003023,19.999,20.000,729600,729600,1728000,schedutil,306000000,306000000,1020000000,nvhost_podgov,0,3,,47062,48500,48062,47687,47562,48500,4896,597,1433,0.343,19.286,6.600
4120844531310,49996719,20.001,20.000,729600,729600,1728000,schedutil,306000000,306000000,1020000000,nvhost_podgov,0,3,,47281,48312,48218,47656,47500,48312,4896,596,1433,0.345,19.282,6.660
4120894529853,49998543,20.001,20.000,729600,729600,1728000,schedutil,306000000,306000000,1020000000,nvhost_podgov,0,3,,47156,48406,48250,47687,47500,48406,4896,596,1433,0.355,19.288,6.580
4120944513068,49983215,20.007,20.000,729600,729600,1728000,schedutil,306000000,306000000,1020000000,nvhost_podgov,0,3,,47156,48562,48125,47562,47468,48562,4896,596,1433,0.357,19.277,6.890
4120994553148,50040080,19.984,20.000,729600,729600,1728000,schedutil,306000000,306000000,1020000000,nvhost_podgov,0,3,,47218,48406,48281,47687,47500,48312,4896,596,1433,0.356,19.284,6.870
4121044540202,49987054,20.005,20.000,729600,729600,1728000,schedutil,306000000,306000000,1020000000,nvhost_podgov,0,3,,47218,48406,48093,47625,47500,48406,4896,596,1433,0.351,19.286,6.630
4121094533337,49993135,20.003,20.000,729600,729600,1728000,schedutil,306000000,306000000,1020000000,nvhost_podgov,0,3,,47062,48562,48187,47687,47468,48562,4896,597,1433,0.335,19.284,6.460
4121144521704,49988367,20.005,20.000,729600,729600,1728000,schedutil,306000000,306000000,1020000000,nvhost_podgov,0,3,,47062,48406,48125,47656,47406,48312,4896,596,1433,0.356,19.290,6.870
4121194613913,50092209,19.963,20.000,729600,729600,1728000,schedutil,306000000,306000000,1020000000,nvhost_podgov,0,3,,47156,48468,48187,47656,47531,48468,4856,596,1433,0.362,19.274,7.130
4121244534823,49920910,20.032,20.000,729600,729600,1728000,schedutil,306000000,306000000,1020000000,nvhost_podgov,0,3,,47062,48593,48156,47718,47468,48593,4856,596,1433,0.343,19.286,6.600
4121294535670,50000847,20.000,20.000,729600,729600,1728000,schedutil,306000000,306000000,1020000000,nvhost_podgov,0,3,,47218,48218,48125,47625,47437,48218,4856,596,1433,0.354,19.281,6.820
4121344532197,49996527,20.001,20.000,729600,729600,1728000,schedutil,306000000,306000000,1020000000,nvhost_podgov,0,3,,47093,48468,48281,47656,47468,48468,4856,596,1433,0.360,19.288,6.600
4121394532180,49999983,20.000,20.000,729600,729600,1728000,schedutil,306000000,306000000,1020000000,nvhost_podgov,0,3,,47125,48625,48187,47687,47562,48625,4856,596,1433,0.341,19.281,6.580
4121444521730,49989550,20.004,20.000,729600,729600,1728000,schedutil,306000000,306000000,1020000000,nvhost_podgov,0,3,,47156,48281,48250,47656,47593,48281,4856,596,1433,0.360,19.282,6.940
4121494535762,50014032,19.994,20.000,729600,729600,1728000,schedutil,306000000,306000000,1020000000,nvhost_podgov,0,3,,47093,48468,48218,47593,47562,48468,4856,596,1433,0.364,19.285,6.550
4121544537185,50001423,19.999,20.000,729600,729600,1728000,schedutil,306000000,306000000,1020000000,nvhost_podgov,0,3,,47218,48312,48187,47687,47625,48312,4856,596,1433,0.340,19.284,6.550
4121594532976,49995791,20.002,20.000,729600,729600,1728000,schedutil,306000000,306000000,1020000000,nvhost_podgov,0,3,,47062,48312,48062,47750,47500,48312,4856,596,1433,0.364,19.286,7.010
4121644531263,49998287,20.001,20.000,729600,729600,1728000,schedutil,306000000,306000000,1020000000,nvhost_podgov,0,3,,47062,48593,48187,47625,47500,48593,4856,596,1433,0.344,19.285,6.630
4121694535214,50003951,19.998,20.000,729600,729600,1728000,schedutil,306000000,306000000,1020000000,nvhost_podgov,0,3,,47093,48281,48343,47718,47562,48343,4856,596,1433,0.366,19.280,7.070
4121744548445,50013231,19.995,20.000,729600,729600,1728000,schedutil,306000000,306000000,1020000000,nvhost_podgov,0,3,,47156,48312,48156,47593,47562,48312,4856,596,1433,0.375,19.289,7.230
4121794531564,49983119,20.007,20.000,729600,729600,1728000,schedutil,306000000,306000000,1020000000,nvhost_podgov,0,3,,47281,48625,48250,47687,47593,48312,4896,597,1433,0.345,19.284,6.660
4121844529115,49997551,20.001,20.000,729600,729600,1728000,schedutil,306000000,306000000,1020000000,nvhost_podgov,0,3,,47156,48187,48093,47625,47500,48187,4896,597,1433,0.349,19.288,6.730
4121894516585,49987470,20.005,20.000,729600,729600,1728000,schedutil,306000000,306000000,1020000000,nvhost_podgov,0,3,,47062,48281,48156,47687,47531,48281,4896,596,1433,0.349,19.289,6.490
4121944531225,50014640,19.994,20.000,729600,729600,1728000,schedutil,306000000,306000000,1020000000,nvhost_podgov,0,3,,47093,48625,48093,47656,47562,48281,4896,597,1433,0.343,19.288,6.600
4121994534728,50003503,19.999,20.000,729600,729600,1728000,schedutil,306000000,306000000,1020000000,nvhost_podgov,0,3,,47125,48281,48218,47687,47531,48281,4896,597,1433,0.357,19.286,6.900
4122044538935,50004207,19.998,20.000,729600,729600,1728000,schedutil,306000000,306000000,1020000000,nvhost_podgov,0,3,,47062,48250,48312,47750,47468,48250,4856,596,1433,0.357,19.288,6.520
4122094528262,49989327,20.004,20.000,729600,729600,1728000,schedutil,306000000,306000000,1020000000,nvhost_podgov,0,3,,47312,48687,48156,47687,47531,48312,4856,597,1433,0.349,19.289,6.730
4122144532053,50003791,19.998,20.000,729600,729600,1728000,schedutil,306000000,306000000,1020000000,nvhost_podgov,0,3,,47125,48250,48312,47687,47468,48312,4856,597,1433,0.357,19.285,6.900
4122194528516,49996463,20.001,20.000,729600,729600,1728000,schedutil,306000000,306000000,1020000000,nvhost_podgov,0,3,,47062,48343,48125,47656,47500,48343,4856,596,1433,0.350,19.288,6.600
4122244520051,49991535,20.003,20.000,729600,729600,1728000,schedutil,306000000,306000000,1020000000,nvhost_podgov,0,3,,47125,48406,48312,47718,47531,48406,4856,596,1433,0.350,19.277,6.750
4122294531682,50011631,19.995,20.000,729600,729600,1728000,schedutil,306000000,306000000,1020000000,nvhost_podgov,0,3,,47250,48281,48093,47625,47500,48281,4856,597,1433,0.400,19.276,7.710
4122344539761,50008079,19.997,20.000,729600,729600,1728000,schedutil,306000000,306000000,1020000000,nvhost_podgov,0,3,,47312,48406,48250,47625,47562,48406,4936,636,1433,0.356,19.285,6.580
4122394534432,49994671,20.002,20.000,729600,729600,1728000,schedutil,306000000,306000000,1020000000,nvhost_podgov,0,3,,47062,48375,48156,47781,47531,48375,4936,636,1433,0.346,19.288,6.680
4122444528559,49994127,20.002,20.000,729600,729600,1728000,schedutil,306000000,306000000,1020000000,nvhost_podgov,0,3,,47218,48343,48187,47656,47531,48343,4936,636,1433,0.347,19.289,6.710
4122494532350,50003791,19.998,20.000,729600,729600,1728000,schedutil,306000000,306000000,1020000000,nvhost_podgov,0,3,,47062,48312,48156,47718,47500,48312,4936,636,1433,0.360,19.284,6.940
4122544536141,50003791,19.998,20.000,729600,729600,1728000,schedutil,306000000,306000000,1020000000,nvhost_podgov,0,3,,47156,48375,48250,47625,47500,48375,4936,636,1433,0.345,19.288,6.660
4122594531772,49995631,20.002,20.000,729600,729600,1728000,schedutil,306000000,306000000,1020000000,nvhost_podgov,0,3,,47031,48312,48250,47718,47531,48312,4896,636,1433,0.354,19.290,6.820
4122644538475,50006703,19.997,20.000,729600,729600,1728000,schedutil,306000000,306000000,1020000000,nvhost_podgov,0,3,,47156,48343,48125,47656,47531,48343,4896,635,1433,0.336,19.289,6.490
4122694540122,50001647,19.999,20.000,729600,729600,1728000,schedutil,306000000,306000000,1020000000,nvhost_podgov,0,3,,47125,48406,48250,47687,47468,48406,4896,635,1433,0.343,19.284,6.600
4122744518600,49978478,20.009,20.000,729600,729600,1728000,schedutil,306000000,306000000,1020000000,nvhost_podgov,0,3,,47093,48312,48125,47750,47500,48312,4896,635,1433,0.388,19.282,6.660
4122794535288,50016688,19.993,20.000,729600,729600,1728000,schedutil,306000000,306000000,1020000000,nvhost_podgov,0,3,,47281,48343,48250,47625,47562,48343,4896,636,1433,0.361,19.282,6.600
4122844526631,49991343,20.003,20.000,729600,729600,1728000,schedutil,306000000,306000000,1020000000,nvhost_podgov,0,3,,47125,48437,48250,47750,47562,48437,4936,636,1433,0.344,19.289,6.630
4122894529718,50003087,19.999,20.000,729600,729600,1728000,schedutil,306000000,306000000,1020000000,nvhost_podgov,0,3,,47250,48281,48125,47718,47500,48562,4896,635,1433,0.351,19.288,6.580
4122944525412,49995694,20.002,20.000,729600,729600,1728000,schedutil,306000000,306000000,1020000000,nvhost_podgov,0,3,,47031,48343,48218,47781,47562,48343,4896,635,1433,0.341,19.286,6.580
4122994521459,49996047,20.002,20.000,729600,729600,1728000,schedutil,306000000,306000000,1020000000,nvhost_podgov,0,3,,47062,48375,48187,47656,47500,48375,4896,635,1433,0.364,19.279,7.010
4123044534019,50012560,19.995,20.000,729600,729600,1728000,schedutil,306000000,306000000,1020000000,nvhost_podgov,0,3,,47218,48468,48218,47625,47625,48468,4896,596,1433,0.352,19.289,6.530
4123094534674,50000655,20.000,20.000,729600,729600,1728000,schedutil,306000000,306000000,1020000000,nvhost_podgov,0,3,,47156,48343,48093,47625,47437,48343,4896,596,1433,0.341,19.286,6.580
4123144527264,49992590,20.003,20.000,729600,729600,1728000,schedutil,306000000,306000000,1020000000,nvhost_podgov,0,3,,47000,48375,48218,47718,47500,48375,4896,596,1433,0.346,19.284,6.680
4123194530767,50003503,19.999,20.000,729600,729600,1728000,schedutil,306000000,306000000,1020000000,nvhost_podgov,0,3,,47062,48562,48187,47750,47468,48562,4896,596,1433,0.354,19.286,6.820
4123244535166,50004399,19.998,20.000,729600,729600,1728000,schedutil,306000000,306000000,1020000000,nvhost_podgov,0,3,,47093,48343,48187,47656,47562,48343,4896,596,1433,0.341,19.284,6.580
4123294534573,49999407,20.000,20.000,729600,729600,1728000,schedutil,306000000,306000000,1020000000,nvhost_podgov,0,3,,47031,48343,48281,47781,47500,48343,4896,596,1433,0.356,19.286,6.870
4123344541789,50007216,19.997,20.000,729600,729600,1728000,schedutil,306000000,306000000,1020000000,nvhost_podgov,0,3,,47218,48625,48187,47625,47562,48625,4896,596,1433,0.357,19.288,6.550
4123394533163,49991374,20.003,20.000,729600,729600,1728000,schedutil,306000000,306000000,1020000000,nvhost_podgov,0,3,,47062,48437,48218,47718,47500,48437,4896,635,1433,0.343,19.285,6.600
4123444523162,49989999,20.004,20.000,729600,729600,1728000,schedutil,306000000,306000000,1020000000,nvhost_podgov,0,3,,47093,48437,48093,47562,47531,48437,4896,635,1433,0.364,19.284,7.090
4123494537033,50013871,19.994,20.000,729600,729600,1728000,schedutil,306000000,306000000,1020000000,nvhost_podgov,0,3,,47093,48593,48250,47750,47562,48593,4896,635,1433,0.354,19.285,6.820
4123544534424,49997391,20.001,20.000,729600,729600,1728000,schedutil,306000000,306000000,1020000000,nvhost_podgov,0,3,,47093,48343,48125,47781,47531,48281,4896,636,1433,0.346,19.286,6.680
4123594534343,49999919,20.000,20.000,729600,729600,1728000,schedutil,306000000,306000000,1020000000,nvhost_podgov,0,3,,47250,48468,48250,47718,47500,48468,4896,596,1433,0.354,19.288,6.820
4123644536758,50002415,19.999,20.000,729600,729600,1728000,schedutil,306000000,306000000,1020000000,nvhost_podgov,0,3,,47000,48593,48156,47781,47531,48593,4896,596,1433,0.333,19.286,6.410
4123694533381,49996623,20.001,20.000,729600,729600,1728000,schedutil,306000000,306000000,1020000000,nvhost_podgov,0,3,,47250,48375,48187,47687,47531,48312,4896,596,1433,0.350,19.284,6.750
4123744529524,49996143,20.002,20.000,729600,729600,1728000,schedutil,306000000,306000000,1020000000,nvhost_podgov,0,3,,47031,48500,48093,47750,47500,48500,4896,596,1433,0.372,19.288,7.180
4123794532515,50002991,19.999,20.000,729600,729600,1728000,schedutil,306000000,306000000,1020000000,nvhost_podgov,0,3,,47156,48281,48187,47656,47562,48281,4896,596,1433,0.341,19.288,6.580
4123844531858,49999343,20.000,20.000,729600,729600,1728000,schedutil,306000000,306000000,1020000000,nvhost_podgov,0,3,,47062,48312,48312,47781,47562,48312,4896,635,1433,0.341,19.289,6.580
4123894543265,50011407,19.995,20.000,729600,729600,1728000,schedutil,306000000,306000000,1020000000,nvhost_podgov,0,3,,47156,48531,48093,47562,47531,48531,4896,596,1433,0.360,19.289,6.580
4123944537008,49993743,20.003,20.000,729600,729600,1728000,schedutil,306000000,306000000,1020000000,nvhost_podgov,0,3,,47062,48250,48218,47656,47562,48250,4896,596,1433,0.385,19.284,7.420
4123994545151,50008143,19.997,20.000,729600,729600,1728000,schedutil,306000000,306000000,1020000000,nvhost_podgov,0,3,,47093,48312,48093,47812,47468,48312,4896,597,1433,0.344,19.288,6.630
4124044542254,49997103,20.001,20.000,729600,729600,1728000,schedutil,306000000,306000000,1020000000,nvhost_podgov,0,3,,47156,48562,48187,47687,47562,48562,4896,596,1433,0.351,19.286,6.770
4124094541245,49998991,20.000,20.000,729600,729600,1728000,schedutil,306000000,306000000,1020000000,nvhost_podgov,0,3,,47062,48281,48125,47781,47468,48281,4896,596,1433,0.336,19.286,6.490
4124144522763,49981518,20.007,20.000,729600,729600,1728000,schedutil,306000000,306000000,1020000000,nvhost_podgov,0,3,,47281,48312,48187,47593,47562,48312,4896,596,1433,0.395,19.279,7.620
4124194519994,49997231,20.001,20.000,729600,729600,1728000,schedutil,306000000,306000000,1020000000,nvhost_podgov,0,3,,47031,48531,48156,47750,47500,48406,4896,596,1433,0.409,19.284,7.880
4124244536265,50016271,19.993,20.000,729600,729600,1728000,schedutil,306000000,306000000,1020000000,nvhost_podgov,0,3,,47031,48281,48125,47718,47531,48281,4896,596,1433,0.362,19.282,6.990
4124294532344,49996079,20.002,20.000,729600,729600,1728000,schedutil,306000000,306000000,1020000000,nvhost_podgov,0,3,,47125,48218,48218,47656,47562,48218,4896,596,1433,0.374,19.279,7.210
4124344531783,49999439,20.000,20.000,729600,729600,1728000,schedutil,306000000,306000000,1020000000,nvhost_podgov,0,3,,47156,48656,48218,47625,47500,48375,4896,597,1433,0.378,19.281,7.010
4124394520630,49988847,20.004,20.000,729600,729600,1728000,schedutil,306000000,306000000,1020000000,nvhost_podgov,0,3,,47281,48281,48156,47625,47562,48281,4856,597,1433,0.362,19.282,6.990
4124444516837,49996207,20.002,20.000,729600,729600,1728000,schedutil,306000000,306000000,1020000000,nvhost_podgov,0,3,,47062,48312,48062,47843,47468,48312,4856,597,1433,0.406,19.274,7.040
4124494542324,50025487,19.990,20.000,729600,729600,1728000,schedutil,306000000,306000000,1020000000,nvhost_podgov,0,3,,47062,48281,48156,47687,47531,48375,4856,596,1433,0.379,19.282,7.010
4124544524323,49981999,20.007,20.000,729600,729600,1728000,schedutil,306000000,306000000,1020000000,nvhost_podgov,0,3,,47062,48312,48250,47812,47562,48312,4856,597,1433,0.356,19.281,6.870
4124594542898,50018575,19.993,20.000,729600,729600,1728000,schedutil,306000000,306000000,1020000000,nvhost_podgov,0,3,,47187,48281,48156,47656,47500,48281,4856,596,1433,0.366,19.279,7.070
4124644534369,49991471,20.003,20.000,729600,729600,1728000,schedutil,306000000,306000000,1020000000,nvhost_podgov,0,3,,46968,48250,48312,47625,47437,48343,4856,596,1433,0.372,19.280,6.910
4124694522351,49987982,20.005,20.000,729600,729600,1728000,schedutil,306000000,306000000,1020000000,nvhost_podgov,0,3,,47250,48312,48187,47656,47562,48406,4856,596,1433,0.388,19.274,7.540
4124744538143,50015792,19.994,20.000,729600,729600,1728000,schedutil,306000000,306000000,1020000000,nvhost_podgov,0,3,,47062,48343,48281,47625,47562,48343,4856,596,1433,0.366,19.284,7.070
4124794539470,50001327,19.999,20.000,729600,729600,1728000,schedutil,306000000,306000000,1020000000,nvhost_podgov,0,3,,47093,48375,48187,47562,47531,48375,4856,597,1433,0.383,19.281,6.940
4124844528412,49988942,20.004,20.000,729600,729600,1728000,schedutil,306000000,306000000,1020000000,nvhost_podgov,0,3,,47250,48250,48218,47718,47562,48250,4896,596,1433,0.365,19.280,7.040
4124894535915,50007503,19.997,20.000,729600,729600,1728000,schedutil,306000000,306000000,1020000000,nvhost_podgov,0,3,,47156,48312,48093,47718,47500,48312,4896,597,1433,0.367,19.282,7.090
4124944510746,49974831,20.010,20.000,729600,729600,1728000,schedutil,306000000,306000000,1020000000,nvhost_podgov,0,3,,47218,48343,48156,47593,47468,48343,4896,597,1433,0.375,19.271,7.230
4124994538313,50027567,19.989,20.000,729600,729600,1728000,schedutil,306000000,306000000,1020000000,nvhost_podgov,0,3,,47000,48281,48218,47656,47531,48281,4896,596,1433,0.359,19.280,6.910
4125044528504,49990191,20.004,20.000,729600,729600,1728000,schedutil,306000000,306000000,1020000000,nvhost_podgov,0,3,,47156,48343,48156,47625,47531,48343,4896,597,1433,0.384,19.284,7.010
4125094532359,50003855,19.998,20.000,729600,729600,1728000,schedutil,306000000,306000000,1020000000,nvhost_podgov,0,3,,47062,48343,48343,47656,47593,48343,4896,597,1433,0.364,19.280,7.010
4125144529718,49997359,20.001,20.000,729600,729600,1728000,schedutil,306000000,306000000,1020000000,nvhost_podgov,0,3,,47125,48343,48156,47625,47562,48343,4896,596,1433,0.371,19.282,7.160
4125194528901,49999183,20.000,20.000,729600,729600,1728000,schedutil,306000000,306000000,1020000000,nvhost_podgov,0,3,,47343,48312,48250,47656,47562,48312,4896,596,1433,0.398,19.279,7.010
4125244539380,50010479,19.996,20.000,729600,729600,1728000,schedutil,306000000,306000000,1020000000,nvhost_podgov,0,3,,47062,48406,48156,47593,47500,48406,4856,596,1433,0.399,19.275,7.680
4125294527554,49988174,20.005,20.000,729600,729600,1728000,schedutil,306000000,306000000,1020000000,nvhost_podgov,0,3,,47062,48312,48156,47687,47531,48500,4896,596,1433,0.349,19.285,6.720
4125344528209,50000655,20.000,20.000,729600,729600,1728000,schedutil,306000000,306000000,1020000000,nvhost_podgov,0,3,,47062,48343,48156,47718,47531,48343,4856,597,1433,0.360,19.286,6.680
4125394514912,49986703,20.005,20.000,729600,729600,1728000,schedutil,306000000,306000000,1020000000,nvhost_podgov,0,3,,47187,48437,48156,47656,47562,48437,4856,596,1433,0.364,19.286,7.010
4125444517071,50002159,19.999,20.000,729600,729600,1728000,schedutil,306000000,306000000,1020000000,nvhost_podgov,0,3,,47031,48531,48218,47750,47500,48531,4856,596,1433,0.386,19.280,7.450
4125494542654,50025583,19.990,20.000,729600,729600,1728000,schedutil,306000000,306000000,1020000000,nvhost_podgov,0,3,,47187,48375,48218,47562,47468,48375,4856,596,1433,0.359,19.293,6.550
4125544529197,49986543,20.005,20.000,729600,729600,1728000,schedutil,306000000,306000000,1020000000,nvhost_podgov,0,3,,47156,48375,48187,47750,47562,48375,4896,596,1433,0.339,19.286,6.530
4125594543964,50014767,19.994,20.000,729600,729600,1728000,schedutil,306000000,306000000,1020000000,nvhost_podgov,0,3,,47093,48593,48187,47593,47531,48593,4856,596,1433,0.351,19.286,6.770
4125644538923,49994959,20.002,20.000,729600,729600,1728000,schedutil,306000000,306000000,1020000000,nvhost_podgov,0,3,,47218,48406,48156,47718,47500,48406,4856,596,1433,0.352,19.288,6.710
4125694528089,49989166,20.004,20.000,729600,729600,1728000,schedutil,306000000,306000000,1020000000,nvhost_podgov,0,3,,47093,48468,48156,47687,47468,48468,4856,596,1433,0.357,19.281,6.900
4125744523528,49995439,20.002,20.000,729600,729600,1728000,schedutil,306000000,306000000,1020000000,nvhost_podgov,0,3,,47312,48593,48218,47562,47562,48593,4896,596,1433,0.355,19.288,6.850
4125794547384,50023856,19.990,20.000,729600,729600,1728000,schedutil,306000000,306000000,1020000000,nvhost_podgov,0,3,,47156,48406,48093,47781,47531,48406,4896,596,1433,0.350,19.279,7.280
4125844534886,49987502,20.005,20.000,729600,729600,1728000,schedutil,306000000,306000000,1020000000,nvhost_podgov,0,3,,47125,48437,48125,47593,47437,48437,4896,635,1433,0.346,19.286,6.680
4125894530517,49995631,20.002,20.000,729600,729600,1728000,schedutil,306000000,306000000,1020000000,nvhost_podgov,0,3,,47000,48593,48343,47687,47531,48593,4896,635,1433,0.345,19.291,6.660
4125944529508,49998991,20.000,20.000,729600,729600,1728000,schedutil,306000000,306000000,1020000000,nvhost_podgov,0,3,,47093,48375,48218,47593,47562,48375,4896,635,1433,0.340,19.281,6.550
4125994523091,49993583,20.003,20.000,729600,729600,1728000,schedutil,306000000,306000000,1020000000,nvhost_podgov,0,3,,47000,48500,48312,47718,47531,48500,4896,596,1433,0.357,19.284,6.410
4126044540450,50017359,19.993,20.000,729600,729600,1728000,schedutil,306000000,306000000,1020000000,nvhost_podgov,0,3,,47062,48218,48125,47656,47500,48218,4896,596,1433,0.354,19.288,6.750
4126094523984,49983534,20.007,20.000,729600,729600,1728000,schedutil,306000000,306000000,1020000000,nvhost_podgov,0,3,,47156,48437,48218,47656,47562,48312,4896,596,1433,0.343,19.290,6.600
4126144523327,49999343,20.000,20.000,729600,729600,1728000,schedutil,306000000,306000000,1020000000,nvhost_podgov,0,3,,47062,48500,48125,47750,47437,48500,4896,596,1433,0.345,19.286,6.660
4126194513582,49990255,20.004,20.000,729600,729600,1728000,schedutil,306000000,306000000,1020000000,nvhost_podgov,0,3,,47156,48250,48218,47625,47562,48250,4896,596,1433,0.379,19.281,6.630
4126244528125,50014543,19.994,20.000,729600,729600,1728000,schedutil,306000000,306000000,1020000000,nvhost_podgov,0,3,,47062,48406,48312,47750,47562,48312,4896,596,1433,0.344,19.288,6.630
4126294530828,50002703,19.999,20.000,729600,729600,1728000,schedutil,306000000,306000000,1020000000,nvhost_podgov,0,3,,47218,48468,48156,47687,47500,48468,4896,596,1433,0.350,19.289,6.750
4126344525915,49995087,20.002,20.000,729600,729600,1728000,schedutil,306000000,306000000,1020000000,nvhost_podgov,0,3,,47031,48312,48312,47656,47468,48312,4896,596,1433,0.355,19.289,6.580
4126394608619,50082704,19.967,20.000,729600,729600,1728000,schedutil,306000000,306000000,1020000000,nvhost_podgov,0,3,,47156,48312,48156,47625,47500,48312,4856,596,1433,0.357,19.285,6.900
4126444519352,49910733,20.036,20.000,729600,729600,1728000,schedutil,306000000,306000000,1020000000,nvhost_podgov,0,3,,47281,48625,48250,47593,47531,48625,4856,596,1433,0.364,19.289,7.010
4126494530983,50011631,19.995,20.000,729600,729600,1728000,schedutil,306000000,306000000,1020000000,nvhost_podgov,0,3,,47187,48281,48156,47781,47531,48281,4856,596,1433,0.354,19.290,6.580
4126544525654,49994671,20.002,20.000,729600,729600,1728000,schedutil,306000000,306000000,1020000000,nvhost_podgov,0,3,,47000,48312,48187,47625,47562,48312,4856,596,1433,0.349,19.286,6.720
4126594525157,49999503,20.000,20.000,729600,729600,1728000,schedutil,306000000,306000000,1020000000,nvhost_podgov,0,3,,47062,48718,48187,47781,47562,48718,4856,596,1433,0.355,19.285,6.850
4126644531988,50006831,19.997,20.000,729600,729600,1728000,schedutil,306000000,306000000,1020000000,nvhost_podgov,0,3,,47156,48250,48281,47625,47531,48281,4856,596,1433,0.360,19.293,6.630
4126694522114,49990126,20.004,20.000,729600,729600,1728000,schedutil,306000000,306000000,1020000000,nvhost_podgov,0,3,,47093,48312,48281,47781,47531,48312,4856,596,1433,0.346,19.286,6.680
4126744528209,50006095,19.998,20.000,729600,729600,1728000,schedutil,306000000,306000000,1020000000,nvhost_podgov,0,3,,47156,48156,48156,47656,47562,48156,4896,596,1433,0.344,19.286,6.630
4126794536160,50007951,19.997,20.000,729600,729600,1728000,schedutil,306000000,306000000,1020000000,nvhost_podgov,0,3,,47000,48312,48218,47718,47500,48312,4896,596,1433,0.366,19.288,6.580
4126844537071,50000911,20.000,20.000,729600,729600,1728000,schedutil,306000000,306000000,1020000000,nvhost_podgov,0,3,,47093,48312,48156,47656,47500,48312,4936,635,1433,0.347,19.289,6.710
4126894535326,49998255,20.001,20.000,729600,729600,1728000,schedutil,306000000,306000000,1020000000,nvhost_podgov,0,3,,47125,48281,48187,47625,47531,48281,4936,635,1433,0.354,19.290,6.820
4126944524237,49988911,20.004,20.000,729600,729600,1728000,schedutil,306000000,306000000,1020000000,nvhost_podgov,0,3,,47125,48343,48156,47781,47468,48343,4936,635,1433,0.351,19.286,6.770
4126994533372,50009135,19.996,20.000,729600,729600,1728000,schedutil,306000000,306000000,1020000000,nvhost_podgov,0,3,,47250,48312,48125,47687,47468,48312,4896,635,1433,0.341,19.286,6.580
4127044531434,49998062,20.001,20.000,729600,729600,1728000,schedutil,306000000,306000000,1020000000,nvhost_podgov,0,3,,47062,48218,48093,47750,47500,48281,4896,635,1433,0.346,19.286,6.680
4127094535993,50004559,19.998,20.000,729600,729600,1728000,schedutil,306000000,306000000,1020000000,nvhost_podgov,0,3,,47343,48343,48125,47718,47500,48343,4896,635,1433,0.340,19.288,6.550
4127144528936,49992943,20.003,20.000,729600,729600,1728000,schedutil,306000000,306000000,1020000000,nvhost_podgov,0,3,,47062,48375,48312,47687,47500,48375,4896,596,1433,0.339,19.284,6.530
4127194515927,49986991,20.005,20.000,729600,729600,1728000,schedutil,306000000,306000000,1020000000,nvhost_podgov,0,3,,47125,48312,48218,47625,47562,48375,4896,596,1433,0.355,19.277,6.850
4127244538790,50022863,19.991,20.000,729600,729600,1728000,schedutil,306000000,306000000,1020000000,nvhost_podgov,0,3,,47250,48312,48281,47781,47562,48312,4896,596,1433,0.357,19.285,6.750
4127294535637,49996847,20.001,20.000,729600,729600,1728000,schedutil,306000000,306000000,1020000000,nvhost_podgov,0,3,,47187,48312,48187,47812,47468,48312,4896,596,1433,0.430,19.270,8.280
4127344526819,49991182,20.004,20.000,729600,729600,1728000,schedutil,306000000,306000000,1020000000,nvhost_podgov,0,3,,47062,48406,48281,47718,47562,48406,4976,635,1433,0.362,19.286,6.580
4127394536530,50009711,19.996,20.000,729600,729600,1728000,schedutil,306000000,306000000,1020000000,nvhost_podgov,0,3,,47062,48281,48156,47812,47500,48281,4976,635,1433,0.340,19.286,6.550
4127444518241,49981711,20.007,20.000,729600,729600,1728000,schedutil,306000000,306000000,1020000000,nvhost_podgov,0,3,,47156,48343,48218,47625,47531,48343,4976,635,1433,0.395,19.289,7.620
4127494538736,50020495,19.992,20.000,729600,729600,1728000,schedutil,306000000,306000000,1020000000,nvhost_podgov,0,3,,47062,48375,48187,47812,47531,48375,4936,635,1433,0.357,19.293,6.550
4127544533727,49994991,20.002,20.000,729600,729600,1728000,schedutil,306000000,306000000,1020000000,nvhost_podgov,0,3,,47250,48312,48125,47625,47531,48312,4936,635,1433,0.345,19.288,6.660
4127594529421,49995694,20.002,20.000,729600,729600,1728000,schedutil,306000000,306000000,1020000000,nvhost_podgov,0,3,,47031,48343,48281,47718,47562,48343,4936,635,1433,0.346,19.284,6.680
4127644533660,50004239,19.998,20.000,729600,729600,1728000,schedutil,306000000,306000000,1020000000,nvhost_podgov,0,3,,47062,48437,48125,47625,47562,48437,4936,635,1433,0.356,19.289,6.630
4127694528907,49995247,20.002,20.000,729600,729600,1728000,schedutil,306000000,306000000,1020000000,nvhost_podgov,0,3,,47187,48312,48218,47718,47562,48312,4936,635,1433,0.351,19.284,6.770
4127744530010,50001103,20.000,20.000,729600,729600,1728000,schedutil,306000000,306000000,1020000000,nvhost_podgov,0,3,,47031,48375,48156,47593,47500,48375,4896,635,1433,0.345,19.285,6.660
4127794519880,49989870,20.004,20.000,729600,729600,1728000,schedutil,306000000,306000000,1020000000,nvhost_podgov,0,3,,47250,48468,48250,47656,47562,48468,4896,596,1433,0.357,19.290,6.580
4127844534263,50014383,19.994,20.000,729600,729600,1728000,schedutil,306000000,306000000,1020000000,nvhost_podgov,0,3,,47031,48312,48156,47781,47531,48531,4896,635,1433,0.345,19.285,6.660
4127894532038,49997775,20.001,20.000,729600,729600,1728000,schedutil,306000000,306000000,1020000000,nvhost_podgov,0,3,,47093,48406,48187,47656,47531,48406,4896,635,1433,0.355,19.284,6.850
4127944530133,49998095,20.001,20.000,729600,729600,1728000,schedutil,306000000,306000000,1020000000,nvhost_podgov,0,3,,47093,48468,48187,47781,47500,48468,4896,635,1433,0.362,19.288,6.960
4127994529316,49999183,20.000,20.000,729600,729600,1728000,schedutil,306000000,306000000,1020000000,nvhost_podgov,0,3,,47156,48312,48187,47687,47531,48531,4896,596,1433,0.344,19.284,6.630
4128044540979,50011663,19.995,20.000,729600,729600,1728000,schedutil,306000000,306000000,1020000000,nvhost_podgov,0,3,,47250,48406,48218,47750,47500,48406,4896,596,1433,0.380,19.277,7.320
4128094530977,49989998,20.004,20.000,729600,729600,1728000,schedutil,306000000,306000000,1020000000,nvhost_podgov,0,3,,47187,48500,48093,47656,47562,48500,4896,596,1433,0.362,19.288,6.520
4128144532848,50001871,19.999,20.000,729600,729600,1728000,schedutil,306000000,306000000,1020000000,nvhost_podgov,0,3,,47062,48718,48218,47625,47562,48718,4896,596,1433,0.344,19.284,6.630
4128194530463,49997615,20.001,20.000,729600,729600,1728000,schedutil,306000000,306000000,1020000000,nvhost_podgov,0,3,,47062,48406,48125,47593,47406,48406,4896,596,1433,0.365,19.280,7.160
4128244532366,50001903,19.999,20.000,729600,729600,1728000,schedutil,306000000,306000000,1020000000,nvhost_podgov,0,3,,47156,48500,48281,47718,47531,48500,4896,596,1433,0.360,19.289,6.660
4128294534525,50002159,19.999,20.000,729600,729600,1728000,schedutil,306000000,306000000,1020000000,nvhost_podgov,0,3,,47125,48250,48125,47687,47500,48250,4896,596,1433,0.343,19.284,6.600
4128344542156,50007631,19.997,20.000,729600,729600,1728000,schedutil,306000000,306000000,1020000000,nvhost_podgov,0,3,,47312,48437,48218,47625,47562,48437,4896,596,1433,0.357,19.286,6.900
4128394532666,49990510,20.004,20.000,729600,729600,1728000,schedutil,306000000,306000000,1020000000,nvhost_podgov,0,3,,47000,48531,48250,47687,47500,48531,4896,635,1433,0.340,19.289,6.550
4128444511625,49978959,20.008,20.000,729600,729600,1728000,schedutil,306000000,306000000,1020000000,nvhost_podgov,0,3,,47093,48312,48125,47687,47468,48312,4896,635,1433,0.378,19.281,7.280
4128494531576,50019951,19.992,20.000,729600,729600,1728000,schedutil,306000000,306000000,1020000000,nvhost_podgov,0,3,,47250,48406,48218,47687,47500,48343,4896,635,1433,0.356,19.286,6.870
4128544530854,49999278,20.000,20.000,729600,729600,1728000,schedutil,306000000,306000000,1020000000,nvhost_podgov,0,3,,47125,48593,48125,47625,47437,48593,4896,596,1433,0.344,19.284,6.630
4128594533237,50002383,19.999,20.000,729600,729600,1728000,schedutil,306000000,306000000,1020000000,nvhost_podgov,0,3,,47218,48312,48187,47656,47562,48312,4896,596,1433,0.349,19.288,6.730
4128644536228,50002991,19.999,20.000,729600,729600,1728000,schedutil,306000000,306000000,1020000000,nvhost_podgov,0,3,,47093,48500,48156,47593,47562,48500,4896,596,1433,0.357,19.290,6.540
4128694532691,49996463,20.001,20.000,729600,729600,1728000,schedutil,306000000,306000000,1020000000,nvhost_podgov,0,3,,47062,48656,48156,47718,47562,48656,4896,596,1433,0.360,19.282,6.940
4128744532034,49999343,20.000,20.000,729600,729600,1728000,schedutil,306000000,306000000,1020000000,nvhost_podgov,0,3,,47031,48281,48187,47781,47562,48281,4896,596,1433,0.345,19.285,6.660
4128794534896,50002862,19.999,20.000,729600,729600,1728000,schedutil,306000000,306000000,1020000000,nvhost_podgov,0,3,,47156,48468,48125,47593,47531,48343,4896,596,1433,0.359,19.290,6.490
4128844531999,49997103,20.001,20.000,729600,729600,1728000,schedutil,306000000,306000000,1020000000,nvhost_podgov,0,3,,47093,48656,48218,47718,47468,48656,4856,596,1433,0.349,19.289,6.730
4128894529934,49997935,20.001,20.000,729600,729600,1728000,schedutil,306000000,306000000,1020000000,nvhost_podgov,0,3,,47281,48343,48156,47625,47562,48343,4896,596,1433,0.356,19.284,6.870
4128944513052,49983118,20.007,20.000,729600,729600,1728000,schedutil,306000000,306000000,1020000000,nvhost_podgov,0,3,,47062,48531,48187,47625,47531,48312,4896,596,1433,0.381,19.285,7.350
4128994531243,50018191,19.993,20.000,729600,729600,1728000,schedutil,306000000,306000000,1020000000,nvhost_podgov,0,3,,47062,48187,48187,47687,47531,48218,4896,596,1433,0.350,19.284,6.750
4129044533562,50002319,19.999,20.000,729600,729600,1728000,schedutil,306000000,306000000,1020000000,nvhost_podgov,0,3,,47156,48312,48218,47750,47562,48312,4896,596,1433,0.346,19.285,6.680
4129094531433,49997871,20.001,20.000,729600,729600,1728000,schedutil,306000000,306000000,1020000000,nvhost_podgov,0,3,,47093,48312,48156,47781,47500,48312,4896,596,1433,0.356,19.289,6.710
4129144531160,49999727,20.000,20.000,729600,729600,1728000,schedutil,306000000,306000000,1020000000,nvhost_podgov,0,3,,47250,48281,48250,47625,47562,48281,4896,596,1433,0.339,19.286,6.530
4129194510470,49979310,20.008,20.000,729600,729600,1728000,schedutil,306000000,306000000,1020000000,nvhost_podgov,0,3,,47062,48312,48281,47718,47500,48312,4896,596,1433,0.385,19.291,7.170
4129244523701,50013231,19.995,20.000,729600,729600,1728000,schedutil,306000000,306000000,1020000000,nvhost_podgov,0,3,,47093,48312,48156,47593,47468,48312,4856,596,1433,0.380,19.284,7.040
4129294521060,49997359,20.001,20.000,729600,729600,1728000,schedutil,306000000,306000000,1020000000,nvhost_podgov,0,3,,47031,48156,48312,47750,47562,48312,4896,596,1433,0.361,19.281,6.960
4129344533715,50012655,19.995,20.000,729600,729600,1728000,schedutil,306000000,306000000,1020000000,nvhost_podgov,0,3,,47156,48218,48218,47625,47562,48218,4896,596,1433,0.367,19.281,7.090
4129394535266,50001551,19.999,20.000,729600,729600,1728000,schedutil,306000000,306000000,1020000000,nvhost_podgov,0,3,,47031,48312,48156,47718,47531,48312,4896,596,1433,0.361,19.281,6.960
4129444529488,49994222,20.002,20.000,729600,729600,1728000,schedutil,306000000,306000000,1020000000,nvhost_podgov,0,3,,47062,48250,48125,47781,47531,48250,4896,596,1433,0.383,19.281,7.370
4129494530207,50000719,20.000,20.000,729600,729600,1728000,schedutil,306000000,306000000,1020000000,nvhost_podgov,0,3,,47156,48187,48281,47781,47562,48281,4896,596,1433,0.376,19.284,7.260
4129544521389,49991182,20.004,20.000,729600,729600,1728000,schedutil,306000000,306000000,1020000000,nvhost_podgov,0,3,,47062,48312,48218,47781,47531,48312,4896,596,1433,0.380,19.284,6.850
4129594533532,50012143,19.995,20.000,729600,729600,1728000,schedutil,306000000,306000000,1020000000,nvhost_podgov,0,3,,47218,48250,48187,47656,47468,48437,4856,596,1433,0.372,19.280,7.180
4129644538891,50005359,19.998,20.000,729600,729600,1728000,schedutil,306000000,306000000,1020000000,nvhost_podgov,0,3,,47062,48312,48250,47750,47500,48312,4856,596,1433,0.378,19.285,6.990
4129694532026,49993135,20.003,20.000,729600,729600,1728000,schedutil,306000000,306000000,1020000000,nvhost_podgov,0,3,,47250,48312,48062,47593,47500,48312,4856,596,1433,0.385,19.284,7.420
4129744532169,50000143,20.000,20.000,729600,729600,1728000,schedutil,306000000,306000000,1020000000,nvhost_podgov,0,3,,47031,48281,48250,47656,47562,48437,4856,596,1433,0.367,19.281,7.090
4129794534039,50001870,19.999,20.000,729600,729600,1728000,schedutil,306000000,306000000,1020000000,nvhost_podgov,0,3,,47156,48312,48125,47750,47500,48312,4856,596,1433,0.374,19.288,7.070
4129844530886,49996847,20.001,20.000,729600,729600,1728000,schedutil,306000000,306000000,1020000000,nvhost_podgov,0,3,,47437,48343,48250,47750,47593,48343,4856,596,1433,0.364,19.282,7.010
4129894534677,50003791,19.998,20.000,729600,729600,1728000,schedutil,306000000,306000000,1020000000,nvhost_podgov,0,3,,47125,48375,48093,47781,47562,48375,4896,596,1433,0.364,19.279,7.010
4129944529795,49995118,20.002,20.000,729600,729600,1728000,schedutil,306000000,306000000,1020000000,nvhost_podgov,0,3,,47343,48312,48218,47687,47531,48312,4896,596,1433,0.370,19.275,7.590
4129994535666,50005871,19.998,20.000,729600,729600,1728000,schedutil,306000000,306000000,1020000000,nvhost_podgov,0,3,,47062,48343,48062,47812,47437,48343,4896,596,1433,0.365,19.281,7.040
4130044533281,49997615,20.001,20.000,729600,729600,1728000,schedutil,306000000,306000000,1020000000,nvhost_podgov,0,3,,47125,48406,48156,47718,47500,48406,4896,596,1433,0.366,19.281,7.070
4130094540272,50006991,19.997,20.000,729600,729600,1728000,schedutil,306000000,306000000,1020000000,nvhost_podgov,0,3,,47093,48312,48250,47687,47500,48312,4896,596,1433,0.375,19.282,6.940
4130144540799,50000527,20.000,20.000,729600,729600,1728000,schedutil,306000000,306000000,1020000000,nvhost_podgov,0,3,,47187,48312,48125,47656,47500,48312,4896,635,1433,0.360,19.282,6.940
4130194521389,49980590,20.008,20.000,729600,729600,1728000,schedutil,306000000,306000000,1020000000,nvhost_podgov,0,3,,47062,48562,48156,47781,47562,48562,4896,596,1433,0.395,19.284,7.620
4130244522204,50000815,20.000,20.000,729600,729600,1728000,schedutil,306000000,306000000,1020000000,nvhost_podgov,0,3,,47093,48312,48156,47781,47500,48312,4896,596,1433,0.361,19.280,6.960
4130294542187,50019983,19.992,20.000,729600,729600,1728000,schedutil,306000000,306000000,1020000000,nvhost_podgov,0,3,,47156,48437,48218,47562,47500,48437,4856,596,1433,0.380,19.273,7.320
4130344541113,49998926,20.000,20.000,729600,729600,1728000,schedutil,306000000,306000000,1020000000,nvhost_podgov,0,3,,47062,48531,48125,47812,47468,48531,4896,596,1433,0.352,19.291,6.800
4130394541096,49999983,20.000,20.000,729600,729600,1728000,schedutil,306000000,306000000,1020000000,nvhost_podgov,0,3,,47343,48312,48250,47625,47562,48687,4856,596,1433,0.365,19.281,6.800
4130444524759,49983663,20.007,20.000,729600,729600,1728000,schedutil,306000000,306000000,1020000000,nvhost_podgov,0,3,,47062,48531,48156,47781,47562,48531,4856,596,1433,0.365,19.285,7.040
4130494535941,50011182,19.996,20.000,729600,729600,1728000,schedutil,306000000,306000000,1020000000,nvhost_podgov,0,3,,47281,48562,48125,47625,47531,48562,4856,596,1433,0.352,19.286,6.800
4130544541332,50005391,19.998,20.000,729600,729600,1728000,schedutil,306000000,306000000,1020000000,nvhost_podgov,0,3,,47062,48375,48281,47750,47500,48281,4856,596,1433,0.356,19.290,6.600
4130594534115,49992783,20.003,20.000,729600,729600,1728000,schedutil,306000000,306000000,1020000000,nvhost_podgov,0,3,,47156,48406,48125,47718,47500,48406,4856,596,1433,0.345,19.288,6.660
4130644536050,50001935,19.999,20.000,729600,729600,1728000,schedutil,306000000,306000000,1020000000,nvhost_podgov,0,3,,47312,48531,48312,47781,47562,48531,4856,596,1433,0.354,19.289,6.550
4130694535680,49999630,20.000,20.000,729600,729600,1728000,schedutil,306000000,306000000,1020000000,nvhost_podgov,0,3,,47125,48281,48125,47843,47468,48281,4856,596,1433,0.341,19.286,6.580
4130744534927,49999247,20.000,20.000,729600,729600,1728000,schedutil,306000000,306000000,1020000000,nvhost_podgov,0,3,,47000,48437,48125,47687,47531,48281,4856,596,1433,0.351,19.288,6.770
4130794536318,50001391,19.999,20.000,729600,729600,1728000,schedutil,306000000,306000000,1020000000,nvhost_podgov,0,3,,47062,48562,48125,47781,47437,48562,4856,596,1433,0.360,19.291,6.600
4130844531532,49995214,20.002,20.000,729600,729600,1728000,schedutil,306000000,306000000,1020000000,nvhost_podgov,0,3,,47187,48250,48187,47687,47531,48250,4856,596,1433,0.375,19.275,7.230
4130894542203,50010671,19.996,20.000,729600,729600,1728000,schedutil,306000000,306000000,1020000000,nvhost_podgov,0,3,,47093,48531,48156,47718,47531,48531,4856,596,1433,0.350,19.288,6.750
4130944534954,49992751,20.003,20.000,729600,729600,1728000,schedutil,306000000,306000000,1020000000,nvhost_podgov,0,3,,47218,48625,48187,47593,47500,48625,4896,596,1433,0.354,19.281,7.040
4130994540280,50005326,19.998,20.000,729600,729600,1728000,schedutil,306000000,306000000,1020000000,nvhost_podgov,0,3,,46968,48281,48250,47656,47437,48312,4896,596,1433,0.367,19.284,6.660
4131044536711,49996431,20.001,20.000,729600,729600,1728000,schedutil,306000000,306000000,1020000000,nvhost_podgov,0,3,,47062,48531,48093,47562,47562,48531,4896,596,1433,0.349,19.285,6.720
4131094541974,50005263,19.998,20.000,729600,729600,1728000,schedutil,306000000,306000000,1020000000,nvhost_podgov,0,3,,47093,48593,48156,47625,47500,48593,4896,596,1433,0.366,19.290,6.540
4131144536836,49994862,20.002,20.000,729600,729600,1728000,schedutil,306000000,306000000,1020000000,nvhost_podgov,0,3,,47156,48312,48156,47781,47468,48312,4896,596,1433,0.341,19.284,6.580
4131194523987,49987151,20.005,20.000,729600,729600,1728000,schedutil,306000000,306000000,1020000000,nvhost_podgov,0,3,,47375,48593,48187,47687,47593,48312,4856,596,1433,0.379,19.286,7.310
4131244525698,50001711,19.999,20.000,729600,729600,1728000,schedutil,306000000,306000000,1020000000,nvhost_podgov,0,3,,47062,48281,48156,47781,47500,48281,4856,596,1433,0.365,19.285,7.040
4131294542385,50016687,19.993,20.000,729600,729600,1728000,schedutil,306000000,306000000,1020000000,nvhost_podgov,0,3,,47062,48312,48187,47656,47562,48312,4856,596,1433,0.383,19.284,7.370
4131344541119,49998734,20.001,20.000,729600,729600,1728000,schedutil,306000000,306000000,1020000000,nvhost_podgov,0,3,,47062,48500,48156,47687,47468,48375,4896,596,1433,0.360,19.282,6.940
4131394538734,49997615,20.001,20.000,729600,729600,1728000,schedutil,306000000,306000000,1020000000,nvhost_podgov,0,3,,47125,48281,48187,47687,47531,48281,4856,596,1433,0.359,19.288,6.630
4131444523100,49984366,20.006,20.000,729600,729600,1728000,schedutil,306000000,306000000,1020000000,nvhost_podgov,0,3,,47375,48312,48281,47625,47562,48312,4856,596,1433,0.335,19.282,6.460
4131494530731,50007631,19.997,20.000,729600,729600,1728000,schedutil,306000000,306000000,1020000000,nvhost_podgov,0,3,,47187,48656,48093,47625,47531,48281,4856,596,1433,0.367,19.282,7.090
4131544537882,50007151,19.997,20.000,729600,729600,1728000,schedutil,306000000,306000000,1020000000,nvhost_podgov,0,3,,47093,48250,48187,47750,47531,48250,4856,596,1433,0.359,19.291,6.660
4131594533576,49995694,20.002,20.000,729600,729600,1728000,schedutil,306000000,306000000,1020000000,nvhost_podgov,0,3,,47062,48312,48125,47781,47562,48312,4856,596,1433,0.335,19.288,6.460
4131644541495,50007919,19.997,20.000,729600,729600,1728000,schedutil,306000000,306000000,1020000000,nvhost_podgov,0,3,,47218,48406,48187,47656,47531,48406,4856,596,1433,0.355,19.293,6.580
4131694536838,49995343,20.002,20.000,729600,729600,1728000,schedutil,306000000,306000000,1020000000,nvhost_podgov,0,3,,47062,48312,48093,47781,47468,48312,4856,596,1433,0.339,19.289,6.530
4131744521332,49984494,20.006,20.000,729600,729600,1728000,schedutil,306000000,306000000,1020000000,nvhost_podgov,0,3,,47250,48343,48218,47625,47531,48343,4856,596,1433,0.383,19.279,7.370
4131794539651,50018319,19.993,20.000,729600,729600,1728000,schedutil,306000000,306000000,1020000000,nvhost_podgov,0,3,,47062,48375,48281,47718,47468,48375,4856,596,1433,0.352,19.291,6.630
4131844533234,49993583,20.003,20.000,729600,729600,1728000,schedutil,306000000,306000000,1020000000,nvhost_podgov,0,3,,47156,48312,48125,47687,47531,48312,4856,596,1433,0.341,19.288,6.580
4131894538976,50005742,19.998,20.000,729600,729600,1728000,schedutil,306000000,306000000,1020000000,nvhost_podgov,0,3,,47281,48312,48187,47687,47562,48312,4896,596,1433,0.349,19.290,6.730
4131944520911,49981935,20.007,20.000,729600,729600,1728000,schedutil,306000000,306000000,1020000000,nvhost_podgov,0,3,,47218,48343,48218,47687,47531,48343,4896,596,1433,0.354,19.288,6.580
4131994532958,50012047,19.995,20.000,729600,729600,1728000,schedutil,306000000,306000000,1020000000,nvhost_podgov,0,3,,47343,48281,48312,47718,47531,48437,4896,596,1433,0.352,19.284,6.800
4132044533452,50000494,20.000,20.000,729600,729600,1728000,schedutil,306000000,306000000,1020000000,nvhost_podgov,0,3,,47062,48343,48156,47781,47468,48343,4896,596,1433,0.347,19.286,6.710
4132094545947,50012495,19.995,20.000,729600,729600,1728000,schedutil,306000000,306000000,1020000000,nvhost_podgov,0,3,,47062,48343,48125,47593,47531,48343,4896,596,1433,0.359,19.293,6.630
4132144533386,49987439,20.005,20.000,729600,729600,1728000,schedutil,306000000,306000000,1020000000,nvhost_podgov,0,3,,47125,48312,48250,47812,47531,48468,4896,596,1433,0.349,19.285,6.720
4132194533464,50000078,20.000,20.000,729600,729600,1728000,schedutil,306000000,306000000,1020000000,nvhost_podgov,0,3,,47187,48343,48218,47593,47562,48343,4856,596,1433,0.354,19.284,6.820
4132244538439,50004975,19.998,20.000,729600,729600,1728000,schedutil,306000000,306000000,1020000000,nvhost_podgov,0,3,,47000,48343,48281,47781,47500,48343,4856,596,1433,0.351,19.286,6.770
4132294536022,49997583,20.001,20.000,729600,729600,1728000,schedutil,306000000,306000000,1020000000,nvhost_podgov,0,3,,47218,48312,48093,47593,47531,48468,4856,596,1433,0.398,19.277,7.670
4132344538788,50002766,19.999,20.000,729600,729600,1728000,schedutil,306000000,306000000,1020000000,nvhost_podgov,0,3,,47125,48312,48218,47593,47593,48312,4936,635,1433,0.364,19.286,7.010
4132394533107,49994319,20.002,20.000,729600,729600,1728000,schedutil,306000000,306000000,1020000000,nvhost_podgov,0,3,,47093,48406,48218,47625,47500,48406,4936,635,1433,0.357,19.289,6.660
4132444533026,49999919,20.000,20.000,729600,729600,1728000,schedutil,306000000,306000000,1020000000,nvhost_podgov,0,3,,47218,48562,48125,47625,47500,48562,4936,635,1433,0.345,19.285,6.660
4132494524976,49991950,20.003,20.000,729600,729600,1728000,schedutil,306000000,306000000,1020000000,nvhost_podgov,0,3,,47093,48406,48187,47750,47437,48656,4936,635,1433,0.352,19.286,6.800
4132544538975,50013999,19.994,20.000,729600,729600,1728000,schedutil,306000000,306000000,1020000000,nvhost_podgov,0,3,,47250,48375,48187,47656,47562,48375,4936,635,1433,0.361,19.286,6.680
4132594539854,50000879,20.000,20.000,729600,729600,1728000,schedutil,306000000,306000000,1020000000,nvhost_podgov,0,3,,47156,48500,48343,47750,47500,48500,4896,635,1433,0.339,19.286,6.530
4132644531900,49992046,20.003,20.000,729600,729600,1728000,schedutil,306000000,306000000,1020000000,nvhost_podgov,0,3,,47125,48312,48125,47593,47500,48312,4896,635,1433,0.351,19.289,6.770
4132694529035,49997135,20.001,20.000,729600,729600,1728000,schedutil,306000000,306000000,1020000000,nvhost_podgov,0,3,,47250,48500,48281,47750,47468,48500,4896,635,1433,0.340,19.288,6.550
4132744537913,50008878,19.996,20.000,729600,729600,1728000,schedutil,306000000,306000000,1020000000,nvhost_podgov,0,3,,47125,48562,48125,47625,47562,48562,4896,635,1433,0.385,19.282,6.630
4132794532904,49994991,20.002,20.000,729600,729600,1728000,schedutil,306000000,306000000,1020000000,nvhost_podgov,0,3,,47062,48375,48218,47687,47500,48375,4896,635,1433,0.349,19.290,6.720
4132844541271,50008367,19.997,20.000,729600,729600,1728000,schedutil,306000000,306000000,1020000000,nvhost_podgov,0,3,,47093,48437,48062,47781,47562,48437,4896,596,1433,0.341,19.284,6.580
4132894531237,49989966,20.004,20.000,729600,729600,1728000,schedutil,306000000,306000000,1020000000,nvhost_podgov,0,3,,47187,48562,48218,47593,47531,48562,4896,635,1433,0.343,19.282,6.600
4132944523316,49992079,20.003,20.000,729600,729600,1728000,schedutil,306000000,306000000,1020000000,nvhost_podgov,0,3,,47093,48406,48218,47781,47500,48406,4896,635,1433,0.350,19.289,6.630
4132994521250,49997934,20.001,20.000,729600,729600,1728000,schedutil,306000000,306000000,1020000000,nvhost_podgov,0,3,,47187,48500,48156,47656,47500,48500,4896,635,1433,0.355,19.282,6.850
4133044542705,50021455,19.991,20.000,729600,729600,1728000,schedutil,306000000,306000000,1020000000,nvhost_podgov,0,3,,47031,48687,48250,47718,47468,48687,4896,635,1433,0.343,19.288,6.600
4133094540832,49998127,20.001,20.000,729600,729600,1728000,schedutil,306000000,306000000,1020000000,nvhost_podgov,0,3,,47281,48406,48156,47531,47562,48250,4896,596,1433,0.349,19.291,6.580
4133144536334,49995502,20.002,20.000,729600,729600,1728000,schedutil,306000000,306000000,1020000000,nvhost_podgov,0,3,,47187,48500,48125,47718,47562,48500,4896,635,1433,0.344,19.286,6.630
4133194532285,49995951,20.002,20.000,729600,729600,1728000,schedutil,306000000,306000000,1020000000,nvhost_podgov,0,3,,47156,48562,48218,47562,47500,48562,4896,596,1433,0.343,19.286,6.600
4133244528075,49995790,20.002,20.000,729600,729600,1728000,schedutil,306000000,306000000,1020000000,nvhost_podgov,0,3,,47281,48281,48250,47625,47468,48281,4896,596,1433,0.355,19.286,6.850
4133294533242,50005167,19.998,20.000,729600,729600,1728000,schedutil,306000000,306000000,1020000000,nvhost_podgov,0,3,,47125,48468,48156,47781,47500,48468,4896,596,1433,0.345,19.286,6.660
4133344536457,50003215,19.999,20.000,729600,729600,1728000,schedutil,306000000,306000000,1020000000,nvhost_podgov,0,3,,47312,48656,48125,47718,47562,48656,4896,596,1433,0.351,19.282,6.770
4133394530071,49993614,20.003,20.000,729600,729600,1728000,schedutil,306000000,306000000,1020000000,nvhost_podgov,0,3,,47062,48312,48281,47750,47437,48312,4896,635,1433,0.357,19.290,6.360
4133444531270,50001199,20.000,20.000,729600,729600,1728000,schedutil,306000000,306000000,1020000000,nvhost_podgov,0,3,,47156,48593,48156,47625,47562,48593,4896,635,1433,0.369,19.289,7.120
4133494533749,50002479,19.999,20.000,729600,729600,1728000,schedutil,306000000,306000000,1020000000,nvhost_podgov,0,3,,47218,48218,48312,47718,47562,48312,4896,635,1433,0.372,19.285,6.870
4133544533603,49999854,20.000,20.000,729600,729600,1728000,schedutil,306000000,306000000,1020000000,nvhost_podgov,0,3,,47156,48218,48125,47593,47531,48218,4896,636,1433,0.356,19.285,6.600
4133594528018,49994415,20.002,20.000,729600,729600,1728000,schedutil,306000000,306000000,1020000000,nvhost_podgov,0,3,,47062,48593,48156,47656,47562,48593,4896,636,1433,0.339,19.286,6.530
4133644530688,50002670,19.999,20.000,729600,729600,1728000,schedutil,306000000,306000000,1020000000,nvhost_podgov,0,3,,47062,48312,48156,47843,47468,48312,4896,636,1433,0.351,19.291,6.770
4133694530319,49999631,20.000,20.000,729600,729600,1728000,schedutil,306000000,306000000,1020000000,nvhost_podgov,0,3,,47156,48375,48250,47656,47562,48375,4896,635,1433,0.351,19.289,6.680
4133744532221,50001902,19.999,20.000,729600,729600,1728000,schedutil,306000000,306000000,1020000000,nvhost_podgov,0,3,,47062,48593,48125,47812,47531,48343,4896,635,1433,0.355,19.284,6.850
4133794533740,50001519,19.999,20.000,729600,729600,1728000,schedutil,306000000,306000000,1020000000,nvhost_podgov,0,3,,47187,48312,48281,47687,47468,48312,4896,636,1433,0.347,19.281,6.690
4133844529563,49995823,20.002,20.000,729600,729600,1728000,schedutil,306000000,306000000,1020000000,nvhost_podgov,0,3,,47062,48312,48281,47750,47500,48312,4896,635,1433,0.360,19.288,6.550
4133894529289,49999726,20.000,20.000,729600,729600,1728000,schedutil,306000000,306000000,1020000000,nvhost_podgov,0,3,,47281,48593,48187,47687,47500,48312,4896,596,1433,0.341,19.284,6.580
4133944518231,49988942,20.004,20.000,729600,729600,1728000,schedutil,306000000,306000000,1020000000,nvhost_podgov,0,3,,47125,48312,48312,47687,47562,48312,4896,636,1433,0.356,19.288,6.580
4133994552295,50034064,19.986,20.000,729600,729600,1728000,schedutil,306000000,306000000,1020000000,nvhost_podgov,0,3,,47125,48343,48187,47625,47437,48343,4896,636,1433,0.379,19.284,7.310
4134044538677,49986382,20.005,20.000,729600,729600,1728000,schedutil,306000000,306000000,1020000000,nvhost_podgov,0,3,,47281,48281,48156,47593,47562,48312,4896,636,1433,0.347,19.288,6.710
4134094538820,50000143,20.000,20.000,729600,729600,1728000,schedutil,306000000,306000000,1020000000,nvhost_podgov,0,3,,47125,48312,48218,47781,47500,48312,4896,636,1433,0.351,19.288,6.580
4134144520114,49981294,20.007,20.000,729600,729600,1728000,schedutil,306000000,306000000,1020000000,nvhost_podgov,0,3,,47062,48312,48156,47625,47562,48312,4896,635,1433,0.344,19.286,6.630
4134194520128,50000014,20.000,20.000,729600,729600,1728000,schedutil,306000000,306000000,1020000000,nvhost_podgov,0,3,,47062,48281,48156,47687,47531,48375,4896,635,1433,0.347,19.282,6.690
4134244528111,50007983,19.997,20.000,729600,729600,1728000,schedutil,306000000,306000000,1020000000,nvhost_podgov,0,3,,47156,48312,48156,47687,47625,48312,4896,635,1433,0.361,19.282,7.180
4134294530462,50002351,19.999,20.000,729600,729600,1728000,schedutil,306000000,306000000,1020000000,nvhost_podgov,0,3,,47093,48312,48375,47812,47500,48375,4896,596,1433,0.344,19.285,6.630
4134344542285,50011823,19.995,20.000,729600,729600,1728000,schedutil,306000000,306000000,1020000000,nvhost_podgov,0,3,,47218,48437,48156,47625,47531,48437,4896,596,1433,0.359,19.285,6.920
4134394517691,49975406,20.010,20.000,729600,729600,1728000,schedutil,306000000,306000000,1020000000,nvhost_podgov,0,3,,47000,48312,48312,47687,47562,48312,4896,596,1433,0.378,19.284,6.960
4134444518825,50001134,20.000,20.000,729600,729600,1728000,schedutil,306000000,306000000,1020000000,nvhost_podgov,0,3,,47093,48406,48156,47593,47562,48406,4896,596,1433,0.360,19.281,6.940
4134494532728,50013903,19.994,20.000,729600,729600,1728000,schedutil,306000000,306000000,1020000000,nvhost_podgov,0,3,,47156,48343,48156,47625,47562,48343,4896,596,1433,0.384,19.277,7.400
4134544529863,49997135,20.001,20.000,729600,729600,1728000,schedutil,306000000,306000000,1020000000,nvhost_podgov,0,3,,47093,48250,48125,47843,47531,48250,4896,596,1433,0.383,19.285,6.990
4134594536757,50006894,19.997,20.000,729600,729600,1728000,schedutil,306000000,306000000,1020000000,nvhost_podgov,0,3,,47281,48375,48187,47687,47531,48375,4896,596,1433,0.362,19.279,6.990
4134644534404,49997647,20.001,20.000,729600,729600,1728000,schedutil,306000000,306000000,1020000000,nvhost_podgov,0,3,,47062,48312,48125,47718,47500,48312,4896,596,1433,0.375,19.284,7.230
4134694539986,50005582,19.998,20.000,729600,729600,1728000,schedutil,306000000,306000000,1020000000,nvhost_podgov,0,3,,47312,48343,48156,47687,47468,48468,4896,596,1433,0.381,19.282,6.820
4134744522049,49982063,20.007,20.000,729600,729600,1728000,schedutil,306000000,306000000,1020000000,nvhost_podgov,0,3,,47156,48343,48281,47656,47531,48343,4896,596,1433,0.389,19.279,7.500
4134794538704,50016655,19.993,20.000,729600,729600,1728000,schedutil,306000000,306000000,1020000000,nvhost_podgov,0,3,,47125,48406,48218,47593,47531,48406,4896,596,1433,0.370,19.279,7.130
4134844530718,49992014,20.003,20.000,729600,729600,1728000,schedutil,306000000,306000000,1020000000,nvhost_podgov,0,3,,47281,48281,48218,47656,47500,48531,4896,635,1433,0.374,19.284,6.750
4134894525612,49994894,20.002,20.000,729600,729600,1728000,schedutil,306000000,306000000,1020000000,nvhost_podgov,0,3,,47156,48375,48125,47656,47531,48375,4896,596,1433,0.399,19.271,7.680
4134944533723,50008111,19.997,20.000,729600,729600,1728000,schedutil,306000000,306000000,1020000000,nvhost_podgov,0,3,,47062,48375,48281,47625,47562,48375,4896,635,1433,0.376,19.281,7.260
4134994532522,49998799,20.000,20.000,729600,729600,1728000,schedutil,306000000,306000000,1020000000,nvhost_podgov,0,3,,47093,48500,48187,47718,47468,48500,4896,635,1433,0.395,19.280,7.620
4135044541592,50009070,19.996,20.000,729600,729600,1728000,schedutil,306000000,306000000,1020000000,nvhost_podgov,0,3,,47187,48312,48250,47656,47531,48312,4896,596,1433,0.360,19.281,6.940
4135094532551,49990959,20.004,20.000,729600,729600,1728000,schedutil,306000000,306000000,1020000000,nvhost_podgov,0,3,,47031,48468,48187,47781,47531,48468,4896,635,1433,0.381,19.285,7.350
4135144523477,49990926,20.004,20.000,729600,729600,1728000,schedutil,306000000,306000000,1020000000,nvhost_podgov,0,3,,47250,48531,48218,47656,47562,48531,4896,635,1433,0.365,19.280,7.040
4135194520900,49997423,20.001,20.000,729600,729600,1728000,schedutil,306000000,306000000,1020000000,nvhost_podgov,0,3,,47093,48437,48312,47781,47531,48437,4896,596,1433,0.361,19.280,6.960
4135244515538,49994638,20.002,20.000,729600,729600,1728000,schedutil,306000000,306000000,1020000000,nvhost_podgov,0,3,,47062,48500,48093,47562,47562,48500,4896,596,1433,0.411,19.277,7.420
4135294535297,50019759,19.992,20.000,729600,729600,1728000,schedutil,306000000,306000000,1020000000,nvhost_podgov,0,3,,47187,48531,48281,47656,47531,48531,4896,635,1433,0.369,19.282,7.120
4135344540176,50004879,19.998,20.000,729600,729600,1728000,schedutil,306000000,306000000,1020000000,nvhost_podgov,0,3,,47093,48375,48187,47718,47468,48375,4896,635,1433,0.398,19.273,7.670
4135394522238,49982062,20.007,20.000,729600,729600,1728000,schedutil,306000000,306000000,1020000000,nvhost_podgov,0,3,,47218,48468,48250,47718,47531,48468,4896,596,1433,0.407,19.277,7.560
4135444518604,49996366,20.001,20.000,729600,729600,1728000,schedutil,306000000,306000000,1020000000,nvhost_podgov,0,3,,47093,48593,48156,47687,47468,48593,4896,596,1433,0.391,19.275,7.540
4135494530811,50012207,19.995,20.000,729600,729600,1728000,schedutil,306000000,306000000,1020000000,nvhost_podgov,0,3,,47062,48406,48218,47750,47531,48312,4896,596,1433,0.375,19.288,7.230
4135544532330,50001519,19.999,20.000,729600,729600,1728000,schedutil,306000000,306000000,1020000000,nvhost_podgov,0,3,,47062,48437,48281,47781,47531,48437,4896,596,1433,0.359,19.290,6.550
4135594542200,50009870,19.996,20.000,729600,729600,1728000,schedutil,306000000,306000000,1020000000,nvhost_podgov,0,3,,47093,48625,48218,47687,47593,48625,4896,596,1433,0.344,19.284,6.630
4135644530023,49987823,20.005,20.000,729600,729600,1728000,schedutil,306000000,306000000,1020000000,nvhost_podgov,0,3,,47062,48406,48281,47750,47531,48312,4896,596,1433,0.351,19.288,6.770
4135694538709,50008686,19.997,20.000,729600,729600,1728000,schedutil,306000000,306000000,1020000000,nvhost_podgov,0,3,,47156,48468,48093,47687,47562,48468,4896,596,1433,0.351,19.288,6.660
4135744523555,49984846,20.006,20.000,729600,729600,1728000,schedutil,306000000,306000000,1020000000,nvhost_podgov,0,3,,47062,48250,48187,47687,47562,48250,4896,596,1433,0.345,19.282,6.660
4135794545746,50022191,19.991,20.000,729600,729600,1728000,schedutil,306000000,306000000,1020000000,nvhost_podgov,0,3,,47062,48281,48093,47781,47562,48281,4896,596,1433,0.355,19.284,6.850
4135844530209,49984463,20.006,20.000,729600,729600,1728000,schedutil,306000000,306000000,1020000000,nvhost_podgov,0,3,,47187,48500,48187,47625,47562,48500,4896,596,1433,0.355,19.285,6.600
4135894538127,50007918,19.997,20.000,729600,729600,1728000,schedutil,306000000,306000000,1020000000,nvhost_podgov,0,3,,47093,48281,48218,47781,47500,48281,4896,596,1433,0.341,19.285,6.580
4135944535454,49997327,20.001,20.000,729600,729600,1728000,schedutil,306000000,306000000,1020000000,nvhost_podgov,0,3,,47281,48250,48250,47718,47500,48250,4896,635,1433,0.354,19.288,6.820
4135994525228,49989774,20.004,20.000,729600,729600,1728000,schedutil,306000000,306000000,1020000000,nvhost_podgov,0,3,,47062,48593,48218,47718,47531,48593,4896,635,1433,0.346,19.281,6.680
4136044540283,50015055,19.994,20.000,729600,729600,1728000,schedutil,306000000,306000000,1020000000,nvhost_podgov,0,3,,47093,48281,48125,47718,47500,48281,4896,635,1433,0.344,19.282,6.630
4136094539433,49999150,20.000,20.000,729600,729600,1728000,schedutil,306000000,306000000,1020000000,nvhost_podgov,0,3,,47218,48343,48281,47718,47593,48343,4896,635,1433,0.352,19.290,6.800
4136144538584,49999151,20.000,20.000,729600,729600,1728000,schedutil,306000000,306000000,1020000000,nvhost_podgov,0,3,,47093,48656,48218,47531,47531,48656,4896,596,1433,0.347,19.290,6.490
4136194522438,49983854,20.006,20.000,729600,729600,1728000,schedutil,306000000,306000000,1020000000,nvhost_podgov,0,3,,47375,48218,48156,47593,47531,48218,4896,596,1433,0.343,19.289,6.600
4136244534773,50012335,19.995,20.000,729600,729600,1728000,schedutil,306000000,306000000,1020000000,nvhost_podgov,0,3,,47062,48375,48187,47781,47562,48375,4896,596,1433,0.364,19.277,7.010
4136294535299,50000526,20.000,20.000,729600,729600,1728000,schedutil,306000000,306000000,1020000000,nvhost_podgov,0,3,,47156,48281,48187,47656,47562,48281,4896,597,1433,0.364,19.285,6.530
4136344539282,50003983,19.998,20.000,729600,729600,1728000,schedutil,306000000,306000000,1020000000,nvhost_podgov,0,3,,47093,48281,48437,47781,47562,48437,4896,597,1433,0.345,19.290,6.660
4136394529184,49989902,20.004,20.000,729600,729600,1728000,schedutil,306000000,306000000,1020000000,nvhost_podgov,0,3,,47218,48343,48187,47656,47531,48343,4896,596,1433,0.361,19.290,6.600
4136444533807,50004623,19.998,20.000,729600,729600,1728000,schedutil,306000000,306000000,1020000000,nvhost_podgov,0,3,,47062,48250,48312,47687,47531,48312,4896,596,1433,0.334,19.290,6.440
4136494519773,49985966,20.006,20.000,729600,729600,1728000,schedutil,306000000,306000000,1020000000,nvhost_podgov,0,3,,47281,48281,48125,47625,47500,48281,4896,596,1433,0.388,19.285,7.480
4136544540492,50020719,19.992,20.000,729600,729600,1728000,schedutil,306000000,306000000,1020000000,nvhost_podgov,0,3,,47125,48312,48156,47625,47531,48312,4896,596,1433,0.350,19.289,6.750
4136594541626,50001134,20.000,20.000,729600,729600,1728000,schedutil,306000000,306000000,1020000000,nvhost_podgov,0,3,,47125,48281,48125,47781,47500,48437,4896,596,1433,0.340,19.286,6.550
4136644539273,49997647,20.001,20.000,729600,729600,1728000,schedutil,306000000,306000000,1020000000,nvhost_podgov,0,3,,47218,48281,48187,47687,47500,48281,4896,596,1433,0.350,19.281,6.750
4136694533495,49994222,20.002,20.000,729600,729600,1728000,schedutil,306000000,306000000,1020000000,nvhost_podgov,0,3,,47093,48312,48187,47750,47562,48312,4856,596,1433,0.362,19.288,6.550
4136744538534,50005039,19.998,20.000,729600,729600,1728000,schedutil,306000000,306000000,1020000000,nvhost_podgov,0,3,,47281,48406,48187,47625,47437,48406,4856,596,1433,0.351,19.288,6.770
4136794539220,50000686,20.000,20.000,729600,729600,1728000,schedutil,306000000,306000000,1020000000,nvhost_podgov,0,3,,47031,48312,48375,47812,47500,48375,4856,596,1433,0.352,19.282,6.800
4136844533315,49994095,20.002,20.000,729600,729600,1728000,schedutil,306000000,306000000,1020000000,nvhost_podgov,0,3,,47156,48375,48125,47625,47500,48375,4856,596,1433,0.354,19.289,6.580
4136894535217,50001902,19.999,20.000,729600,729600,1728000,schedutil,306000000,306000000,1020000000,nvhost_podgov,0,3,,47250,48343,48187,47718,47531,48343,4856,596,1433,0.341,19.284,6.580
4136944531136,49995919,20.002,20.000,729600,729600,1728000,schedutil,306000000,306000000,1020000000,nvhost_podgov,0,3,,47250,48312,48156,47562,47531,48312,4896,596,1433,0.361,19.286,6.960
4136994532590,50001454,19.999,20.000,729600,729600,1728000,schedutil,306000000,306000000,1020000000,nvhost_podgov,0,3,,47062,48312,48281,47656,47500,48312,4896,596,1433,0.361,19.285,7.210
4137044536541,50003951,19.998,20.000,729600,729600,1728000,schedutil,306000000,306000000,1020000000,nvhost_podgov,0,3,,47093,48406,48156,47781,47562,48406,4896,596,1433,0.344,19.285,6.630
4137094534027,49997486,20.001,20.000,729600,729600,1728000,schedutil,306000000,306000000,1020000000,nvhost_podgov,0,3,,47093,48343,48281,47656,47562,48343,4896,597,1433,0.352,19.282,6.800
4137144531930,49997903,20.001,20.000,729600,729600,1728000,schedutil,306000000,306000000,1020000000,nvhost_podgov,0,3,,47062,48343,48125,47781,47500,48343,4896,636,1433,0.335,19.290,6.460
4137194534440,50002510,19.999,20.000,729600,729600,1728000,schedutil,306000000,306000000,1020000000,nvhost_podgov,0,3,,47281,48437,48218,47718,47562,48437,4896,596,1433,0.341,19.284,6.580
4137244519190,49984750,20.006,20.000,729600,729600,1728000,schedutil,306000000,306000000,1020000000,nvhost_podgov,0,3,,47000,48312,48281,47656,47531,48312,4896,596,1433,0.391,19.281,7.070
4137294532389,50013199,19.995,20.000,729600,729600,1728000,schedutil,306000000,306000000,1020000000,nvhost_podgov,0,3,,47281,48375,48187,47656,47500,48375,4896,597,1433,0.394,19.276,7.300
4137344540148,50007759,19.997,20.000,729600,729600,1728000,schedutil,306000000,306000000,1020000000,nvhost_podgov,0,3,,47218,48468,48250,47781,47562,48468,4936,636,1433,0.331,19.281,6.390
4137394539458,49999310,20.000,20.000,729600,729600,1728000,schedutil,306000000,306000000,1020000000,nvhost_podgov,0,3,,47093,48343,48156,47781,47531,48593,4936,636,1433,0.361,19.290,6.600
4137444534736,49995278,20.002,20.000,729600,729600,1728000,schedutil,306000000,306000000,1020000000,nvhost_podgov,0,3,,47343,48375,48187,47656,47531,48375,4936,635,1433,0.404,19.266,7.780
4137494533535,49998799,20.000,20.000,729600,729600,1728000,schedutil,306000000,306000000,1020000000,nvhost_podgov,0,3,,47156,48500,48156,47812,47562,48500,4936,635,1433,0.357,19.288,6.900
4137544535533,50001998,19.999,20.000,729600,729600,1728000,schedutil,306000000,306000000,1020000000,nvhost_podgov,0,3,,47062,48406,48187,47625,47531,48562,4936,636,1433,0.405,19.277,7.540
4137594542620,50007087,19.997,20.000,729600,729600,1728000,schedutil,306000000,306000000,1020000000,nvhost_podgov,0,3,,47093,48343,48062,47687,47531,48343,4936,635,1433,0.333,19.288,6.410
4137644539498,49996878,20.001,20.000,729600,729600,1728000,schedutil,306000000,306000000,1020000000,nvhost_podgov,0,3,,47156,48500,48250,47687,47468,48500,4936,635,1433,0.361,19.285,6.960
4137694535705,49996207,20.002,20.000,729600,729600,1728000,schedutil,306000000,306000000,1020000000,nvhost_podgov,0,3,,47156,48593,48312,47718,47531,48593,4896,635,1433,0.352,19.290,6.630
4137744536199,50000494,20.000,20.000,729600,729600,1728000,schedutil,306000000,306000000,1020000000,nvhost_podgov,0,3,,47218,48437,48156,47593,47468,48437,4896,635,1433,0.379,19.288,7.310
4137794538102,50001903,19.999,20.000,729600,729600,1728000,schedutil,306000000,306000000,1020000000,nvhost_podgov,0,3,,47062,48531,48250,47687,47531,48531,4896,635,1433,0.343,19.282,6.600
4137844532644,49994542,20.002,20.000,729600,729600,1728000,schedutil,306000000,306000000,1020000000,nvhost_podgov,0,3,,47062,48593,48187,47812,47500,48593,4896,635,1433,0.360,19.290,6.630
4137894523090,49990446,20.004,20.000,729600,729600,1728000,schedutil,306000000,306000000,1020000000,nvhost_podgov,0,3,,47156,48375,48156,47687,47500,48375,4896,635,1433,0.343,19.286,6.600
4137944529889,50006799,19.997,20.000,729600,729600,1728000,schedutil,306000000,306000000,1020000000,nvhost_podgov,0,3,,47187,48593,48125,47812,47437,48593,4896,635,1433,0.366,19.291,7.070
4137994532847,50002958,19.999,20.000,729600,729600,1728000,schedutil,306000000,306000000,1020000000,nvhost_podgov,0,3,,47281,48218,48156,47593,47531,48218,4896,635,1433,0.356,19.280,6.820
4138044546110,50013263,19.995,20.000,729600,729600,1728000,schedutil,306000000,306000000,1020000000,nvhost_podgov,0,3,,47062,48468,48156,47687,47500,48312,4896,635,1433,0.340,19.285,6.550
4138094545068,49998958,20.000,20.000,729600,729600,1728000,schedutil,306000000,306000000,1020000000,nvhost_podgov,0,3,,47343,48562,48156,47656,47531,48562,4896,635,1433,0.351,19.279,6.770
4138144540059,49994991,20.002,20.000,729600,729600,1728000,schedutil,306000000,306000000,1020000000,nvhost_podgov,0,3,,47250,48312,48312,47781,47531,48312,4896,635,1433,0.357,19.289,6.600
4138194538409,49998350,20.001,20.000,729600,729600,1728000,schedutil,306000000,306000000,1020000000,nvhost_podgov,0,3,,47156,48468,48125,47625,47562,48312,4896,596,1433,0.341,19.286,6.580
4138244520631,49982222,20.007,20.000,729600,729600,1728000,schedutil,306000000,306000000,1020000000,nvhost_podgov,0,3,,47281,48625,48312,47656,47562,48625,4896,596,1433,0.360,19.285,6.940
4138294529958,50009327,19.996,20.000,729600,729600,1728000,schedutil,306000000,306000000,1020000000,nvhost_podgov,0,3,,47187,48250,48187,47562,47468,48250,4896,596,1433,0.351,19.286,6.770
4138344539061,50009103,19.996,20.000,729600,729600,1728000,schedutil,306000000,306000000,1020000000,nvhost_podgov,0,3,,47093,48406,48218,47656,47500,48312,4896,596,1433,0.355,19.288,6.850
4138394533347,49994286,20.002,20.000,729600,729600,1728000,schedutil,306000000,306000000,1020000000,nvhost_podgov,0,3,,47187,48593,48125,47781,47500,48593,4936,636,1433,0.362,19.291,6.630
4138444532273,49998926,20.000,20.000,729600,729600,1728000,schedutil,306000000,306000000,1020000000,nvhost_podgov,0,3,,47187,48281,48187,47750,47562,48281,4896,636,1433,0.346,19.285,6.680
4138494511967,49979694,20.008,20.000,729600,729600,1728000,schedutil,306000000,306000000,1020000000,nvhost_podgov,0,3,,47093,48312,48312,47781,47468,48312,4896,636,1433,0.383,19.288,7.370
4138544537006,50025039,19.990,20.000,729600,729600,1728000,schedutil,306000000,306000000,1020000000,nvhost_podgov,0,3,,47187,48281,48125,47687,47437,48281,4896,636,1433,0.364,19.291,7.010
4138594535421,49998415,20.001,20.000,729600,729600,1728000,schedutil,306000000,306000000,1020000000,nvhost_podgov,0,3,,47062,48250,48218,47656,47531,48250,4896,635,1433,0.341,19.285,6.580
4138644535467,50000046,20.000,20.000,729600,729600,1728000,schedutil,306000000,306000000,1020000000,nvhost_podgov,0,3,,47062,48312,48062,47718,47500,48312,4896,635,1433,0.355,19.288,6.850
4138694533913,49998446,20.001,20.000,729600,729600,1728000,schedutil,306000000,306000000,1020000000,nvhost_podgov,0,3,,47218,48312,48218,47718,47531,48312,4896,597,1433,0.352,19.289,6.550
4138744534280,50000367,20.000,20.000,729600,729600,1728000,schedutil,306000000,306000000,1020000000,nvhost_podgov,0,3,,47156,48343,48187,47593,47562,48343,4896,597,1433,0.351,19.281,6.770
4138794536886,50002606,19.999,20.000,729600,729600,1728000,schedutil,306000000,306000000,1020000000,nvhost_podgov,0,3,,47218,48312,48125,47718,47468,48312,4896,597,1433,0.347,19.288,6.710
4138844534437,49997551,20.001,20.000,729600,729600,1728000,schedutil,306000000,306000000,1020000000,nvhost_podgov,0,3,,47093,48250,48062,47718,47437,48250,4896,596,1433,0.355,19.289,6.680
4138894541267,50006830,19.997,20.000,729600,729600,1728000,schedutil,306000000,306000000,1020000000,nvhost_podgov,0,3,,47062,48312,48125,47625,47468,48312,4896,597,1433,0.339,19.286,6.530
4138944539393,49998126,20.001,20.000,729600,729600,1728000,schedutil,306000000,306000000,1020000000,nvhost_podgov,0,3,,47218,48312,48218,47781,47562,48312,4896,597,1433,0.398,19.282,7.670
4138994532080,49992687,20.003,20.000,729600,729600,1728000,schedutil,306000000,306000000,1020000000,nvhost_podgov,0,3,,47156,48250,48125,47593,47468,48375,4896,597,1433,0.349,19.285,6.630
4139044534334,50002254,19.999,20.000,729600,729600,1728000,schedutil,306000000,306000000,1020000000,nvhost_podgov,0,3,,47406,48250,48250,47718,47531,48250,4896,635,1433,0.351,19.284,6.630
4139094538733,50004399,19.998,20.000,729600,729600,1728000,schedutil,306000000,306000000,1020000000,nvhost_podgov,0,3,,47218,48406,48250,47656,47468,48406,4896,596,1433,0.354,19.282,6.820
4139144535675,49996942,20.001,20.000,729600,729600,1728000,schedutil,306000000,306000000,1020000000,nvhost_podgov,0,3,,47093,48281,48250,47656,47531,48343,4896,636,1433,0.357,19.285,6.600
4139194542154,50006479,19.997,20.000,729600,729600,1728000,schedutil,306000000,306000000,1020000000,nvhost_podgov,0,3,,47156,48343,48125,47781,47500,48343,4896,596,1433,0.364,19.286,7.010
4139244534232,49992078,20.003,20.000,729600,729600,1728000,schedutil,306000000,306000000,1020000000,nvhost_podgov,0,3,,47187,48343,48187,47656,47562,48343,4896,596,1433,0.355,19.284,6.990
4139294542694,50008462,19.997,20.000,729600,729600,1728000,schedutil,306000000,306000000,1020000000,nvhost_podgov,0,3,,47062,48406,48343,47843,47468,48406,4896,596,1433,0.347,19.289,6.600
4139344543605,50000911,20.000,20.000,729600,729600,1728000,schedutil,306000000,306000000,1020000000,nvhost_podgov,0,3,,47281,48312,48187,47687,47500,48312,4896,596,1433,0.354,19.282,6.820
4139394536611,49993006,20.003,20.000,729600,729600,1728000,schedutil,306000000,306000000,1020000000,nvhost_podgov,0,3,,47093,48312,48218,47750,47500,48312,4896,596,1433,0.346,19.288,6.680
4139444526193,49989582,20.004,20.000,729600,729600,1728000,schedutil,306000000,306000000,1020000000,nvhost_podgov,0,3,,47062,48406,48062,47781,47562,48406,4896,596,1433,0.366,19.279,7.130
4139494535680,50009487,19.996,20.000,729600,729600,1728000,schedutil,306000000,306000000,1020000000,nvhost_podgov,0,3,,47218,48375,48218,47750,47562,48593,4896,596,1433,0.376,19.273,7.260
4139544540590,50004910,19.998,20.000,729600,729600,1728000,schedutil,306000000,306000000,1020000000,nvhost_podgov,0,3,,47125,48375,48125,47656,47500,48375,4896,596,1433,0.371,19.285,7.160
4139594536157,49995567,20.002,20.000,729600,729600,1728000,schedutil,306000000,306000000,1020000000,nvhost_podgov,0,3,,47312,48375,48250,47718,47531,48375,4896,596,1433,0.362,19.285,6.990
4139644531659,49995502,20.002,20.000,729600,729600,1728000,schedutil,306000000,306000000,1020000000,nvhost_podgov,0,3,,47062,48312,48125,47781,47468,48312,4896,596,1433,0.367,19.282,7.090
4139694534233,50002574,19.999,20.000,729600,729600,1728000,schedutil,306000000,306000000,1020000000,nvhost_podgov,0,3,,47093,48343,48093,47718,47437,48343,4896,596,1433,0.379,19.282,7.300
4139744543912,50009679,19.996,20.000,729600,729600,1728000,schedutil,306000000,306000000,1020000000,nvhost_podgov,0,3,,47062,48500,48281,47781,47437,48500,4856,596,1433,0.359,19.282,6.910
4139794539446,49995534,20.002,20.000,729600,729600,1728000,schedutil,306000000,306000000,1020000000,nvhost_podgov,0,3,,47187,48343,48281,47593,47531,48531,4856,596,1433,0.361,19.284,6.960
4139844537605,49998159,20.001,20.000,729600,729600,1728000,schedutil,306000000,306000000,1020000000,nvhost_podgov,0,3,,47062,48343,48312,47781,47531,48343,4856,596,1433,0.374,19.285,7.010
4139894539635,50002030,19.999,20.000,729600,729600,1728000,schedutil,306000000,306000000,1020000000,nvhost_podgov,0,3,,47093,48500,48093,47625,47500,48500,4856,596,1433,0.364,19.284,7.010
4139944525441,49985806,20.006,20.000,729600,729600,1728000,schedutil,306000000,306000000,1020000000,nvhost_podgov,0,3,,47156,48312,48250,47718,47562,48656,4856,596,1433,0.386,19.285,7.450
4139994537296,50011855,19.995,20.000,729600,729600,1728000,schedutil,306000000,306000000,1020000000,nvhost_podgov,0,3,,47062,48343,48093,47718,47531,48343,4856,596,1433,0.369,19.286,6.960
4140044520894,49983598,20.007,20.000,729600,729600,1728000,schedutil,306000000,306000000,1020000000,nvhost_podgov,0,3,,47250,48468,48218,47625,47562,48468,4896,596,1433,0.367,19.282,7.090
4140094540172,50019278,19.992,20.000,729600,729600,1728000,schedutil,306000000,306000000,1020000000,nvhost_podgov,0,3,,47031,48375,48281,47718,47531,48187,4896,596,1433,0.364,19.276,7.010
4140144536539,49996367,20.001,20.000,729600,729600,1728000,schedutil,306000000,306000000,1020000000,nvhost_podgov,0,3,,47343,48468,48187,47656,47531,48468,4896,596,1433,0.378,19.284,6.990
4140194527721,49991182,20.004,20.000,729600,729600,1728000,schedutil,306000000,306000000,1020000000,nvhost_podgov,0,3,,47062,48468,48312,47718,47500,48468,4896,596,1433,0.360,19.275,6.940
4140244536088,50008367,19.997,20.000,729600,729600,1728000,schedutil,306000000,306000000,1020000000,nvhost_podgov,0,3,,47125,48250,48187,47625,47468,48250,4896,596,1433,0.378,19.277,7.280
4140294521894,49985806,20.006,20.000,729600,729600,1728000,schedutil,306000000,306000000,1020000000,nvhost_podgov,0,3,,47343,48406,48250,47718,47500,48406,4896,596,1433,0.374,19.285,7.010
4140344534548,50012654,19.995,20.000,729600,729600,1728000,schedutil,306000000,306000000,1020000000,nvhost_podgov,0,3,,47187,48562,48125,47812,47531,48562,4896,596,1433,0.367,19.279,7.090
4140394537347,50002799,19.999,20.000,729600,729600,1728000,schedutil,306000000,306000000,1020000000,nvhost_podgov,0,3,,47062,48281,48218,47656,47500,48281,4896,596,1433,0.394,19.271,7.590
4140444525041,49987694,20.005,20.000,729600,729600,1728000,schedutil,306000000,306000000,1020000000,nvhost_podgov,0,3,,47062,48468,48156,47781,47500,48312,4896,596,1433,0.355,19.277,6.850
4140494537791,50012750,19.995,20.000,729600,729600,1728000,schedutil,306000000,306000000,1020000000,nvhost_podgov,0,3,,47156,48687,48156,47593,47531,48687,4896,596,1433,0.345,19.284,6.660
4140544542510,50004719,19.998,20.000,729600,729600,1728000,schedutil,306000000,306000000,1020000000,nvhost_podgov,0,3,,47093,48281,48281,47781,47468,48281,4896,596,1433,0.356,19.284,6.870
4140594538044,49995534,20.002,20.000,729600,729600,1728000,schedutil,306000000,306000000,1020000000,nvhost_podgov,0,3,,47218,48500,48187,47687,47500,48500,4896,596,1433,0.357,19.289,6.530
4140644533738,49995694,20.002,20.000,729600,729600,1728000,schedutil,306000000,306000000,1020000000,nvhost_podgov,0,3,,47062,48656,48250,47750,47531,48656,4896,596,1433,0.341,19.285,6.580
4140694522104,49988366,20.005,20.000,729600,729600,1728000,schedutil,306000000,306000000,1020000000,nvhost_podgov,0,3,,47125,48250,48093,47625,47500,48250,4896,596,1433,0.370,19.282,7.130
4140744541095,50018991,19.992,20.000,729600,729600,1728000,schedutil,306000000,306000000,1020000000,nvhost_podgov,0,3,,47062,48468,48218,47718,47562,48281,4896,596,1433,0.344,19.286,6.630
4140794539221,49998126,20.001,20.000,729600,729600,1728000,schedutil,306000000,306000000,1020000000,nvhost_podgov,0,3,,47062,48250,48187,47812,47531,48250,4896,596,1433,0.341,19.285,6.580
4140844526340,49987119,20.005,20.000,729600,729600,1728000,schedutil,306000000,306000000,1020000000,nvhost_podgov,0,3,,47250,48281,48187,47593,47562,48281,4896,596,1433,0.371,19.291,7.160
4140894534098,50007758,19.997,20.000,729600,729600,1728000,schedutil,306000000,306000000,1020000000,nvhost_podgov,0,3,,47093,48531,48062,47781,47468,48375,4896,596,1433,0.344,19.286,6.630
4140944528320,49994222,20.002,20.000,729600,729600,1728000,schedutil,306000000,306000000,1020000000,nvhost_podgov,0,3,,47281,48218,48187,47718,47468,48218,4896,596,1433,0.350,19.288,6.750
4140994535663,50007343,19.997,20.000,729600,729600,1728000,schedutil,306000000,306000000,1020000000,nvhost_podgov,0,3,,47062,48343,48125,47718,47531,48343,4896,596,1433,0.365,19.289,6.550
4141044533437,49997774,20.001,20.000,729600,729600,1728000,schedutil,306000000,306000000,1020000000,nvhost_podgov,0,3,,47156,48343,48218,47562,47562,48343,4896,635,1433,0.343,19.285,6.600
4141094541740,50008303,19.997,20.000,729600,729600,1728000,schedutil,306000000,306000000,1020000000,nvhost_podgov,0,3,,47375,48250,48218,47718,47593,48281,4896,597,1433,0.350,19.284,6.750
4141144536122,49994382,20.002,20.000,729600,729600,1728000,schedutil,306000000,306000000,1020000000,nvhost_podgov,0,3,,47187,48343,48125,47625,47531,48343,4896,597,1433,0.365,19.290,6.550
4141194529032,49992910,20.003,20.000,729600,729600,1728000,schedutil,306000000,306000000,1020000000,nvhost_podgov,0,3,,47062,48312,48218,47718,47531,48312,4896,597,1433,0.359,19.279,6.910
4141244526518,49997486,20.001,20.000,729600,729600,1728000,schedutil,306000000,306000000,1020000000,nvhost_podgov,0,3,,47062,48281,48125,47812,47531,48281,4896,597,1433,0.354,19.280,6.820
4141294539077,50012559,19.995,20.000,729600,729600,1728000,schedutil,306000000,306000000,1020000000,nvhost_podgov,0,3,,47125,48281,48156,47656,47562,48281,4896,597,1433,0.364,19.290,6.550
4141344533907,49994830,20.002,20.000,729600,729600,1728000,schedutil,306000000,306000000,1020000000,nvhost_podgov,0,3,,47093,48312,48062,47781,47531,48312,4896,597,1433,0.343,19.286,6.600
4141394539714,50005807,19.998,20.000,729600,729600,1728000,schedutil,306000000,306000000,1020000000,nvhost_podgov,0,3,,47250,48281,48187,47687,47531,48375,4896,596,1433,0.356,19.282,6.870
4141444532784,49993070,20.003,20.000,729600,729600,1728000,schedutil,306000000,306000000,1020000000,nvhost_podgov,0,3,,47062,48312,48093,47750,47500,48312,4896,596,1433,0.361,19.288,6.580
4141494536350,50003566,19.999,20.000,729600,729600,1728000,schedutil,306000000,306000000,1020000000,nvhost_podgov,0,3,,47281,48312,48218,47593,47531,48312,4896,596,1433,0.374,19.277,7.210
4141544524940,49988590,20.005,20.000,729600,729600,1728000,schedutil,306000000,306000000,1020000000,nvhost_podgov,0,3,,47156,48312,48156,47687,47562,48312,4896,596,1433,0.349,19.291,6.720
4141594543291,50018351,19.993,20.000,729600,729600,1728000,schedutil,306000000,306000000,1020000000,nvhost_podgov,0,3,,47125,48343,48093,47656,47593,48343,4856,596,1433,0.355,19.288,6.530
4141644521385,49978094,20.009,20.000,729600,729600,1728000,schedutil,306000000,306000000,1020000000,nvhost_podgov,0,3,,47281,48375,48156,47687,47531,48375,4896,596,1433,0.343,19.282,6.600
4141694518807,49997422,20.001,20.000,729600,729600,1728000,schedutil,306000000,306000000,1020000000,nvhost_podgov,0,3,,47062,48281,48125,47875,47531,48406,4856,596,1433,0.349,19.289,6.920
4141744517445,49998638,20.001,20.000,729600,729600,1728000,schedutil,306000000,306000000,1020000000,nvhost_podgov,0,3,,47031,48281,48250,47718,47562,48437,4856,596,1433,0.345,19.284,6.660
4141794534708,50017263,19.993,20.000,729600,729600,1728000,schedutil,306000000,306000000,1020000000,nvhost_podgov,0,3,,47125,48343,48187,47781,47468,48343,4856,596,1433,0.345,19.286,6.660
4141844538914,50004206,19.998,20.000,729600,729600,1728000,schedutil,306000000,306000000,1020000000,nvhost_podgov,0,3,,47187,48375,48156,47625,47468,48375,4856,596,1433,0.361,19.291,6.960
4141894544497,50005583,19.998,20.000,729600,729600,1728000,schedutil,306000000,306000000,1020000000,nvhost_podgov,0,3,,47093,48343,48187,47781,47500,48343,4856,597,1433,0.343,19.285,6.600
4141944526015,49981518,20.007,20.000,729600,729600,1728000,schedutil,306000000,306000000,1020000000,nvhost_podgov,0,3,,47187,48375,48156,47625,47500,48375,4856,597,1433,0.398,19.285,7.670
4141994535213,50009198,19.996,20.000,729600,729600,1728000,schedutil,306000000,306000000,1020000000,nvhost_podgov,0,3,,47062,48468,48250,47687,47500,48468,4856,597,1433,0.361,19.284,6.960
4142044545308,50010095,19.996,20.000,729600,729600,1728000,schedutil,306000000,306000000,1020000000,nvhost_podgov,0,3,,47062,48281,48125,47593,47531,48281,4896,597,1433,0.340,19.279,6.550
4142094530058,49984750,20.006,20.000,729600,729600,1728000,schedutil,306000000,306000000,1020000000,nvhost_podgov,0,3,,47218,48375,48187,47625,47562,48375,4896,597,1433,0.347,19.285,6.710
4142144520408,49990350,20.004,20.000,729600,729600,1728000,schedutil,306000000,306000000,1020000000,nvhost_podgov,0,3,,47187,48531,48093,47781,47562,48531,4856,596,1433,0.357,19.290,6.540
4142194532966,50012558,19.995,20.000,729600,729600,1728000,schedutil,306000000,306000000,1020000000,nvhost_podgov,0,3,,47312,48281,48156,47593,47500,48281,4896,597,1433,0.338,19.288,6.520
4142244539125,50006159,19.998,20.000,729600,729600,1728000,schedutil,306000000,306000000,1020000000,nvhost_podgov,0,3,,47000,48406,48156,47750,47531,48406,4896,597,1433,0.352,19.286,6.800
4142294532643,49993518,20.003,20.000,729600,729600,1728000,schedutil,306000000,306000000,1020000000,nvhost_podgov,0,3,,47250,48500,48156,47687,47406,48500,4896,597,1433,0.412,19.280,7.400
4142344541009,50008366,19.997,20.000,729600,729600,1728000,schedutil,306000000,306000000,1020000000,nvhost_podgov,0,3,,47375,48406,48187,47687,47500,48406,4936,636,1433,0.346,19.288,6.680
4142394543392,50002383,19.999,20.000,729600,729600,1728000,schedutil,306000000,306000000,1020000000,nvhost_podgov,0,3,,47156,48375,48156,47718,47500,48375,4936,636,1433,0.350,19.282,6.750
4142444537582,49994190,20.002,20.000,729600,729600,1728000,schedutil,306000000,306000000,1020000000,nvhost_podgov,0,3,,47281,48562,48187,47781,47500,48562,4936,635,1433,0.380,19.284,7.420
4142494539708,50002126,19.999,20.000,729600,729600,1728000,schedutil,306000000,306000000,1020000000,nvhost_podgov,0,3,,47062,48187,48156,47593,47468,48187,4936,635,1433,0.395,19.276,7.130
4142544540298,50000590,20.000,20.000,729600,729600,1728000,schedutil,306000000,306000000,1020000000,nvhost_podgov,0,3,,47156,48437,48125,47687,47531,48437,4936,635,1433,0.367,19.277,7.080
4142594537721,49997423,20.001,20.000,729600,729600,1728000,schedutil,306000000,306000000,1020000000,nvhost_podgov,0,3,,47062,48656,48156,47812,47531,48656,4936,636,1433,0.420,19.273,8.270
4142644534695,49996974,20.001,20.000,729600,729600,1728000,schedutil,306000000,306000000,1020000000,nvhost_podgov,0,3,,47218,48375,48218,47656,47437,48312,4936,636,1433,0.341,19.284,6.580
4142694536725,50002030,19.999,20.000,729600,729600,1728000,schedutil,306000000,306000000,1020000000,nvhost_podgov,0,3,,47062,48437,48250,47781,47468,48437,4936,635,1433,0.354,19.289,6.820
4142744518467,49981742,20.007,20.000,729600,729600,1728000,schedutil,306000000,306000000,1020000000,nvhost_podgov,0,3,,47312,48562,48156,47625,47500,48562,4936,635,1433,0.349,19.279,6.720
4142794535442,50016975,19.993,20.000,729600,729600,1728000,schedutil,306000000,306000000,1020000000,nvhost_podgov,0,3,,47093,48281,48343,47593,47468,48343,4896,636,1433,0.341,19.286,6.580
4142844527552,49992110,20.003,20.000,729600,729600,1728000,schedutil,306000000,306000000,1020000000,nvhost_podgov,0,3,,47156,48437,48187,47625,47531,48437,4896,635,1433,0.352,19.290,6.800
4142894541326,50013774,19.994,20.000,729600,729600,1728000,schedutil,306000000,306000000,1020000000,nvhost_podgov,0,3,,47218,48593,48218,47687,47562,48593,4896,635,1433,0.365,19.286,6.550
4142944528156,49986830,20.005,20.000,729600,729600,1728000,schedutil,306000000,306000000,1020000000,nvhost_podgov,0,3,,47062,48281,48125,47781,47468,48281,4896,596,1433,0.350,19.289,6.750
4142994524939,49996783,20.001,20.000,729600,729600,1728000,schedutil,306000000,306000000,1020000000,nvhost_podgov,0,3,,47250,48500,48218,47531,47531,48500,4896,596,1433,0.409,19.280,7.880
4143044515513,49990574,20.004,20.000,729600,729600,1728000,schedutil,306000000,306000000,1020000000,nvhost_podgov,0,3,,47093,48281,48312,47781,47562,48281,4896,635,1433,0.333,19.286,6.410
4143094538087,50022574,19.991,20.000,729600,729600,1728000,schedutil,306000000,306000000,1020000000,nvhost_podgov,0,3,,47093,48312,48093,47562,47406,48312,4896,635,1433,0.347,19.285,6.710
4143144529814,49991727,20.003,20.000,729600,729600,1728000,schedutil,306000000,306000000,1020000000,nvhost_podgov,0,3,,47062,48531,48281,47750,47500,48531,4896,635,1433,0.350,19.290,6.550
4143194532324,50002510,19.999,20.000,729600,729600,1728000,schedutil,306000000,306000000,1020000000,nvhost_podgov,0,3,,47218,48250,48156,47687,47562,48250,4896,635,1433,0.340,19.288,6.550
4143244521010,49988686,20.005,20.000,729600,729600,1728000,schedutil,306000000,306000000,1020000000,nvhost_podgov,0,3,,47031,48250,48187,47718,47500,48312,4896,635,1433,0.384,19.281,7.400
4143294536481,50015471,19.994,20.000,729600,729600,1728000,schedutil,306000000,306000000,1020000000,nvhost_podgov,0,3,,47062,48562,48156,47625,47500,48312,4896,597,1433,0.356,19.291,6.870
4143344532143,49995662,20.002,20.000,729600,729600,1728000,schedutil,306000000,306000000,1020000000,nvhost_podgov,0,3,,47250,48312,48218,47625,47562,48312,4896,597,1433,0.350,19.288,6.750
4143394532893,50000750,20.000,20.000,729600,729600,1728000,schedutil,306000000,306000000,1020000000,nvhost_podgov,0,3,,47093,48312,48156,47781,47500,48312,4936,636,1433,0.354,19.282,6.820
4143444524523,49991630,20.003,20.000,729600,729600,1728000,schedutil,306000000,306000000,1020000000,nvhost_podgov,0,3,,47218,48562,48156,47593,47531,48312,4896,636,1433,0.355,19.288,6.660
4143494533849,50009326,19.996,20.000,729600,729600,1728000,schedutil,306000000,306000000,1020000000,nvhost_podgov,0,3,,47062,48250,48375,47781,47531,48375,4896,636,1433,0.340,19.281,6.550
4143544532840,49998991,20.000,20.000,729600,729600,1728000,schedutil,306000000,306000000,1020000000,nvhost_podgov,0,3,,47218,48250,48156,47625,47562,48250,4896,635,1433,0.351,19.284,6.770
4143594532118,49999278,20.000,20.000,729600,729600,1728000,schedutil,306000000,306000000,1020000000,nvhost_podgov,0,3,,47031,48375,48250,47687,47593,48375,4896,635,1433,0.355,19.288,6.550
4143644534596,50002478,19.999,20.000,729600,729600,1728000,schedutil,306000000,306000000,1020000000,nvhost_podgov,0,3,,47156,48312,48125,47593,47562,48312,4896,635,1433,0.347,19.286,6.710
4143694536050,50001454,19.999,20.000,729600,729600,1728000,schedutil,306000000,306000000,1020000000,nvhost_podgov,0,3,,47343,48343,48218,47750,47562,48343,4896,635,1433,0.356,19.282,6.870
4143744524256,49988206,20.005,20.000,729600,729600,1728000,schedutil,306000000,306000000,1020000000,nvhost_podgov,0,3,,47125,48312,48062,47593,47562,48312,4896,635,1433,0.346,19.285,6.550
4143794543183,50018927,19.992,20.000,729600,729600,1728000,schedutil,306000000,306000000,1020000000,nvhost_podgov,0,3,,47031,48343,48156,47625,47500,48343,4896,596,1433,0.341,19.284,6.580
4143844530877,49987694,20.005,20.000,729600,729600,1728000,schedutil,306000000,306000000,1020000000,nvhost_podgov,0,3,,47062,48375,48062,47781,47468,48375,4896,596,1433,0.350,19.288,6.750
4143894533323,50002446,19.999,20.000,729600,729600,1728000,schedutil,306000000,306000000,1020000000,nvhost_podgov,0,3,,47156,48343,48187,47687,47500,48343,4896,596,1433,0.357,19.285,6.580
4143944518009,49984686,20.006,20.000,729600,729600,1728000,schedutil,306000000,306000000,1020000000,nvhost_podgov,0,3,,47062,48250,48343,47750,47500,48343,4856,596,1433,0.343,19.286,6.600
4143994541480,50023471,19.991,20.000,729600,729600,1728000,schedutil,306000000,306000000,1020000000,nvhost_podgov,0,3,,47156,48312,48187,47593,47437,48531,4856,596,1433,0.384,19.280,7.040
4144044543574,50002094,19.999,20.000,729600,729600,1728000,schedutil,306000000,306000000,1020000000,nvhost_podgov,0,3,,47062,48312,48187,47687,47562,48312,4856,596,1433,0.364,19.288,6.680
4144094533636,49990062,20.004,20.000,729600,729600,1728000,schedutil,306000000,306000000,1020000000,nvhost_podgov,0,3,,47062,48312,48125,47625,47562,48437,4896,596,1433,0.341,19.284,6.580
4144144534195,50000559,20.000,20.000,729600,729600,1728000,schedutil,306000000,306000000,1020000000,nvhost_podgov,0,3,,47187,48281,48250,47656,47531,48281,4896,596,1433,0.352,19.291,6.540
4144194523649,49989454,20.004,20.000,729600,729600,1728000,schedutil,306000000,306000000,1020000000,nvhost_podgov,0,3,,47093,48437,48156,47781,47500,48437,4856,596,1433,0.350,19.288,6.750
4144244530895,50007246,19.997,20.000,729600,729600,1728000,schedutil,306000000,306000000,1020000000,nvhost_podgov,0,3,,47281,48531,48250,47687,47562,48531,4856,596,1433,0.362,19.282,6.990
4144294539709,50008814,19.996,20.000,729600,729600,1728000,schedutil,306000000,306000000,1020000000,nvhost_podgov,0,3,,47031,48375,48187,47781,47406,48375,4896,596,1433,0.354,19.281,6.820
4144344540492,50000783,20.000,20.000,729600,729600,1728000,schedutil,306000000,306000000,1020000000,nvhost_podgov,0,3,,47312,48375,48125,47625,47625,48375,4896,596,1433,0.351,19.288,6.770
4144394538554,49998062,20.001,20.000,729600,729600,1728000,schedutil,306000000,306000000,1020000000,nvhost_podgov,0,3,,47093,48562,48312,47750,47468,48562,4896,596,1433,0.347,19.284,6.710
4144444517640,49979086,20.008,20.000,729600,729600,1728000,schedutil,306000000,306000000,1020000000,nvhost_podgov,0,3,,47125,48406,48156,47687,47562,48406,4856,596,1433,0.352,19.284,7.260
4144494537398,50019758,19.992,20.000,729600,729600,1728000,schedutil,306000000,306000000,1020000000,nvhost_podgov,0,3,,47281,48437,48281,47687,47468,48437,4856,596,1433,0.350,19.281,6.600
4144544534788,49997390,20.001,20.000,729600,729600,1728000,schedutil,306000000,306000000,1020000000,nvhost_podgov,0,3,,47187,48562,48125,47843,47562,48562,4896,597,1433,0.351,19.289,6.770
4144594541107,50006319,19.997,20.000,729600,729600,1728000,schedutil,306000000,306000000,1020000000,nvhost_podgov,0,3,,47062,48375,48156,47750,47562,48375,4856,597,1433,0.406,19.286,6.550
4144644539329,49998222,20.001,20.000,729600,729600,1728000,schedutil,306000000,306000000,1020000000,nvhost_podgov,0,3,,47062,48406,48093,47781,47468,48406,4856,596,1433,0.364,19.279,7.010
4144694524399,49985070,20.006,20.000,729600,729600,1728000,schedutil,306000000,306000000,1020000000,nvhost_podgov,0,3,,47187,48593,48187,47593,47562,48593,4856,596,1433,0.394,19.276,7.590
4144744535741,50011342,19.995,20.000,729600,729600,1728000,schedutil,306000000,306000000,1020000000,nvhost_podgov,0,3,,47156,48375,48156,47750,47500,48375,4856,596,1433,0.380,19.279,6.850
4144794539403,50003662,19.999,20.000,729600,729600,1728000,schedutil,306000000,306000000,1020000000,nvhost_podgov,0,3,,47218,48500,48187,47687,47562,48500,4856,597,1433,0.362,19.280,6.990
4144844536154,49996751,20.001,20.000,729600,729600,1728000,schedutil,306000000,306000000,1020000000,nvhost_podgov,0,3,,47031,48531,48218,47718,47500,48531,4856,596,1433,0.369,19.277,7.100
4144894538856,50002702,19.999,20.000,729600,729600,1728000,schedutil,306000000,306000000,1020000000,nvhost_podgov,0,3,,47062,48343,48156,47656,47500,48343,4856,597,1433,0.381,19.284,7.010
4144944521302,49982446,20.007,20.000,729600,729600,1728000,schedutil,306000000,306000000,1020000000,nvhost_podgov,0,3,,47218,48437,48218,47781,47531,48437,4856,597,1433,0.389,19.282,7.500
4144994535652,50014350,19.994,20.000,729600,729600,1728000,schedutil,306000000,306000000,1020000000,nvhost_podgov,0,3,,47062,48687,48187,47593,47437,48687,4856,597,1433,0.370,19.279,7.130
4145044533618,49997966,20.001,20.000,729600,729600,1728000,schedutil,306000000,306000000,1020000000,nvhost_podgov,0,3,,47250,48406,48156,47718,47531,48250,4856,597,1433,0.357,19.280,6.890
4145094538497,50004879,19.998,20.000,729600,729600,1728000,schedutil,306000000,306000000,1020000000,nvhost_podgov,0,3,,47031,48500,48218,47750,47562,48500,4896,597,1433,0.362,19.282,6.990
4145144539023,50000526,20.000,20.000,729600,729600,1728000,schedutil,306000000,306000000,1020000000,nvhost_podgov,0,3,,47125,48656,48218,47718,47468,48656,4896,596,1433,0.384,19.284,6.910
4145194526941,49987918,20.005,20.000,729600,729600,1728000,schedutil,306000000,306000000,1020000000,nvhost_podgov,0,3,,47062,48406,48062,47781,47562,48281,4896,596,1433,0.396,19.270,7.640
4145244542411,50015470,19.994,20.000,729600,729600,1728000,schedutil,306000000,306000000,1020000000,nvhost_podgov,0,3,,47093,48500,48093,47562,47562,48500,4896,596,1433,0.381,19.275,7.350
4145294539898,49997487,20.001,20.000,729600,729600,1728000,schedutil,306000000,306000000,1020000000,nvhost_podgov,0,3,,47343,48312,48218,47750,47562,48312,4896,596,1433,0.384,19.284,6.940
4145344538408,49998510,20.001,20.000,729600,729600,1728000,schedutil,306000000,306000000,1020000000,nvhost_podgov,0,3,,47218,48281,48156,47687,47562,48281,4896,596,1433,0.362,19.279,6.990
4145394520982,49982574,20.007,20.000,729600,729600,1728000,schedutil,306000000,306000000,1020000000,nvhost_podgov,0,3,,47062,48500,48281,47625,47562,48500,4856,596,1433,0.375,19.279,7.230
4145444529604,50008622,19.997,20.000,729600,729600,1728000,schedutil,306000000,306000000,1020000000,nvhost_podgov,0,3,,47062,48250,48156,47562,47562,48250,4856,596,1433,0.414,19.267,8.120
4145494540018,50010414,19.996,20.000,729600,729600,1728000,schedutil,306000000,306000000,1020000000,nvhost_podgov,0,3,,47187,48343,48187,47718,47562,48343,4856,596,1433,0.352,19.288,6.730
4145544531680,49991662,20.003,20.000,729600,729600,1728000,schedutil,306000000,306000000,1020000000,nvhost_podgov,0,3,,47156,48593,48187,47718,47468,48593,4856,596,1433,0.370,19.286,7.130
4145594532366,50000686,20.000,20.000,729600,729600,1728000,schedutil,306000000,306000000,1020000000,nvhost_podgov,0,3,,47250,48312,48156,47718,47468,48312,4856,596,1433,0.356,19.291,6.600
4145644521660,49989294,20.004,20.000,729600,729600,1728000,schedutil,306000000,306000000,1020000000,nvhost_podgov,0,3,,47062,48312,48250,47781,47468,48312,4856,596,1433,0.343,19.282,6.600
4145694522155,50000495,20.000,20.000,729600,729600,1728000,schedutil,306000000,306000000,1020000000,nvhost_podgov,0,3,,47062,48593,48125,47656,47468,48281,4856,596,1433,0.381,19.285,7.350
4145744531129,50008974,19.996,20.000,729600,729600,1728000,schedutil,306000000,306000000,1020000000,nvhost_podgov,0,3,,47156,48250,48281,47718,47562,48281,4856,596,1433,0.360,19.289,6.630
4145794540071,50008942,19.996,20.000,729600,729600,1728000,schedutil,306000000,306000000,1020000000,nvhost_podgov,0,3,,47062,48312,48156,47656,47500,48312,4856,596,1433,0.343,19.286,6.600
4145844541429,50001358,19.999,20.000,729600,729600,1728000,schedutil,306000000,306000000,1020000000,nvhost_podgov,0,3,,47281,48625,48125,47718,47500,48375,4856,597,1433,0.352,19.286,6.800
4145894537028,49995599,20.002,20.000,729600,729600,1728000,schedutil,306000000,306000000,1020000000,nvhost_podgov,0,3,,47062,48312,48156,47812,47500,48312,4856,596,1433,0.344,19.291,6.600
4145944536594,49999566,20.000,20.000,729600,729600,1728000,schedutil,306000000,306000000,1020000000,nvhost_podgov,0,3,,47093,48312,48187,47625,47531,48312,4856,596,1433,0.344,19.285,6.630
4145994521568,49984974,20.006,20.000,729600,729600,1728000,schedutil,306000000,306000000,1020000000,nvhost_podgov,0,3,,47062,48281,48125,47812,47468,48312,4856,596,1433,0.351,19.290,6.770
4146044530670,50009102,19.996,20.000,729600,729600,1728000,schedutil,306000000,306000000,1020000000,nvhost_podgov,0,3,,47156,48250,48218,47656,47531,48250,4856,596,1433,0.355,19.282,6.550
4146094539228,50008558,19.997,20.000,729600,729600,1728000,schedutil,306000000,306000000,1020000000,nvhost_podgov,0,3,,47000,48312,48250,47687,47531,48312,4896,596,1433,0.343,19.286,6.600
4146144532202,49992974,20.003,20.000,729600,729600,1728000,schedutil,306000000,306000000,1020000000,nvhost_podgov,0,3,,47218,48406,48093,47593,47531,48406,4896,596,1433,0.347,19.288,6.690
4146194522104,49989902,20.004,20.000,729600,729600,1728000,schedutil,306000000,306000000,1020000000,nvhost_podgov,0,3,,47093,48218,48281,47687,47562,48281,4896,596,1433,0.350,19.284,7.040
4146244521158,49999054,20.000,20.000,729600,729600,1728000,schedutil,306000000,306000000,1020000000,nvhost_podgov,0,3,,47062,48312,48187,47531,47468,48312,4896,596,1433,0.352,19.282,6.800
4146294535957,50014799,19.994,20.000,729600,729600,1728000,schedutil,306000000,306000000,1020000000,nvhost_podgov,0,3,,47187,48312,48187,47656,47562,48312,4896,596,1433,0.349,19.291,6.720
4146344535363,49999406,20.000,20.000,729600,729600,1728000,schedutil,306000000,306000000,1020000000,nvhost_podgov,0,3,,47093,48250,48156,47750,47500,48250,4896,596,1433,0.345,19.288,6.660
4146394540657,50005294,19.998,20.000,729600,729600,1728000,schedutil,306000000,306000000,1020000000,nvhost_podgov,0,3,,47312,48375,48156,47656,47468,48375,4896,596,1433,0.345,19.286,6.660
4146444533535,49992878,20.003,20.000,729600,729600,1728000,schedutil,306000000,306000000,1020000000,nvhost_podgov,0,3,,47031,48375,48312,47718,47500,48375,4896,596,1433,0.355,19.281,6.800
4146494541390,50007855,19.997,20.000,729600,729600,1728000,schedutil,306000000,306000000,1020000000,nvhost_podgov,0,3,,47093,48250,48156,47625,47562,48250,4896,596,1433,0.350,19.289,6.750
4146544535260,49993870,20.002,20.000,729600,729600,1728000,schedutil,306000000,306000000,1020000000,nvhost_podgov,0,3,,47093,48312,48250,47687,47500,48312,4896,635,1433,0.344,19.286,6.630
4146594540682,50005422,19.998,20.000,729600,729600,1728000,schedutil,306000000,306000000,1020000000,nvhost_podgov,0,3,,47062,48406,48187,47656,47500,48406,4896,596,1433,0.352,19.291,6.550
4146644522904,49982222,20.007,20.000,729600,729600,1728000,schedutil,306000000,306000000,1020000000,nvhost_podgov,0,3,,47031,48312,48218,47625,47562,48312,4896,596,1433,0.341,19.288,6.580
4146694537926,50015022,19.994,20.000,729600,729600,1728000,schedutil,306000000,306000000,1020000000,nvhost_podgov,0,3,,47062,48375,48156,47812,47500,48375,4896,596,1433,0.345,19.284,6.660
4146744536820,49998894,20.000,20.000,729600,729600,1728000,schedutil,306000000,306000000,1020000000,nvhost_podgov,0,3,,47062,48437,48187,47625,47531,48437,4896,596,1433,0.366,19.282,7.070
4146794540130,50003310,19.999,20.000,729600,729600,1728000,schedutil,306000000,306000000,1020000000,nvhost_podgov,0,3,,47062,48312,48125,47781,47500,48531,4896,596,1433,0.336,19.285,6.490
4146844539313,49999183,20.000,20.000,729600,729600,1728000,schedutil,306000000,306000000,1020000000,nvhost_podgov,0,3,,47187,48312,48156,47687,47562,48312,4856,596,1433,0.355,19.288,6.850
4146894532831,49993518,20.003,20.000,729600,729600,1728000,schedutil,306000000,306000000,1020000000,nvhost_podgov,0,3,,47062,48437,48187,47750,47500,48437,4856,596,1433,0.356,19.290,6.580
4146944533101,50000270,20.000,20.000,729600,729600,1728000,schedutil,306000000,306000000,1020000000,nvhost_podgov,0,3,,47281,48343,48062,47656,47562,48531,4856,596,1433,0.339,19.286,6.530
4146994534075,50000974,20.000,20.000,729600,729600,1728000,schedutil,306000000,306000000,1020000000,nvhost_podgov,0,3,,47031,48312,48250,47781,47531,48312,4856,596,1433,0.343,19.284,6.600
4147044526089,49992014,20.003,20.000,729600,729600,1728000,schedutil,306000000,306000000,1020000000,nvhost_podgov,0,3,,47156,48500,48062,47625,47500,48500,4856,596,1433,0.367,19.282,6.990
4147094534839,50008750,19.997,20.000,729600,729600,1728000,schedutil,306000000,306000000,1020000000,nvhost_podgov,0,3,,47281,48625,48250,47750,47593,48625,4896,596,1433,0.343,19.284,6.600
4147144536709,50001870,19.999,20.000,729600,729600,1728000,schedutil,306000000,306000000,1020000000,nvhost_podgov,0,3,,47156,48406,48125,47781,47468,48406,4896,596,1433,0.349,19.288,6.720
4147194533747,49997038,20.001,20.000,729600,729600,1728000,schedutil,306000000,306000000,1020000000,nvhost_podgov,0,3,,47312,48437,48218,47625,47562,48437,4896,596,1433,0.351,19.288,6.530
4147244535714,50001967,19.999,20.000,729600,729600,1728000,schedutil,306000000,306000000,1020000000,nvhost_podgov,0,3,,47031,48625,48343,47781,47562,48625,4896,596,1433,0.345,19.284,6.660
4147294533200,49997486,20.001,20.000,729600,729600,1728000,schedutil,306000000,306000000,1020000000,nvhost_podgov,0,3,,47156,48406,48156,47687,47531,48250,4896,596,1433,0.432,19.277,8.330
4147344535998,50002798,19.999,20.000,729600,729600,1728000,schedutil,306000000,306000000,1020000000,nvhost_podgov,0,3,,47187,48406,48343,47812,47562,48406,4976,675,1433,0.350,19.285,6.750
4147394535724,49999726,20.000,20.000,729600,729600,1728000,schedutil,306000000,306000000,1020000000,nvhost_podgov,0,3,,47156,48625,48156,47656,47500,48625,4976,675,1433,0.336,19.285,6.490
4147444533882,49998158,20.001,20.000,729600,729600,1728000,schedutil,306000000,306000000,1020000000,nvhost_podgov,0,3,,47093,48375,48156,47687,47593,48375,4976,675,1433,0.354,19.281,6.850
4147494534440,50000558,20.000,20.000,729600,729600,1728000,schedutil,306000000,306000000,1020000000,nvhost_podgov,0,3,,47062,48531,48156,47781,47500,48531,4976,675,1433,0.364,19.288,6.750
4147544535318,50000878,20.000,20.000,729600,729600,1728000,schedutil,306000000,306000000,1020000000,nvhost_podgov,0,3,,47093,48218,48187,47656,47562,48218,4936,675,1433,0.341,19.284,6.580
4147594532868,49997550,20.001,20.000,729600,729600,1728000,schedutil,306000000,306000000,1020000000,nvhost_podgov,0,3,,47125,48500,48125,47781,47531,48312,4936,635,1433,0.364,19.293,6.580
4147644516402,49983534,20.007,20.000,729600,729600,1728000,schedutil,306000000,306000000,1020000000,nvhost_podgov,0,3,,47281,48562,48156,47687,47531,48562,4936,635,1433,0.344,19.286,6.630
4147694531328,50014926,19.994,20.000,729600,729600,1728000,schedutil,306000000,306000000,1020000000,nvhost_podgov,0,3,,47062,48281,48125,47718,47562,48281,4936,635,1433,0.405,19.270,7.810
4147744535183,50003855,19.998,20.000,729600,729600,1728000,schedutil,306000000,306000000,1020000000,nvhost_podgov,0,3,,47343,48250,48187,47656,47531,48250,4936,635,1433,0.367,19.288,6.850
4147794545533,50010350,19.996,20.000,729600,729600,1728000,schedutil,306000000,306000000,1020000000,nvhost_podgov,0,3,,47062,48562,48312,47718,47531,48562,4936,635,1433,0.339,19.285,6.530
4147844533611,49988078,20.005,20.000,729600,729600,1728000,schedutil,306000000,306000000,1020000000,nvhost_podgov,0,3,,47156,48187,48125,47593,47531,48187,4896,635,1433,0.347,19.284,6.710
4147894532473,49998862,20.000,20.000,729600,729600,1728000,schedutil,306000000,306000000,1020000000,nvhost_podgov,0,3,,47281,48312,48250,47687,47531,48312,4896,635,1433,0.362,19.288,6.550
4147944535367,50002894,19.999,20.000,729600,729600,1728000,schedutil,306000000,306000000,1020000000,nvhost_podgov,0,3,,47187,48656,48187,47812,47500,48656,4896,635,1433,0.341,19.286,6.580
4147994521461,49986094,20.006,20.000,729600,729600,1728000,schedutil,306000000,306000000,1020000000,nvhost_podgov,0,3,,47093,48312,48125,47718,47562,48312,4896,635,1433,0.374,19.280,7.210
4148044523811,50002350,19.999,20.000,729600,729600,1728000,schedutil,306000000,306000000,1020000000,nvhost_podgov,0,3,,47093,48312,48156,47781,47468,48312,4896,635,1433,0.395,19.279,7.130
4148094536849,50013038,19.995,20.000,729600,729600,1728000,schedutil,306000000,306000000,1020000000,nvhost_podgov,0,3,,47187,48687,48218,47656,47500,48687,4896,635,1433,0.340,19.281,6.550
4148144539839,50002990,19.999,20.000,729600,729600,1728000,schedutil,306000000,306000000,1020000000,nvhost_podgov,0,3,,47062,48343,48125,47718,47562,48343,4896,635,1433,0.355,19.285,6.850
4148194534317,49994478,20.002,20.000,729600,729600,1728000,schedutil,306000000,306000000,1020000000,nvhost_podgov,0,3,,47218,48312,48125,47625,47562,48312,4896,635,1433,0.366,19.289,6.550
4148244533916,49999599,20.000,20.000,729600,729600,1728000,schedutil,306000000,306000000,1020000000,nvhost_podgov,0,3,,47031,48281,48281,47687,47562,48281,4896,635,1433,0.384,19.289,7.400
4148294529546,49995630,20.002,20.000,729600,729600,1728000,schedutil,306000000,306000000,1020000000,nvhost_podgov,0,3,,47093,48281,48187,47718,47500,48281,4896,596,1433,0.359,19.284,6.800
4148344543320,50013774,19.994,20.000,729600,729600,1728000,schedutil,306000000,306000000,1020000000,nvhost_podgov,0,3,,47250,48281,48250,47656,47531,48281,4896,596,1433,0.362,19.284,6.580
4148394534758,49991438,20.003,20.000,729600,729600,1728000,schedutil,306000000,306000000,1020000000,nvhost_podgov,0,3,,47125,48187,48156,47843,47468,48343,4936,635,1433,0.351,19.286,6.770
4148444534708,49999950,20.000,20.000,729600,729600,1728000,schedutil,306000000,306000000,1020000000,nvhost_podgov,0,3,,47281,48312,48218,47687,47562,48312,4936,635,1433,0.352,19.288,6.800
4148494527906,49993198,20.003,20.000,729600,729600,1728000,schedutil,306000000,306000000,1020000000,nvhost_podgov,0,3,,47031,48375,48093,47750,47500,48375,4936,635,1433,0.364,19.280,7.010
4148544543632,50015726,19.994,20.000,729600,729600,1728000,schedutil,306000000,306000000,1020000000,nvhost_podgov,0,3,,47062,48250,48125,47656,47562,48375,4896,635,1433,0.340,19.286,6.550
4148594542526,49998894,20.000,20.000,729600,729600,1728000,schedutil,306000000,306000000,1020000000,nvhost_podgov,0,3,,47062,48250,48281,47781,47500,48250,4936,635,1433,0.351,19.290,6.770
4148644541772,49999246,20.000,20.000,729600,729600,1728000,schedutil,306000000,306000000,1020000000,nvhost_podgov,0,3,,47125,48406,48187,47718,47562,48406,4936,635,1433,0.344,19.285,6.630
4148694536858,49995086,20.002,20.000,729600,729600,1728000,schedutil,306000000,306000000,1020000000,nvhost_podgov,0,3,,47281,48312,48281,47687,47562,48312,4936,635,1433,0.346,19.286,6.680
4148744531720,49994862,20.002,20.000,729600,729600,1728000,schedutil,306000000,306000000,1020000000,nvhost_podgov,0,3,,47218,48312,48187,47593,47500,48312,4936,635,1433,0.370,19.280,7.350
4148794545335,50013615,19.995,20.000,729600,729600,1728000,schedutil,306000000,306000000,1020000000,nvhost_podgov,0,3,,47031,48343,48156,47656,47500,48343,4896,635,1433,0.341,19.282,6.580
4148844541637,49996302,20.001,20.000,729600,729600,1728000,schedutil,306000000,306000000,1020000000,nvhost_podgov,0,3,,47093,48406,48187,47812,47562,48406,4896,635,1433,0.349,19.288,6.730
4148894541683,50000046,20.000,20.000,729600,729600,1728000,schedutil,306000000,306000000,1020000000,nvhost_podgov,0,3,,47156,48312,48250,47656,47625,48312,4896,635,1433,0.357,19.291,6.600
4148944536961,49995278,20.002,20.000,729600,729600,1728000,schedutil,306000000,306000000,1020000000,nvhost_podgov,0,3,,47062,48406,48062,47812,47562,48406,4896,635,1433,0.374,19.289,7.210
4148994543727,50006766,19.997,20.000,729600,729600,1728000,schedutil,306000000,306000000,1020000000,nvhost_podgov,0,3,,47281,48437,48156,47656,47531,48437,4896,635,1433,0.359,19.284,6.900
4149044537053,49993326,20.003,20.000,729600,729600,1728000,schedutil,306000000,306000000,1020000000,nvhost_podgov,0,3,,47062,48312,48218,47781,47531,48312,4896,635,1433,0.359,19.291,6.580
4149094543243,50006190,19.998,20.000,729600,729600,1728000,schedutil,306000000,306000000,1020000000,nvhost_podgov,0,3,,47125,48312,48093,47593,47562,48312,4896,635,1433,0.340,19.282,6.550
4149144535961,49992718,20.003,20.000,729600,729600,1728000,schedutil,306000000,306000000,1020000000,nvhost_podgov,0,3,,47250,48468,48281,47687,47562,48468,4896,635,1433,0.350,19.282,6.750
4149194525031,49989070,20.004,20.000,729600,729600,1728000,schedutil,306000000,306000000,1020000000,nvhost_podgov,0,3,,47218,48375,48187,47625,47500,48375,4896,635,1433,0.347,19.280,6.870
4149244531317,50006286,19.997,20.000,729600,729600,1728000,schedutil,306000000,306000000,1020000000,nvhost_podgov,0,3,,47312,48375,48281,47687,47562,48375,4896,635,1433,0.347,19.282,6.690
4149294537667,50006350,19.997,20.000,729600,729600,1728000,schedutil,306000000,306000000,1020000000,nvhost_podgov,0,3,,47062,48468,48156,47750,47531,48468,4896,635,1433,0.347,19.281,6.690
4149344537905,50000238,20.000,20.000,729600,729600,1728000,schedutil,306000000,306000000,1020000000,nvhost_podgov,0,3,,47093,48312,48218,47687,47531,48562,4896,635,1433,0.356,19.281,7.160
4149394533087,49995182,20.002,20.000,729600,729600,1728000,schedutil,306000000,306000000,1020000000,nvhost_podgov,0,3,,47062,48406,48187,47781,47468,48406,4896,596,1433,0.340,19.285,6.550
4149444535309,50002222,19.999,20.000,729600,729600,1728000,schedutil,306000000,306000000,1020000000,nvhost_podgov,0,3,,47187,48531,48125,47656,47562,48531,4896,596,1433,0.344,19.290,6.630
4149494529531,49994222,20.002,20.000,729600,729600,1728000,schedutil,306000000,306000000,1020000000,nvhost_podgov,0,3,,47062,48343,48281,47812,47406,48687,4896,596,1433,0.361,19.288,6.800
4149544535369,50005838,19.998,20.000,729600,729600,1728000,schedutil,306000000,306000000,1020000000,nvhost_podgov,0,3,,47218,48437,48156,47656,47468,48437,4896,596,1433,0.340,19.286,6.550
4149594534199,49998830,20.000,20.000,729600,729600,1728000,schedutil,306000000,306000000,1020000000,nvhost_podgov,0,3,,47093,48500,48156,47687,47562,48500,4896,597,1433,0.360,19.290,6.940
4149644536389,50002190,19.999,20.000,729600,729600,1728000,schedutil,306000000,306000000,1020000000,nvhost_podgov,0,3,,47093,48718,48125,47812,47468,48718,4896,597,1433,0.340,19.290,6.550
4149694535539,49999150,20.000,20.000,729600,729600,1728000,schedutil,306000000,306000000,1020000000,nvhost_podgov,0,3,,47156,48437,48218,47656,47531,48437,4856,597,1433,0.344,19.285,6.630
4149744541282,50005743,19.998,20.000,729600,729600,1728000,schedutil,306000000,306000000,1020000000,nvhost_podgov,0,3,,47093,48531,48187,47750,47500,48531,4856,597,1433,0.393,19.276,7.560
4149794532495,49991213,20.004,20.000,729600,729600,1728000,schedutil,306000000,306000000,1020000000,nvhost_podgov,0,3,,47250,48281,48187,47625,47531,48281,4856,597,1433,0.362,19.279,6.990
4149844528925,49996430,20.001,20.000,729600,729600,1728000,schedutil,306000000,306000000,1020000000,nvhost_podgov,0,3,,47000,48406,48281,47718,47531,48406,4856,597,1433,0.367,19.281,7.090
4149894526795,49997870,20.001,20.000,729600,729600,1728000,schedutil,306000000,306000000,1020000000,nvhost_podgov,0,3,,47125,48531,48218,47656,47562,48531,4856,597,1433,0.372,19.282,6.960
4149944535450,50008655,19.997,20.000,729600,729600,1728000,schedutil,306000000,306000000,1020000000,nvhost_podgov,0,3,,47312,48312,48312,47718,47562,48312,4856,597,1433,0.385,19.280,7.420
4149994539176,50003726,19.999,20.000,729600,729600,1728000,schedutil,306000000,306000000,1020000000,nvhost_podgov,0,3,,47156,48500,48187,47625,47531,48500,4856,597,1433,0.372,19.281,7.180
4150044534326,49995150,20.002,20.000,729600,729600,1728000,schedutil,306000000,306000000,1020000000,nvhost_podgov,0,3,,47343,48625,48218,47687,47562,48625,4856,597,1433,0.367,19.285,7.040
4150094534532,50000206,20.000,20.000,729600,729600,1728000,schedutil,306000000,306000000,1020000000,nvhost_podgov,0,3,,47062,48312,48187,47781,47437,48312,4856,596,1433,0.365,19.281,7.040
4150144536338,50001806,19.999,20.000,729600,729600,1728000,schedutil,306000000,306000000,1020000000,nvhost_podgov,0,3,,47156,48500,48250,47625,47531,48281,4896,596,1433,0.370,19.279,7.130
4150194523264,49986926,20.005,20.000,729600,729600,1728000,schedutil,306000000,306000000,1020000000,nvhost_podgov,0,3,,47125,48625,48281,47781,47437,48625,4896,596,1433,0.385,19.281,7.640
4150244534222,50010958,19.996,20.000,729600,729600,1728000,schedutil,306000000,306000000,1020000000,nvhost_podgov,0,3,,47218,48250,48125,47656,47531,48250,4896,596,1433,0.367,19.279,7.090
4150294526012,49991790,20.003,20.000,729600,729600,1728000,schedutil,306000000,306000000,1020000000,nvhost_podgov,0,3,,47000,48500,48250,47687,47468,48343,4896,597,1433,0.376,19.280,7.260
4150344535690,50009678,19.996,20.000,729600,729600,1728000,schedutil,306000000,306000000,1020000000,nvhost_podgov,0,3,,47312,48656,48125,47625,47531,48656,4896,596,1433,0.378,19.281,6.960
4150394529336,49993646,20.003,20.000,729600,729600,1728000,schedutil,306000000,306000000,1020000000,nvhost_podgov,0,3,,47062,48312,48281,47687,47593,48312,4896,596,1433,0.362,19.282,6.990
4150444529958,50000622,20.000,20.000,729600,729600,1728000,schedutil,306000000,306000000,1020000000,nvhost_podgov,0,3,,47156,48312,48187,47812,47531,48312,4896,597,1433,0.374,19.285,7.210
4150494534292,50004334,19.998,20.000,729600,729600,1728000,schedutil,306000000,306000000,1020000000,nvhost_podgov,0,3,,47250,48281,48218,47687,47531,48281,4896,597,1433,0.415,19.275,7.670
4150544537762,50003470,19.999,20.000,729600,729600,1728000,schedutil,306000000,306000000,1020000000,nvhost_podgov,0,3,,47125,48250,48125,47812,47500,48250,4896,597,1433,0.344,19.284,6.630
4150594530320,49992558,20.003,20.000,729600,729600,1728000,schedutil,306000000,306000000,1020000000,nvhost_podgov,0,3,,47250,48343,48187,47656,47531,48343,4896,596,1433,0.378,19.280,7.280
4150644517246,49986926,20.005,20.000,729600,729600,1728000,schedutil,306000000,306000000,1020000000,nvhost_podgov,0,3,,47062,48312,48312,47750,47468,48312,4896,597,1433,0.339,19.288,6.530
4150694530348,50013102,19.995,20.000,729600,729600,1728000,schedutil,306000000,306000000,1020000000,nvhost_podgov,0,3,,47218,48312,48250,47687,47500,48312,4896,596,1433,0.344,19.284,6.630
4150744531258,50000910,20.000,20.000,729600,729600,1728000,schedutil,306000000,306000000,1020000000,nvhost_podgov,0,3,,47250,48312,48281,47718,47468,48312,4896,596,1433,0.370,19.282,7.130
4150794534600,50003342,19.999,20.000,729600,729600,1728000,schedutil,306000000,306000000,1020000000,nvhost_podgov,0,3,,47125,48281,48093,47687,47531,48281,4896,596,1433,0.357,19.284,6.530
4150844530998,49996398,20.001,20.000,729600,729600,1728000,schedutil,306000000,306000000,1020000000,nvhost_podgov,0,3,,47062,48375,48218,47625,47531,48375,4896,596,1433,0.340,19.286,6.550
4150894527268,49996270,20.001,20.000,729600,729600,1728000,schedutil,306000000,306000000,1020000000,nvhost_podgov,0,3,,47062,48312,48156,47781,47500,48312,4896,596,1433,0.357,19.290,6.580
4150944530002,50002734,19.999,20.000,729600,729600,1728000,schedutil,306000000,306000000,1020000000,nvhost_podgov,0,3,,47125,48312,48156,47625,47500,48406,4896,596,1433,0.341,19.286,6.580
4150994533248,50003246,19.999,20.000,729600,729600,1728000,schedutil,306000000,306000000,1020000000,nvhost_podgov,0,3,,47125,48312,48156,47781,47468,48312,4896,596,1433,0.346,19.286,6.680
4151044531854,49998606,20.001,20.000,729600,729600,1728000,schedutil,306000000,306000000,1020000000,nvhost_podgov,0,3,,47250,48312,48218,47656,47562,48312,4896,596,1433,0.357,19.288,6.530
4151094528476,49996622,20.001,20.000,729600,729600,1728000,schedutil,306000000,306000000,1020000000,nvhost_podgov,0,3,,47093,48250,48406,47781,47468,48468,4896,596,1433,0.345,19.285,6.660
4151144524842,49996366,20.001,20.000,729600,729600,1728000,schedutil,306000000,306000000,1020000000,nvhost_podgov,0,3,,47312,48312,48187,47656,47562,48312,4896,596,1433,0.350,19.282,6.750
4151194523416,49998574,20.001,20.000,729600,729600,1728000,schedutil,306000000,306000000,1020000000,nvhost_podgov,0,3,,47187,48343,48187,47718,47531,48343,4896,596,1433,0.386,19.282,6.770
4151244525894,50002478,19.999,20.000,729600,729600,1728000,schedutil,306000000,306000000,1020000000,nvhost_podgov,0,3,,47093,48406,48187,47593,47562,48406,4896,596,1433,0.359,19.282,6.910
4151294535892,50009998,19.996,20.000,729600,729600,1728000,schedutil,306000000,306000000,1020000000,nvhost_podgov,0,3,,47218,48281,48218,47656,47562,48281,4896,596,1433,0.356,19.284,6.870
4151344535778,49999886,20.000,20.000,729600,729600,1728000,schedutil,306000000,306000000,1020000000,nvhost_podgov,0,3,,47093,48343,48125,47781,47468,48343,4896,596,1433,0.356,19.289,6.630
4151394532176,49996398,20.001,20.000,729600,729600,1728000,schedutil,306000000,306000000,1020000000,nvhost_podgov,0,3,,47062,48437,48218,47687,47500,48437,4896,596,1433,0.340,19.281,6.550
4151444532766,50000590,20.000,20.000,729600,729600,1728000,schedutil,306000000,306000000,1020000000,nvhost_podgov,0,3,,47062,48281,48062,47687,47562,48281,4896,596,1433,0.351,19.282,6.770
4151494525452,49992686,20.003,20.000,729600,729600,1728000,schedutil,306000000,306000000,1020000000,nvhost_podgov,0,3,,47093,48437,48187,47656,47531,48437,4896,596,1433,0.380,19.285,6.630
4151544533178,50007726,19.997,20.000,729600,729600,1728000,schedutil,306000000,306000000,1020000000,nvhost_podgov,0,3,,47062,48500,48343,47781,47531,48500,4896,596,1433,0.346,19.286,6.680
4151594536488,50003310,19.999,20.000,729600,729600,1728000,schedutil,306000000,306000000,1020000000,nvhost_podgov,0,3,,47218,48343,48093,47625,47531,48343,4896,596,1433,0.351,19.285,6.770
4151644537206,50000718,20.000,20.000,729600,729600,1728000,schedutil,306000000,306000000,1020000000,nvhost_podgov,0,3,,47062,48406,48281,47656,47562,48406,4896,596,1433,0.362,19.288,6.550
4151694532068,49994862,20.002,20.000,729600,729600,1728000,schedutil,306000000,306000000,1020000000,nvhost_podgov,0,3,,47062,48406,48156,47656,47500,48406,4856,596,1433,0.351,19.285,6.770
4151744520017,49987949,20.005,20.000,729600,729600,1728000,schedutil,306000000,306000000,1020000000,nvhost_podgov,0,3,,47156,48312,48218,47781,47531,48687,4856,596,1433,0.351,19.285,6.750
4151794529951,50009934,19.996,20.000,729600,729600,1728000,schedutil,306000000,306000000,1020000000,nvhost_podgov,0,3,,47125,48375,48187,47781,47500,48375,4896,596,1433,0.362,19.286,6.600
4151844530637,50000686,20.000,20.000,729600,729600,1728000,schedutil,306000000,306000000,1020000000,nvhost_podgov,0,3,,47312,48437,48156,47687,47531,48437,4896,596,1433,0.350,19.284,6.750
4151894531195,50000558,20.000,20.000,729600,729600,1728000,schedutil,306000000,306000000,1020000000,nvhost_podgov,0,3,,47062,48312,48093,47687,47500,48656,4856,596,1433,0.354,19.289,6.630
4151944533801,50002606,19.999,20.000,729600,729600,1728000,schedutil,306000000,306000000,1020000000,nvhost_podgov,0,3,,47281,48406,48218,47687,47531,48406,4896,596,1433,0.357,19.284,6.900
4151994530775,49996974,20.001,20.000,729600,729600,1728000,schedutil,306000000,306000000,1020000000,nvhost_podgov,0,3,,47218,48500,48093,47750,47500,48500,4896,596,1433,0.355,19.288,6.580
4152044530981,50000206,20.000,20.000,729600,729600,1728000,schedutil,306000000,306000000,1020000000,nvhost_podgov,0,3,,47187,48375,48125,47687,47500,48250,4856,596,1433,0.351,19.290,6.580
4152094536915,50005934,19.998,20.000,729600,729600,1728000,schedutil,306000000,306000000,1020000000,nvhost_podgov,0,3,,47281,48437,48312,47750,47593,48437,4856,596,1433,0.381,19.281,7.350
4152144535105,49998190,20.001,20.000,729600,729600,1728000,schedutil,306000000,306000000,1020000000,nvhost_podgov,0,3,,47187,48500,48187,47625,47500,48500,4896,596,1433,0.351,19.281,6.770
4152194523087,49987982,20.005,20.000,729600,729600,1728000,schedutil,306000000,306000000,1020000000,nvhost_podgov,0,3,,47125,48250,48281,47625,47562,48281,4896,596,1433,0.361,19.281,7.090
4152244533757,50010670,19.996,20.000,729600,729600,1728000,schedutil,306000000,306000000,1020000000,nvhost_podgov,0,3,,47062,48468,48062,47781,47500,48281,4896,596,1433,0.357,19.286,6.900
4152294530731,49996974,20.001,20.000,729600,729600,1728000,schedutil,306000000,306000000,1020000000,nvhost_podgov,0,3,,47312,48531,48156,47625,47468,48531,4896,596,1433,0.394,19.279,7.590
4152344538425,50007694,19.997,20.000,729600,729600,1728000,schedutil,306000000,306000000,1020000000,nvhost_podgov,0,3,,47156,48218,48218,47750,47531,48218,4976,675,1433,0.361,19.290,6.580
4152394534375,49995950,20.002,20.000,729600,729600,1728000,schedutil,306000000,306000000,1020000000,nvhost_podgov,0,3,,47187,48500,48187,47656,47562,48500,4976,635,1433,0.336,19.285,6.490
4152444538773,50004398,19.998,20.000,729600,729600,1728000,schedutil,306000000,306000000,1020000000,nvhost_podgov,0,3,,47062,48687,48281,47687,47562,48687,4976,635,1433,0.379,19.288,7.310
4152494536611,49997838,20.001,20.000,729600,729600,1728000,schedutil,306000000,306000000,1020000000,nvhost_podgov,0,3,,47125,48281,48156,47625,47562,48281,4976,635,1433,0.356,19.285,6.870
4152544534097,49997486,20.001,20.000,729600,729600,1728000,schedutil,306000000,306000000,1020000000,nvhost_podgov,0,3,,47218,48562,48343,47718,47531,48562,4936,635,1433,0.341,19.286,6.580
4152594527007,49992910,20.003,20.000,729600,729600,1728000,schedutil,306000000,306000000,1020000000,nvhost_podgov,0,3,,47125,48687,48125,47687,47531,48687,4936,635,1433,0.355,19.289,6.850
4152644533645,50006638,19.997,20.000,729600,729600,1728000,schedutil,306000000,306000000,1020000000,nvhost_podgov,0,3,,47343,48375,48218,47625,47500,48375,4936,636,1433,0.364,19.286,6.630
4152694522426,49988781,20.004,20.000,729600,729600,1728000,schedutil,306000000,306000000,1020000000,nvhost_podgov,0,3,,47093,48500,48218,47750,47500,48500,4936,636,1433,0.350,19.279,6.750
4152744534281,50011855,19.995,20.000,729600,729600,1728000,schedutil,306000000,306000000,1020000000,nvhost_podgov,0,3,,47062,48312,48218,47718,47562,48312,4936,636,1433,0.352,19.282,6.940
4152794535511,50001230,20.000,20.000,729600,729600,1728000,schedutil,306000000,306000000,1020000000,nvhost_podgov,0,3,,47031,48281,48250,47781,47531,48281,4896,636,1433,0.361,19.289,6.580
4152844538565,50003054,19.999,20.000,729600,729600,1728000,schedutil,306000000,306000000,1020000000,nvhost_podgov,0,3,,47125,48531,48187,47625,47531,48343,4896,635,1433,0.347,19.282,6.690
4152894523794,49985229,20.006,20.000,729600,729600,1728000,schedutil,306000000,306000000,1020000000,nvhost_podgov,0,3,,47093,48250,48281,47687,47562,48281,4896,635,1433,0.386,19.286,6.720
4152944542720,50018926,19.992,20.000,729600,729600,1728000,schedutil,306000000,306000000,1020000000,nvhost_podgov,0,3,,47281,48343,48156,47593,47500,48343,4896,635,1433,0.352,19.288,6.800
4152994521102,49978382,20.009,20.000,729600,729600,1728000,schedutil,306000000,306000000,1020000000,nvhost_podgov,0,3,,47093,48593,48281,47656,47562,48312,4896,635,1433,0.346,19.286,6.680
4153044538460,50017358,19.993,20.000,729600,729600,1728000,schedutil,306000000,306000000,1020000000,nvhost_podgov,0,3,,47156,48312,48062,47750,47500,48312,4896,635,1433,0.349,19.290,6.720
4153094527018,49988558,20.005,20.000,729600,729600,1728000,schedutil,306000000,306000000,1020000000,nvhost_podgov,0,3,,47281,48312,48125,47656,47500,48312,4896,596,1433,0.360,19.286,6.460
4153144536856,50009838,19.996,20.000,729600,729600,1728000,schedutil,306000000,306000000,1020000000,nvhost_podgov,0,3,,47062,48312,48375,47843,47531,48312,4896,635,1433,0.351,19.288,6.770
4153194540582,50003726,19.999,20.000,729600,729600,1728000,schedutil,306000000,306000000,1020000000,nvhost_podgov,0,3,,47250,48281,48187,47687,47500,48281,4896,635,1433,0.364,19.289,6.580
4153244521876,49981294,20.007,20.000,729600,729600,1728000,schedutil,306000000,306000000,1020000000,nvhost_podgov,0,3,,47000,48250,48218,47750,47468,48250,4896,635,1433,0.351,19.285,6.770
4153294537378,50015502,19.994,20.000,729600,729600,1728000,schedutil,306000000,306000000,1020000000,nvhost_podgov,0,3,,47156,48312,48250,47593,47562,48312,4896,596,1433,0.344,19.285,6.630
4153344539088,50001710,19.999,20.000,729600,729600,1728000,schedutil,306000000,306000000,1020000000,nvhost_podgov,0,3,,47375,48281,48218,47718,47531,48312,4896,635,1433,0.360,19.286,6.600
4153394524638,49985550,20.006,20.000,729600,729600,1728000,schedutil,306000000,306000000,1020000000,nvhost_podgov,0,3,,47187,48375,48062,47625,47531,48375,4936,635,1433,0.341,19.289,6.580
4153444535052,50010414,19.996,20.000,729600,729600,1728000,schedutil,306000000,306000000,1020000000,nvhost_podgov,0,3,,47250,48343,48187,47718,47562,48343,4936,635,1433,0.345,19.284,6.660
4153494531577,49996525,20.001,20.000,729600,729600,1728000,schedutil,306000000,306000000,1020000000,nvhost_podgov,0,3,,47031,48312,48218,47718,47531,48437,4936,635,1433,0.357,19.288,6.680
4153544522855,49991278,20.003,20.000,729600,729600,1728000,schedutil,306000000,306000000,1020000000,nvhost_podgov,0,3,,47062,48312,48218,47718,47531,48312,4936,635,1433,0.343,19.286,6.600
4153594520949,49998094,20.001,20.000,729600,729600,1728000,schedutil,306000000,306000000,1020000000,nvhost_podgov,0,3,,47062,48437,48312,47781,47500,48437,4896,635,1433,0.339,19.282,6.530
4153644533475,50012526,19.995,20.000,729600,729600,1728000,schedutil,306000000,306000000,1020000000,nvhost_podgov,0,3,,47250,48312,48156,47656,47593,48437,4896,635,1433,0.349,19.289,6.550
4153694535249,50001774,19.999,20.000,729600,729600,1728000,schedutil,306000000,306000000,1020000000,nvhost_podgov,0,3,,47062,48312,48343,47718,47406,48343,4896,635,1433,0.347,19.284,6.710
4153744720835,50185586,19.926,20.000,729600,729600,1728000,schedutil,306000000,306000000,1020000000,nvhost_podgov,0,3,,47281,48312,48156,47625,47562,48312,4896,635,1433,0.381,19.286,7.130
4153794530605,49809770,20.076,20.000,729600,729600,1728000,schedutil,306000000,306000000,1020000000,nvhost_podgov,0,3,,47156,48406,48250,47687,47562,48406,4896,635,1433,0.351,19.288,6.460
4153844535003,50004398,19.998,20.000,729600,729600,1728000,schedutil,306000000,306000000,1020000000,nvhost_podgov,0,3,,47125,48312,48187,47781,47500,48312,4896,635,1433,0.340,19.282,6.550
4153894523880,49988877,20.004,20.000,729600,729600,1728000,schedutil,306000000,306000000,1020000000,nvhost_podgov,0,3,,47250,48343,48250,47687,47500,48343,4896,596,1433,0.347,19.289,6.520
4153944540215,50016335,19.993,20.000,729600,729600,1728000,schedutil,306000000,306000000,1020000000,nvhost_podgov,0,3,,47093,48562,48156,47750,47500,48562,4896,596,1433,0.352,19.285,7.070
4153994522820,49982605,20.007,20.000,729600,729600,1728000,schedutil,306000000,306000000,1020000000,nvhost_podgov,0,3,,47437,48468,48250,47656,47562,48562,4896,596,1433,0.371,19.279,6.750
4154044541427,50018607,19.993,20.000,729600,729600,1728000,schedutil,306000000,306000000,1020000000,nvhost_podgov,0,3,,47062,48437,48281,47812,47562,48437,4896,596,1433,0.350,19.284,6.750
4154094521664,49980237,20.008,20.000,729600,729600,1728000,schedutil,306000000,306000000,1020000000,nvhost_podgov,0,3,,47156,48500,48156,47593,47500,48500,4896,596,1433,0.340,19.286,6.550
4154144536078,50014414,19.994,20.000,729600,729600,1728000,schedutil,306000000,306000000,1020000000,nvhost_podgov,0,3,,47343,48343,48250,47718,47562,48343,4896,635,1433,0.333,19.286,6.410
4154194526204,49990126,20.004,20.000,729600,729600,1728000,schedutil,306000000,306000000,1020000000,nvhost_podgov,0,3,,47250,48375,48156,47750,47500,48375,4896,596,1433,0.355,19.288,6.600
4154244522954,49996750,20.001,20.000,729600,729600,1728000,schedutil,306000000,306000000,1020000000,nvhost_podgov,0,3,,47062,48593,48218,47656,47531,48593,4896,596,1433,0.372,19.285,6.630
4154294520792,49997838,20.001,20.000,729600,729600,1728000,schedutil,306000000,306000000,1020000000,nvhost_podgov,0,3,,47062,48343,48156,47781,47468,48343,4896,596,1433,0.352,19.286,6.800
4154344530118,50009326,19.996,20.000,729600,729600,1728000,schedutil,306000000,306000000,1020000000,nvhost_podgov,0,3,,47125,48500,48156,47687,47562,48500,4896,596,1433,0.359,19.286,6.600
4154394520339,49990221,20.004,20.000,729600,729600,1728000,schedutil,306000000,306000000,1020000000,nvhost_podgov,0,3,,47093,48593,48156,47718,47437,48593,4896,596,1433,0.349,19.286,6.720
4154444520097,49999758,20.000,20.000,729600,729600,1728000,schedutil,306000000,306000000,1020000000,nvhost_podgov,0,3,,47250,48437,48125,47687,47562,48281,4896,596,1433,0.351,19.284,6.770
4154494533135,50013038,19.995,20.000,729600,729600,1728000,schedutil,306000000,306000000,1020000000,nvhost_podgov,0,3,,47062,48406,48343,47656,47437,48406,4896,596,1433,0.378,19.277,7.280
4154544524349,49991214,20.004,20.000,729600,729600,1728000,schedutil,306000000,306000000,1020000000,nvhost_podgov,0,3,,47062,48593,48156,47750,47500,48593,4896,596,1433,0.340,19.288,6.550
4154594516843,49992494,20.003,20.000,729600,729600,1728000,schedutil,306000000,306000000,1020000000,nvhost_podgov,0,3,,47156,48343,48343,47656,47562,48343,4896,596,1433,0.347,19.280,6.690
4154644536153,50019310,19.992,20.000,729600,729600,1728000,schedutil,306000000,306000000,1020000000,nvhost_podgov,0,3,,47093,48531,48156,47843,47531,48531,4856,596,1433,0.354,19.289,6.530
4154694524359,49988206,20.005,20.000,729600,729600,1728000,schedutil,306000000,306000000,1020000000,nvhost_podgov,0,3,,47281,48656,48312,47656,47562,48656,4856,596,1433,0.341,19.284,6.580
4154744522100,49997741,20.001,20.000,729600,729600,1728000,schedutil,306000000,306000000,1020000000,nvhost_podgov,0,3,,47062,48406,48187,47750,47500,48250,4856,596,1433,0.391,19.289,6.660
4154794526274,50004174,19.998,20.000,729600,729600,1728000,schedutil,306000000,306000000,1020000000,nvhost_podgov,0,3,,47031,48562,48218,47625,47531,48562,4856,596,1433,0.347,19.288,6.660
4154844529072,50002798,19.999,20.000,729600,729600,1728000,schedutil,306000000,306000000,1020000000,nvhost_podgov,0,3,,47062,48593,48187,47750,47437,48593,4856,596,1433,0.359,19.279,6.910
4154894532670,50003598,19.999,20.000,729600,729600,1728000,schedutil,306000000,306000000,1020000000,nvhost_podgov,0,3,,47187,48218,48187,47625,47500,48218,4856,597,1433,0.372,19.277,7.180
4154944536492,50003822,19.998,20.000,729600,729600,1728000,schedutil,306000000,306000000,1020000000,nvhost_podgov,0,3,,47093,48593,48250,47718,47593,48593,4856,596,1433,0.369,19.284,6.990
4154994517978,49981486,20.007,20.000,729600,729600,1728000,schedutil,306000000,306000000,1020000000,nvhost_podgov,0,3,,47125,48312,48187,47656,47531,48312,4856,596,1433,0.400,19.277,7.710
4155044528648,50010670,19.996,20.000,729600,729600,1728000,schedutil,306000000,306000000,1020000000,nvhost_podgov,0,3,,47093,48312,48218,47718,47562,48312,4856,597,1433,0.362,19.286,6.990
4155094532278,50003630,19.999,20.000,729600,729600,1728000,schedutil,306000000,306000000,1020000000,nvhost_podgov,0,3,,47093,48593,48093,47781,47500,48593,4856,597,1433,0.378,19.284,7.120
4155144530628,49998350,20.001,20.000,729600,729600,1728000,schedutil,306000000,306000000,1020000000,nvhost_podgov,0,3,,47250,48281,48187,47593,47531,48281,4856,597,1433,0.384,19.281,7.400
4155194534385,50003757,19.998,20.000,729600,729600,1728000,schedutil,306000000,306000000,1020000000,nvhost_podgov,0,3,,47093,48281,48156,47781,47531,48281,4896,597,1433,0.379,19.286,7.070
4155244532639,49998254,20.001,20.000,729600,729600,1728000,schedutil,306000000,306000000,1020000000,nvhost_podgov,0,3,,47250,48625,48156,47625,47562,48281,4896,597,1433,0.398,19.277,7.670
4155294539821,50007182,19.997,20.000,729600,729600,1728000,schedutil,306000000,306000000,1020000000,nvhost_podgov,0,3,,47062,48218,48156,47718,47500,48218,4896,597,1433,0.366,19.280,7.070
4155344533147,49993326,20.003,20.000,729600,729600,1728000,schedutil,306000000,306000000,1020000000,nvhost_podgov,0,3,,47062,48281,48125,47562,47562,48281,4896,597,1433,0.376,19.286,7.260
4155394534345,50001198,20.000,20.000,729600,729600,1728000,schedutil,306000000,306000000,1020000000,nvhost_podgov,0,3,,47218,48687,48250,47687,47593,48343,4896,596,1433,0.362,19.279,6.990
4155444533431,49999086,20.000,20.000,729600,729600,1728000,schedutil,306000000,306000000,1020000000,nvhost_podgov,0,3,,47156,48281,48156,47593,47531,48281,4896,597,1433,0.364,19.281,7.010
4155494530532,49997101,20.001,20.000,729600,729600,1728000,schedutil,306000000,306000000,1020000000,nvhost_podgov,0,3,,47281,48312,48218,47625,47500,48312,4896,597,1433,0.381,19.276,7.560
4155544536914,50006382,19.997,20.000,729600,729600,1728000,schedutil,306000000,306000000,1020000000,nvhost_podgov,0,3,,47062,48312,48093,47812,47437,48312,4896,597,1433,0.390,19.275,7.510
4155594537312,50000398,20.000,20.000,729600,729600,1728000,schedutil,306000000,306000000,1020000000,nvhost_podgov,0,3,,47000,48312,48312,47625,47625,48312,4896,597,1433,0.356,19.285,6.870
4155644529774,49992462,20.003,20.000,729600,729600,1728000,schedutil,306000000,306000000,1020000000,nvhost_podgov,0,3,,47062,48343,48125,47687,47531,48343,4896,597,1433,0.410,19.277,7.640
4155694523708,49993934,20.002,20.000,729600,729600,1728000,schedutil,306000000,306000000,1020000000,nvhost_podgov,0,3,,47218,48343,48156,47625,47500,48343,4896,597,1433,0.346,19.285,6.680
4155744517865,49994157,20.002,20.000,729600,729600,1728000,schedutil,306000000,306000000,1020000000,nvhost_podgov,0,3,,47093,48281,48125,47750,47500,48375,4896,597,1433,0.395,19.281,7.260
4155794537336,50019471,19.992,20.000,729600,729600,1728000,schedutil,306000000,306000000,1020000000,nvhost_podgov,0,3,,47281,48312,48218,47718,47531,48312,4896,597,1433,0.352,19.288,6.550
4155844540037,50002701,19.999,20.000,729600,729600,1728000,schedutil,306000000,306000000,1020000000,nvhost_podgov,0,3,,47093,48312,48281,47718,47500,48312,4896,596,1433,0.339,19.286,6.530
4155894529011,49988974,20.004,20.000,729600,729600,1728000,schedutil,306000000,306000000,1020000000,nvhost_podgov,0,3,,47062,48281,48250,47656,47593,48281,4896,596,1433,0.352,19.285,6.800
4155944514625,49985614,20.006,20.000,729600,729600,1728000,schedutil,306000000,306000000,1020000000,nvhost_podgov,0,3,,47218,48343,48250,47718,47562,48343,4856,597,1433,0.343,19.281,7.010
4155994536015,50021390,19.991,20.000,729600,729600,1728000,schedutil,306000000,306000000,1020000000,nvhost_podgov,0,3,,47062,48375,48093,47625,47562,48375,4856,597,1433,0.339,19.284,6.530
4156044531837,49995822,20.002,20.000,729600,729600,1728000,schedutil,306000000,306000000,1020000000,nvhost_podgov,0,3,,47281,48312,48156,47625,47531,48437,4896,596,1433,0.352,19.282,6.800
4156094534346,50002509,19.999,20.000,729600,729600,1728000,schedutil,306000000,306000000,1020000000,nvhost_podgov,0,3,,47062,48281,48187,47781,47500,48281,4896,596,1433,0.351,19.284,6.770
4156144525048,49990702,20.004,20.000,729600,729600,1728000,schedutil,306000000,306000000,1020000000,nvhost_podgov,0,3,,47156,48375,48250,47656,47500,48375,4896,597,1433,0.357,19.281,6.900
4156194528390,50003342,19.999,20.000,729600,729600,1728000,schedutil,306000000,306000000,1020000000,nvhost_podgov,0,3,,47062,48343,48218,47750,47500,48468,4896,596,1433,0.356,19.290,6.870
4156244530772,50002382,19.999,20.000,729600,729600,1728000,schedutil,306000000,306000000,1020000000,nvhost_podgov,0,3,,47156,48343,48187,47687,47531,48343,4896,596,1433,0.362,19.276,6.990
4156294546050,50015278,19.994,20.000,729600,729600,1728000,schedutil,306000000,306000000,1020000000,nvhost_podgov,0,3,,47375,48375,48281,47750,47562,48375,4896,636,1433,0.339,19.282,6.530
4156344534800,49988750,20.005,20.000,729600,729600,1728000,schedutil,306000000,306000000,1020000000,nvhost_podgov,0,3,,47062,48375,48156,47625,47531,48562,4896,636,1433,0.350,19.291,6.750
4156394528285,49993485,20.003,20.000,729600,729600,1728000,schedutil,306000000,306000000,1020000000,nvhost_podgov,0,3,,47156,48437,48218,47593,47562,48437,4896,635,1433,0.341,19.284,6.580
4156444517099,49988814,20.004,20.000,729600,729600,1728000,schedutil,306000000,306000000,1020000000,nvhost_podgov,0,3,,47125,48406,48156,47781,47500,48406,4896,596,1433,0.350,19.286,6.750
4156494514297,49997198,20.001,20.000,729600,729600,1728000,schedutil,306000000,306000000,1020000000,nvhost_podgov,0,3,,47187,48531,48218,47625,47437,48531,4896,596,1433,0.380,19.286,6.580
4156544537895,50023598,19.991,20.000,729600,729600,1728000,schedutil,306000000,306000000,1020000000,nvhost_podgov,0,3,,47062,48312,48343,47875,47531,48343,4896,597,1433,0.356,19.284,6.580
4156594529269,49991374,20.003,20.000,729600,729600,1728000,schedutil,306000000,306000000,1020000000,nvhost_podgov,0,3,,47281,48406,48125,47625,47500,48406,4896,596,1433,0.352,19.285,6.800
4156644535042,50005773,19.998,20.000,729600,729600,1728000,schedutil,306000000,306000000,1020000000,nvhost_podgov,0,3,,47156,48593,48312,47625,47593,48593,4896,596,1433,0.361,19.291,6.440
4156694529424,49994382,20.002,20.000,729600,729600,1728000,schedutil,306000000,306000000,1020000000,nvhost_podgov,0,3,,47093,48406,48218,47656,47500,48406,4896,596,1433,0.341,19.289,6.580
4156744512990,49983566,20.007,20.000,729600,729600,1728000,schedutil,306000000,306000000,1020000000,nvhost_podgov,0,3,,47218,48437,48343,47718,47531,48437,4896,596,1433,0.350,19.275,6.750
4156794541132,50028142,19.989,20.000,729600,729600,1728000,schedutil,306000000,306000000,1020000000,nvhost_podgov,0,3,,47156,48656,48093,47750,47437,48656,4896,596,1433,0.366,19.290,6.630
4156844532378,49991246,20.004,20.000,729600,729600,1728000,schedutil,306000000,306000000,1020000000,nvhost_podgov,0,3,,47250,48437,48218,47718,47531,48437,4896,596,1433,0.341,19.286,6.580
4156894530535,49998157,20.001,20.000,729600,729600,1728000,schedutil,306000000,306000000,1020000000,nvhost_podgov,0,3,,47062,48500,48156,47750,47562,48500,4896,596,1433,0.350,19.288,6.750
4156944523797,49993262,20.003,20.000,729600,729600,1728000,schedutil,306000000,306000000,1020000000,nvhost_podgov,0,3,,47156,48593,48125,47593,47562,48593,4856,596,1433,0.352,19.291,6.600
4156994516963,49993166,20.003,20.000,729600,729600,1728000,schedutil,306000000,306000000,1020000000,nvhost_podgov,0,3,,47062,48375,48375,47781,47531,48375,4856,596,1433,0.372,19.277,7.180
4157044534833,50017870,19.993,20.000,729600,729600,1728000,schedutil,306000000,306000000,1020000000,nvhost_podgov,0,3,,47218,48562,48187,47687,47531,48562,4856,597,1433,0.355,19.284,6.850
4157094541727,50006894,19.997,20.000,729600,729600,1728000,schedutil,306000000,306000000,1020000000,nvhost_podgov,0,3,,47062,48718,48343,47687,47593,48718,4856,596,1433,0.356,19.288,6.630
4157144522732,49981005,20.008,20.000,729600,729600,1728000,schedutil,306000000,306000000,1020000000,nvhost_podgov,0,3,,47062,48437,48125,47593,47500,48218,4856,596,1433,0.365,19.281,7.040
4157194531642,50008910,19.996,20.000,729600,729600,1728000,schedutil,306000000,306000000,1020000000,nvhost_podgov,0,3,,47250,48593,48218,47625,47562,48593,4896,597,1433,0.354,19.285,6.820
4157244513832,49982190,20.007,20.000,729600,729600,1728000,schedutil,306000000,306000000,1020000000,nvhost_podgov,0,3,,47093,48281,48093,47781,47531,48281,4896,597,1433,0.385,19.276,6.890
4157294537334,50023502,19.991,20.000,729600,729600,1728000,schedutil,306000000,306000000,1020000000,nvhost_podgov,0,3,,47281,48500,48125,47687,47562,48281,4896,596,1433,0.388,19.280,7.480
4157344542916,50005582,19.998,20.000,729600,729600,1728000,schedutil,306000000,306000000,1020000000,nvhost_podgov,0,3,,47093,48593,48375,47781,47562,48593,4976,675,1472,0.357,19.289,6.900
4157394537777,49994861,20.002,20.000,729600,729600,1728000,schedutil,306000000,306000000,1020000000,nvhost_podgov,0,3,,47343,48312,48187,47593,47562,48312,4976,675,1472,0.364,19.288,6.630
4157444531711,49993934,20.002,20.000,729600,729600,1728000,schedutil,306000000,306000000,1020000000,nvhost_podgov,0,3,,47062,48312,48281,47687,47562,48312,4936,635,1472,0.335,19.281,6.460
4157494521933,49990222,20.004,20.000,729600,729600,1728000,schedutil,306000000,306000000,1020000000,nvhost_podgov,0,3,,47187,48687,48156,47625,47562,48687,4936,635,1472,0.385,19.291,6.750
4157544536315,50014382,19.994,20.000,729600,729600,1728000,schedutil,306000000,306000000,1020000000,nvhost_podgov,0,3,,47281,48343,48281,47718,47562,48343,4936,636,1433,0.344,19.285,6.630
4157594534440,49998125,20.001,20.000,729600,729600,1728000,schedutil,306000000,306000000,1020000000,nvhost_podgov,0,3,,47156,48312,48250,47812,47500,48312,4936,635,1433,0.345,19.284,6.660
4157644537046,50002606,19.999,20.000,729600,729600,1728000,schedutil,306000000,306000000,1020000000,nvhost_podgov,0,3,,47062,48687,48187,47718,47625,48687,4936,635,1433,0.379,19.289,6.550
4157694531652,49994606,20.002,20.000,729600,729600,1728000,schedutil,306000000,306000000,1020000000,nvhost_podgov,0,3,,47062,48250,48156,47843,47531,48250,4896,635,1433,0.362,19.285,6.990
4157744515121,49983469,20.007,20.000,729600,729600,1728000,schedutil,306000000,306000000,1020000000,nvhost_podgov,0,3,,47218,48312,48218,47656,47562,48312,4896,635,1433,0.404,19.280,7.780
4157794525407,50010286,19.996,20.000,729600,729600,1728000,schedutil,306000000,306000000,1020000000,nvhost_podgov,0,3,,47125,48656,48343,47781,47562,48375,4896,635,1433,0.374,19.284,7.010
4157844537773,50012366,19.995,20.000,729600,729600,1728000,schedutil,306000000,306000000,1020000000,nvhost_podgov,0,3,,47187,48312,48187,47625,47468,48312,4896,636,1433,0.366,19.282,7.070
4157894530395,49992622,20.003,20.000,729600,729600,1728000,schedutil,306000000,306000000,1020000000,nvhost_podgov,0,3,,47031,48343,48156,47750,47468,48343,4896,597,1433,0.371,19.281,7.160
4157944529865,49999470,20.000,20.000,729600,729600,1728000,schedutil,306000000,306000000,1020000000,nvhost_podgov,0,3,,47062,48250,48218,47687,47531,48375,4896,596,1433,0.414,19.274,7.780
4157994530166,50000301,20.000,20.000,729600,729600,1728000,schedutil,306000000,306000000,1020000000,nvhost_podgov,0,3,,47125,48281,48281,47656,47562,48281,4896,596,1433,0.350,19.279,6.750
4158044529508,49999342,20.000,20.000,729600,729600,1728000,schedutil,306000000,306000000,1020000000,nvhost_podgov,0,3,,47093,48281,48125,47812,47562,48281,4896,597,1433,0.354,19.285,6.820
4158094536722,50007214,19.997,20.000,729600,729600,1728000,schedutil,306000000,306000000,1020000000,nvhost_podgov,0,3,,47281,48281,48250,47750,47562,48312,4896,596,1433,0.360,19.291,6.540
4158144537120,50000398,20.000,20.000,729600,729600,1728000,schedutil,306000000,306000000,1020000000,nvhost_podgov,0,3,,47062,48312,48187,47781,47500,48312,4896,597,1433,0.346,19.285,6.680
4158194525293,49988173,20.005,20.000,729600,729600,1728000,schedutil,306000000,306000000,1020000000,nvhost_podgov,0,3,,47281,48312,48156,47656,47562,48312,4896,597,1433,0.347,19.290,6.710
4158244525787,50000494,20.000,20.000,729600,729600,1728000,schedutil,306000000,306000000,1020000000,nvhost_podgov,0,3,,47125,48375,48125,47781,47531,48375,4896,596,1433,0.362,19.284,7.010
4158294535593,50009806,19.996,20.000,729600,729600,1728000,schedutil,306000000,306000000,1020000000,nvhost_podgov,0,3,,47156,48375,48187,47687,47500,48437,4896,596,1433,0.355,19.280,6.850
4158344537303,50001710,19.999,20.000,729600,729600,1728000,schedutil,306000000,306000000,1020000000,nvhost_podgov,0,3,,47250,48343,48250,47750,47531,48343,4896,597,1433,0.347,19.285,6.710
4158394528869,49991566,20.003,20.000,729600,729600,1728000,schedutil,306000000,306000000,1020000000,nvhost_podgov,0,3,,47218,48437,48187,47625,47562,48437,4896,636,1433,0.361,19.290,6.580
4158444526194,49997325,20.001,20.000,729600,729600,1728000,schedutil,306000000,306000000,1020000000,nvhost_podgov,0,3,,47093,48375,48250,47687,47531,48375,4896,597,1433,0.340,19.285,6.550
4158494512736,49986542,20.005,20.000,729600,729600,1728000,schedutil,306000000,306000000,1020000000,nvhost_podgov,0,3,,47093,48343,48187,47906,47531,48343,4896,597,1433,0.380,19.280,7.320
4158544533326,50020590,19.992,20.000,729600,729600,1728000,schedutil,306000000,306000000,1020000000,nvhost_podgov,0,3,,47218,48375,48250,47750,47500,48375,4896,597,1433,0.362,19.289,6.680
4158594533724,50000398,20.000,20.000,729600,729600,1728000,schedutil,306000000,306000000,1020000000,nvhost_podgov,0,3,,47125,48375,48218,47781,47531,48468,4896,596,1433,0.339,19.282,6.530
4158644529097,49995373,20.002,20.000,729600,729600,1728000,schedutil,306000000,306000000,1020000000,nvhost_podgov,0,3,,47250,48375,48125,47718,47562,48375,4896,596,1433,0.362,19.290,6.600
4158694528567,49999470,20.000,20.000,729600,729600,1728000,schedutil,306000000,306000000,1020000000,nvhost_podgov,0,3,,47062,48406,48218,47781,47500,48406,4896,596,1433,0.341,19.288,6.580
4158744516676,49988109,20.005,20.000,729600,729600,1728000,schedutil,306000000,306000000,1020000000,nvhost_podgov,0,3,,47125,48312,48125,47718,47500,48312,4896,596,1433,0.367,19.282,7.090
4158794530258,50013582,19.995,20.000,729600,729600,1728000,schedutil,306000000,306000000,1020000000,nvhost_podgov,0,3,,47250,48343,48281,47750,47625,48343,4896,596,1433,0.357,19.289,6.460
4158844528096,49997838,20.001,20.000,729600,729600,1728000,schedutil,306000000,306000000,1020000000,nvhost_podgov,0,3,,47093,48468,48156,47656,47500,48468,4896,596,1433,0.340,19.285,6.550
4158894528046,49999950,20.000,20.000,729600,729600,1728000,schedutil,306000000,306000000,1020000000,nvhost_podgov,0,3,,47281,48343,48156,47625,47593,48593,4896,596,1433,0.350,19.286,6.750
4158944517403,49989357,20.004,20.000,729600,729600,1728000,schedutil,306000000,306000000,1020000000,nvhost_podgov,0,3,,47062,48343,48156,47781,47500,48343,4856,596,1433,0.352,19.290,6.580
4158994517065,49999662,20.000,20.000,729600,729600,1728000,schedutil,306000000,306000000,1020000000,nvhost_podgov,0,3,,47062,48468,48250,47781,47562,48468,4856,596,1433,0.351,19.279,6.770
4159044530327,50013262,19.995,20.000,729600,729600,1728000,schedutil,306000000,306000000,1020000000,nvhost_podgov,0,3,,47093,48562,48187,47750,47468,48562,4856,596,1433,0.354,19.289,6.820
4159094530533,50000206,20.000,20.000,729600,729600,1728000,schedutil,306000000,306000000,1020000000,nvhost_podgov,0,3,,47156,48406,48187,47656,47562,48406,4856,596,1433,0.356,19.289,6.530
4159144533811,50003278,19.999,20.000,729600,729600,1728000,schedutil,306000000,306000000,1020000000,nvhost_podgov,0,3,,47062,48468,48187,47718,47562,48468,4856,596,1433,0.346,19.285,6.680
4159194525376,49991565,20.003,20.000,729600,729600,1728000,schedutil,306000000,306000000,1020000000,nvhost_podgov,0,3,,47218,48656,48250,47687,47437,48656,4896,596,1433,0.356,19.286,6.870
4159244526958,50001582,19.999,20.000,729600,729600,1728000,schedutil,306000000,306000000,1020000000,nvhost_podgov,0,3,,47125,48375,48250,47625,47562,48375,4896,596,1433,0.365,19.282,7.130
4159294530428,50003470,19.999,20.000,729600,729600,1728000,schedutil,306000000,306000000,1020000000,nvhost_podgov,0,3,,47062,48500,48218,47687,47531,48500,4896,596,1433,0.340,19.284,6.550
4159344534281,50003853,19.998,20.000,729600,729600,1728000,schedutil,306000000,306000000,1020000000,nvhost_podgov,0,3,,47156,48656,48250,47718,47562,48656,4896,596,1433,0.364,19.286,7.010
4159394532951,49998670,20.001,20.000,729600,729600,1728000,schedutil,306000000,306000000,1020000000,nvhost_podgov,0,3,,47093,48500,48125,47781,47468,48500,4856,596,1433,0.354,19.288,6.580
4159444533669,50000718,20.000,20.000,729600,729600,1728000,schedutil,306000000,306000000,1020000000,nvhost_podgov,0,3,,47281,48593,48281,47718,47562,48593,4856,596,1433,0.346,19.284,6.680
4159494529842,49996173,20.002,20.000,729600,729600,1728000,schedutil,306000000,306000000,1020000000,nvhost_podgov,0,3,,47062,48312,48281,47781,47437,48312,4856,596,1433,0.346,19.279,6.680
4159544522528,49992686,20.003,20.000,729600,729600,1728000,schedutil,306000000,306000000,1020000000,nvhost_podgov,0,3,,47093,48437,48156,47718,47406,48250,4856,596,1433,0.355,19.285,6.850
4159594526862,50004334,19.998,20.000,729600,729600,1728000,schedutil,306000000,306000000,1020000000,nvhost_podgov,0,3,,47281,48562,48312,47750,47625,48562,4856,597,1433,0.346,19.286,6.680
4159644538940,50012078,19.995,20.000,729600,729600,1728000,schedutil,306000000,306000000,1020000000,nvhost_podgov,0,3,,47125,48281,48281,47687,47531,48281,4856,596,1433,0.347,19.288,6.690
4159694534057,49995117,20.002,20.000,729600,729600,1728000,schedutil,306000000,306000000,1020000000,nvhost_podgov,0,3,,47281,48500,48281,47718,47531,48281,4856,596,1433,0.340,19.289,6.550
4159744531575,49997518,20.001,20.000,729600,729600,1728000,schedutil,306000000,306000000,1020000000,nvhost_podgov,0,3,,47062,48593,48218,47812,47500,48593,4856,596,1433,0.362,19.284,6.990
4159794524517,49992942,20.003,20.000,729600,729600,1728000,schedutil,306000000,306000000,1020000000,nvhost_podgov,0,3,,47156,48343,48343,47718,47593,48343,4856,596,1433,0.361,19.288,6.960
4159844528722,50004205,19.998,20.000,729600,729600,1728000,schedutil,306000000,306000000,1020000000,nvhost_podgov,0,3,,47093,48218,48156,47812,47500,48218,4856,597,1433,0.339,19.286,6.530
4159894531360,50002638,19.999,20.000,729600,729600,1728000,schedutil,306000000,306000000,1020000000,nvhost_podgov,0,3,,47218,48562,48187,47687,47593,48562,4856,596,1433,0.345,19.285,6.660
4159944529710,49998350,20.001,20.000,729600,729600,1728000,schedutil,306000000,306000000,1020000000,nvhost_podgov,0,3,,47062,48312,48218,47687,47500,48312,4856,596,1433,0.354,19.290,6.580
4159994533468,50003758,19.998,20.000,729600,729600,1728000,schedutil,306000000,306000000,1020000000,nvhost_podgov,0,3,,47218,48312,48250,47656,47437,48312,4856,596,1433,0.366,19.280,7.070
4160044530857,49997389,20.001,20.000,729600,729600,1728000,schedutil,306000000,306000000,1020000000,nvhost_podgov,0,3,,47125,48687,48281,47750,47500,48343,4856,596,1433,0.375,19.279,7.230
4160094534391,50003534,19.999,20.000,729600,729600,1728000,schedutil,306000000,306000000,1020000000,nvhost_podgov,0,3,,47156,48375,48125,47593,47500,48375,4856,596,1433,0.369,19.286,7.070
4160144535397,50001006,20.000,20.000,729600,729600,1728000,schedutil,306000000,306000000,1020000000,nvhost_podgov,0,3,,47250,48312,48250,47687,47531,48312,4856,597,1433,0.362,19.282,6.990
4160194534674,49999277,20.000,20.000,729600,729600,1728000,schedutil,306000000,306000000,1020000000,nvhost_podgov,0,3,,47125,48281,48125,47781,47562,48281,4856,596,1433,0.379,19.282,7.310
4160244529088,49994414,20.002,20.000,729600,729600,1728000,schedutil,306000000,306000000,1020000000,nvhost_podgov,0,3,,47312,48250,48218,47687,47562,48250,4896,597,1433,0.383,19.285,7.040
4160294522893,49993805,20.002,20.000,729600,729600,1728000,schedutil,306000000,306000000,1020000000,nvhost_podgov,0,3,,47093,48312,48375,47843,47531,48375,4896,597,1433,0.372,19.279,7.180
4160344532411,50009518,19.996,20.000,729600,729600,1728000,schedutil,306000000,306000000,1020000000,nvhost_podgov,0,3,,47156,48312,48250,47750,47531,48312,4896,596,1433,0.378,19.282,7.130
4160394535529,50003118,19.999,20.000,729600,729600,1728000,schedutil,306000000,306000000,1020000000,nvhost_podgov,0,3,,47062,48312,48281,47718,47562,48312,4856,597,1433,0.369,19.281,6.940
4160444534199,49998670,20.001,20.000,729600,729600,1728000,schedutil,306000000,306000000,1020000000,nvhost_podgov,0,3,,47281,48312,48125,47656,47531,48312,4856,597,1433,0.351,19.281,6.770
4160494534052,49999853,20.000,20.000,729600,729600,1728000,schedutil,306000000,306000000,1020000000,nvhost_podgov,0,3,,47062,48281,48281,47718,47562,48406,4856,596,1433,0.370,19.285,7.130
4160544516466,49982414,20.007,20.000,729600,729600,1728000,schedutil,306000000,306000000,1020000000,nvhost_podgov,0,3,,47062,48312,48187,47656,47500,48312,4856,596,1433,0.394,19.275,7.300
4160594527456,50010990,19.996,20.000,729600,729600,1728000,schedutil,306000000,306000000,1020000000,nvhost_podgov,0,3,,47125,48312,48187,47687,47562,48312,4856,596,1433,0.405,19.274,7.810
4160644538093,50010637,19.996,20.000,729600,729600,1728000,schedutil,306000000,306000000,1020000000,nvhost_podgov,0,3,,47062,48312,48187,47812,47562,48312,4896,597,1433,0.345,19.282,6.660
4160694534235,49996142,20.002,20.000,729600,729600,1728000,schedutil,306000000,306000000,1020000000,nvhost_podgov,0,3,,47218,48312,48156,47687,47531,48312,4896,596,1433,0.346,19.288,6.680
4160744532393,49998158,20.001,20.000,729600,729600,1728000,schedutil,306000000,306000000,1020000000,nvhost_podgov,0,3,,47062,48312,48312,47781,47531,48312,4856,596,1433,0.340,19.285,6.550
4160794522806,49990413,20.004,20.000,729600,729600,1728000,schedutil,306000000,306000000,1020000000,nvhost_podgov,0,3,,47250,48406,48250,47656,47593,48406,4856,596,1433,0.381,19.282,7.350
4160844523428,50000622,20.000,20.000,729600,729600,1728000,schedutil,306000000,306000000,1020000000,nvhost_podgov,0,3,,47093,48250,48312,47750,47500,48312,4856,596,1433,0.344,19.288,6.630
4160894531378,50007950,19.997,20.000,729600,729600,1728000,schedutil,306000000,306000000,1020000000,nvhost_podgov,0,3,,47093,48375,48218,47687,47562,48375,4856,597,1433,0.338,19.284,6.500
4160944534815,50003437,19.999,20.000,729600,729600,1728000,schedutil,306000000,306000000,1020000000,nvhost_podgov,0,3,,47281,48468,48250,47718,47593,48468,4856,596,1433,0.357,19.289,6.580
4160994531501,49996686,20.001,20.000,729600,729600,1728000,schedutil,306000000,306000000,1020000000,nvhost_podgov,0,3,,47187,48343,48218,47812,47562,48343,4856,597,1433,0.341,19.285,6.580
4161044515130,49983629,20.007,20.000,729600,729600,1728000,schedutil,306000000,306000000,1020000000,nvhost_podgov,0,3,,47062,48312,48125,47625,47500,48312,4856,597,1433,0.369,19.279,7.100
4161094534376,50019246,19.992,20.000,729600,729600,1728000,schedutil,306000000,306000000,1020000000,nvhost_podgov,0,3,,47125,48500,48187,47812,47593,48500,4856,596,1433,0.352,19.290,6.630
4161144533270,49998894,20.000,20.000,729600,729600,1728000,schedutil,306000000,306000000,1020000000,nvhost_podgov,0,3,,47093,48312,48218,47750,47562,48312,4856,596,1433,0.340,19.288,6.550
4161194679687,50146417,19.942,20.000,729600,729600,1728000,schedutil,306000000,306000000,1020000000,nvhost_podgov,0,3,,47125,48375,48312,47781,47500,48375,4856,596,1433,0.385,19.277,7.420
4161244533809,49854122,20.059,20.000,729600,729600,1728000,schedutil,306000000,306000000,1020000000,nvhost_podgov,0,3,,47250,48468,48156,47750,47500,48468,4896,596,1433,0.362,19.290,6.550
4161294516799,49982990,20.007,20.000,729600,729600,1728000,schedutil,306000000,306000000,1020000000,nvhost_podgov,0,3,,47062,48312,48187,47750,47562,48312,4896,596,1433,0.367,19.281,7.090
4161344529741,50012942,19.995,20.000,729600,729600,1728000,schedutil,306000000,306000000,1020000000,nvhost_podgov,0,3,,47062,48406,48156,47906,47562,48406,4856,596,1433,0.352,19.285,6.800
4161394533402,50003661,19.999,20.000,729600,729600,1728000,schedutil,306000000,306000000,1020000000,nvhost_podgov,0,3,,47218,48500,48343,47656,47562,48500,4856,596,1433,0.359,19.290,6.550
4161444537064,50003662,19.999,20.000,729600,729600,1728000,schedutil,306000000,306000000,1020000000,nvhost_podgov,0,3,,47156,48312,48218,47812,47500,48687,4856,596,1433,0.344,19.286,6.630
4161494530037,49992973,20.003,20.000,729600,729600,1728000,schedutil,306000000,306000000,1020000000,nvhost_podgov,0,3,,47281,48406,48218,47687,47562,48406,4856,596,1433,0.357,19.285,6.900
4161544671878,50141841,19.943,20.000,729600,729600,1728000,schedutil,306000000,306000000,1020000000,nvhost_podgov,0,3,,47062,48531,48187,47843,47531,48531,4856,596,1433,0.351,19.279,7.070
4161594532433,49860555,20.056,20.000,729600,729600,1728000,schedutil,306000000,306000000,1020000000,nvhost_podgov,0,3,,47250,48718,48187,47718,47500,48718,4856,597,1433,0.335,19.285,6.460
4161644531038,49998605,20.001,20.000,729600,729600,1728000,schedutil,306000000,306000000,1020000000,nvhost_podgov,0,3,,47062,48437,48343,47781,47562,48437,4856,596,1433,0.356,19.284,6.870
4161694522220,49991182,20.004,20.000,729600,729600,1728000,schedutil,306000000,306000000,1020000000,nvhost_podgov,0,3,,47156,48562,48156,47687,47562,48562,4856,597,1433,0.335,19.286,6.460
4161744532570,50010350,19.996,20.000,729600,729600,1728000,schedutil,306000000,306000000,1020000000,nvhost_podgov,0,3,,47281,48250,48281,47593,47593,48281,4856,597,1433,0.338,19.286,6.520
4161794527303,49994733,20.002,20.000,729600,729600,1728000,schedutil,306000000,306000000,1020000000,nvhost_podgov,0,3,,47218,48406,48125,47875,47562,48406,4856,597,1433,0.374,19.280,7.210
4161844538261,50010958,19.996,20.000,729600,729600,1728000,schedutil,306000000,306000000,1020000000,nvhost_podgov,0,3,,47125,48562,48218,47718,47562,48562,4856,597,1433,0.359,19.285,6.460
4161894538147,49999886,20.000,20.000,729600,729600,1728000,schedutil,306000000,306000000,1020000000,nvhost_podgov,0,3,,47093,48312,48125,47843,47531,48312,4856,597,1433,0.340,19.286,6.550
4161944533328,49995181,20.002,20.000,729600,729600,1728000,schedutil,306000000,306000000,1020000000,nvhost_podgov,0,3,,47125,48562,48218,47687,47531,48562,4856,597,1433,0.357,19.290,6.520
4161994536446,50003118,19.999,20.000,729600,729600,1728000,schedutil,306000000,306000000,1020000000,nvhost_podgov,0,3,,47093,48593,48187,47781,47562,48593,4856,597,1433,0.338,19.286,6.520
4162044510187,49973741,20.011,20.000,729600,729600,1728000,schedutil,306000000,306000000,1020000000,nvhost_podgov,0,3,,47156,48312,48218,47656,47468,48312,4856,597,1433,0.380,19.285,7.330
4162094532057,50021870,19.991,20.000,729600,729600,1728000,schedutil,306000000,306000000,1020000000,nvhost_podgov,0,3,,47125,48468,48281,47781,47562,48312,4856,596,1433,0.360,19.288,6.770
4162144535591,50003534,19.999,20.000,729600,729600,1728000,schedutil,306000000,306000000,1020000000,nvhost_podgov,0,3,,47093,48718,48218,47656,47562,48718,4856,596,1433,0.341,19.286,6.580
4162194534228,49998637,20.001,20.000,729600,729600,1728000,schedutil,306000000,306000000,1020000000,nvhost_podgov,0,3,,47218,48250,48187,47812,47562,48250,4856,596,1433,0.347,19.289,6.710
4162244528770,49994542,20.002,20.000,729600,729600,1728000,schedutil,306000000,306000000,1020000000,nvhost_podgov,0,3,,47156,48531,48156,47687,47500,48250,4896,596,1433,0.357,19.289,6.660
4162294526511,49997741,20.001,20.000,729600,729600,1728000,schedutil,306000000,306000000,1020000000,nvhost_podgov,0,3,,47343,48312,48281,47718,47562,48375,4896,596,1433,0.400,19.274,7.710
4162344544509,50017998,19.993,20.000,729600,729600,1728000,schedutil,306000000,306000000,1020000000,nvhost_podgov,0,3,,47093,48312,48218,47812,47500,48312,4936,635,1433,0.349,19.288,6.730
4162394544363,49999854,20.000,20.000,729600,729600,1728000,schedutil,306000000,306000000,1020000000,nvhost_podgov,0,3,,47125,48562,48187,47687,47562,48375,4976,675,1433,0.362,19.290,6.550
4162444533112,49988749,20.005,20.000,729600,729600,1728000,schedutil,306000000,306000000,1020000000,nvhost_podgov,0,3,,47062,48250,48218,47781,47468,48250,4936,636,1433,0.345,19.285,6.660
4162494518950,49985838,20.006,20.000,729600,729600,1728000,schedutil,306000000,306000000,1020000000,nvhost_podgov,0,3,,47187,48312,48125,47718,47562,48312,4936,636,1433,0.383,19.279,7.370
4162544543988,50025038,19.990,20.000,729600,729600,1728000,schedutil,306000000,306000000,1020000000,nvhost_podgov,0,3,,47375,48312,48281,47718,47531,48312,4936,636,1433,0.351,19.291,6.550
4162594537121,49993133,20.003,20.000,729600,729600,1728000,schedutil,306000000,306000000,1020000000,nvhost_podgov,0,3,,47125,48281,48218,47656,47531,48343,4936,635,1433,0.347,19.284,6.710
4162644542063,50004942,19.998,20.000,729600,729600,1728000,schedutil,306000000,306000000,1020000000,nvhost_podgov,0,3,,47062,48312,48187,47781,47562,48312,4896,636,1433,0.352,19.285,6.800
4162694541981,49999918,20.000,20.000,729600,729600,1728000,schedutil,306000000,306000000,1020000000,nvhost_podgov,0,3,,47062,48343,48125,47593,47562,48343,4896,635,1433,0.354,19.289,6.730
4162744537482,49995501,20.002,20.000,729600,729600,1728000,schedutil,306000000,306000000,1020000000,nvhost_podgov,0,3,,47187,48250,48187,47656,47562,48375,4896,635,1433,0.371,19.281,6.720
4162794542648,50005166,19.998,20.000,729600,729600,1728000,schedutil,306000000,306000000,1020000000,nvhost_podgov,0,3,,47125,48375,48187,47781,47500,48375,4896,635,1433,0.345,19.282,6.660
4162844539781,49997133,20.001,20.000,729600,729600,1728000,schedutil,306000000,306000000,1020000000,nvhost_podgov,0,3,,47312,48406,48156,47750,47531,48406,4896,635,1433,0.362,19.288,6.730
4162894542995,50003214,19.999,20.000,729600,729600,1728000,schedutil,306000000,306000000,1020000000,nvhost_podgov,0,3,,47093,48343,48250,47781,47562,48343,4896,636,1433,0.345,19.288,6.660
4162944536224,49993229,20.003,20.000,729600,729600,1728000,schedutil,306000000,306000000,1020000000,nvhost_podgov,0,3,,47125,48375,48187,47625,47500,48375,4896,597,1433,0.351,19.289,6.770
4162994537166,50000942,20.000,20.000,729600,729600,1728000,schedutil,306000000,306000000,1020000000,nvhost_podgov,0,3,,47218,48312,48250,47718,47562,48312,4896,597,1433,0.380,19.285,7.330
4163044534588,49997422,20.001,20.000,729600,729600,1728000,schedutil,306000000,306000000,1020000000,nvhost_podgov,0,3,,47187,48250,48156,47687,47500,48437,4896,596,1433,0.367,19.281,7.090
4163094537065,50002477,19.999,20.000,729600,729600,1728000,schedutil,306000000,306000000,1020000000,nvhost_podgov,0,3,,47343,48343,48281,47656,47562,48343,4896,596,1433,0.361,19.289,6.600
4163144535223,49998158,20.001,20.000,729600,729600,1728000,schedutil,306000000,306000000,1020000000,nvhost_podgov,0,3,,47062,48312,48125,47781,47500,48312,4896,596,1433,0.343,19.286,6.600
4163194538116,50002893,19.999,20.000,729600,729600,1728000,schedutil,306000000,306000000,1020000000,nvhost_podgov,0,3,,47187,48312,48156,47687,47562,48437,4896,596,1433,0.341,19.285,6.580
4163244523282,49985166,20.006,20.000,729600,729600,1728000,schedutil,306000000,306000000,1020000000,nvhost_podgov,0,3,,47093,48343,48187,47750,47531,48343,4896,596,1433,0.386,19.282,7.450
4163294543296,50020014,19.992,20.000,729600,729600,1728000,schedutil,306000000,306000000,1020000000,nvhost_podgov,0,3,,47187,48375,48187,47718,47531,48375,4896,636,1433,0.343,19.289,6.600
4163344537805,49994509,20.002,20.000,729600,729600,1728000,schedutil,306000000,306000000,1020000000,nvhost_podgov,0,3,,47125,48500,48343,47750,47468,48500,4896,597,1433,0.356,19.288,6.870
4163394535515,49997710,20.001,20.000,729600,729600,1728000,schedutil,306000000,306000000,1020000000,nvhost_podgov,0,3,,47312,48312,48187,47625,47593,48312,4936,636,1433,0.350,19.290,6.580
4163444521320,49985805,20.006,20.000,729600,729600,1728000,schedutil,306000000,306000000,1020000000,nvhost_podgov,0,3,,47156,48406,48218,47781,47562,48406,4936,636,1433,0.365,19.288,7.040
4163494535094,50013774,19.994,20.000,729600,729600,1728000,schedutil,306000000,306000000,1020000000,nvhost_podgov,0,3,,47125,48406,48156,47718,47500,48406,4936,636,1433,0.366,19.284,7.070
4163544537444,50002350,19.999,20.000,729600,729600,1728000,schedutil,306000000,306000000,1020000000,nvhost_podgov,0,3,,47250,48312,48281,47687,47531,48312,4936,636,1433,0.364,19.291,6.550
4163594531409,49993965,20.002,20.000,729600,729600,1728000,schedutil,306000000,306000000,1020000000,nvhost_podgov,0,3,,47250,48406,48156,47781,47562,48406,4896,636,1433,0.339,19.286,6.530
4163644536991,50005582,19.998,20.000,729600,729600,1728000,schedutil,306000000,306000000,1020000000,nvhost_podgov,0,3,,47250,48500,48187,47750,47562,48500,4896,635,1433,0.359,19.284,6.910
4163694533900,49996909,20.001,20.000,729600,729600,1728000,schedutil,306000000,306000000,1020000000,nvhost_podgov,0,3,,47062,48375,48218,47781,47531,48375,4896,636,1433,0.359,19.289,6.600
4163744537114,50003214,19.999,20.000,729600,729600,1728000,schedutil,306000000,306000000,1020000000,nvhost_podgov,0,3,,47125,48468,48093,47781,47531,48468,4896,636,1433,0.340,19.282,6.550
4163794541031,50003917,19.998,20.000,729600,729600,1728000,schedutil,306000000,306000000,1020000000,nvhost_podgov,0,3,,47062,48531,48218,47781,47593,48531,4896,636,1433,0.352,19.282,6.800
4163844536597,49995566,20.002,20.000,729600,729600,1728000,schedutil,306000000,306000000,1020000000,nvhost_podgov,0,3,,47156,48343,48218,47593,47562,48718,4896,635,1433,0.346,19.285,6.580
4163894539747,50003150,19.999,20.000,729600,729600,1728000,schedutil,306000000,306000000,1020000000,nvhost_podgov,0,3,,47031,48375,48281,47781,47625,48375,4896,635,1433,0.339,19.286,6.530
4163944520144,49980397,20.008,20.000,729600,729600,1728000,schedutil,306000000,306000000,1020000000,nvhost_podgov,0,3,,47156,48593,48125,47781,47531,48593,4896,596,1433,0.354,19.289,6.990
4163994533470,50013326,19.995,20.000,729600,729600,1728000,schedutil,306000000,306000000,1020000000,nvhost_podgov,0,3,,47093,48375,48250,47687,47531,48312,4896,596,1433,0.357,19.281,6.900
4164044535691,50002221,19.999,20.000,729600,729600,1728000,schedutil,306000000,306000000,1020000000,nvhost_podgov,0,3,,47062,48437,48281,47812,47593,48437,4896,636,1433,0.343,19.286,6.600
4164094539577,50003886,19.998,20.000,729600,729600,1728000,schedutil,306000000,306000000,1020000000,nvhost_podgov,0,3,,47250,48593,48156,47718,47562,48593,4896,635,1433,0.349,19.293,6.720
4164144541798,50002221,19.999,20.000,729600,729600,1728000,schedutil,306000000,306000000,1020000000,nvhost_podgov,0,3,,47062,48312,48312,47718,47531,48312,4896,596,1433,0.356,19.288,6.460
4164194538772,49996974,20.001,20.000,729600,729600,1728000,schedutil,306000000,306000000,1020000000,nvhost_podgov,0,3,,47281,48437,48250,47687,47562,48437,4896,596,1433,0.343,19.285,6.600
4164244524545,49985773,20.006,20.000,729600,729600,1728000,schedutil,306000000,306000000,1020000000,nvhost_podgov,0,3,,47062,48562,48281,47750,47531,48562,4896,636,1433,0.386,19.284,7.450
4164294523791,49999246,20.000,20.000,729600,729600,1728000,schedutil,306000000,306000000,1020000000,nvhost_podgov,0,3,,47156,48312,48125,47687,47593,48312,4896,636,1433,0.357,19.289,6.900
4164344533916,50010125,19.996,20.000,729600,729600,1728000,schedutil,306000000,306000000,1020000000,nvhost_podgov,0,3,,47343,48531,48312,47718,47531,48531,4896,636,1433,0.354,19.286,6.820
4164394540522,50006606,19.997,20.000,729600,729600,1728000,schedutil,306000000,306000000,1020000000,nvhost_podgov,0,3,,47093,48656,48187,47812,47562,48656,4896,636,1433,0.354,19.290,6.580
4164444531928,49991406,20.003,20.000,729600,729600,1728000,schedutil,306000000,306000000,1020000000,nvhost_podgov,0,3,,47343,48281,48218,47687,47500,48281,4896,636,1433,0.339,19.288,6.530
4164494537637,50005709,19.998,20.000,729600,729600,1728000,schedutil,306000000,306000000,1020000000,nvhost_podgov,0,3,,47062,48531,48468,47843,47531,48531,4896,597,1433,0.355,19.284,6.850
4164544521490,49983853,20.006,20.000,729600,729600,1728000,schedutil,306000000,306000000,1020000000,nvhost_podgov,0,3,,47156,48281,48281,47656,47500,48281,4896,597,1433,0.355,19.290,6.550
4164594528832,50007342,19.997,20.000,729600,729600,1728000,schedutil,306000000,306000000,1020000000,nvhost_podgov,0,3,,47062,48281,48343,47750,47531,48343,4856,596,1433,0.341,19.290,6.580
4164644539374,50010542,19.996,20.000,729600,729600,1728000,schedutil,306000000,306000000,1020000000,nvhost_podgov,0,3,,47187,48531,48156,47656,47531,48531,4856,597,1433,0.355,19.286,6.850
4164694538651,49999277,20.000,20.000,729600,729600,1728000,schedutil,306000000,306000000,1020000000,nvhost_podgov,0,3,,47093,48312,48218,47718,47531,48312,4856,597,1433,0.354,19.291,6.550
4164744525289,49986638,20.005,20.000,729600,729600,1728000,schedutil,306000000,306000000,1020000000,nvhost_podgov,0,3,,47125,48281,48187,47781,47500,48281,4856,597,1433,0.365,19.276,7.040
4164794537686,50012397,19.995,20.000,729600,729600,1728000,schedutil,306000000,306000000,1020000000,nvhost_podgov,0,3,,47218,48625,48281,47718,47531,48281,4856,597,1433,0.352,19.286,6.800
4164844537540,49999854,20.000,20.000,729600,729600,1728000,schedutil,306000000,306000000,1020000000,nvhost_podgov,0,3,,47125,48343,48093,47781,47500,48343,4856,597,1433,0.351,19.290,6.580
4164894540977,50003437,19.999,20.000,729600,729600,1728000,schedutil,306000000,306000000,1020000000,nvhost_podgov,0,3,,47281,48312,48250,47687,47500,48312,4896,596,1433,0.340,19.285,6.550
4164944537311,49996334,20.001,20.000,729600,729600,1728000,schedutil,306000000,306000000,1020000000,nvhost_podgov,0,3,,47062,48593,48187,47781,47531,48406,4896,596,1433,0.352,19.286,6.800
4164994523852,49986541,20.005,20.000,729600,729600,1728000,schedutil,306000000,306000000,1020000000,nvhost_podgov,0,3,,47250,48250,48281,47687,47531,48281,4856,597,1433,0.367,19.279,7.090
4165044534778,50010926,19.996,20.000,729600,729600,1728000,schedutil,306000000,306000000,1020000000,nvhost_podgov,0,3,,47031,48312,48312,47718,47562,48312,4856,597,1433,0.354,19.282,6.820
4165094536359,50001581,19.999,20.000,729600,729600,1728000,schedutil,306000000,306000000,1020000000,nvhost_podgov,0,3,,47187,48406,48156,47718,47531,48406,4856,597,1433,0.371,19.281,7.160
4165144540597,50004238,19.998,20.000,729600,729600,1728000,schedutil,306000000,306000000,1020000000,nvhost_podgov,0,3,,47281,48343,48312,47687,47562,48343,4856,597,1433,0.376,19.282,7.010
4165194537091,49996494,20.001,20.000,729600,729600,1728000,schedutil,306000000,306000000,1020000000,nvhost_podgov,0,3,,47156,48312,48218,47781,47531,48312,4856,596,1433,0.361,19.282,6.960
4165244523920,49986829,20.005,20.000,729600,729600,1728000,schedutil,306000000,306000000,1020000000,nvhost_podgov,0,3,,47125,48375,48156,47656,47531,48375,4856,596,1433,0.406,19.273,7.830
4165294534014,50010094,19.996,20.000,729600,729600,1728000,schedutil,306000000,306000000,1020000000,nvhost_podgov,0,3,,47062,48281,48156,47843,47500,48281,4856,596,1433,0.381,19.281,7.100
4165344538027,50004013,19.998,20.000,729600,729600,1728000,schedutil,306000000,306000000,1020000000,nvhost_podgov,0,3,,47187,48375,48281,47656,47531,48375,4896,596,1433,0.351,19.279,6.770
4165394540153,50002126,19.999,20.000,729600,729600,1728000,schedutil,306000000,306000000,1020000000,nvhost_podgov,0,3,,47156,48406,48156,47718,47531,48406,4896,596,1433,0.380,19.284,6.960
4165444532198,49992045,20.003,20.000,729600,729600,1728000,schedutil,306000000,306000000,1020000000,nvhost_podgov,0,3,,47187,48312,48156,47718,47531,48312,4856,597,1433,0.356,19.281,6.870
4165494532404,50000206,20.000,20.000,729600,729600,1728000,schedutil,306000000,306000000,1020000000,nvhost_podgov,0,3,,47062,48312,48250,47687,47562,48312,4856,596,1433,0.370,19.282,7.130
4165544534337,50001933,19.999,20.000,729600,729600,1728000,schedutil,306000000,306000000,1020000000,nvhost_podgov,0,3,,47093,48375,48156,47718,47593,48375,4856,596,1433,0.385,19.274,7.420
4165594533551,49999214,20.000,20.000,729600,729600,1728000,schedutil,306000000,306000000,1020000000,nvhost_podgov,0,3,,47156,48250,48312,47781,47562,48437,4856,596,1433,0.360,19.281,6.940
4165644532700,49999149,20.000,20.000,729600,729600,1728000,schedutil,306000000,306000000,1020000000,nvhost_podgov,0,3,,47187,48375,48125,47875,47468,48375,4856,596,1433,0.399,19.273,7.680
4165694532714,50000014,20.000,20.000,729600,729600,1728000,schedutil,306000000,306000000,1020000000,nvhost_podgov,0,3,,47281,48343,48250,47781,47562,48343,4856,596,1433,0.362,19.290,6.850
4165744537271,50004557,19.998,20.000,729600,729600,1728000,schedutil,306000000,306000000,1020000000,nvhost_podgov,0,3,,47062,48281,48218,47781,47531,48500,4856,596,1433,0.347,19.288,6.710
4165794542085,50004814,19.998,20.000,729600,729600,1728000,schedutil,306000000,306000000,1020000000,nvhost_podgov,0,3,,47062,48406,48312,47625,47562,48625,4856,596,1433,0.356,19.288,6.870
4165844541618,49999533,20.000,20.000,729600,729600,1728000,schedutil,306000000,306000000,1020000000,nvhost_podgov,0,3,,47062,48375,48343,47781,47468,48375,4856,596,1433,0.355,19.293,6.630
4165894533088,49991470,20.003,20.000,729600,729600,1728000,schedutil,306000000,306000000,1020000000,nvhost_podgov,0,3,,47156,48531,48187,47656,47500,48531,4896,596,1433,0.346,19.289,6.680
4165944521133,49988045,20.005,20.000,729600,729600,1728000,schedutil,306000000,306000000,1020000000,nvhost_podgov,0,3,,47343,48375,48250,47718,47593,48375,4856,596,1433,0.347,19.288,6.710
4165994537051,50015918,19.994,20.000,729600,729600,1728000,schedutil,306000000,306000000,1020000000,nvhost_podgov,0,3,,47218,48468,48156,47656,47375,48468,4856,596,1433,0.352,19.290,6.550
4166044534088,49997037,20.001,20.000,729600,729600,1728000,schedutil,306000000,306000000,1020000000,nvhost_podgov,0,3,,47093,48531,48312,47781,47562,48531,4856,596,1433,0.343,19.279,6.600
4166094539702,50005614,19.998,20.000,729600,729600,1728000,schedutil,306000000,306000000,1020000000,nvhost_podgov,0,3,,47125,48437,48187,47843,47562,48437,4856,596,1433,0.354,19.282,6.820
4166144540611,50000909,20.000,20.000,729600,729600,1728000,schedutil,306000000,306000000,1020000000,nvhost_podgov,0,3,,47218,48500,48250,47625,47500,48500,4856,596,1433,0.356,19.288,6.440
4166194535089,49994478,20.002,20.000,729600,729600,1728000,schedutil,306000000,306000000,1020000000,nvhost_podgov,0,3,,47156,48625,48187,47718,47500,48625,4856,596,1433,0.343,19.284,6.600
4166244531262,49996173,20.002,20.000,729600,729600,1728000,schedutil,306000000,306000000,1020000000,nvhost_podgov,0,3,,47281,48375,48281,47625,47531,48375,4856,596,1433,0.345,19.293,6.660
4166294519723,49988461,20.005,20.000,729600,729600,1728000,schedutil,306000000,306000000,1020000000,nvhost_podgov,0,3,,47187,48406,48281,47718,47562,48406,4856,596,1433,0.356,19.276,6.860
4166344541241,50021518,19.991,20.000,729600,729600,1728000,schedutil,306000000,306000000,1020000000,nvhost_podgov,0,3,,47125,48656,48187,47625,47562,48656,4896,596,1433,0.338,19.286,6.520
4166394537927,49996686,20.001,20.000,729600,729600,1728000,schedutil,306000000,306000000,1020000000,nvhost_podgov,0,3,,47156,48437,48312,47656,47562,48312,4896,596,1433,0.361,19.291,6.960
4166444541460,50003533,19.999,20.000,729600,729600,1728000,schedutil,306000000,306000000,1020000000,nvhost_podgov,0,3,,47156,48468,48218,47687,47531,48468,4896,596,1433,0.338,19.288,6.520
4166494539874,49998414,20.001,20.000,729600,729600,1728000,schedutil,306000000,306000000,1020000000,nvhost_podgov,0,3,,47375,48656,48218,47750,47562,48656,4856,596,1433,0.344,19.288,6.630
4166544535183,49995309,20.002,20.000,729600,729600,1728000,schedutil,306000000,306000000,1020000000,nvhost_podgov,0,3,,47062,48406,48156,47656,47500,48312,4856,596,1433,0.356,19.284,6.960
4166594539708,50004525,19.998,20.000,729600,729600,1728000,schedutil,306000000,306000000,1020000000,nvhost_podgov,0,3,,47156,48531,48187,47687,47562,48531,4856,596,1433,0.359,19.286,6.580
4166644536170,49996462,20.001,20.000,729600,729600,1728000,schedutil,306000000,306000000,1020000000,nvhost_podgov,0,3,,47062,48687,48343,47781,47531,48687,4856,596,1433,0.350,19.288,6.750
4166694530391,49994221,20.002,20.000,729600,729600,1728000,schedutil,306000000,306000000,1020000000,nvhost_podgov,0,3,,47187,48375,48156,47718,47500,48375,4856,596,1433,0.352,19.290,6.600
4166744534821,50004430,19.998,20.000,729600,729600,1728000,schedutil,306000000,306000000,1020000000,nvhost_podgov,0,3,,47062,48500,48375,47718,47562,48500,4896,596,1433,0.340,19.288,6.550
4166794524562,49989741,20.004,20.000,729600,729600,1728000,schedutil,306000000,306000000,1020000000,nvhost_podgov,0,3,,47156,48312,48156,47625,47468,48312,4896,596,1433,0.381,19.285,7.350
4166844543584,50019022,19.992,20.000,729600,729600,1728000,schedutil,306000000,306000000,1020000000,nvhost_podgov,0,3,,47156,48281,48281,47718,47562,48281,4896,596,1433,0.366,19.290,6.580
4166894534925,49991341,20.003,20.000,729600,729600,1728000,schedutil,306000000,306000000,1020000000,nvhost_podgov,0,3,,47125,48531,48156,47812,47500,48531,4896,596,1433,0.341,19.285,6.580
4166944531387,49996462,20.001,20.000,729600,729600,1728000,schedutil,306000000,306000000,1020000000,nvhost_podgov,0,3,,47187,48312,48218,47687,47562,48312,4896,597,1433,0.356,19.284,6.870
4166994541768,50010381,19.996,20.000,729600,729600,1728000,schedutil,306000000,306000000,1020000000,nvhost_podgov,0,3,,47125,48406,48187,47718,47500,48406,4896,597,1433,0.359,19.290,6.600
4167044530069,49988301,20.005,20.000,729600,729600,1728000,schedutil,306000000,306000000,1020000000,nvhost_podgov,0,3,,47312,48625,48187,47718,47562,48625,4896,597,1433,0.390,19.282,7.530
4167094540931,50010862,19.996,20.000,729600,729600,1728000,schedutil,306000000,306000000,1020000000,nvhost_podgov,0,3,,47062,48281,48281,47781,47562,48281,4896,597,1433,0.355,19.284,6.850
4167144540913,49999982,20.000,20.000,729600,729600,1728000,schedutil,306000000,306000000,1020000000,nvhost_podgov,0,3,,47125,48281,48250,47656,47531,48281,4896,596,1433,0.357,19.290,6.680
4167194539358,49998445,20.001,20.000,729600,729600,1728000,schedutil,306000000,306000000,1020000000,nvhost_podgov,0,3,,47250,48593,48343,47687,47562,48593,4896,596,1433,0.343,19.285,6.600
4167244543084,50003726,19.999,20.000,729600,729600,1728000,schedutil,306000000,306000000,1020000000,nvhost_podgov,0,3,,47187,48312,48187,47687,47562,48312,4896,596,1433,0.356,19.285,6.870
4167294534841,49991757,20.003,20.000,729600,729600,1728000,schedutil,306000000,306000000,1020000000,nvhost_podgov,0,3,,47343,48375,48218,47593,47531,48375,4896,596,1433,0.415,19.277,8.000
4167344535942,50001101,20.000,20.000,729600,729600,1728000,schedutil,306000000,306000000,1020000000,nvhost_podgov,0,3,,47125,48687,48187,47875,47531,48312,4936,635,1433,0.347,19.284,6.710
4167394526196,49990254,20.004,20.000,729600,729600,1728000,schedutil,306000000,306000000,1020000000,nvhost_podgov,0,3,,47187,48312,48187,47687,47500,48312,4976,675,1433,0.351,19.290,6.770
4167444540801,50014605,19.994,20.000,729600,729600,1728000,schedutil,306000000,306000000,1020000000,nvhost_podgov,0,3,,47062,48312,48343,47781,47562,48343,4976,635,1433,0.361,19.286,6.680
4167494532047,49991246,20.004,20.000,729600,729600,1728000,schedutil,306000000,306000000,1020000000,nvhost_podgov,0,3,,47218,48312,48218,47687,47531,48500,4936,636,1433,0.341,19.285,6.580
4167544540380,50008333,19.997,20.000,729600,729600,1728000,schedutil,306000000,306000000,1020000000,nvhost_podgov,0,3,,47093,48343,48375,47687,47562,48375,4936,636,1433,0.364,19.280,7.010
4167594542218,50001838,19.999,20.000,729600,729600,1728000,schedutil,306000000,306000000,1020000000,nvhost_podgov,0,3,,47250,48312,48187,47718,47531,48312,4936,635,1433,0.350,19.289,6.630
4167644535319,49993101,20.003,20.000,729600,729600,1728000,schedutil,306000000,306000000,1020000000,nvhost_podgov,0,3,,47187,48343,48250,47750,47562,48343,4936,635,1433,0.355,19.288,6.850
4167694542117,50006798,19.997,20.000,729600,729600,1728000,schedutil,306000000,306000000,1020000000,nvhost_podgov,0,3,,47156,48312,48187,47781,47531,48312,4936,635,1433,0.354,19.290,6.580
4167744520850,49978733,20.009,20.000,729600,729600,1728000,schedutil,306000000,306000000,1020000000,nvhost_podgov,0,3,,47281,48343,48281,47656,47500,48343,4936,635,1433,0.341,19.288,6.580
4167794541663,50020813,19.992,20.000,729600,729600,1728000,schedutil,306000000,306000000,1020000000,nvhost_podgov,0,3,,47156,48406,48156,47781,47531,48406,4936,635,1433,0.378,19.284,7.280
4167844547021,50005358,19.998,20.000,729600,729600,1728000,schedutil,306000000,306000000,1020000000,nvhost_podgov,0,3,,47343,48312,48187,47718,47562,48312,4936,635,1433,0.355,19.289,6.580
4167894543898,49996877,20.001,20.000,729600,729600,1728000,schedutil,306000000,306000000,1020000000,nvhost_podgov,0,3,,47062,48343,48406,47781,47562,48406,4896,635,1433,0.370,19.279,7.130
4167944541416,49997518,20.001,20.000,729600,729600,1728000,schedutil,306000000,306000000,1020000000,nvhost_podgov,0,3,,47156,48406,48187,47656,47562,48406,4896,635,1433,0.374,19.280,7.210
4167994521941,49980525,20.008,20.000,729600,729600,1728000,schedutil,306000000,306000000,1020000000,nvhost_podgov,0,3,,47250,48343,48281,47781,47562,48343,4896,596,1433,0.375,19.288,7.010
4168044532706,50010765,19.996,20.000,729600,729600,1728000,schedutil,306000000,306000000,1020000000,nvhost_podgov,0,3,,47187,48312,48218,47656,47562,48312,4896,596,1433,0.385,19.282,7.090
4168094537328,50004622,19.998,20.000,729600,729600,1728000,schedutil,306000000,306000000,1020000000,nvhost_podgov,0,3,,47062,48375,48312,47750,47562,48375,4896,596,1433,0.371,19.280,7.160
4168144539485,50002157,19.999,20.000,729600,729600,1728000,schedutil,306000000,306000000,1020000000,nvhost_podgov,0,3,,47062,48312,48187,47781,47500,48531,4896,596,1433,0.384,19.285,6.920
4168194540107,50000622,20.000,20.000,729600,729600,1728000,schedutil,306000000,306000000,1020000000,nvhost_podgov,0,3,,47187,48312,48218,47781,47531,48312,4896,596,1433,0.417,19.271,8.050
4168244541208,50001101,20.000,20.000,729600,729600,1728000,schedutil,306000000,306000000,1020000000,nvhost_podgov,0,3,,47062,48468,48125,47812,47562,48468,4896,596,1433,0.362,19.282,6.990
4168294530629,49989421,20.004,20.000,729600,729600,1728000,schedutil,306000000,306000000,1020000000,nvhost_podgov,0,3,,47281,48406,48156,47656,47562,48531,4896,596,1433,0.351,19.293,6.820
4168344544531,50013902,19.994,20.000,729600,729600,1728000,schedutil,306000000,306000000,1020000000,nvhost_podgov,0,3,,47125,48437,48312,47781,47531,48437,4896,635,1433,0.338,19.288,6.520
4168394534464,49989933,20.004,20.000,729600,729600,1728000,schedutil,306000000,306000000,1020000000,nvhost_podgov,0,3,,47343,48468,48156,47687,47593,48468,4936,635,1433,0.355,19.285,6.850
4168444542030,50007566,19.997,20.000,729600,729600,1728000,schedutil,306000000,306000000,1020000000,nvhost_podgov,0,3,,47156,48343,48312,47812,47562,48562,4936,635,1433,0.352,19.288,6.630
4168494529179,49987149,20.005,20.000,729600,729600,1728000,schedutil,306000000,306000000,1020000000,nvhost_podgov,0,3,,47156,48406,48281,47781,47562,48406,4896,635,1433,0.340,19.285,6.550
4168544537577,50008398,19.997,20.000,729600,729600,1728000,schedutil,306000000,306000000,1020000000,nvhost_podgov,0,3,,47281,48468,48312,47750,47500,48468,4896,635,1433,0.354,19.285,6.820
4168594537462,49999885,20.000,20.000,729600,729600,1728000,schedutil,306000000,306000000,1020000000,nvhost_podgov,0,3,,47187,48625,48125,47875,47531,48625,4896,635,1433,0.359,19.289,6.460
4168644537667,50000205,20.000,20.000,729600,729600,1728000,schedutil,306000000,306000000,1020000000,nvhost_podgov,0,3,,47125,48375,48187,47781,47531,48375,4896,635,1433,0.343,19.284,6.600
4168694538193,50000526,20.000,20.000,729600,729600,1728000,schedutil,306000000,306000000,1020000000,nvhost_podgov,0,3,,47125,48468,48218,47750,47500,48468,4896,596,1433,0.352,19.293,6.800
4168744529822,49991629,20.003,20.000,729600,729600,1728000,schedutil,306000000,306000000,1020000000,nvhost_podgov,0,3,,47156,48625,48125,47687,47500,48625,4896,596,1433,0.369,19.285,7.120
4168794547276,50017454,19.993,20.000,729600,729600,1728000,schedutil,306000000,306000000,1020000000,nvhost_podgov,0,3,,47156,48437,48281,47812,47562,48437,4896,596,1433,0.350,19.285,6.750
4168844534457,49987181,20.005,20.000,729600,729600,1728000,schedutil,306000000,306000000,1020000000,nvhost_podgov,0,3,,47218,48562,48250,47656,47562,48562,4896,596,1433,0.354,19.291,6.580
4168894531878,49997421,20.001,20.000,729600,729600,1728000,schedutil,306000000,306000000,1020000000,nvhost_podgov,0,3,,47093,48718,48281,47750,47562,48718,4896,597,1433,0.333,19.285,6.410
4168944528500,49996622,20.001,20.000,729600,729600,1728000,schedutil,306000000,306000000,1020000000,nvhost_podgov,0,3,,47062,48468,48187,47687,47531,48468,4896,596,1433,0.346,19.290,6.680
4168994535937,50007437,19.997,20.000,729600,729600,1728000,schedutil,306000000,306000000,1020000000,nvhost_podgov,0,3,,47187,48562,48250,47687,47562,48562,4896,597,1433,0.357,19.286,6.870
4169044543855,50007918,19.997,20.000,729600,729600,1728000,schedutil,306000000,306000000,1020000000,nvhost_podgov,0,3,,47093,48250,48156,47875,47531,48250,4896,597,1433,0.341,19.286,6.580
4169094545116,50001261,19.999,20.000,729600,729600,1728000,schedutil,306000000,306000000,1020000000,nvhost_podgov,0,3,,47312,48468,48187,47781,47562,48218,4896,597,1433,0.354,19.288,6.660
4169144533545,49988429,20.005,20.000,729600,729600,1728000,schedutil,306000000,306000000,1020000000,nvhost_podgov,0,3,,47062,48562,48156,47781,47562,48562,4896,596,1433,0.352,19.286,6.390
4169194521239,49987694,20.005,20.000,729600,729600,1728000,schedutil,306000000,306000000,1020000000,nvhost_podgov,0,3,,47187,48312,48187,47718,47500,48312,4856,597,1433,0.344,19.285,6.630
4169244534116,50012877,19.995,20.000,729600,729600,1728000,schedutil,306000000,306000000,1020000000,nvhost_podgov,0,3,,47218,48406,48281,47718,47531,48312,4856,597,1433,0.365,19.288,7.040
4169294539922,50005806,19.998,20.000,729600,729600,1728000,schedutil,306000000,306000000,1020000000,nvhost_podgov,0,3,,47250,48562,48250,47750,47593,48312,4856,597,1433,0.351,19.288,6.990
4169344544511,50004589,19.998,20.000,729600,729600,1728000,schedutil,306000000,306000000,1020000000,nvhost_podgov,0,3,,47375,48281,48312,47781,47562,48312,4896,596,1433,0.359,19.285,6.920
4169394538220,49993709,20.003,20.000,729600,729600,1728000,schedutil,306000000,306000000,1020000000,nvhost_podgov,0,3,,47156,48250,48187,47718,47593,48250,4896,597,1433,0.350,19.285,6.750
4169444533402,49995182,20.002,20.000,729600,729600,1728000,schedutil,306000000,306000000,1020000000,nvhost_podgov,0,3,,47156,48656,48218,47718,47562,48656,4896,597,1433,0.354,19.288,6.550
4169494537799,50004397,19.998,20.000,729600,729600,1728000,schedutil,306000000,306000000,1020000000,nvhost_podgov,0,3,,47125,48250,48218,47812,47531,48250,4896,597,1433,0.351,19.286,6.770
4169544534804,49997005,20.001,20.000,729600,729600,1728000,schedutil,306000000,306000000,1020000000,nvhost_podgov,0,3,,47187,48312,48218,47718,47562,48312,4896,597,1433,0.355,19.290,6.850
4169594537026,50002222,19.999,20.000,729600,729600,1728000,schedutil,306000000,306000000,1020000000,nvhost_podgov,0,3,,47156,48687,48343,47781,47468,48687,4896,596,1433,0.354,19.288,6.580
4169644538415,50001389,19.999,20.000,729600,729600,1728000,schedutil,306000000,306000000,1020000000,nvhost_podgov,0,3,,47250,48250,48281,47718,47562,48281,4896,596,1433,0.346,19.289,6.680
4169694531388,49992973,20.003,20.000,729600,729600,1728000,schedutil,306000000,306000000,1020000000,nvhost_podgov,0,3,,47093,48312,48281,47781,47468,48312,4896,597,1433,0.355,19.289,6.850
4169744534602,50003214,19.999,20.000,729600,729600,1728000,schedutil,306000000,306000000,1020000000,nvhost_podgov,0,3,,47125,48281,48125,47687,47531,48281,4896,596,1433,0.367,19.286,7.090
4169794521303,49986701,20.005,20.000,729600,729600,1728000,schedutil,306000000,306000000,1020000000,nvhost_podgov,0,3,,47250,48250,48187,47687,47593,48312,4896,596,1433,0.344,19.285,6.630
4169844531717,50010414,19.996,20.000,729600,729600,1728000,schedutil,306000000,306000000,1020000000,nvhost_podgov,0,3,,47156,48343,48156,47656,47562,48343,4896,597,1433,0.350,19.291,6.750
4169894541778,50010061,19.996,20.000,729600,729600,1728000,schedutil,306000000,306000000,1020000000,nvhost_podgov,0,3,,47312,48250,48281,47687,47562,48343,4896,596,1433,0.341,19.286,6.580
4169944535359,49993581,20.003,20.000,729600,729600,1728000,schedutil,306000000,306000000,1020000000,nvhost_podgov,0,3,,47125,48312,48250,47781,47531,48312,4896,597,1433,0.345,19.286,6.660
4169994521580,49986221,20.006,20.000,729600,729600,1728000,schedutil,306000000,306000000,1020000000,nvhost_podgov,0,3,,47187,48312,48281,47781,47500,48312,4896,596,1433,0.350,19.289,6.680
4170044520250,49998670,20.001,20.000,729600,729600,1728000,schedutil,306000000,306000000,1020000000,nvhost_podgov,0,3,,47062,48437,48312,47781,47562,48437,4896,596,1433,0.376,19.281,6.500
4170094534471,50014221,19.994,20.000,729600,729600,1728000,schedutil,306000000,306000000,1020000000,nvhost_podgov,0,3,,47187,48281,48156,47687,47562,48281,4856,597,1433,0.351,19.288,6.770
4170144540501,50006030,19.998,20.000,729600,729600,1728000,schedutil,306000000,306000000,1020000000,nvhost_podgov,0,3,,47062,48406,48312,47781,47531,48406,4856,596,1433,0.351,19.289,6.530
4170194540258,49999757,20.000,20.000,729600,729600,1728000,schedutil,306000000,306000000,1020000000,nvhost_podgov,0,3,,47187,48375,48156,47687,47500,48375,4856,597,1433,0.340,19.277,6.550
4170244532144,49991886,20.003,20.000,729600,729600,1728000,schedutil,306000000,306000000,1020000000,nvhost_podgov,0,3,,47062,48375,48218,47781,47562,48375,4856,597,1433,0.364,19.279,7.010
4170294516381,49984237,20.006,20.000,729600,729600,1728000,schedutil,306000000,306000000,1020000000,nvhost_podgov,0,3,,47062,48375,48125,47875,47531,48375,4856,597,1433,0.405,19.276,7.260
4170344533738,50017357,19.993,20.000,729600,729600,1728000,schedutil,306000000,306000000,1020000000,nvhost_podgov,0,3,,47250,48437,48250,47750,47562,48437,4856,597,1433,0.360,19.280,6.940
4170394539192,50005454,19.998,20.000,729600,729600,1728000,schedutil,306000000,306000000,1020000000,nvhost_podgov,0,3,,47125,48343,48406,47812,47531,48343,4896,596,1433,0.372,19.281,7.180
4170444539973,50000781,20.000,20.000,729600,729600,1728000,schedutil,306000000,306000000,1020000000,nvhost_podgov,0,3,,47406,48375,48156,47656,47593,48375,4896,596,1433,0.376,19.285,7.010
4170494540850,50000877,20.000,20.000,729600,729600,1728000,schedutil,306000000,306000000,1020000000,nvhost_podgov,0,3,,47062,48437,48312,47750,47531,48437,4896,597,1433,0.364,19.282,7.010
4170544548160,50007310,19.997,20.000,729600,729600,1728000,schedutil,306000000,306000000,1020000000,nvhost_podgov,0,3,,47125,48312,48125,47625,47500,48312,4896,597,1433,0.381,19.276,7.350
4170594549613,50001453,19.999,20.000,729600,729600,1728000,schedutil,306000000,306000000,1020000000,nvhost_podgov,0,3,,47250,48375,48375,47750,47562,48375,4896,596,1433,0.372,19.282,6.960
4170644541722,49992109,20.003,20.000,729600,729600,1728000,schedutil,306000000,306000000,1020000000,nvhost_podgov,0,3,,47218,48531,48156,47687,47500,48531,4896,636,1433,0.361,19.280,6.960
4170694543912,50002190,19.999,20.000,729600,729600,1728000,schedutil,306000000,306000000,1020000000,nvhost_podgov,0,3,,47437,48312,48281,47750,47500,48687,4896,596,1433,0.400,19.273,7.710
4170744527157,49983245,20.007,20.000,729600,729600,1728000,schedutil,306000000,306000000,1020000000,nvhost_podgov,0,3,,47062,48375,48187,47843,47500,48375,4896,596,1433,0.364,19.285,6.660
4170794520514,49993357,20.003,20.000,729600,729600,1728000,schedutil,306000000,306000000,1020000000,nvhost_podgov,0,3,,47187,48437,48250,47656,47562,48437,4896,596,1433,0.375,19.271,7.230
4170844541936,50021422,19.991,20.000,729600,729600,1728000,schedutil,306000000,306000000,1020000000,nvhost_podgov,0,3,,47093,48343,48281,47781,47500,48593,4896,596,1433,0.355,19.289,6.850
4170894530685,49988749,20.005,20.000,729600,729600,1728000,schedutil,306000000,306000000,1020000000,nvhost_podgov,0,3,,47218,48312,48218,47687,47531,48312,4896,596,1433,0.361,19.289,6.580
4170944545515,50014830,19.994,20.000,729600,729600,1728000,schedutil,306000000,306000000,1020000000,nvhost_podgov,0,3,,47062,48531,48250,47781,47562,48531,4896,596,1433,0.341,19.284,6.580
4170994541880,49996365,20.001,20.000,729600,729600,1728000,schedutil,306000000,306000000,1020000000,nvhost_podgov,0,3,,47093,48437,48156,47687,47531,48656,4896,597,1433,0.355,19.289,6.580
4171044541157,49999277,20.000,20.000,729600,729600,1728000,schedutil,306000000,306000000,1020000000,nvhost_podgov,0,3,,47218,48375,48281,47718,47593,48375,4896,597,1433,0.372,19.284,7.180
4171094522578,49981421,20.007,20.000,729600,729600,1728000,schedutil,306000000,306000000,1020000000,nvhost_podgov,0,3,,47156,48593,48187,47781,47468,48593,4896,596,1433,0.347,19.288,6.710
4171144539200,50016622,19.993,20.000,729600,729600,1728000,schedutil,306000000,306000000,1020000000,nvhost_podgov,0,3,,47281,48687,48312,47687,47531,48687,4896,596,1433,0.355,19.293,6.710
4171194541325,50002125,19.999,20.000,729600,729600,1728000,schedutil,306000000,306000000,1020000000,nvhost_podgov,0,3,,47093,48406,48156,47812,47562,48406,4896,596,1433,0.344,19.289,6.630
4171244543802,50002477,19.999,20.000,729600,729600,1728000,schedutil,306000000,306000000,1020000000,nvhost_podgov,0,3,,47312,48593,48187,47656,47562,48593,4896,596,1433,0.350,19.286,6.750
4171294519335,49975533,20.010,20.000,729600,729600,1728000,schedutil,306000000,306000000,1020000000,nvhost_podgov,0,3,,47062,48312,48437,47750,47562,48437,4896,596,1433,0.394,19.281,6.690
4171344539477,50020142,19.992,20.000,729600,729600,1728000,schedutil,306000000,306000000,1020000000,nvhost_podgov,0,3,,47156,48437,48250,47718,47562,48437,4896,596,1433,0.345,19.288,6.660
4171394536066,49996589,20.001,20.000,729600,729600,1728000,schedutil,306000000,306000000,1020000000,nvhost_podgov,0,3,,47281,48593,48281,47718,47625,48593,4896,596,1433,0.344,19.286,6.630
4171444541456,50005390,19.998,20.000,729600,729600,1728000,schedutil,306000000,306000000,1020000000,nvhost_podgov,0,3,,47218,48375,48156,47781,47531,48375,4896,596,1433,0.365,19.289,6.600
4171494532317,49990861,20.004,20.000,729600,729600,1728000,schedutil,306000000,306000000,1020000000,nvhost_podgov,0,3,,47093,48468,48312,47718,47562,48468,4896,597,1433,0.343,19.286,6.600
4171544521098,49988781,20.004,20.000,729600,729600,1728000,schedutil,306000000,306000000,1020000000,nvhost_podgov,0,3,,47093,48531,48156,47875,47468,48531,4896,597,1433,0.388,19.284,6.710
4171594535799,50014701,19.994,20.000,729600,729600,1728000,schedutil,306000000,306000000,1020000000,nvhost_podgov,0,3,,47156,48312,48312,47656,47562,48312,4896,596,1433,0.355,19.290,6.630
4171644534725,49998926,20.000,20.000,729600,729600,1728000,schedutil,306000000,306000000,1020000000,nvhost_podgov,0,3,,47093,48468,48125,47781,47468,48281,4896,596,1433,0.344,19.288,6.630
4171694544914,50010189,19.996,20.000,729600,729600,1728000,schedutil,306000000,306000000,1020000000,nvhost_podgov,0,3,,47250,48656,48250,47625,47562,48656,4856,596,1433,0.352,19.282,6.800
4171744538463,49993549,20.003,20.000,729600,729600,1728000,schedutil,306000000,306000000,1020000000,nvhost_podgov,0,3,,47156,48218,48437,47750,47531,48437,4896,596,1433,0.354,19.288,6.580
4171794531693,49993230,20.003,20.000,729600,729600,1728000,schedutil,306000000,306000000,1020000000,nvhost_podgov,0,3,,47125,48562,48156,47718,47468,48312,4896,596,1433,0.357,19.279,6.890
4171844537306,50005613,19.998,20.000,729600,729600,1728000,schedutil,306000000,306000000,1020000000,nvhost_podgov,0,3,,47250,48687,48281,47656,47562,48687,4896,596,1433,0.352,19.288,6.800
4171894537639,50000333,20.000,20.000,729600,729600,1728000,schedutil,306000000,306000000,1020000000,nvhost_podgov,0,3,,47187,48281,48250,47875,47531,48281,4896,596,1433,0.354,19.286,6.580
4171944544981,50007342,19.997,20.000,729600,729600,1728000,schedutil,306000000,306000000,1020000000,nvhost_podgov,0,3,,47312,48312,48218,47750,47562,48312,4896,596,1433,0.344,19.286,6.630
4171994545250,50000269,20.000,20.000,729600,729600,1728000,schedutil,306000000,306000000,1020000000,nvhost_podgov,0,3,,47093,48312,48125,47781,47531,48312,4896,597,1433,0.356,19.291,6.870
4172044543631,49998381,20.001,20.000,729600,729600,1728000,schedutil,306000000,306000000,1020000000,nvhost_podgov,0,3,,47093,48312,48250,47656,47593,48312,4896,597,1433,0.386,19.285,7.450
4172094532412,49988781,20.004,20.000,729600,729600,1728000,schedutil,306000000,306000000,1020000000,nvhost_podgov,0,3,,47156,48375,48187,47781,47468,48375,4856,596,1433,0.349,19.285,6.720
4172144534410,50001998,19.999,20.000,729600,729600,1728000,schedutil,306000000,306000000,1020000000,nvhost_podgov,0,3,,47218,48312,48218,47687,47562,48312,4856,596,1433,0.350,19.288,6.490
4172194541207,50006797,19.997,20.000,729600,729600,1728000,schedutil,306000000,306000000,1020000000,nvhost_podgov,0,3,,47406,48312,48250,47750,47531,48312,4856,596,1433,0.345,19.285,6.660
4172244538116,49996909,20.001,20.000,729600,729600,1728000,schedutil,306000000,306000000,1020000000,nvhost_podgov,0,3,,47250,48375,48218,47625,47531,48375,4856,596,1433,0.350,19.286,6.750
4172294533394,49995278,20.002,20.000,729600,729600,1728000,schedutil,306000000,306000000,1020000000,nvhost_podgov,0,3,,47343,48343,48281,47750,47562,48343,4856,596,1433,0.411,19.273,8.090
4172344534047,50000653,20.000,20.000,729600,729600,1728000,schedutil,306000000,306000000,1020000000,nvhost_podgov,0,3,,47187,48343,48156,47812,47562,48343,4896,635,1433,0.346,19.286,6.680
4172394521708,49987661,20.005,20.000,729600,729600,1728000,schedutil,306000000,306000000,1020000000,nvhost_podgov,0,3,,47250,48375,48312,47718,47468,48375,4976,675,1433,0.346,19.288,6.680
4172444538874,50017166,19.993,20.000,729600,729600,1728000,schedutil,306000000,306000000,1020000000,nvhost_podgov,0,3,,47156,48312,48250,47781,47531,48531,4936,635,1433,0.356,19.290,6.460
4172494541639,50002765,19.999,20.000,729600,729600,1728000,schedutil,306000000,306000000,1020000000,nvhost_podgov,0,3,,47375,48312,48156,47718,47500,48312,4936,635,1433,0.346,19.290,6.680
4172544534484,49992845,20.003,20.000,729600,729600,1728000,schedutil,306000000,306000000,1020000000,nvhost_podgov,0,3,,47062,48312,48125,47750,47500,48312,4936,635,1433,0.360,19.285,6.940
4172594540641,50006157,19.998,20.000,729600,729600,1728000,schedutil,306000000,306000000,1020000000,nvhost_podgov,0,3,,47156,48531,48218,47687,47562,48531,4936,635,1433,0.350,19.288,6.750
4172644539823,49999182,20.000,20.000,729600,729600,1728000,schedutil,306000000,306000000,1020000000,nvhost_podgov,0,3,,47343,48343,48312,47781,47562,48343,4936,635,1433,0.340,19.284,6.550
4172694520092,49980269,20.008,20.000,729600,729600,1728000,schedutil,306000000,306000000,1020000000,nvhost_podgov,0,3,,47125,48437,48218,47687,47562,48437,4936,635,1433,0.352,19.288,6.800
4172744516233,49996141,20.002,20.000,729600,729600,1728000,schedutil,306000000,306000000,1020000000,nvhost_podgov,0,3,,47312,48312,48218,47750,47562,48500,4896,635,1433,0.384,19.284,7.070
4172794530166,50013933,19.994,20.000,729600,729600,1728000,schedutil,306000000,306000000,1020000000,nvhost_podgov,0,3,,47093,48343,48156,47781,47531,48343,4896,635,1433,0.420,19.285,8.100
4172844531780,50001614,19.999,20.000,729600,729600,1728000,schedutil,306000000,306000000,1020000000,nvhost_podgov,0,3,,47125,48375,48187,47781,47562,48375,4896,635,1433,0.383,19.279,7.370
4172894538801,50007021,19.997,20.000,729600,729600,1728000,schedutil,306000000,306000000,1020000000,nvhost_podgov,0,3,,47093,48437,48187,47812,47562,48437,4896,635,1433,0.398,19.277,7.510
4172944541214,50002413,19.999,20.000,729600,729600,1728000,schedutil,306000000,306000000,1020000000,nvhost_podgov,0,3,,47250,48437,48250,47687,47593,48437,4896,635,1433,0.361,19.280,6.960
4172994536332,49995118,20.002,20.000,729600,729600,1728000,schedutil,306000000,306000000,1020000000,nvhost_podgov,0,3,,47062,48437,48343,47750,47562,48437,4896,635,1433,0.362,19.284,6.990
4173044517272,49980940,20.008,20.000,729600,729600,1728000,schedutil,306000000,306000000,1020000000,nvhost_podgov,0,3,,47312,48500,48218,47687,47593,48500,4896,635,1433,0.394,19.277,7.590
4173094529638,50012366,19.995,20.000,729600,729600,1728000,schedutil,306000000,306000000,1020000000,nvhost_podgov,0,3,,47156,48375,48281,47750,47562,48593,4896,596,1433,0.372,19.277,7.180
4173144542643,50013005,19.995,20.000,729600,729600,1728000,schedutil,306000000,306000000,1020000000,nvhost_podgov,0,3,,47156,48343,48156,47718,47468,48343,4896,596,1433,0.369,19.277,7.100
4173194532737,49990094,20.004,20.000,729600,729600,1728000,schedutil,306000000,306000000,1020000000,nvhost_podgov,0,3,,47281,48531,48218,47750,47562,48531,4896,635,1433,0.362,19.285,6.990
4173244528462,49995725,20.002,20.000,729600,729600,1728000,schedutil,306000000,306000000,1020000000,nvhost_podgov,0,3,,47125,48375,48125,47812,47531,48375,4896,635,1433,0.360,19.279,6.940
4173294519131,49990669,20.004,20.000,729600,729600,1728000,schedutil,306000000,306000000,1020000000,nvhost_podgov,0,3,,47312,48562,48218,47750,47562,48562,4896,635,1433,0.443,19.274,8.520
4173344544489,50025358,19.990,20.000,729600,729600,1728000,schedutil,306000000,306000000,1020000000,nvhost_podgov,0,3,,47250,48531,48312,47781,47562,48531,4896,596,1433,0.346,19.277,6.670
4173394529174,49984685,20.006,20.000,729600,729600,1728000,schedutil,306000000,306000000,1020000000,nvhost_podgov,0,3,,47156,48437,48218,47781,47562,48656,4936,635,1433,0.349,19.289,6.730
4173444528067,49998893,20.000,20.000,729600,729600,1728000,schedutil,306000000,306000000,1020000000,nvhost_podgov,0,3,,47281,48468,48343,47781,47593,48468,4936,635,1433,0.356,19.291,6.490
4173494525072,49997005,20.001,20.000,729600,729600,1728000,schedutil,306000000,306000000,1020000000,nvhost_podgov,0,3,,47218,48562,48093,47718,47562,48562,4896,635,1433,0.341,19.288,6.580
4173544532477,50007405,19.997,20.000,729600,729600,1728000,schedutil,306000000,306000000,1020000000,nvhost_podgov,0,3,,47406,48437,48281,47750,47562,48406,4896,635,1433,0.370,19.285,7.130
4173594532203,49999726,20.000,20.000,729600,729600,1728000,schedutil,306000000,306000000,1020000000,nvhost_podgov,0,3,,47218,48500,48187,47687,47531,48500,4896,635,1433,0.362,19.291,6.580
4173644542072,50009869,19.996,20.000,729600,729600,1728000,schedutil,306000000,306000000,1020000000,nvhost_podgov,0,3,,47156,48562,48312,47718,47625,48562,4896,635,1433,0.343,19.286,6.600
4173694529317,49987245,20.005,20.000,729600,729600,1728000,schedutil,306000000,306000000,1020000000,nvhost_podgov,0,3,,47125,48281,48187,47843,47531,48281,4896,635,1433,0.350,19.284,6.750
4173744534610,50005293,19.998,20.000,729600,729600,1728000,schedutil,306000000,306000000,1020000000,nvhost_podgov,0,3,,47312,48500,48250,47750,47562,48500,4896,635,1433,0.364,19.288,6.660
4173794521919,49987309,20.005,20.000,729600,729600,1728000,schedutil,306000000,306000000,1020000000,nvhost_podgov,0,3,,47187,48687,48343,47843,47562,48687,4896,635,1433,0.364,19.284,7.010
4173844533581,50011662,19.995,20.000,729600,729600,1728000,schedutil,306000000,306000000,1020000000,nvhost_podgov,0,3,,47250,48312,48187,47656,47562,48312,4896,636,1433,0.355,19.285,6.850
4173894534746,50001165,20.000,20.000,729600,729600,1728000,schedutil,306000000,306000000,1020000000,nvhost_podgov,0,3,,47218,48531,48375,47781,47531,48375,4896,635,1433,0.356,19.286,6.870
4173944531943,49997197,20.001,20.000,729600,729600,1728000,schedutil,306000000,306000000,1020000000,nvhost_podgov,0,3,,47093,48687,48250,47718,47531,48687,4896,596,1433,0.344,19.289,6.630
4173994540373,50008430,19.997,20.000,729600,729600,1728000,schedutil,306000000,306000000,1020000000,nvhost_podgov,0,3,,47281,48343,48187,47687,47562,48343,4896,596,1433,0.352,19.285,6.800
4174044520033,49979660,20.008,20.000,729600,729600,1728000,schedutil,306000000,306000000,1020000000,nvhost_podgov,0,3,,47093,48531,48125,47718,47562,48343,4896,596,1433,0.385,19.285,7.420
4174094535247,50015214,19.994,20.000,729600,729600,1728000,schedutil,306000000,306000000,1020000000,nvhost_podgov,0,3,,47375,48718,48187,47781,47593,48718,4896,596,1433,0.339,19.284,6.530
4174144538588,50003341,19.999,20.000,729600,729600,1728000,schedutil,306000000,306000000,1020000000,nvhost_podgov,0,3,,47093,48312,48437,47781,47562,48312,4896,596,1433,0.354,19.288,6.820
4174194534505,49995917,20.002,20.000,729600,729600,1728000,schedutil,306000000,306000000,1020000000,nvhost_podgov,0,3,,47156,48562,48187,47718,47500,48437,4896,596,1433,0.366,19.288,6.550
4174244526774,49992269,20.003,20.000,729600,729600,1728000,schedutil,306000000,306000000,1020000000,nvhost_podgov,0,3,,47125,48312,48250,47781,47500,48312,4896,596,1433,0.345,19.284,6.660
4174294523172,49996398,20.001,20.000,729600,729600,1728000,schedutil,306000000,306000000,1020000000,nvhost_podgov,0,3,,47281,48281,48250,47750,47531,48281,4896,596,1433,0.372,19.280,7.180
4174344526385,50003213,19.999,20.000,729600,729600,1728000,schedutil,306000000,306000000,1020000000,nvhost_podgov,0,3,,47093,48343,48375,47781,47468,48375,4896,596,1433,0.398,19.275,7.670
4174394540126,50013741,19.995,20.000,729600,729600,1728000,schedutil,306000000,306000000,1020000000,nvhost_podgov,0,3,,47125,48343,48093,47750,47593,48343,4896,635,1433,0.344,19.284,6.630
4174444537420,49997294,20.001,20.000,729600,729600,1728000,schedutil,306000000,306000000,1020000000,nvhost_podgov,0,3,,47156,48343,48218,47781,47562,48343,4896,635,1433,0.351,19.290,6.550
4174494533369,49995949,20.002,20.000,729600,729600,1728000,schedutil,306000000,306000000,1020000000,nvhost_podgov,0,3,,47156,48375,48187,47812,47531,48375,4896,596,1433,0.345,19.288,6.660
4174544530406,49997037,20.001,20.000,729600,729600,1728000,schedutil,306000000,306000000,1020000000,nvhost_podgov,0,3,,47250,48312,48281,47750,47562,48312,4896,596,1433,0.366,19.286,7.070
4174594531955,50001549,19.999,20.000,729600,729600,1728000,schedutil,306000000,306000000,1020000000,nvhost_podgov,0,3,,47093,48343,48312,47781,47593,48343,4896,596,1433,0.367,19.288,6.580
4174644526912,49994957,20.002,20.000,729600,729600,1728000,schedutil,306000000,306000000,1020000000,nvhost_podgov,0,3,,47375,48343,48218,47750,47562,48343,4896,596,1433,0.347,19.291,6.710
4174694529421,50002509,19.999,20.000,729600,729600,1728000,schedutil,306000000,306000000,1020000000,nvhost_podgov,0,3,,47093,48312,48312,47781,47562,48312,4896,596,1433,0.351,19.282,6.770
4174744536923,50007502,19.997,20.000,729600,729600,1728000,schedutil,306000000,306000000,1020000000,nvhost_podgov,0,3,,47156,48312,48218,47718,47562,48312,4896,596,1433,0.361,19.290,6.630
4174794530664,49993741,20.003,20.000,729600,729600,1728000,schedutil,306000000,306000000,1020000000,nvhost_podgov,0,3,,47218,48343,48281,47750,47531,48343,4896,596,1433,0.340,19.288,6.550
4174844530933,50000269,20.000,20.000,729600,729600,1728000,schedutil,306000000,306000000,1020000000,nvhost_podgov,0,3,,47156,48281,48156,47875,47562,48500,4896,596,1433,0.351,19.286,6.770
4174894527234,49996301,20.001,20.000,729600,729600,1728000,schedutil,306000000,306000000,1020000000,nvhost_podgov,0,3,,47093,48343,48250,47718,47468,48343,4896,596,1433,0.359,19.289,6.600
4174944529967,50002733,19.999,20.000,729600,729600,1728000,schedutil,306000000,306000000,1020000000,nvhost_podgov,0,3,,47093,48343,48187,47812,47562,48343,4896,596,1433,0.374,19.284,7.210
4174994533437,50003470,19.999,20.000,729600,729600,1728000,schedutil,306000000,306000000,1020000000,nvhost_podgov,0,3,,47218,48312,48250,47750,47562,48437,4896,596,1433,0.354,19.284,6.820
4175044527690,49994253,20.002,20.000,729600,729600,1728000,schedutil,306000000,306000000,1020000000,nvhost_podgov,0,3,,47187,48312,48343,47781,47562,48343,4896,635,1433,0.374,19.282,7.040
4175094527383,49999693,20.000,20.000,729600,729600,1728000,schedutil,306000000,306000000,1020000000,nvhost_podgov,0,3,,47218,48375,48218,47625,47531,48375,4896,635,1433,0.393,19.279,7.100
4175144515716,49988333,20.005,20.000,729600,729600,1728000,schedutil,306000000,306000000,1020000000,nvhost_podgov,0,3,,47062,48281,48218,47750,47562,48531,4896,596,1433,0.378,19.284,7.280
4175194526737,50011021,19.996,20.000,729600,729600,1728000,schedutil,306000000,306000000,1020000000,nvhost_podgov,0,3,,47093,48375,48250,47687,47531,48375,4896,596,1433,0.375,19.281,7.160
4175244529375,50002638,19.999,20.000,729600,729600,1728000,schedutil,306000000,306000000,1020000000,nvhost_podgov,0,3,,47218,48468,48250,47781,47562,48468,4896,635,1433,0.369,19.277,7.100
4175294520204,49990829,20.004,20.000,729600,729600,1728000,schedutil,306000000,306000000,1020000000,nvhost_podgov,0,3,,47250,48312,48187,47781,47500,48500,4896,596,1433,0.378,19.280,7.300
4175344517049,49996845,20.001,20.000,729600,729600,1728000,schedutil,306000000,306000000,1020000000,nvhost_podgov,0,3,,47250,48343,48187,47750,47562,48343,4896,596,1433,0.400,19.276,7.710
4175394533286,50016237,19.994,20.000,729600,729600,1728000,schedutil,306000000,306000000,1020000000,nvhost_podgov,0,3,,47125,48406,48250,47812,47531,48406,4896,596,1433,0.390,19.273,7.510
4175444524083,49990797,20.004,20.000,729600,729600,1728000,schedutil,306000000,306000000,1020000000,nvhost_podgov,0,3,,47437,48468,48281,47718,47500,48468,4896,635,1433,0.404,19.273,7.590
4175494520800,49996717,20.001,20.000,729600,729600,1728000,schedutil,306000000,306000000,1020000000,nvhost_podgov,0,3,,47062,48375,48343,47781,47562,48375,4896,597,1433,0.394,19.274,7.590
4175544517358,49996558,20.001,20.000,729600,729600,1728000,schedutil,306000000,306000000,1020000000,nvhost_podgov,0,3,,47218,48468,48187,47718,47562,48468,4896,597,1433,0.390,19.276,7.510
4175594512827,49995469,20.002,20.000,729600,729600,1728000,schedutil,306000000,306000000,1020000000,nvhost_podgov,0,3,,47343,48468,48281,47781,47562,48468,4896,597,1433,0.424,19.270,8.050
4175644519656,50006829,19.997,20.000,729600,729600,1728000,schedutil,306000000,306000000,1020000000,nvhost_podgov,0,3,,47250,48375,48187,47625,47562,48375,4896,597,1433,0.388,19.274,7.460
4175694519861,50000205,20.000,20.000,729600,729600,1728000,schedutil,306000000,306000000,1020000000,nvhost_podgov,0,3,,47125,48562,48281,47718,47562,48562,4896,597,1433,0.399,19.276,7.690
4175744516834,49996973,20.001,20.000,729600,729600,1728000,schedutil,306000000,306000000,1020000000,nvhost_podgov,0,3,,47187,48593,48187,47968,47562,48593,4896,597,1433,0.444,19.271,8.170
4175794528624,50011790,19.995,20.000,729600,729600,1728000,schedutil,306000000,306000000,1020000000,nvhost_podgov,0,3,,47187,48406,48187,47687,47531,48406,4896,597,1433,0.372,19.279,7.180
4175844518589,49989965,20.004,20.000,729600,729600,1728000,schedutil,306000000,306000000,1020000000,nvhost_podgov,0,3,,47093,48437,48187,47812,47562,48437,4896,597,1433,0.456,19.269,8.790
4175894529226,50010637,19.996,20.000,729600,729600,1728000,schedutil,306000000,306000000,1020000000,nvhost_podgov,0,3,,47281,48562,48187,47750,47531,48562,4896,596,1433,0.438,19.270,8.190
4175944529719,50000493,20.000,20.000,729600,729600,1728000,schedutil,306000000,306000000,1020000000,nvhost_podgov,0,3,,47062,48468,48312,47718,47500,48218,4896,597,1433,0.367,19.282,7.090
4175994527172,49997453,20.001,20.000,729600,729600,1728000,schedutil,306000000,306000000,1020000000,nvhost_podgov,0,3,,47187,48468,48250,47687,47562,48468,4896,597,1433,0.372,19.276,7.180
4176044528401,50001229,20.000,20.000,729600,729600,1728000,schedutil,306000000,306000000,1020000000,nvhost_podgov,0,3,,47281,48593,48187,47656,47562,48593,4896,597,1433,0.381,19.281,7.090
4176094527679,49999278,20.000,20.000,729600,729600,1728000,schedutil,306000000,306000000,1020000000,nvhost_podgov,0,3,,47187,48500,48218,47687,47562,48312,4896,597,1433,0.391,19.281,7.540
4176144529260,50001581,19.999,20.000,729600,729600,1728000,schedutil,306000000,306000000,1020000000,nvhost_podgov,0,3,,47312,48593,48250,47781,47593,48593,4896,597,1433,0.379,19.277,7.300
4176194527065,49997805,20.001,20.000,729600,729600,1728000,schedutil,306000000,306000000,1020000000,nvhost_podgov,0,3,,47093,48687,48250,47843,47562,48687,4896,596,1433,0.391,19.279,7.540
4176244529382,50002317,19.999,20.000,729600,729600,1728000,schedutil,306000000,306000000,1020000000,nvhost_podgov,0,3,,47093,48312,48187,47625,47562,48312,4896,597,1433,0.367,19.280,7.090
4176294532243,50002861,19.999,20.000,729600,729600,1728000,schedutil,306000000,306000000,1020000000,nvhost_podgov,0,3,,47093,48593,48156,47843,47562,48593,4896,596,1433,0.378,19.275,7.270
4176344528480,49996237,20.002,20.000,729600,729600,1728000,schedutil,306000000,306000000,1020000000,nvhost_podgov,0,3,,47250,48656,48218,47750,47562,48656,4896,597,1433,0.394,19.273,7.590
4176394534126,50005646,19.998,20.000,729600,729600,1728000,schedutil,306000000,306000000,1020000000,nvhost_podgov,0,3,,47093,48312,48281,47656,47562,48312,4896,597,1433,0.370,19.276,7.130
4176444518363,49984237,20.006,20.000,729600,729600,1728000,schedutil,306000000,306000000,1020000000,nvhost_podgov,0,3,,47250,48593,48250,47687,47500,48593,4896,636,1433,0.376,19.280,7.040
4176494526280,50007917,19.997,20.000,729600,729600,1728000,schedutil,306000000,306000000,1020000000,nvhost_podgov,0,3,,47125,48312,48218,47781,47562,48312,4896,636,1433,0.366,19.281,7.070
4176544524565,49998285,20.001,20.000,729600,729600,1728000,schedutil,306000000,306000000,1020000000,nvhost_podgov,0,3,,47156,48343,48187,47687,47562,48343,4896,597,1433,0.369,19.279,7.100
4176594518626,49994061,20.002,20.000,729600,729600,1728000,schedutil,306000000,306000000,1020000000,nvhost_podgov,0,3,,47187,48687,48312,47656,47562,48687,4896,597,1433,0.391,19.281,7.720
4176644516399,49997773,20.001,20.000,729600,729600,1728000,schedutil,306000000,306000000,1020000000,nvhost_podgov,0,3,,47187,48250,48156,47812,47500,48250,4896,597,1433,0.367,19.280,7.090
4176694514652,49998253,20.001,20.000,729600,729600,1728000,schedutil,306000000,306000000,1020000000,nvhost_podgov,0,3,,47312,48312,48312,47656,47562,48312,4896,597,1433,0.375,19.282,7.230
4176744529130,50014478,19.994,20.000,729600,729600,1728000,schedutil,306000000,306000000,1020000000,nvhost_podgov,0,3,,47062,48593,48343,47781,47531,48406,4896,596,1433,0.390,19.282,7.160
4176794532151,50003021,19.999,20.000,729600,729600,1728000,schedutil,306000000,306000000,1020000000,nvhost_podgov,0,3,,47125,48312,48218,47718,47562,48312,4896,596,1433,0.365,19.277,7.040
4176844516740,49984589,20.006,20.000,729600,729600,1728000,schedutil,306000000,306000000,1020000000,nvhost_podgov,0,3,,47250,48437,48312,47718,47562,48437,4896,596,1433,0.406,19.280,7.830
4176894530737,50013997,19.994,20.000,729600,729600,1728000,schedutil,306000000,306000000,1020000000,nvhost_podgov,0,3,,47250,48718,48281,47656,47562,48375,4896,596,1433,0.380,19.284,7.130
4176944515550,49984813,20.006,20.000,729600,729600,1728000,schedutil,306000000,306000000,1020000000,nvhost_podgov,0,3,,47437,48281,48281,47781,47531,48500,4896,597,1433,0.383,19.279,7.370
4176994531819,50016269,19.993,20.000,729600,729600,1728000,schedutil,306000000,306000000,1020000000,nvhost_podgov,0,3,,47125,48343,48218,47875,47531,48343,4896,596,1433,0.378,19.279,7.280
4177044528152,49996333,20.001,20.000,729600,729600,1728000,schedutil,306000000,306000000,1020000000,nvhost_podgov,0,3,,47187,48312,48218,47781,47593,48312,4896,597,1433,0.384,19.281,7.070
4177094530342,50002190,19.999,20.000,729600,729600,1728000,schedutil,306000000,306000000,1020000000,nvhost_podgov,0,3,,47093,48312,48156,47906,47531,48312,4896,597,1433,0.376,19.277,7.260
4177144530995,50000653,20.000,20.000,729600,729600,1728000,schedutil,306000000,306000000,1020000000,nvhost_podgov,0,3,,47218,48406,48125,47718,47593,48406,4896,597,1433,0.383,19.275,7.370
4177194528480,49997485,20.001,20.000,729600,729600,1728000,schedutil,306000000,306000000,1020000000,nvhost_podgov,0,3,,47031,48375,48343,47812,47562,48375,4896,596,1433,0.379,19.280,7.300
4177244536813,50008333,19.997,20.000,729600,729600,1728000,schedutil,306000000,306000000,1020000000,nvhost_podgov,0,3,,47250,48312,48187,47656,47593,48312,4896,597,1433,0.371,19.280,7.160
4177294528250,49991437,20.003,20.000,729600,729600,1728000,schedutil,306000000,306000000,1020000000,nvhost_podgov,0,3,,47312,48437,48343,47781,47593,48437,4896,636,1433,0.416,19.266,8.030
4177344532999,50004749,19.998,20.000,729600,729600,1728000,schedutil,306000000,306000000,1020000000,nvhost_podgov,0,3,,47218,48437,48156,47718,47593,48437,4896,636,1433,0.372,19.275,7.180
4177394527604,49994605,20.002,20.000,729600,729600,1728000,schedutil,306000000,306000000,1020000000,nvhost_podgov,0,3,,47375,48312,48187,47625,47562,48312,4936,636,1433,0.370,19.281,7.130
4177444540258,50012654,19.995,20.000,729600,729600,1728000,schedutil,306000000,306000000,1020000000,nvhost_podgov,0,3,,47156,48375,48218,47812,47562,48375,4976,676,1433,0.388,19.277,7.480
4177494530863,49990605,20.004,20.000,729600,729600,1728000,schedutil,306000000,306000000,1020000000,nvhost_podgov,0,3,,47312,48406,48156,47687,47562,48406,4936,636,1433,0.385,19.281,7.100
4177544543004,50012141,19.995,20.000,729600,729600,1728000,schedutil,306000000,306000000,1020000000,nvhost_podgov,0,3,,47093,48343,48312,47781,47562,48468,4936,636,1433,0.374,19.277,7.210
4177594525801,49982797,20.007,20.000,729600,729600,1728000,schedutil,306000000,306000000,1020000000,nvhost_podgov,0,3,,47125,48343,48218,47656,47562,48343,4936,636,1433,0.410,19.281,7.310
4177644533366,50007565,19.997,20.000,729600,729600,1728000,schedutil,306000000,306000000,1020000000,nvhost_podgov,0,3,,47187,48406,48281,47781,47531,48406,4936,636,1433,0.379,19.277,7.300
4177694539715,50006349,19.997,20.000,729600,729600,1728000,schedutil,306000000,306000000,1020000000,nvhost_podgov,0,3,,47250,48343,48250,47687,47562,48531,4936,635,1433,0.371,19.276,7.160
4177744540816,50001101,20.000,20.000,729600,729600,1728000,schedutil,306000000,306000000,1020000000,nvhost_podgov,0,3,,47062,48375,48250,47781,47593,48375,4896,636,1433,0.388,19.279,7.480
4177794536605,49995789,20.002,20.000,729600,729600,1728000,schedutil,306000000,306000000,1020000000,nvhost_podgov,0,3,,47156,48468,48250,47781,47593,48468,4896,636,1433,0.365,19.277,7.040
4177844539531,50002926,19.999,20.000,729600,729600,1728000,schedutil,306000000,306000000,1020000000,nvhost_podgov,0,3,,47187,48375,48218,47625,47593,48468,4896,636,1433,0.399,19.279,7.690
4177894520983,49981452,20.007,20.000,729600,729600,1728000,schedutil,306000000,306000000,1020000000,nvhost_podgov,0,3,,47125,48343,48250,47843,47562,48343,4896,635,1433,0.399,19.275,7.540
4177944539237,50018254,19.993,20.000,729600,729600,1728000,schedutil,306000000,306000000,1020000000,nvhost_podgov,0,3,,47312,48406,48281,47718,47562,48406,4896,636,1433,0.391,19.275,7.540
4177994534322,49995085,20.002,20.000,729600,729600,1728000,schedutil,306000000,306000000,1020000000,nvhost_podgov,0,3,,47062,48531,48375,47750,47562,48531,4896,597,1433,0.396,19.275,7.640
4178044532255,49997933,20.001,20.000,729600,729600,1728000,schedutil,306000000,306000000,1020000000,nvhost_podgov,0,3,,47406,48312,48218,47625,47625,48312,4896,635,1433,0.450,19.275,7.590
4178094530284,49998029,20.001,20.000,729600,729600,1728000,schedutil,306000000,306000000,1020000000,nvhost_podgov,0,3,,47125,48531,48375,47750,47593,48531,4896,635,1433,0.403,19.273,8.030
4178144528185,49997901,20.001,20.000,729600,729600,1728000,schedutil,306000000,306000000,1020000000,nvhost_podgov,0,3,,47125,48593,48218,47625,47531,48593,4896,596,1433,0.396,19.275,7.640
4178194528038,49999853,20.000,20.000,729600,729600,1728000,schedutil,306000000,306000000,1020000000,nvhost_podgov,0,3,,47312,48406,48281,47750,47593,48406,4896,596,1433,0.406,19.277,7.540
4178244530707,50002669,19.999,20.000,729600,729600,1728000,schedutil,306000000,306000000,1020000000,nvhost_podgov,0,3,,47218,48468,48187,47937,47562,48468,4896,596,1433,0.393,19.274,7.560
4178294530048,49999341,20.000,20.000,729600,729600,1728000,schedutil,306000000,306000000,1020000000,nvhost_podgov,0,3,,47437,48625,48218,47750,47593,48625,4896,596,1433,0.396,19.274,7.640
4178344523981,49993933,20.002,20.000,729600,729600,1728000,schedutil,306000000,306000000,1020000000,nvhost_podgov,0,3,,47156,48343,48218,47906,47562,48343,4896,596,1433,0.396,19.269,7.640
4178394531675,50007694,19.997,20.000,729600,729600,1728000,schedutil,306000000,306000000,1020000000,nvhost_podgov,0,3,,47218,48500,48250,47750,47562,48500,4896,635,1433,0.429,19.273,8.270
4178444520103,49988428,20.005,20.000,729600,729600,1728000,schedutil,306000000,306000000,1020000000,nvhost_podgov,0,3,,47125,48687,48343,47812,47562,48687,4936,635,1433,0.386,19.281,7.450
4178494533493,50013390,19.995,20.000,729600,729600,1728000,schedutil,306000000,306000000,1020000000,nvhost_podgov,0,3,,47281,48406,48218,47750,47531,48312,4936,635,1472,0.386,19.280,7.180
4178544517601,49984108,20.006,20.000,729600,729600,1728000,schedutil,306000000,306000000,1020000000,nvhost_podgov,0,3,,47156,48562,48312,47781,47562,48562,4936,635,1433,0.372,19.280,7.180
4178594521007,50003406,19.999,20.000,729600,729600,1728000,schedutil,306000000,306000000,1020000000,nvhost_podgov,0,3,,47187,48781,48187,47875,47562,48781,4936,635,1433,0.411,19.279,7.920
4178644517244,49996237,20.002,20.000,729600,729600,1728000,schedutil,306000000,306000000,1020000000,nvhost_podgov,0,3,,47218,48468,48312,47781,47562,48312,4896,635,1433,0.396,19.279,7.260
4178694529449,50012205,19.995,20.000,729600,729600,1728000,schedutil,306000000,306000000,1020000000,nvhost_podgov,0,3,,47156,48593,48187,47843,47593,48593,4896,596,1433,0.366,19.279,7.070
4178744529654,50000205,20.000,20.000,729600,729600,1728000,schedutil,306000000,306000000,1020000000,nvhost_podgov,0,3,,47343,48312,48250,47750,47593,48312,4896,596,1433,0.375,19.281,7.230
4178794526307,49996653,20.001,20.000,729600,729600,1728000,schedutil,306000000,306000000,1020000000,nvhost_podgov,0,3,,47156,48312,48218,47781,47531,48312,4896,596,1433,0.371,19.280,7.160
4178844534096,50007789,19.997,20.000,729600,729600,1728000,schedutil,306000000,306000000,1020000000,nvhost_podgov,0,3,,47343,48593,48187,47687,47562,48593,4896,596,1433,0.385,19.280,7.420
4178894529917,49995821,20.002,20.000,729600,729600,1728000,schedutil,306000000,306000000,1020000000,nvhost_podgov,0,3,,47093,48250,48343,47781,47562,48343,4896,596,1433,0.381,19.275,7.350
4178944530762,50000845,20.000,20.000,729600,729600,1728000,schedutil,306000000,306000000,1020000000,nvhost_podgov,0,3,,47093,48312,48187,47750,47562,48312,4896,596,1433,0.369,19.281,7.100
4178994532279,50001517,19.999,20.000,729600,729600,1728000,schedutil,306000000,306000000,1020000000,nvhost_podgov,0,3,,47312,48593,48281,47687,47593,48593,4896,596,1433,0.370,19.276,7.130
4179044557157,50024878,19.990,20.000,729600,729600,1728000,schedutil,306000000,306000000,1020000000,nvhost_podgov,0,3,,47218,48375,48281,47968,47531,48375,4896,596,1433,0.389,19.274,7.780
4179094566610,50009453,19.996,20.000,729600,729600,1728000,schedutil,306000000,306000000,1020000000,nvhost_podgov,0,3,,47218,48312,48250,47718,47656,48312,4896,596,1433,0.541,19.249,10.420
4179144534047,49967437,20.013,20.000,729600,729600,1728000,schedutil,306000000,306000000,1020000000,nvhost_podgov,0,3,,47187,48625,48187,47906,47593,48625,4896,635,1433,0.346,19.288,6.680
4179194525676,49991629,20.003,20.000,729600,729600,1728000,schedutil,306000000,306000000,1020000000,nvhost_podgov,0,3,,47281,48343,48250,47625,47562,48343,4976,675,1433,0.359,19.290,6.630
4179244522329,49996653,20.001,20.000,729600,729600,1728000,schedutil,306000000,306000000,1020000000,nvhost_podgov,0,3,,47187,48375,48281,47781,47562,48375,4976,676,1433,0.340,19.284,6.550
4179294518278,49995949,20.002,20.000,729600,729600,1728000,schedutil,306000000,306000000,1020000000,nvhost_podgov,0,3,,47281,48656,48156,47718,47562,48406,4976,676,1433,0.360,19.281,6.940
4179344520787,50002509,19.999,20.000,729600,729600,1728000,schedutil,306000000,306000000,1020000000,nvhost_podgov,0,3,,47093,48312,48343,47718,47562,48343,4936,636,1433,0.351,19.286,6.600
4179394702595,50181808,19.928,20.000,729600,729600,1728000,schedutil,306000000,306000000,1020000000,nvhost_podgov,0,3,,47156,48312,48156,47687,47531,48312,4936,636,1433,0.340,19.279,6.550
4179444531597,49829002,20.069,20.000,729600,729600,1728000,schedutil,306000000,306000000,1020000000,nvhost_podgov,0,3,,47187,48312,48343,47750,47562,48375,4936,635,1433,0.360,19.284,6.940
4179494527162,49995565,20.002,20.000,729600,729600,1728000,schedutil,306000000,306000000,1020000000,nvhost_podgov,0,3,,47156,48281,48156,47687,47562,48281,4936,635,1433,0.352,19.286,6.600
4179544511175,49984013,20.006,20.000,729600,729600,1728000,schedutil,306000000,306000000,1020000000,nvhost_podgov,0,3,,47343,48375,48250,47750,47593,48375,4936,635,1433,0.361,19.277,6.960
4179594537460,50026285,19.989,20.000,729600,729600,1728000,schedutil,306000000,306000000,1020000000,nvhost_podgov,0,3,,47062,48375,48218,47781,47531,48375,4936,635,1433,0.355,19.284,6.850
4179644536129,49998669,20.001,20.000,729600,729600,1728000,schedutil,306000000,306000000,1020000000,nvhost_podgov,0,3,,47125,48312,48187,47781,47593,48312,4936,635,1433,0.356,19.288,6.490
4179694534702,49998573,20.001,20.000,729600,729600,1728000,schedutil,306000000,306000000,1020000000,nvhost_podgov,0,3,,47156,48312,48312,47781,47531,48312,4896,635,1433,0.340,19.284,6.550
4179744530683,49995981,20.002,20.000,729600,729600,1728000,schedutil,306000000,306000000,1020000000,nvhost_podgov,0,3,,47281,48437,48187,47656,47562,48437,4896,636,1433,0.346,19.284,6.680
4179794517224,49986541,20.005,20.000,729600,729600,1728000,schedutil,306000000,306000000,1020000000,nvhost_podgov,0,3,,47468,48312,48312,47718,47625,48437,4896,636,1433,0.356,19.280,6.870
4179844533525,50016301,19.993,20.000,729600,729600,1728000,schedutil,306000000,306000000,1020000000,nvhost_podgov,0,3,,47218,48343,48156,47625,47562,48343,4896,596,1433,0.343,19.284,6.600
4179894530626,49997101,20.001,20.000,729600,729600,1728000,schedutil,306000000,306000000,1020000000,nvhost_podgov,0,3,,47125,48500,48187,47750,47531,48500,4896,597,1433,0.357,19.288,6.900
4179944537392,50006766,19.997,20.000,729600,729600,1728000,schedutil,306000000,306000000,1020000000,nvhost_podgov,0,3,,47125,48343,48250,47687,47562,48343,4896,596,1433,0.361,19.285,6.550
4179994541885,50004493,19.998,20.000,729600,729600,1728000,schedutil,306000000,306000000,1020000000,nvhost_podgov,0,3,,47281,48437,48218,47781,47562,48437,4896,636,1433,0.343,19.282,6.600
4180044535626,49993741,20.003,20.000,729600,729600,1728000,schedutil,306000000,306000000,1020000000,nvhost_podgov,0,3,,47218,48406,48156,47781,47562,48406,4896,636,1433,0.350,19.286,6.750
4180094537303,50001677,19.999,20.000,729600,729600,1728000,schedutil,306000000,306000000,1020000000,nvhost_podgov,0,3,,47312,48312,48250,47718,47562,48562,4896,596,1433,0.361,19.285,6.600
4180144540900,50003597,19.999,20.000,729600,729600,1728000,schedutil,306000000,306000000,1020000000,nvhost_podgov,0,3,,47218,48406,48343,47781,47562,48406,4896,636,1433,0.343,19.285,6.600
4180194545489,50004589,19.998,20.000,729600,729600,1728000,schedutil,306000000,306000000,1020000000,nvhost_podgov,0,3,,47156,48437,48218,47687,47531,48437,4896,596,1433,0.356,19.288,6.580
4180244537534,49992045,20.003,20.000,729600,729600,1728000,schedutil,306000000,306000000,1020000000,nvhost_podgov,0,3,,47343,48406,48281,47656,47593,48656,4896,635,1433,0.343,19.288,6.600
4180294531531,49993997,20.002,20.000,729600,729600,1728000,schedutil,306000000,306000000,1020000000,nvhost_podgov,0,3,,47187,48375,48187,47656,47500,48375,4896,635,1433,0.378,19.288,7.280
4180344537240,50005709,19.998,20.000,729600,729600,1728000,schedutil,306000000,306000000,1020000000,nvhost_podgov,0,3,,47375,48468,48312,47718,47625,48468,4896,596,1433,0.352,19.288,6.630
4180394538309,50001069,20.000,20.000,729600,729600,1728000,schedutil,306000000,306000000,1020000000,nvhost_podgov,0,3,,47093,48343,48156,47781,47562,48562,4896,597,1433,0.347,19.286,6.710
4180444536434,49998125,20.001,20.000,729600,729600,1728000,schedutil,306000000,306000000,1020000000,nvhost_podgov,0,3,,47125,48375,48218,47750,47562,48375,4896,636,1433,0.375,19.280,7.230
4180494542015,50005581,19.998,20.000,729600,729600,1728000,schedutil,306000000,306000000,1020000000,nvhost_podgov,0,3,,47156,48562,48343,47781,47562,48562,4896,636,1433,0.376,19.285,7.010
4180544520588,49978573,20.009,20.000,729600,729600,1728000,schedutil,306000000,306000000,1020000000,nvhost_podgov,0,3,,47187,48656,48187,47718,47562,48656,4896,636,1433,0.374,19.277,7.640
4180594533337,50012749,19.995,20.000,729600,729600,1728000,schedutil,306000000,306000000,1020000000,nvhost_podgov,0,3,,47093,48406,48343,47781,47562,48406,4896,597,1433,0.375,19.282,7.230
4180644539590,50006253,19.997,20.000,729600,729600,1728000,schedutil,306000000,306000000,1020000000,nvhost_podgov,0,3,,47281,48500,48312,47750,47562,48500,4896,636,1433,0.367,19.281,6.960
4180694543411,50003821,19.998,20.000,729600,729600,1728000,schedutil,306000000,306000000,1020000000,nvhost_podgov,0,3,,47125,48750,48250,47781,47593,48750,4896,597,1433,0.365,19.279,7.040
4180744539168,49995757,20.002,20.000,729600,729600,1728000,schedutil,306000000,306000000,1020000000,nvhost_podgov,0,3,,47187,48500,48187,47656,47562,48500,4896,596,1433,0.374,19.281,7.210
4180794522253,49983085,20.007,20.000,729600,729600,1728000,schedutil,306000000,306000000,1020000000,nvhost_podgov,0,3,,47343,48468,48250,47781,47562,48468,4896,597,1433,0.430,19.267,8.280
4180844544666,50022413,19.991,20.000,729600,729600,1728000,schedutil,306000000,306000000,1020000000,nvhost_podgov,0,3,,47156,48718,48156,47781,47531,48718,4896,597,1433,0.344,19.282,6.850
4180894532999,49988333,20.005,20.000,729600,729600,1728000,schedutil,306000000,306000000,1020000000,nvhost_podgov,0,3,,47343,48531,48187,47718,47531,48531,4896,596,1433,0.376,19.286,7.260
4180944544564,50011565,19.995,20.000,729600,729600,1728000,schedutil,306000000,306000000,1020000000,nvhost_podgov,0,3,,47125,48562,48406,47781,47531,48562,4896,596,1433,0.354,19.290,6.600
4180994534785,49990221,20.004,20.000,729600,729600,1728000,schedutil,306000000,306000000,1020000000,nvhost_podgov,0,3,,47187,48281,48218,47687,47531,48281,4896,596,1433,0.344,19.286,6.630
4181044530638,49995853,20.002,20.000,729600,729600,1728000,schedutil,306000000,306000000,1020000000,nvhost_podgov,0,3,,47312,48500,48343,47750,47562,48343,4896,597,1433,0.356,19.281,6.870
4181094536699,50006061,19.998,20.000,729600,729600,1728000,schedutil,306000000,306000000,1020000000,nvhost_podgov,0,3,,47218,48593,48250,47718,47562,48593,4896,597,1433,0.359,19.286,6.820
4181144534024,49997325,20.001,20.000,729600,729600,1728000,schedutil,306000000,306000000,1020000000,nvhost_podgov,0,3,,47062,48250,48281,47750,47593,48281,4896,597,1433,0.343,19.288,6.600
4181194535381,50001357,19.999,20.000,729600,729600,1728000,schedutil,306000000,306000000,1020000000,nvhost_podgov,0,3,,47125,48437,48125,47906,47562,48312,4896,597,1433,0.351,19.288,6.800
4181244522562,49987181,20.005,20.000,729600,729600,1728000,schedutil,306000000,306000000,1020000000,nvhost_podgov,0,3,,47156,48656,48250,47781,47531,48656,4896,597,1433,0.343,19.285,6.600
4181294537071,50014509,19.994,20.000,729600,729600,1728000,schedutil,306000000,306000000,1020000000,nvhost_podgov,0,3,,47156,48312,48437,47812,47562,48437,4856,597,1433,0.340,19.285,6.550
4181344531868,49994797,20.002,20.000,729600,729600,1728000,schedutil,306000000,306000000,1020000000,nvhost_podgov,0,3,,47250,48312,48218,47750,47562,48312,4856,597,1433,0.352,19.286,6.580
4181394532681,50000813,20.000,20.000,729600,729600,1728000,schedutil,306000000,306000000,1020000000,nvhost_podgov,0,3,,47093,48781,48375,47750,47562,48781,4896,597,1433,0.341,19.285,6.580
4181444534998,50002317,19.999,20.000,729600,729600,1728000,schedutil,306000000,306000000,1020000000,nvhost_podgov,0,3,,47343,48343,48250,47687,47625,48343,4896,597,1433,0.357,19.288,6.900
4181494543747,50008749,19.997,20.000,729600,729600,1728000,schedutil,306000000,306000000,1020000000,nvhost_podgov,0,3,,47218,48343,48312,47718,47656,48343,4896,636,1433,0.359,19.290,6.550
4181544529040,49985293,20.006,20.000,729600,729600,1728000,schedutil,306000000,306000000,1020000000,nvhost_podgov,0,3,,47125,48750,48218,47875,47562,48750,4896,635,1433,0.369,19.280,7.100
4181594534941,50005901,19.998,20.000,729600,729600,1728000,schedutil,306000000,306000000,1020000000,nvhost_podgov,0,3,,47343,48312,48250,47750,47625,48312,4896,635,1433,0.362,19.288,6.800
4181644493929,49958988,20.016,20.000,729600,729600,1728000,schedutil,306000000,306000000,1020000000,nvhost_podgov,0,3,,47187,48312,48187,47906,47500,48312,4896,635,1433,0.360,19.289,6.580
4181694542039,50048110,19.981,20.000,729600,729600,1728000,schedutil,306000000,306000000,1020000000,nvhost_podgov,0,3,,47375,48250,48218,47656,47562,48281,4896,596,1433,0.343,19.286,6.600
4181744536004,49993965,20.002,20.000,729600,729600,1728000,schedutil,306000000,306000000,1020000000,nvhost_podgov,0,3,,47156,48343,48343,47843,47562,48343,4896,635,1433,0.347,19.288,6.710
4181794537041,50001037,20.000,20.000,729600,729600,1728000,schedutil,306000000,306000000,1020000000,nvhost_podgov,0,3,,47218,48406,48156,47781,47593,48406,4896,635,1433,0.361,19.289,6.490
4181844526622,49989581,20.004,20.000,729600,729600,1728000,schedutil,306000000,306000000,1020000000,nvhost_podgov,0,3,,47125,48250,48281,47718,47562,48281,4896,635,1433,0.344,19.286,6.630
4181894532331,50005709,19.998,20.000,729600,729600,1728000,schedutil,306000000,306000000,1020000000,nvhost_podgov,0,3,,47218,48375,48218,47656,47562,48375,4896,596,1433,0.354,19.286,6.820
4181944537208,50004877,19.998,20.000,729600,729600,1728000,schedutil,306000000,306000000,1020000000,nvhost_podgov,0,3,,47125,48406,48218,47781,47593,48406,4896,596,1433,0.360,19.288,6.520
4181994533861,49996653,20.001,20.000,729600,729600,1728000,schedutil,306000000,306000000,1020000000,nvhost_podgov,0,3,,47156,48312,48281,47906,47562,48406,4896,596,1433,0.344,19.288,6.630
4182044529042,49995181,20.002,20.000,729600,729600,1728000,schedutil,306000000,306000000,1020000000,nvhost_podgov,0,3,,47250,48343,48312,47718,47562,48343,4896,596,1433,0.351,19.286,6.770
4182094519678,49990636,20.004,20.000,729600,729600,1728000,schedutil,306000000,306000000,1020000000,nvhost_podgov,0,3,,47156,48343,48125,47843,47500,48343,4896,596,1433,0.374,19.277,7.210
4182144542892,50023214,19.991,20.000,729600,729600,1728000,schedutil,306000000,306000000,1020000000,nvhost_podgov,0,3,,47312,48406,48218,47781,47593,48406,4896,596,1433,0.350,19.284,6.750
4182194535705,49992813,20.003,20.000,729600,729600,1728000,schedutil,306000000,306000000,1020000000,nvhost_podgov,0,3,,47093,48312,48250,47781,47562,48312,4896,596,1433,0.372,19.284,7.180
4182244533574,49997869,20.001,20.000,729600,729600,1728000,schedutil,306000000,306000000,1020000000,nvhost_podgov,0,3,,47375,48343,48218,47687,47562,48343,4896,596,1433,0.341,19.289,6.580
4182294532115,49998541,20.001,20.000,729600,729600,1728000,schedutil,306000000,306000000,1020000000,nvhost_podgov,0,3,,47375,48375,48281,47750,47593,48375,4936,636,1433,0.416,19.270,8.030
4182344540992,50008877,19.996,20.000,729600,729600,1728000,schedutil,306000000,306000000,1020000000,nvhost_podgov,0,3,,47218,48406,48187,47718,47562,48406,4936,636,1433,0.379,19.285,6.820
4182394541101,50000109,20.000,20.000,729600,729600,1728000,schedutil,306000000,306000000,1020000000,nvhost_podgov,0,3,,47312,48375,48375,47781,47562,48375,4976,675,1472,0.362,19.282,6.580
4182444531929,49990828,20.004,20.000,729600,729600,1728000,schedutil,306000000,306000000,1020000000,nvhost_podgov,0,3,,47250,48468,48156,47906,47625,48468,4976,635,1433,0.355,19.285,6.850
4182494531846,49999917,20.000,20.000,729600,729600,1728000,schedutil,306000000,306000000,1020000000,nvhost_podgov,0,3,,47187,48375,48218,47781,47593,48375,4976,636,1433,0.352,19.290,6.630
4182544532947,50001101,20.000,20.000,729600,729600,1728000,schedutil,306000000,306000000,1020000000,nvhost_podgov,0,3,,47187,48437,48062,47781,47562,48437,4976,635,1433,0.357,19.284,6.900
4182594535552,50002605,19.999,20.000,729600,729600,1728000,schedutil,306000000,306000000,1020000000,nvhost_podgov,0,3,,47281,48468,48187,47687,47562,48468,4976,635,1433,0.351,19.288,6.770
4182644536109,50000557,20.000,20.000,729600,729600,1728000,schedutil,306000000,306000000,1020000000,nvhost_podgov,0,3,,47093,48343,48125,47843,47500,48343,4936,636,1433,0.367,19.290,6.520
4182694533146,49997037,20.001,20.000,729600,729600,1728000,schedutil,306000000,306000000,1020000000,nvhost_podgov,0,3,,47250,48406,48218,47781,47593,48406,4936,635,1433,0.340,19.286,6.550
4182744522407,49989261,20.004,20.000,729600,729600,1728000,schedutil,306000000,306000000,1020000000,nvhost_podgov,0,3,,47125,48531,48343,47750,47656,48531,4936,635,1433,0.354,19.285,6.820
4182794520564,49998157,20.001,20.000,729600,729600,1728000,schedutil,306000000,306000000,1020000000,nvhost_podgov,0,3,,47187,48437,48156,47718,47562,48718,4936,636,1433,0.379,19.281,7.100
4182844541185,50020621,19.992,20.000,729600,729600,1728000,schedutil,306000000,306000000,1020000000,nvhost_podgov,0,3,,47250,48406,48406,47781,47562,48406,4936,636,1433,0.369,19.280,7.100
4182894536686,49995501,20.002,20.000,729600,729600,1728000,schedutil,306000000,306000000,1020000000,nvhost_podgov,0,3,,47187,48593,48156,47875,47531,48593,4896,635,1433,0.366,19.275,7.070
4182944532731,49996045,20.002,20.000,729600,729600,1728000,schedutil,306000000,306000000,1020000000,nvhost_podgov,0,3,,47281,48343,48250,47656,47531,48656,4896,635,1433,0.381,19.284,6.910
4182994536648,50003917,19.998,20.000,729600,729600,1728000,schedutil,306000000,306000000,1020000000,nvhost_podgov,0,3,,47125,48437,48187,47781,47531,48437,4896,596,1433,0.362,19.281,6.990
4183044525781,49989133,20.004,20.000,729600,729600,1728000,schedutil,306000000,306000000,1020000000,nvhost_podgov,0,3,,47156,48562,48218,47718,47593,48562,4896,635,1433,0.391,19.281,7.540
4183094532386,50006605,19.997,20.000,729600,729600,1728000,schedutil,306000000,306000000,1020000000,nvhost_podgov,0,3,,47125,48656,48312,47781,47531,48656,4896,635,1433,0.369,19.280,7.210
4183144533743,50001357,19.999,20.000,729600,729600,1728000,schedutil,306000000,306000000,1020000000,nvhost_podgov,0,3,,47218,48500,48187,47718,47531,48312,4896,635,1433,0.369,19.277,7.100
4183194535708,50001965,19.999,20.000,729600,729600,1728000,schedutil,306000000,306000000,1020000000,nvhost_podgov,0,3,,47375,48531,48312,47750,47531,48531,4896,635,1433,0.374,19.284,7.210
4183244536329,50000621,20.000,20.000,729600,729600,1728000,schedutil,306000000,306000000,1020000000,nvhost_podgov,0,3,,47281,48281,48218,47718,47562,48281,4896,635,1433,0.375,19.282,6.990
4183294544438,50008109,19.997,20.000,729600,729600,1728000,schedutil,306000000,306000000,1020000000,nvhost_podgov,0,3,,47187,48500,48187,47781,47562,48500,4896,596,1433,0.361,19.277,6.960
4183344539363,49994925,20.002,20.000,729600,729600,1728000,schedutil,306000000,306000000,1020000000,nvhost_podgov,0,3,,47250,48531,48218,47812,47625,48531,4896,596,1433,0.372,19.275,7.180
4183394533487,49994124,20.002,20.000,729600,729600,1728000,schedutil,306000000,306000000,1020000000,nvhost_podgov,0,3,,47250,48312,48250,47656,47562,48312,4936,635,1433,0.360,19.279,6.940
4183444529468,49995981,20.002,20.000,729600,729600,1728000,schedutil,306000000,306000000,1020000000,nvhost_podgov,0,3,,47125,48500,48343,47875,47500,48500,4896,635,1433,0.399,19.273,7.680
4183494536009,50006541,19.997,20.000,729600,729600,1728000,schedutil,306000000,306000000,1020000000,nvhost_podgov,0,3,,47250,48593,48218,47750,47562,48593,4936,635,1433,0.374,19.284,6.940
4183544534742,49998733,20.001,20.000,729600,729600,1728000,schedutil,306000000,306000000,1020000000,nvhost_podgov,0,3,,47093,48281,48312,47718,47562,48312,4936,635,1433,0.410,19.273,7.900
4183594534115,49999373,20.000,20.000,729600,729600,1728000,schedutil,306000000,306000000,1020000000,nvhost_podgov,0,3,,47156,48500,48125,47625,47562,48343,4936,635,1433,0.356,19.289,6.870
4183644536176,50002061,19.999,20.000,729600,729600,1728000,schedutil,306000000,306000000,1020000000,nvhost_podgov,0,3,,47343,48656,48281,47750,47562,48406,4936,636,1433,0.361,19.286,6.820
4183694533341,49997165,20.001,20.000,729600,729600,1728000,schedutil,306000000,306000000,1020000000,nvhost_podgov,0,3,,47218,48312,48125,47656,47562,48312,4896,635,1433,0.344,19.284,6.630
4183744539402,50006061,19.998,20.000,729600,729600,1728000,schedutil,306000000,306000000,1020000000,nvhost_podgov,0,3,,47406,48625,48187,47781,47562,48312,4896,596,1433,0.349,19.285,6.720
4183794533303,49993901,20.002,20.000,729600,729600,1728000,schedutil,306000000,306000000,1020000000,nvhost_podgov,0,3,,47093,48781,48093,47937,47562,48781,4896,636,1433,0.352,19.291,6.900
4183844533796,50000493,20.000,20.000,729600,729600,1728000,schedutil,306000000,306000000,1020000000,nvhost_podgov,0,3,,47156,48312,48218,47781,47562,48312,4896,636,1433,0.357,19.286,6.900
4183894538705,50004909,19.998,20.000,729600,729600,1728000,schedutil,306000000,306000000,1020000000,nvhost_podgov,0,3,,47125,48375,48375,47812,47562,48375,4896,635,1433,0.347,19.286,6.710
4183944536990,49998285,20.001,20.000,729600,729600,1728000,schedutil,306000000,306000000,1020000000,nvhost_podgov,0,3,,47187,48343,48187,47718,47531,48343,4896,597,1433,0.355,19.289,6.530
4183994537610,50000620,20.000,20.000,729600,729600,1728000,schedutil,306000000,306000000,1020000000,nvhost_podgov,0,3,,47062,48343,48406,47718,47562,48406,4896,596,1433,0.340,19.285,6.550
4184044517495,49979885,20.008,20.000,729600,729600,1728000,schedutil,306000000,306000000,1020000000,nvhost_podgov,0,3,,47312,48375,48187,47718,47531,48375,4896,596,1433,0.374,19.281,7.210
4184094523908,50006413,19.997,20.000,729600,729600,1728000,schedutil,306000000,306000000,1020000000,nvhost_podgov,0,3,,47218,48312,48218,47781,47531,48312,4896,596,1433,0.346,19.289,6.660
4184144532209,50008301,19.997,20.000,729600,729600,1728000,schedutil,306000000,306000000,1020000000,nvhost_podgov,0,3,,47187,48343,48312,47843,47531,48343,4896,596,1433,0.341,19.285,6.580
4184194534430,50002221,19.999,20.000,729600,729600,1728000,schedutil,306000000,306000000,1020000000,nvhost_podgov,0,3,,47312,48406,48187,47718,47593,48406,4896,597,1433,0.357,19.284,6.900
4184244521451,49987021,20.005,20.000,729600,729600,1728000,schedutil,306000000,306000000,1020000000,nvhost_podgov,0,3,,47187,48250,48312,47843,47562,48250,4896,597,1433,0.340,19.286,6.550
4184294528888,50007437,19.997,20.000,729600,729600,1728000,schedutil,306000000,306000000,1020000000,nvhost_podgov,0,3,,47343,48375,48218,47687,47562,48375,4896,596,1433,0.365,19.286,7.040
4184344526565,49997677,20.001,20.000,729600,729600,1728000,schedutil,306000000,306000000,1020000000,nvhost_podgov,0,3,,47062,48343,48343,47781,47531,48343,4896,596,1433,0.360,19.282,6.940
4184394535794,50009229,19.996,20.000,729600,729600,1728000,schedutil,306000000,306000000,1020000000,nvhost_podgov,0,3,,47187,48281,48187,47750,47593,48406,4896,596,1433,0.361,19.288,6.600
4184444750691,50214897,19.914,20.000,729600,729600,1728000,schedutil,306000000,306000000,1020000000,nvhost_podgov,0,3,,47343,48312,48343,47812,47656,48343,4896,596,1433,0.341,19.282,6.580
