ts_ns,dt_ns,inst_rate_hz,avg_rate_hz,cpu_khz,cpu_min_khz,cpu_max_khz,cpu_governor,gpu_hz,gpu_min_hz,gpu_max_hz,gpu_governor,fan_cur_state,fan_max_state,fan_pwm,temp_cpu_mC,temp_gpu_mC,temp_soc0_mC,temp_soc1_mC,temp_soc2_mC,temp_tj_mC,vdd_in_mW,vdd_cpu_gpu_cv_mW,vdd_soc_mW,ina260_current_A,ina260_voltage_V,ina260_power_W
3934113184809,0,,,729600,729600,1728000,schedutil,306000000,306000000,1020000000,nvhost_podgov,0,3,,47250,48656,48156,47625,47531,48656,,,,0.412,19.266,8.000
3934118250829,5066020,197.394,197.394,1036800,729600,1728000,schedutil,306000000,306000000,1020000000,nvhost_podgov,0,3,,47312,48343,48187,47687,47531,48343,,,,0.440,19.265,8.820
3934123258639,5007810,199.688,198.534,960000,729600,1728000,schedutil,306000000,306000000,1020000000,nvhost_podgov,0,3,,47187,48562,48125,47687,47531,48562,,,,0.412,19.270,7.950
3934128254802,4996163,200.154,199.071,883200,729600,1728000,schedutil,306000000,306000000,1020000000,nvhost_podgov,0,3,,47437,48312,48125,47562,47437,48312,,,,0.429,19.269,8.260
3934133248692,4993890,200.245,199.363,806400,729600,1728000,schedutil,306000000,306000000,1020000000,nvhost_podgov,0,3,,47468,48375,48187,47656,47500,48375,,,,0.410,19.273,7.900
3934138249718,5001026,199.959,199.482,729600,729600,1728000,schedutil,306000000,306000000,1020000000,nvhost_podgov,0,3,,47250,48593,48281,47750,47500,48593,,,,0.426,19.270,7.850
3934143250136,5000418,199.983,199.565,729600,729600,1728000,schedutil,306000000,306000000,1020000000,nvhost_podgov,0,3,,47343,48343,48093,47656,47562,48343,,,,0.395,19.273,7.620
3934148246555,4996419,200.143,199.648,729600,729600,1728000,schedutil,306000000,306000000,1020000000,nvhost_podgov,0,3,,47281,48500,48281,47656,47531,48312,,,,0.405,19.275,7.810
3934153252061,5005506,199.780,199.664,729600,729600,1728000,schedutil,306000000,306000000,1020000000,nvhost_podgov,0,3,,47156,48468,48093,47781,47468,48468,,,,0.394,19.281,7.420
3934158250687,4998626,200.055,199.708,729600,729600,1728000,schedutil,306000000,306000000,1020000000,nvhost_podgov,0,3,,47281,48281,48125,47562,47562,48281,,,,0.400,19.280,7.720
3934163256546,5005859,199.766,199.713,729600,729600,1728000,schedutil,306000000,306000000,1020000000,nvhost_podgov,0,3,,47156,48437,48187,47687,47593,48437,,,,0.425,19.269,8.190
3934168251428,4994882,200.205,199.758,1113600,729600,1728000,schedutil,306000000,306000000,1020000000,nvhost_podgov,0,3,,47093,48406,48125,47781,47500,48406,5095,796,1472,0.395,19.275,7.620
3934173246022,4994594,200.216,199.796,1113600,729600,1728000,schedutil,306000000,306000000,1020000000,nvhost_podgov,0,3,,47218,48281,48156,47562,47562,48281,5095,796,1472,0.393,19.275,7.560
3934178245673,4999651,200.014,199.813,729600,729600,1728000,schedutil,306000000,306000000,1020000000,nvhost_podgov,0,3,,47125,48312,48218,47656,47500,48312,5095,796,1472,0.398,19.277,7.670
3934183253227,5007554,199.698,199.805,729600,729600,1728000,schedutil,306000000,306000000,1020000000,nvhost_podgov,0,3,,47156,48250,48156,47718,47593,48281,5095,796,1472,0.406,19.270,7.830
3934188251021,4997794,200.088,199.824,960000,729600,1728000,schedutil,306000000,306000000,1020000000,nvhost_podgov,0,3,,47187,48687,48062,47687,47531,48687,5095,796,1472,0.398,19.276,7.670
3934193244944,4993923,200.243,199.850,960000,729600,1728000,schedutil,306000000,306000000,1020000000,nvhost_podgov,0,3,,47093,48375,48218,47781,47468,48687,5095,796,1472,0.389,19.282,7.560
3934198253298,5008354,199.666,199.839,729600,729600,1728000,schedutil,306000000,306000000,1020000000,nvhost_podgov,0,3,,47156,48687,48156,47781,47500,48312,5095,796,1472,0.407,19.277,7.860
3934203243732,4990434,200.383,199.869,729600,729600,1728000,schedutil,306000000,306000000,1020000000,nvhost_podgov,0,3,,47156,48312,48218,47593,47562,48312,5095,796,1472,0.405,19.269,7.810
3934208250743,5007011,199.720,199.861,806400,729600,1728000,schedutil,306000000,306000000,1020000000,nvhost_podgov,0,3,,47125,48250,48281,47625,47531,48281,5095,796,1472,0.386,19.279,7.320
3934213246457,4995714,200.172,199.877,729600,729600,1728000,schedutil,306000000,306000000,1020000000,nvhost_podgov,0,3,,47187,48468,48093,47781,47468,48468,5095,796,1472,0.384,19.276,7.810
3934218247803,5001346,199.946,199.880,729600,729600,1728000,schedutil,306000000,306000000,1020000000,nvhost_podgov,0,3,,47281,48375,48250,47656,47562,48375,5095,796,1472,0.394,19.273,7.590
3934223250750,5002947,199.882,199.880,729600,729600,1728000,schedutil,306000000,306000000,1020000000,nvhost_podgov,0,3,,47281,48468,48250,47718,47562,48312,5095,796,1472,0.384,19.279,7.400
3934228245344,4994594,200.216,199.895,729600,729600,1728000,schedutil,306000000,306000000,1020000000,nvhost_podgov,0,3,,47093,48531,48187,47625,47531,48531,5095,796,1472,0.384,19.279,7.400
3934233243618,4998274,200.069,199.902,729600,729600,1728000,schedutil,306000000,306000000,1020000000,nvhost_podgov,0,3,,47312,48312,48093,47593,47562,48312,5095,796,1472,0.405,19.265,7.810
3934238246436,5002818,199.887,199.901,729600,729600,1728000,schedutil,306000000,306000000,1020000000,nvhost_podgov,0,3,,47156,48406,48312,47750,47531,48312,5095,796,1472,0.380,19.274,7.320
3934243248711,5002275,199.909,199.902,729600,729600,1728000,schedutil,306000000,306000000,1020000000,nvhost_podgov,0,3,,47156,48437,48218,47812,47500,48437,5135,796,1472,0.370,19.277,7.130
3934248246345,4997634,200.095,199.909,729600,729600,1728000,schedutil,306000000,306000000,1020000000,nvhost_podgov,0,3,,47312,48312,48125,47687,47531,48312,5135,796,1472,0.381,19.275,7.560
3934253247723,5001378,199.945,199.910,729600,729600,1728000,schedutil,306000000,306000000,1020000000,nvhost_podgov,0,3,,47125,48343,48250,47781,47468,48343,5135,796,1472,0.386,19.276,7.450
3934258247022,4999299,200.028,199.914,729600,729600,1728000,schedutil,306000000,306000000,1020000000,nvhost_podgov,0,3,,47250,48312,48156,47625,47562,48312,5135,796,1472,0.383,19.279,7.370
3934263245264,4998242,200.070,199.919,729600,729600,1728000,schedutil,306000000,306000000,1020000000,nvhost_podgov,0,3,,47375,48250,48187,47656,47562,48250,5135,796,1472,0.394,19.276,7.590
3934268247986,5002722,199.891,199.919,729600,729600,1728000,schedutil,306000000,306000000,1020000000,nvhost_podgov,0,3,,47093,48343,48093,47750,47500,48343,5135,796,1472,0.379,19.280,7.320
3934273257301,5009315,199.628,199.909,729600,729600,1728000,schedutil,306000000,306000000,1020000000,nvhost_podgov,0,3,,47250,48687,48093,47593,47500,48687,5135,796,1472,0.385,19.277,7.420
3934278260823,5003522,199.859,199.908,729600,729600,1728000,schedutil,306000000,306000000,1020000000,nvhost_podgov,0,3,,47250,48343,48218,47656,47531,48531,5135,796,1472,0.378,19.280,7.280
3934283257338,4996515,200.139,199.915,729600,729600,1728000,schedutil,306000000,306000000,1020000000,nvhost_podgov,0,3,,47125,48437,48156,47531,47531,48437,5135,796,1472,0.384,19.279,7.400
3934288251836,4994498,200.220,199.923,729600,729600,1728000,schedutil,306000000,306000000,1020000000,nvhost_podgov,0,3,,47281,48500,48093,47593,47500,48500,5135,796,1472,0.404,19.279,7.780
3934293260926,5009090,199.637,199.915,729600,729600,1728000,schedutil,306000000,306000000,1020000000,nvhost_podgov,0,3,,47281,48343,48218,47625,47562,48343,5135,796,1472,0.396,19.281,7.640
3934298251040,4990114,200.396,199.928,729600,729600,1728000,schedutil,306000000,306000000,1020000000,nvhost_podgov,0,3,,47125,48531,48093,47718,47531,48218,5135,796,1472,0.381,19.273,7.350
3934303266339,5015299,199.390,199.914,729600,729600,1728000,schedutil,306000000,306000000,1020000000,nvhost_podgov,0,3,,47281,48437,48125,47687,47500,48437,5135,796,1472,0.391,19.274,8.910
3934308260901,4994562,200.218,199.922,729600,729600,1728000,schedutil,306000000,306000000,1020000000,nvhost_podgov,0,3,,47156,48250,48187,47656,47562,48250,5135,796,1472,0.390,19.276,7.510
3934313251431,4990530,200.380,199.933,729600,729600,1728000,schedutil,306000000,306000000,1020000000,nvhost_podgov,0,3,,47218,48500,48093,47781,47531,48281,5135,796,1472,0.396,19.274,7.640
3934318259818,5008387,199.665,199.927,729600,729600,1728000,schedutil,306000000,306000000,1020000000,nvhost_podgov,0,3,,47281,48406,48156,47625,47562,48406,5135,796,1472,0.390,19.277,7.710
3934323244716,4984898,200.606,199.943,729600,729600,1728000,schedutil,306000000,306000000,1020000000,nvhost_podgov,0,3,,47062,48281,48187,47656,47500,48281,5135,796,1472,0.424,19.277,8.170
3934328266255,5021539,199.142,199.924,729600,729600,1728000,schedutil,306000000,306000000,1020000000,nvhost_podgov,0,3,,47250,48406,48062,47781,47531,48406,5135,796,1472,0.415,19.282,8.000
3934333249361,4983106,200.678,199.941,729600,729600,1728000,schedutil,306000000,306000000,1020000000,nvhost_podgov,0,3,,47312,48281,48156,47687,47531,48281,5135,796,1472,0.393,19.281,7.560
3934338243891,4994530,200.219,199.947,729600,729600,1728000,schedutil,306000000,306000000,1020000000,nvhost_podgov,0,3,,47093,48250,48250,47750,47562,48250,5135,796,1472,0.370,19.274,7.130
3934343261781,5017890,199.287,199.933,729600,729600,1728000,schedutil,306000000,306000000,1020000000,nvhost_podgov,0,3,,47281,48375,48156,47750,47531,48375,5135,796,1472,0.400,19.276,7.860
3934348260344,4998563,200.057,199.936,729600,729600,1728000,schedutil,306000000,306000000,1020000000,nvhost_podgov,0,3,,47281,48656,48156,47593,47562,48656,5135,796,1472,0.378,19.277,7.280
3934353259930,4999586,200.017,199.937,729600,729600,1728000,schedutil,306000000,306000000,1020000000,nvhost_podgov,0,3,,47093,48406,48218,47656,47468,48593,5135,796,1472,0.396,19.281,7.640
3934358260764,5000834,199.967,199.938,729600,729600,1728000,schedutil,306000000,306000000,1020000000,nvhost_podgov,0,3,,47125,48312,48125,47718,47562,48312,5135,796,1472,0.376,19.275,7.260
3934363259327,4998563,200.057,199.940,729600,729600,1728000,schedutil,306000000,306000000,1020000000,nvhost_podgov,0,3,,47343,48593,48187,47687,47593,48593,5135,796,1472,0.394,19.277,7.780
3934368259073,4999746,200.010,199.942,729600,729600,1728000,schedutil,306000000,306000000,1020000000,nvhost_podgov,0,3,,47093,48312,48281,47718,47562,48375,5135,796,1472,0.404,19.281,7.780
3934373250243,4991170,200.354,199.950,729600,729600,1728000,schedutil,306000000,306000000,1020000000,nvhost_podgov,0,3,,47187,48343,48062,47593,47468,48343,5135,796,1472,0.379,19.277,7.690
3934378259494,5009251,199.631,199.944,729600,729600,1728000,schedutil,306000000,306000000,1020000000,nvhost_podgov,0,3,,47375,48531,48156,47531,47531,48531,5135,796,1472,0.381,19.275,7.640
3934383262696,5003202,199.872,199.942,729600,729600,1728000,schedutil,306000000,306000000,1020000000,nvhost_podgov,0,3,,47187,48312,48250,47718,47531,48312,5135,796,1472,0.389,19.279,7.490
3934388259274,4996578,200.137,199.946,729600,729600,1728000,schedutil,306000000,306000000,1020000000,nvhost_podgov,0,3,,47125,48500,48187,47812,47468,48500,5135,796,1472,0.400,19.280,7.720
3934393260205,5000931,199.963,199.946,729600,729600,1728000,schedutil,306000000,306000000,1020000000,nvhost_podgov,0,3,,47343,48468,48156,47625,47562,48468,5135,796,1472,0.375,19.276,7.590
3934398260431,5000226,199.991,199.947,729600,729600,1728000,schedutil,306000000,306000000,1020000000,nvhost_podgov,0,3,,47187,48312,48281,47781,47468,48312,5135,796,1472,0.379,19.276,8.170
3934403250609,4990178,200.394,199.955,729600,729600,1728000,schedutil,306000000,306000000,1020000000,nvhost_podgov,0,3,,47218,48437,48218,47593,47500,48437,5135,796,1472,0.406,19.276,7.830
3934408259955,5009346,199.627,199.949,729600,729600,1728000,schedutil,306000000,306000000,1020000000,nvhost_podgov,0,3,,47343,48218,48250,47656,47500,48437,5135,796,1472,0.379,19.280,7.300
3934413246646,4986691,200.534,199.959,729600,729600,1728000,schedutil,306000000,306000000,1020000000,nvhost_podgov,0,3,,47125,48281,48312,47781,47531,48312,5135,796,1472,0.411,19.274,7.920
3934418259864,5013218,199.473,199.951,729600,729600,1728000,schedutil,306000000,306000000,1020000000,nvhost_podgov,0,3,,47250,48375,48062,47625,47500,48375,5135,796,1472,0.376,19.276,7.260
3934423259482,4999618,200.015,199.952,729600,729600,1728000,schedutil,306000000,306000000,1020000000,nvhost_podgov,0,3,,47250,48687,48156,47687,47500,48687,5135,796,1472,0.411,19.281,7.920
3934428260317,5000835,199.967,199.952,729600,729600,1728000,schedutil,306000000,306000000,1020000000,nvhost_podgov,0,3,,47062,48625,48125,47750,47562,48625,5135,796,1472,0.388,19.277,7.620
3934433246143,4985826,200.569,199.962,729600,729600,1728000,schedutil,306000000,306000000,1020000000,nvhost_podgov,0,3,,47218,48375,48093,47687,47500,48375,5135,796,1472,0.393,19.273,7.920
3934438265153,5019010,199.242,199.951,729600,729600,1728000,schedutil,306000000,306000000,1020000000,nvhost_podgov,0,3,,47218,48562,48156,47593,47593,48562,5135,796,1472,0.376,19.281,7.260
3934443262532,4997379,200.105,199.953,729600,729600,1728000,schedutil,306000000,306000000,1020000000,nvhost_podgov,0,3,,47062,48468,48125,47781,47437,48468,5135,796,1472,0.385,19.281,7.420
3934448261382,4998850,200.046,199.954,729600,729600,1728000,schedutil,306000000,306000000,1020000000,nvhost_podgov,0,3,,47281,48281,48093,47593,47531,48281,5135,796,1472,0.411,19.275,7.920
3934453259912,4998530,200.059,199.956,729600,729600,1728000,schedutil,306000000,306000000,1020000000,nvhost_podgov,0,3,,47093,48500,48250,47593,47562,48500,5135,796,1472,0.390,19.274,7.540
3934458265995,5006083,199.757,199.953,729600,729600,1728000,schedutil,306000000,306000000,1020000000,nvhost_podgov,0,3,,47093,48343,48125,47687,47437,48343,5135,796,1472,0.381,19.279,7.350
3934463277805,5011810,199.529,199.947,729600,729600,1728000,schedutil,306000000,306000000,1020000000,nvhost_podgov,0,3,,47187,48468,48125,47656,47500,48312,5135,796,1472,0.450,19.264,8.670
3934468262735,4984930,200.605,199.956,729600,729600,1728000,schedutil,306000000,306000000,1020000000,nvhost_podgov,0,3,,47187,48500,48218,47687,47562,48500,5135,796,1472,0.434,19.273,8.360
3934473262898,5000163,199.993,199.957,729600,729600,1728000,schedutil,306000000,306000000,1020000000,nvhost_podgov,0,3,,47343,48312,48125,47750,47531,48312,5175,796,1472,0.389,19.284,8.560
3934478262388,4999490,200.020,199.957,729600,729600,1728000,schedutil,306000000,306000000,1020000000,nvhost_podgov,0,3,,47343,48375,48125,47562,47500,48187,5175,796,1472,0.393,19.277,7.560
3934483260950,4998562,200.058,199.959,729600,729600,1728000,schedutil,306000000,306000000,1020000000,nvhost_podgov,0,3,,47156,48187,48218,47656,47593,48406,5175,796,1472,0.395,19.275,7.620
3934488257624,4996674,200.133,199.961,729600,729600,1728000,schedutil,306000000,306000000,1020000000,nvhost_podgov,0,3,,47187,48250,48062,47781,47562,48250,5175,796,1472,0.375,19.279,7.230
3934493260155,5002531,199.899,199.960,729600,729600,1728000,schedutil,306000000,306000000,1020000000,nvhost_podgov,0,3,,47343,48343,48125,47656,47500,48343,5175,835,1472,0.383,19.279,7.590
3934498258909,4998754,200.050,199.962,729600,729600,1728000,schedutil,306000000,306000000,1020000000,nvhost_podgov,0,3,,47343,48312,48312,47750,47500,48375,5175,835,1472,0.375,19.279,7.880
3934503246015,4987106,200.517,199.969,729600,729600,1728000,schedutil,306000000,306000000,1020000000,nvhost_podgov,0,3,,47156,48656,48093,47656,47500,48656,5175,835,1472,0.394,19.267,7.830
3934508254530,5008515,199.660,199.965,729600,729600,1728000,schedutil,306000000,306000000,1020000000,nvhost_podgov,0,3,,47312,48375,48218,47625,47562,48375,5175,835,1472,0.417,19.260,8.040
3934513268708,5014178,199.434,199.958,729600,729600,1728000,schedutil,306000000,306000000,1020000000,nvhost_podgov,0,3,,47312,48593,48156,47718,47562,48593,5175,835,1472,0.384,19.284,7.560
3934518261958,4993250,200.270,199.962,729600,729600,1728000,schedutil,306000000,306000000,1020000000,nvhost_podgov,0,3,,47125,48312,48093,47781,47531,48312,5175,835,1472,0.383,19.275,7.370
3934523263177,5001219,199.951,199.962,729600,729600,1728000,schedutil,306000000,306000000,1020000000,nvhost_podgov,0,3,,47562,48343,48218,47687,47468,48343,5175,835,1472,0.411,19.276,7.920
3934528252747,4989570,200.418,199.967,729600,729600,1728000,schedutil,306000000,306000000,1020000000,nvhost_podgov,0,3,,47562,48500,48343,47718,47500,48500,5175,835,1472,0.376,19.264,7.240
3934533250701,4997954,200.082,199.969,729600,729600,1728000,schedutil,306000000,306000000,1020000000,nvhost_podgov,0,3,,47125,48343,48093,47656,47500,48343,5175,835,1472,0.381,19.281,7.640
3934538246671,4995970,200.161,199.971,729600,729600,1728000,schedutil,306000000,306000000,1020000000,nvhost_podgov,0,3,,47343,48531,48187,47625,47500,48375,5175,835,1472,0.389,19.279,7.500
3934543250258,5003587,199.857,199.970,729600,729600,1728000,schedutil,306000000,306000000,1020000000,nvhost_podgov,0,3,,47125,48500,48250,47750,47562,48500,5175,835,1472,0.401,19.281,7.730
3934548248308,4998050,200.078,199.971,729600,729600,1728000,schedutil,306000000,306000000,1020000000,nvhost_podgov,0,3,,47187,48312,48093,47593,47562,48312,5175,835,1472,0.380,19.281,7.920
3934553247862,4999554,200.018,199.971,729600,729600,1728000,schedutil,306000000,306000000,1020000000,nvhost_podgov,0,3,,47312,48406,48156,47687,47531,48250,5175,835,1472,0.378,19.279,7.280
3934558245817,4997955,200.082,199.973,729600,729600,1728000,schedutil,306000000,306000000,1020000000,nvhost_podgov,0,3,,47062,48250,48343,47718,47500,48406,5175,835,1472,0.409,19.277,7.880
3934563243387,4997570,200.097,199.974,729600,729600,1728000,schedutil,306000000,306000000,1020000000,nvhost_podgov,0,3,,47218,48312,48156,47656,47531,48312,5175,835,1472,0.401,19.274,7.730
3934568249053,5005666,199.774,199.972,729600,729600,1728000,schedutil,306000000,306000000,1020000000,nvhost_podgov,0,3,,47218,48375,48156,47687,47562,48281,5175,835,1472,0.376,19.279,7.260
3934573244064,4995011,200.200,199.974,729600,729600,1728000,schedutil,306000000,306000000,1020000000,nvhost_podgov,0,3,,47093,48156,48125,47750,47531,48375,5175,835,1472,0.404,19.280,7.780
3934578247298,5003234,199.871,199.973,729600,729600,1728000,schedutil,306000000,306000000,1020000000,nvhost_podgov,0,3,,47281,48625,48093,47625,47500,48625,5175,835,1472,0.396,19.281,7.640
3934583244324,4997026,200.119,199.975,729600,729600,1728000,schedutil,306000000,306000000,1020000000,nvhost_podgov,0,3,,47281,48343,48312,47687,47593,48343,5175,835,1472,0.376,19.273,7.620
3934588259879,5015555,199.380,199.968,729600,729600,1728000,schedutil,306000000,306000000,1020000000,nvhost_podgov,0,3,,47187,48593,48187,47781,47562,48375,5175,835,1472,0.378,19.276,7.270
3934593249673,4989794,200.409,199.973,729600,729600,1728000,schedutil,306000000,306000000,1020000000,nvhost_podgov,0,3,,47125,48375,48093,47656,47531,48375,5175,835,1472,0.393,19.270,7.560
3934598248523,4998850,200.046,199.974,729600,729600,1728000,schedutil,306000000,306000000,1020000000,nvhost_podgov,0,3,,47156,48343,48218,47687,47562,48343,5175,835,1472,0.388,19.277,7.480
3934603259502,5010979,199.562,199.970,729600,729600,1728000,schedutil,306000000,306000000,1020000000,nvhost_podgov,0,3,,47156,48562,48125,47750,47562,48562,5175,835,1472,0.427,19.269,8.240
3934608261616,5002114,199.915,199.969,729600,729600,1728000,schedutil,306000000,306000000,1020000000,nvhost_podgov,0,3,,47187,48343,48125,47656,47562,48437,5175,835,1472,0.417,19.273,8.050
3934613259026,4997410,200.104,199.970,729600,729600,1728000,schedutil,306000000,306000000,1020000000,nvhost_podgov,0,3,,47093,48437,48187,47593,47562,48343,5175,835,1472,0.451,19.270,8.690
3934618262677,5003651,199.854,199.969,729600,729600,1728000,schedutil,306000000,306000000,1020000000,nvhost_podgov,0,3,,47375,48437,48125,47718,47531,48437,5175,835,1472,0.434,19.273,8.360
3934623260247,4997570,200.097,199.970,729600,729600,1728000,schedutil,306000000,306000000,1020000000,nvhost_podgov,0,3,,47375,48250,48218,47656,47500,48468,5175,835,1472,0.420,19.274,8.090
3934628264345,5004098,199.836,199.969,729600,729600,1728000,schedutil,306000000,306000000,1020000000,nvhost_podgov,0,3,,47406,48468,48250,47687,47531,48468,5175,835,1472,0.424,19.267,8.170
3934633258204,4993859,200.246,199.972,729600,729600,1728000,schedutil,306000000,306000000,1020000000,nvhost_podgov,0,3,,47437,48343,48062,47750,47531,48343,5175,835,1472,0.416,19.269,7.650
3934638267070,5008866,199.646,199.969,729600,729600,1728000,schedutil,306000000,306000000,1020000000,nvhost_podgov,0,3,,47437,48312,48187,47593,47468,48312,5214,835,1472,0.474,19.269,9.130
3934643261472,4994402,200.224,199.971,729600,729600,1728000,schedutil,306000000,306000000,1020000000,nvhost_podgov,0,3,,47312,48375,48218,47718,47531,48281,5214,835,1472,0.406,19.273,7.830
3934648823662,5562190,179.785,199.761,729600,729600,1728000,schedutil,306000000,306000000,1020000000,nvhost_podgov,0,3,,47375,48312,48156,47656,47562,48312,5214,835,1472,0.425,19.267,8.190
3934653256389,4432727,225.595,199.973,729600,729600,1728000,schedutil,306000000,306000000,1020000000,nvhost_podgov,0,3,,47437,48687,48125,47656,47562,48687,5214,835,1472,0.415,19.269,8.000
3934658260807,5004418,199.823,199.972,729600,729600,1728000,schedutil,306000000,306000000,1020000000,nvhost_podgov,0,3,,47437,48343,48312,47750,47562,48343,5214,875,1472,0.403,19.270,7.760
3934663268874,5008067,199.678,199.969,729600,729600,1728000,schedutil,306000000,306000000,1020000000,nvhost_podgov,0,3,,47343,48562,48093,47781,47500,48562,5214,875,1472,0.416,19.266,8.720
3934668259948,4991074,200.358,199.973,729600,729600,1728000,schedutil,306000000,306000000,1020000000,nvhost_podgov,0,3,,47562,48312,48156,47625,47562,48531,5214,875,1472,0.407,19.270,7.850
3934673249038,4989090,200.437,199.977,729600,729600,1728000,schedutil,306000000,306000000,1020000000,nvhost_podgov,0,3,,47562,48312,48250,47718,47531,48312,5214,875,1472,0.471,19.260,9.080
3934678459636,5210598,191.917,199.903,729600,729600,1728000,schedutil,306000000,306000000,1020000000,nvhost_podgov,0,3,,47375,48437,48125,47625,47562,48437,5254,875,1472,0.403,19.266,8.930
3934683261715,4802079,208.243,199.973,729600,729600,1728000,schedutil,306000000,306000000,1020000000,nvhost_podgov,0,3,,47531,48312,48093,47625,47500,48312,5254,875,1472,0.412,19.266,8.410
3934688263061,5001346,199.946,199.973,729600,729600,1728000,schedutil,306000000,306000000,1020000000,nvhost_podgov,0,3,,47500,48312,48343,47750,47562,48343,5254,875,1472,0.438,19.274,8.440
3934693268343,5005282,199.789,199.971,729600,729600,1728000,schedutil,306000000,306000000,1020000000,nvhost_podgov,0,3,,47500,48437,48125,47625,47500,48437,5254,875,1472,0.458,19.269,8.190
3934698262650,4994307,200.228,199.973,729600,729600,1728000,schedutil,306000000,306000000,1020000000,nvhost_podgov,0,3,,47500,48406,48187,47625,47531,48406,5294,875,1472,0.403,19.270,7.760
3934703260988,4998338,200.067,199.974,729600,729600,1728000,schedutil,306000000,306000000,1020000000,nvhost_podgov,0,3,,47468,48406,48281,47781,47625,48406,5294,875,1472,0.420,19.266,8.090
3934708264830,5003842,199.846,199.973,729600,729600,1728000,schedutil,306000000,306000000,1020000000,nvhost_podgov,0,3,,47437,48437,48125,47656,47562,48437,5294,875,1472,0.412,19.271,7.950
3934713257921,4993091,200.277,199.976,729600,729600,1728000,schedutil,306000000,306000000,1020000000,nvhost_podgov,0,3,,47437,48312,48187,47687,47562,48312,5294,915,1472,0.407,19.267,7.850
3934718247203,4989282,200.430,199.979,729600,729600,1728000,schedutil,306000000,306000000,1020000000,nvhost_podgov,0,3,,47312,48343,48093,47718,47562,48343,5294,915,1472,0.426,19.271,8.000
3934723246341,4999138,200.034,199.980,729600,729600,1728000,schedutil,306000000,306000000,1020000000,nvhost_podgov,0,3,,47437,48281,48187,47562,47562,48406,5294,915,1472,0.425,19.264,8.190
3934728242855,4996514,200.140,199.981,729600,729600,1728000,schedutil,306000000,306000000,1020000000,nvhost_podgov,0,3,,47437,48281,48187,47593,47531,48281,5294,915,1472,0.435,19.262,8.380
3934733250250,5007395,199.705,199.979,729600,729600,1728000,schedutil,306000000,306000000,1020000000,nvhost_podgov,0,3,,47250,48312,48312,47656,47531,48312,5334,915,1472,0.415,19.269,8.000
3934738247948,4997698,200.092,199.980,729600,729600,1728000,schedutil,306000000,306000000,1020000000,nvhost_podgov,0,3,,47312,48625,48093,47687,47500,48625,5334,915,1472,0.417,19.271,8.460
3934743247598,4999650,200.014,199.980,729600,729600,1728000,schedutil,306000000,306000000,1020000000,nvhost_podgov,0,3,,47312,48312,48218,47625,47593,48625,5334,915,1472,0.421,19.270,8.120
3934748246288,4998690,200.052,199.981,729600,729600,1728000,schedutil,306000000,306000000,1020000000,nvhost_podgov,0,3,,47312,48343,48125,47781,47468,48343,5334,915,1472,0.415,19.261,7.990
3934753248659,5002371,199.905,199.980,729600,729600,1728000,schedutil,306000000,306000000,1020000000,nvhost_podgov,0,3,,47250,48500,48187,47656,47562,48500,5334,915,1472,0.405,19.274,7.810
3934758246293,4997634,200.095,199.981,729600,729600,1728000,schedutil,306000000,306000000,1020000000,nvhost_podgov,0,3,,47156,48375,48218,47687,47562,48375,5334,915,1472,0.419,19.271,8.220
3934763249463,5003170,199.873,199.980,806400,729600,1728000,schedutil,306000000,306000000,1020000000,nvhost_podgov,0,3,,47250,48500,48156,47750,47531,48343,5334,915,1472,0.420,19.269,8.090
3934768247386,4997923,200.083,199.981,883200,729600,1728000,schedutil,306000000,306000000,1020000000,nvhost_podgov,0,3,,47250,48531,48125,47593,47562,48531,5334,915,1472,0.438,19.266,7.730
3934773249468,5002082,199.917,199.980,729600,729600,1728000,schedutil,306000000,306000000,1020000000,nvhost_podgov,0,3,,47500,48343,48156,47718,47593,48343,5374,915,1472,0.390,19.276,7.510
3934778248670,4999202,200.032,199.981,729600,729600,1728000,schedutil,306000000,306000000,1020000000,nvhost_podgov,0,3,,47250,48437,48125,47781,47531,48437,5374,915,1472,0.400,19.277,8.170
3934783256993,5008323,199.668,199.978,729600,729600,1728000,schedutil,306000000,306000000,1020000000,nvhost_podgov,0,3,,47375,48406,48156,47656,47562,48406,5374,915,1472,0.401,19.273,7.730
3934788264995,5008002,199.680,199.976,729600,729600,1728000,schedutil,306000000,306000000,1020000000,nvhost_podgov,0,3,,47375,48312,48125,47656,47500,48312,5374,915,1472,0.421,19.270,8.120
3934793256870,4991875,200.326,199.979,729600,729600,1728000,schedutil,306000000,306000000,1020000000,nvhost_podgov,0,3,,47218,48406,48062,47812,47562,48406,5374,915,1472,0.404,19.277,8.000
3934798277192,5020322,199.190,199.973,729600,729600,1728000,schedutil,306000000,306000000,1020000000,nvhost_podgov,0,3,,47531,48281,48156,47718,47531,48437,5374,915,1472,0.425,19.270,8.190
3934803272458,4995266,200.190,199.975,729600,729600,1728000,schedutil,306000000,306000000,1020000000,nvhost_podgov,0,3,,47531,48250,48312,47718,47468,48312,5374,915,1472,0.395,19.264,7.600
3934808251660,4979202,200.835,199.981,729600,729600,1728000,schedutil,306000000,306000000,1020000000,nvhost_podgov,0,3,,47281,48500,48062,47781,47500,48500,5374,955,1472,0.461,19.274,8.900
3934813269999,5018339,199.269,199.976,729600,729600,1728000,schedutil,306000000,306000000,1020000000,nvhost_podgov,0,3,,47531,48750,48187,47593,47593,48750,5374,955,1472,0.409,19.271,8.650
3934818268913,4998914,200.043,199.976,729600,729600,1728000,schedutil,306000000,306000000,1020000000,nvhost_podgov,0,3,,47437,48656,48250,47687,47562,48656,5374,955,1472,0.417,19.276,8.050
3934823255443,4986530,200.540,199.980,729600,729600,1728000,schedutil,306000000,306000000,1020000000,nvhost_podgov,0,3,,47281,48312,48187,47593,47531,48312,5374,955,1472,0.439,19.270,8.460
3934828259382,5003939,199.843,199.979,729600,729600,1728000,schedutil,306000000,306000000,1020000000,nvhost_podgov,0,3,,47500,48593,48218,47562,47562,48593,5413,955,1472,0.454,19.273,8.740
3934833260888,5001506,199.940,199.979,729600,729600,1728000,schedutil,306000000,306000000,1020000000,nvhost_podgov,0,3,,47406,48312,48250,47781,47562,48562,5413,955,1472,0.417,19.273,7.970
3934838248410,4987522,200.500,199.982,729600,729600,1728000,schedutil,306000000,306000000,1020000000,nvhost_podgov,0,3,,47406,48312,48125,47812,47625,48312,5413,955,1472,0.465,19.270,8.960
3934843248412,5000002,200.000,199.983,729600,729600,1728000,schedutil,306000000,306000000,1020000000,nvhost_podgov,0,3,,47468,48500,48156,47750,47562,48500,5413,955,1472,0.421,19.266,8.580
3934848256095,5007683,199.693,199.981,729600,729600,1728000,schedutil,306000000,306000000,1020000000,nvhost_podgov,0,3,,47281,48281,48218,47718,47531,48281,5413,955,1472,0.456,19.258,8.780
3934853259585,5003490,199.860,199.980,729600,729600,1728000,schedutil,306000000,306000000,1020000000,nvhost_podgov,0,3,,47437,48500,48156,47562,47562,48312,5413,955,1472,0.431,19.266,8.310
3934858246467,4986882,200.526,199.983,729600,729600,1728000,schedutil,306000000,306000000,1020000000,nvhost_podgov,0,3,,47437,48437,48093,47625,47562,48437,5413,955,1472,0.443,19.273,8.520
3934863257670,5011203,199.553,199.981,729600,729600,1728000,schedutil,306000000,306000000,1020000000,nvhost_podgov,0,3,,47375,48281,48343,47718,47562,48343,5453,955,1472,0.429,19.271,8.270
3934868254088,4996418,200.143,199.982,729600,729600,1728000,schedutil,306000000,306000000,1020000000,nvhost_podgov,0,3,,47437,48250,48218,47750,47562,48250,5453,955,1472,0.407,19.275,7.860
3934873248810,4994722,200.211,199.983,729600,729600,1728000,schedutil,306000000,306000000,1020000000,nvhost_podgov,0,3,,47312,48406,48281,47687,47593,48406,5453,955,1472,0.411,19.276,7.920
3934878264781,5015971,199.363,199.979,729600,729600,1728000,schedutil,306000000,306000000,1020000000,nvhost_podgov,0,3,,47312,48312,48218,47781,47531,48312,5453,955,1472,0.405,19.265,7.810
3934883256207,4991426,200.344,199.981,729600,729600,1728000,schedutil,306000000,306000000,1020000000,nvhost_podgov,0,3,,47312,48406,48187,47656,47562,48406,5453,995,1472,0.414,19.273,7.970
3934888260050,5003843,199.846,199.981,729600,729600,1728000,schedutil,306000000,306000000,1020000000,nvhost_podgov,0,3,,47281,48687,48156,47687,47531,48687,5453,995,1472,0.411,19.276,8.170
3934893254324,4994274,200.229,199.982,729600,729600,1728000,schedutil,306000000,306000000,1020000000,nvhost_podgov,0,3,,47281,48437,48093,47687,47562,48656,5453,995,1472,0.470,19.273,7.640
3934898258230,5003906,199.844,199.981,729600,729600,1728000,schedutil,306000000,306000000,1020000000,nvhost_podgov,0,3,,47406,48312,48156,47625,47562,48312,5453,995,1472,0.460,19.260,8.860
3934903274809,5016579,199.339,199.977,729600,729600,1728000,schedutil,306000000,306000000,1020000000,nvhost_podgov,0,3,,47375,48625,48187,47656,47593,48625,5453,995,1472,0.416,19.270,7.850
3934908258715,4983906,200.646,199.981,729600,729600,1728000,schedutil,306000000,306000000,1020000000,nvhost_podgov,0,3,,47375,48406,48218,47781,47500,48593,5453,995,1472,0.416,19.273,8.030
3934913251485,4992770,200.290,199.983,729600,729600,1728000,schedutil,306000000,306000000,1020000000,nvhost_podgov,0,3,,47375,48312,48031,47656,47562,48312,5453,995,1472,0.417,19.273,8.040
3934918251391,4999906,200.004,199.983,729600,729600,1728000,schedutil,306000000,306000000,1020000000,nvhost_podgov,0,3,,47437,48468,48218,47687,47593,48468,5453,995,1472,0.432,19.260,8.330
3934923267394,5016003,199.362,199.980,729600,729600,1728000,schedutil,306000000,306000000,1020000000,nvhost_podgov,0,3,,47343,48312,48218,47718,47531,48312,5493,995,1472,0.414,19.275,7.830
3934928268804,5001410,199.944,199.979,729600,729600,1728000,schedutil,306000000,306000000,1020000000,nvhost_podgov,0,3,,47468,48531,48156,47531,47593,48531,5493,995,1472,0.415,19.276,8.650
3934933268198,4999394,200.024,199.980,729600,729600,1728000,schedutil,306000000,306000000,1020000000,nvhost_podgov,0,3,,47531,48468,48156,47750,47562,48468,5493,995,1472,0.410,19.271,7.900
3934938262249,4994051,200.238,199.981,729600,729600,1728000,schedutil,306000000,306000000,1020000000,nvhost_podgov,0,3,,47375,48343,48125,47781,47562,48343,5493,995,1472,0.444,19.273,8.330
3934943264427,5002178,199.913,199.981,729600,729600,1728000,schedutil,306000000,306000000,1020000000,nvhost_podgov,0,3,,47500,48468,48187,47625,47562,48468,5493,995,1472,0.406,19.276,7.760
3934948257133,4992706,200.292,199.983,729600,729600,1728000,schedutil,306000000,306000000,1020000000,nvhost_podgov,0,3,,47500,48343,48312,47625,47593,48437,5493,995,1472,0.417,19.269,8.440
3934953273168,5016035,199.361,199.979,729600,729600,1728000,schedutil,306000000,306000000,1020000000,nvhost_podgov,0,3,,47312,48312,48093,47781,47562,48312,5493,995,1472,0.415,19.270,8.000
3934958250098,4976930,200.927,199.985,729600,729600,1728000,schedutil,306000000,306000000,1020000000,nvhost_podgov,0,3,,47437,48468,48125,47593,47593,48468,5493,995,1472,0.445,19.273,8.580
3934963245556,4995458,200.182,199.986,729600,729600,1728000,schedutil,306000000,306000000,1020000000,nvhost_podgov,0,3,,47375,48312,48218,47718,47562,48406,5493,995,1472,0.431,19.271,8.310
3934968249430,5003874,199.845,199.985,729600,729600,1728000,schedutil,306000000,306000000,1020000000,nvhost_podgov,0,3,,47312,48687,48125,47812,47531,48687,5493,995,1472,0.444,19.260,8.550
3934973263641,5014211,199.433,199.982,729600,729600,1728000,schedutil,306000000,306000000,1020000000,nvhost_podgov,0,3,,47437,48343,48156,47656,47562,48343,5493,995,1472,0.436,19.267,8.410
3934978262203,4998562,200.058,199.982,729600,729600,1728000,schedutil,306000000,306000000,1020000000,nvhost_podgov,0,3,,47343,48593,48250,47687,47625,48593,5542,1035,1472,0.443,19.271,8.520
3934983259485,4997282,200.109,199.983,806400,729600,1728000,schedutil,306000000,306000000,1020000000,nvhost_podgov,0,3,,47343,48375,48187,47781,47656,48562,5542,1035,1472,0.426,19.269,8.220
3934988259232,4999747,200.010,199.983,883200,729600,1728000,schedutil,306000000,306000000,1020000000,nvhost_podgov,0,3,,47343,48375,48156,47687,47593,48375,5542,1035,1472,0.422,19.274,8.140
3934993258562,4999330,200.027,199.983,729600,729600,1728000,schedutil,306000000,306000000,1020000000,nvhost_podgov,0,3,,47187,48531,48250,47656,47531,48531,5542,1035,1472,0.406,19.275,7.830
3934998247908,4989346,200.427,199.986,729600,729600,1728000,schedutil,306000000,306000000,1020000000,nvhost_podgov,0,3,,47312,48375,48218,47687,47562,48375,5533,1035,1512,0.401,19.275,7.730
3935003246182,4998274,200.069,199.986,729600,729600,1728000,schedutil,306000000,306000000,1020000000,nvhost_podgov,0,3,,47312,48531,48218,47687,47625,48531,5533,1035,1512,0.411,19.279,8.100
3935008247945,5001763,199.930,199.986,729600,729600,1728000,schedutil,306000000,306000000,1020000000,nvhost_podgov,0,3,,47187,48531,48281,47718,47562,48531,5533,1035,1512,0.406,19.275,7.830
3935013264491,5016546,199.340,199.982,729600,729600,1728000,schedutil,306000000,306000000,1020000000,nvhost_podgov,0,3,,47406,48281,48125,47781,47593,48281,5533,1035,1512,0.416,19.269,8.030
3935018268910,5004419,199.823,199.981,729600,729600,1728000,schedutil,306000000,306000000,1020000000,nvhost_podgov,0,3,,47250,48468,48187,47687,47562,48468,5542,1035,1472,0.422,19.273,7.920
3935023269648,5000738,199.970,199.981,729600,729600,1728000,schedutil,306000000,306000000,1020000000,nvhost_podgov,0,3,,47250,48312,48281,47781,47562,48500,5542,1035,1472,0.422,19.267,8.140
3935028261362,4991714,200.332,199.983,729600,729600,1728000,schedutil,306000000,306000000,1020000000,nvhost_podgov,0,3,,47375,48250,48156,47687,47562,48250,5542,1035,1472,0.479,19.259,9.220
3935033272437,5011075,199.558,199.981,729600,729600,1728000,schedutil,306000000,306000000,1020000000,nvhost_podgov,0,3,,47468,48312,48187,47687,47593,48312,5542,1035,1472,0.425,19.262,8.600
3935038262039,4989602,200.417,199.983,729600,729600,1728000,schedutil,306000000,306000000,1020000000,nvhost_podgov,0,3,,47468,48312,48125,47718,47531,48312,5582,1035,1512,0.406,19.269,9.010
3935043263513,5001474,199.941,199.983,729600,729600,1728000,schedutil,306000000,306000000,1020000000,nvhost_podgov,0,3,,47562,48687,48062,47656,47562,48687,5582,1035,1512,0.405,19.269,7.810
3935048252731,4989218,200.432,199.985,729600,729600,1728000,schedutil,306000000,306000000,1020000000,nvhost_podgov,0,3,,47437,48375,48250,47625,47656,48375,5582,1035,1512,0.434,19.258,8.360
3935053260190,5007459,199.702,199.984,729600,729600,1728000,schedutil,306000000,306000000,1020000000,nvhost_podgov,0,3,,47500,48718,48343,47718,47531,48718,5582,1035,1512,0.454,19.259,8.740
3935058274592,5014402,199.426,199.981,729600,729600,1728000,schedutil,306000000,306000000,1020000000,nvhost_podgov,0,3,,47500,48437,48156,47656,47531,48687,5582,1074,1512,0.412,19.275,7.950
3935063274627,5000035,199.999,199.981,729600,729600,1728000,schedutil,306000000,306000000,1020000000,nvhost_podgov,0,3,,47468,48343,48250,47687,47562,48343,5582,1074,1512,0.404,19.274,7.780
3935068261093,4986466,200.543,199.984,729600,729600,1728000,schedutil,306000000,306000000,1020000000,nvhost_podgov,0,3,,47437,48593,48093,47687,47593,48593,5582,1074,1512,0.432,19.270,8.330
3935073259047,4997954,200.082,199.985,729600,729600,1728000,schedutil,306000000,306000000,1020000000,nvhost_podgov,0,3,,47687,48375,48093,47625,47562,48375,5582,1074,1512,0.409,19.271,8.550
3935078258409,4999362,200.026,199.985,729600,729600,1728000,schedutil,306000000,306000000,1020000000,nvhost_podgov,0,3,,47687,48500,48218,47656,47625,48375,5582,1074,1512,0.404,19.274,8.280
3935083264268,5005859,199.766,199.984,729600,729600,1728000,schedutil,306000000,306000000,1020000000,nvhost_podgov,0,3,,47343,48531,48156,47781,47531,48531,5582,1074,1512,0.466,19.273,8.990
3935088258158,4993890,200.245,199.985,729600,729600,1728000,schedutil,306000000,306000000,1020000000,nvhost_podgov,0,3,,47593,48312,48125,47656,47531,48312,5582,1074,1512,0.450,19.269,8.670
3935093259984,5001826,199.927,199.985,729600,729600,1728000,schedutil,306000000,306000000,1020000000,nvhost_podgov,0,3,,47593,48468,48250,47656,47593,48468,5621,1074,1512,0.446,19.274,8.600
3935098259251,4999267,200.029,199.985,729600,729600,1728000,schedutil,306000000,306000000,1020000000,nvhost_podgov,0,3,,47281,48375,48093,47750,47562,48375,5621,1074,1512,0.414,19.264,8.960
3935103258549,4999298,200.028,199.985,729600,729600,1728000,schedutil,306000000,306000000,1020000000,nvhost_podgov,0,3,,47500,48343,48125,47656,47562,48343,5621,1074,1512,0.470,19.255,9.050
3935108254519,4995970,200.161,199.986,729600,729600,1728000,schedutil,306000000,306000000,1020000000,nvhost_podgov,0,3,,47500,48375,48312,47687,47593,48375,5621,1074,1512,0.504,19.245,9.690
3935113251065,4996546,200.138,199.987,729600,729600,1728000,schedutil,306000000,306000000,1020000000,nvhost_podgov,0,3,,47500,48312,48062,47750,47656,48312,5621,1074,1512,0.497,19.253,9.570
3935118260316,5009251,199.631,199.985,729600,729600,1728000,schedutil,306000000,306000000,1020000000,nvhost_podgov,0,3,,47593,48750,48125,47562,47656,48750,5621,1074,1512,0.443,19.261,8.520
3935123251518,4991202,200.353,199.987,729600,729600,1728000,schedutil,306000000,306000000,1020000000,nvhost_podgov,0,3,,47562,48343,48187,47718,47593,48343,5621,1074,1512,0.434,19.261,8.360
3935128258785,5007267,199.710,199.985,729600,729600,1728000,schedutil,306000000,306000000,1020000000,nvhost_podgov,0,3,,47562,48687,48125,47781,47500,48687,5621,1074,1512,0.466,19.266,8.990
3935133256835,4998050,200.078,199.986,729600,729600,1728000,schedutil,306000000,306000000,1020000000,nvhost_podgov,0,3,,47593,48437,48156,47656,47593,48593,5661,1114,1512,0.463,19.262,8.470
3935138250213,4993378,200.265,199.987,729600,729600,1728000,schedutil,306000000,306000000,1020000000,nvhost_podgov,0,3,,47468,48375,48250,47781,47562,48375,5661,1114,1512,0.465,19.255,8.950
3935143269608,5019395,199.227,199.984,729600,729600,1728000,schedutil,306000000,306000000,1020000000,nvhost_podgov,0,3,,47656,48625,48125,47593,47562,48625,5661,1114,1512,0.506,19.259,9.750
3935148253066,4983458,200.664,199.987,729600,729600,1728000,schedutil,306000000,306000000,1020000000,nvhost_podgov,0,3,,47656,48281,48156,47593,47593,48281,5701,1154,1512,0.489,19.264,9.420
3935153251308,4998242,200.070,199.987,729600,729600,1728000,schedutil,306000000,306000000,1020000000,nvhost_podgov,0,3,,47593,48593,48312,47718,47625,48375,5701,1154,1512,0.412,19.270,8.170
3935158247182,4995874,200.165,199.988,729600,729600,1728000,schedutil,306000000,306000000,1020000000,nvhost_podgov,0,3,,47500,48562,48187,47781,47593,48562,5701,1154,1512,0.439,19.267,8.220
3935163255313,5008131,199.675,199.987,729600,729600,1728000,schedutil,306000000,306000000,1020000000,nvhost_podgov,0,3,,47406,48343,48156,47625,47656,48343,5701,1154,1512,0.469,19.250,9.020
3935168253171,4997858,200.086,199.987,729600,729600,1728000,schedutil,306000000,306000000,1020000000,nvhost_podgov,0,3,,47406,48500,48250,47781,47625,48500,5701,1154,1512,0.443,19.264,7.950
3935173263957,5010786,199.569,199.985,729600,729600,1728000,schedutil,306000000,306000000,1020000000,nvhost_podgov,0,3,,47562,48500,48093,47625,47656,48500,5701,1154,1512,0.420,19.270,8.090
3935178248983,4985026,200.601,199.988,729600,729600,1728000,schedutil,306000000,306000000,1020000000,nvhost_podgov,0,3,,47500,48312,48187,47781,47656,48312,5701,1154,1512,0.468,19.260,9.000
3935183252378,5003395,199.864,199.987,729600,729600,1728000,schedutil,306000000,306000000,1020000000,nvhost_podgov,0,3,,47437,48437,48375,47718,47562,48437,5701,1154,1512,0.427,19.269,8.240
3935188254300,5001922,199.923,199.987,729600,729600,1728000,schedutil,306000000,306000000,1020000000,nvhost_podgov,0,3,,47562,48250,48156,47687,47562,48250,5741,1154,1512,0.409,19.273,8.360
3935193257695,5003395,199.864,199.987,729600,729600,1728000,schedutil,306000000,306000000,1020000000,nvhost_podgov,0,3,,47593,48312,48187,47687,47656,48312,5741,1154,1512,0.415,19.273,8.000
3935198261345,5003650,199.854,199.986,729600,729600,1728000,schedutil,306000000,306000000,1020000000,nvhost_podgov,0,3,,47437,48406,48281,47781,47593,48406,5741,1154,1512,0.426,19.270,8.220
3935203254019,4992674,200.293,199.987,729600,729600,1728000,schedutil,306000000,306000000,1020000000,nvhost_podgov,0,3,,47562,48656,48218,47687,47562,48656,5741,1154,1512,0.415,19.265,8.450
3935208247557,4993538,200.259,199.989,729600,729600,1728000,schedutil,306000000,306000000,1020000000,nvhost_podgov,0,3,,47656,48375,48187,47718,47593,48375,5741,1154,1512,0.425,19.274,8.190
3935213260296,5012739,199.492,199.986,729600,729600,1728000,schedutil,306000000,306000000,1020000000,nvhost_podgov,0,3,,47375,48312,48156,47781,47562,48312,5741,1154,1512,0.431,19.270,7.810
3935218257514,4997218,200.111,199.987,729600,729600,1728000,schedutil,306000000,306000000,1020000000,nvhost_podgov,0,3,,47562,48531,48125,47687,47562,48531,5741,1154,1512,0.414,19.270,7.970
3935223258060,5000546,199.978,199.987,729600,729600,1728000,schedutil,306000000,306000000,1020000000,nvhost_podgov,0,3,,47562,48437,48218,47718,47562,48437,5741,1154,1512,0.401,19.270,7.730
3935228255215,4997155,200.114,199.987,729600,729600,1728000,schedutil,306000000,306000000,1020000000,nvhost_podgov,0,3,,47343,48531,48250,47843,47656,48406,5741,1154,1512,0.417,19.274,8.440
3935233252273,4997058,200.118,199.988,729600,729600,1728000,schedutil,306000000,306000000,1020000000,nvhost_podgov,0,3,,47656,48468,48156,47593,47593,48468,5741,1154,1512,0.405,19.270,7.810
3935238257939,5005666,199.774,199.987,729600,729600,1728000,schedutil,306000000,306000000,1020000000,nvhost_podgov,0,3,,47656,48343,48281,47781,47656,48343,5741,1154,1512,0.404,19.269,7.780
3935243250230,4992291,200.309,199.988,729600,729600,1728000,schedutil,306000000,306000000,1020000000,nvhost_podgov,0,3,,47406,48468,48156,47687,47562,48468,5741,1154,1512,0.461,19.276,8.900
3935248245400,4995170,200.193,199.989,729600,729600,1728000,schedutil,306000000,306000000,1020000000,nvhost_podgov,0,3,,47562,48375,48187,47718,47562,48375,5741,1154,1512,0.421,19.273,8.410
3935253244794,4999394,200.024,199.989,729600,729600,1728000,schedutil,306000000,306000000,1020000000,nvhost_podgov,0,3,,47406,48312,48156,47625,47593,48312,5741,1154,1512,0.461,19.262,8.880
3935258251869,5007075,199.717,199.988,729600,729600,1728000,schedutil,306000000,306000000,1020000000,nvhost_podgov,0,3,,47375,48437,48093,47781,47531,48437,5741,1154,1512,0.431,19.260,8.310
3935263256095,5004226,199.831,199.988,729600,729600,1728000,schedutil,306000000,306000000,1020000000,nvhost_podgov,0,3,,47531,48375,48156,47625,47593,48375,5741,1154,1512,0.431,19.273,7.870
3935268254753,4998658,200.054,199.988,729600,729600,1728000,schedutil,306000000,306000000,1020000000,nvhost_podgov,0,3,,47375,48343,48312,47718,47625,48343,5741,1154,1512,0.421,19.267,8.280
3935273249411,4994658,200.214,199.989,729600,729600,1728000,schedutil,306000000,306000000,1020000000,nvhost_podgov,0,3,,47468,48468,48187,47781,47656,48468,5741,1154,1512,0.459,19.265,8.830
3935278258854,5009443,199.623,199.987,729600,729600,1728000,schedutil,306000000,306000000,1020000000,nvhost_podgov,0,3,,47593,48625,48125,47625,47656,48625,5741,1194,1512,0.440,19.264,8.470
3935283253512,4994658,200.214,199.988,729600,729600,1728000,schedutil,306000000,306000000,1020000000,nvhost_podgov,0,3,,47343,48375,48187,47718,47656,48656,5741,1194,1512,0.425,19.271,7.950
3935288256906,5003394,199.864,199.988,729600,729600,1728000,schedutil,306000000,306000000,1020000000,nvhost_podgov,0,3,,47531,48312,48125,47781,47593,48312,5741,1194,1512,0.434,19.273,8.360
3935293255373,4998467,200.061,199.988,729600,729600,1728000,schedutil,306000000,306000000,1020000000,nvhost_podgov,0,3,,47531,48625,48125,47625,47656,48625,5741,1194,1512,0.414,19.266,7.970
3935298252751,4997378,200.105,199.989,729600,729600,1728000,schedutil,306000000,306000000,1020000000,nvhost_podgov,0,3,,47406,48406,48218,47687,47656,48406,5741,1194,1512,0.412,19.270,7.950
3935303253265,5000514,199.979,199.988,729600,729600,1728000,schedutil,306000000,306000000,1020000000,nvhost_podgov,0,3,,47562,48375,48125,47625,47625,48375,5741,1194,1512,0.424,19.273,8.170
3935308246228,4992963,200.282,199.990,729600,729600,1728000,schedutil,306000000,306000000,1020000000,nvhost_podgov,0,3,,47500,48531,48187,47625,47593,48531,5741,1194,1512,0.464,19.273,8.930
3935313246230,5000002,200.000,199.990,729600,729600,1728000,schedutil,306000000,306000000,1020000000,nvhost_podgov,0,3,,47500,48312,48312,47718,47593,48312,5741,1194,1512,0.458,19.264,8.820
3935318253816,5007586,199.697,199.989,729600,729600,1728000,schedutil,306000000,306000000,1020000000,nvhost_podgov,0,3,,47593,48531,48187,47687,47562,48531,5741,1194,1512,0.449,19.261,8.640
3935323259099,5005283,199.789,199.988,729600,729600,1728000,schedutil,306000000,306000000,1020000000,nvhost_podgov,0,3,,47750,48437,48187,47625,47593,48437,5741,1194,1512,0.421,19.270,8.120
3935328252701,4993602,200.256,199.989,729600,729600,1728000,schedutil,306000000,306000000,1020000000,nvhost_podgov,0,3,,47406,48312,48343,47656,47625,48343,5741,1194,1512,0.482,19.271,9.290
3935333256255,5003554,199.858,199.988,729600,729600,1728000,schedutil,306000000,306000000,1020000000,nvhost_podgov,0,3,,47437,48468,48187,47843,47656,48468,5741,1194,1512,0.461,19.271,8.880
3935338249857,4993602,200.256,199.989,729600,729600,1728000,schedutil,306000000,306000000,1020000000,nvhost_podgov,0,3,,47656,48343,48187,47656,47593,48406,5741,1194,1512,0.410,19.273,7.950
3935343256388,5006531,199.739,199.988,729600,729600,1728000,schedutil,306000000,306000000,1020000000,nvhost_podgov,0,3,,47406,48312,48125,47781,47593,48312,5741,1194,1512,0.401,19.277,7.730
3935348251078,4994690,200.213,199.989,729600,729600,1728000,schedutil,306000000,306000000,1020000000,nvhost_podgov,0,3,,47406,48437,48156,47656,47562,48437,5741,1194,1512,0.415,19.270,8.000
3935353269545,5018467,199.264,199.986,729600,729600,1728000,schedutil,306000000,306000000,1020000000,nvhost_podgov,0,3,,47500,48750,48250,47687,47656,48750,5741,1194,1512,0.422,19.276,8.140
3935358252843,4983298,200.670,199.989,729600,729600,1728000,schedutil,306000000,306000000,1020000000,nvhost_podgov,0,3,,47312,48437,48343,47750,47656,48593,5741,1194,1512,0.412,19.274,7.950
3935363250733,4997890,200.084,199.989,729600,729600,1728000,schedutil,306000000,306000000,1020000000,nvhost_podgov,0,3,,47437,48406,48187,47687,47656,48406,5741,1194,1512,0.399,19.273,7.680
3935368247471,4996738,200.131,199.990,729600,729600,1728000,schedutil,306000000,306000000,1020000000,nvhost_podgov,0,3,,47437,48625,48250,47687,47593,48625,5741,1194,1512,0.403,19.273,7.760
3935373249042,5001571,199.937,199.990,729600,729600,1728000,schedutil,306000000,306000000,1020000000,nvhost_podgov,0,3,,47250,48343,48281,47781,47562,48343,5741,1154,1512,0.421,19.274,8.120
3935378268244,5019202,199.235,199.987,729600,729600,1728000,schedutil,306000000,306000000,1020000000,nvhost_podgov,0,3,,47468,48343,48156,47718,47625,48343,5741,1154,1512,0.431,19.273,8.720
3935383266391,4998147,200.074,199.987,729600,729600,1728000,schedutil,306000000,306000000,1020000000,nvhost_podgov,0,3,,47468,48500,48250,47687,47718,48500,5741,1154,1512,0.412,19.269,7.950
3935388259161,4992770,200.290,199.988,729600,729600,1728000,schedutil,306000000,306000000,1020000000,nvhost_podgov,0,3,,47406,48437,48125,47750,47625,48437,5741,1194,1512,0.415,19.269,8.000
3935393258779,4999618,200.015,199.988,729600,729600,1728000,schedutil,306000000,306000000,1020000000,nvhost_podgov,0,3,,47562,48593,48187,47593,47625,48593,5741,1194,1512,0.415,19.276,8.380
3935398259677,5000898,199.964,199.988,729600,729600,1728000,schedutil,306000000,306000000,1020000000,nvhost_podgov,0,3,,47406,48531,48218,47750,47718,48531,5741,1194,1512,0.414,19.271,7.970
3935403259456,4999779,200.009,199.988,729600,729600,1728000,schedutil,306000000,306000000,1020000000,nvhost_podgov,0,3,,47406,48312,48125,47781,47625,48312,5741,1194,1512,0.415,19.269,8.000
3935408261602,5002146,199.914,199.988,729600,729600,1728000,schedutil,306000000,306000000,1020000000,nvhost_podgov,0,3,,47500,48531,48156,47656,47593,48531,5741,1154,1512,0.419,19.267,8.060
3935413265028,5003426,199.863,199.988,729600,729600,1728000,schedutil,306000000,306000000,1020000000,nvhost_podgov,0,3,,47375,48312,48187,47656,47656,48500,5741,1154,1512,0.409,19.271,8.520
3935418259527,4994499,200.220,199.989,729600,729600,1728000,schedutil,306000000,306000000,1020000000,nvhost_podgov,0,3,,47531,48343,48187,47718,47625,48343,5741,1154,1512,0.420,19.267,8.910
3935423253801,4994274,200.229,199.989,729600,729600,1728000,schedutil,306000000,306000000,1020000000,nvhost_podgov,0,3,,47531,48437,48156,47718,47687,48437,5741,1154,1512,0.443,19.273,8.520
3935428264299,5010498,199.581,199.988,729600,729600,1728000,schedutil,306000000,306000000,1020000000,nvhost_podgov,0,3,,47500,48312,48250,47656,47625,48312,5741,1154,1512,0.400,19.271,7.710
3935433253965,4989666,200.414,199.990,729600,729600,1728000,schedutil,306000000,306000000,1020000000,nvhost_podgov,0,3,,47406,48687,48156,47625,47593,48687,5741,1154,1512,0.390,19.279,7.670
3935438246768,4992803,200.288,199.991,729600,729600,1728000,schedutil,306000000,306000000,1020000000,nvhost_podgov,0,3,,47406,48406,48218,47750,47562,48406,5741,1154,1512,0.409,19.269,7.510
3935443265106,5018338,199.269,199.988,729600,729600,1728000,schedutil,306000000,306000000,1020000000,nvhost_podgov,0,3,,47312,48687,48250,47750,47593,48687,5741,1154,1512,0.379,19.276,7.300
3935448259636,4994530,200.219,199.989,729600,729600,1728000,schedutil,306000000,306000000,1020000000,nvhost_podgov,0,3,,47312,48312,48125,47625,47562,48656,5741,1154,1512,0.399,19.276,7.690
3935453251735,4992099,200.317,199.990,729600,729600,1728000,schedutil,306000000,306000000,1020000000,nvhost_podgov,0,3,,47468,48281,48156,47750,47562,48281,5741,1154,1512,0.419,19.281,7.510
3935458256825,5005090,199.797,199.989,729600,729600,1728000,schedutil,306000000,306000000,1020000000,nvhost_podgov,0,3,,47218,48562,48281,47718,47562,48562,5741,1154,1512,0.456,19.277,8.790
3935463364605,5107780,195.780,199.973,729600,729600,1728000,schedutil,306000000,306000000,1020000000,nvhost_podgov,0,3,,47406,48375,48187,47625,47562,48375,5741,1154,1512,0.398,19.275,7.670
3935468251262,4886657,204.639,199.990,729600,729600,1728000,schedutil,306000000,306000000,1020000000,nvhost_podgov,0,3,,47500,48406,48187,47656,47625,48406,5741,1154,1512,0.380,19.275,7.320
3935473259936,5008674,199.654,199.989,729600,729600,1728000,schedutil,306000000,306000000,1020000000,nvhost_podgov,0,3,,47281,48531,48250,47781,47531,48531,5741,1154,1512,0.388,19.271,7.860
3935478253506,4993570,200.258,199.990,729600,729600,1728000,schedutil,306000000,306000000,1020000000,nvhost_podgov,0,3,,47281,48312,48093,47750,47562,48312,5701,1154,1512,0.386,19.281,7.450
3935483264261,5010755,199.571,199.988,729600,729600,1728000,schedutil,306000000,306000000,1020000000,nvhost_podgov,0,3,,47468,48500,48218,47718,47562,48500,5701,1154,1512,0.374,19.273,7.210
3935488253511,4989250,200.431,199.990,729600,729600,1728000,schedutil,306000000,306000000,1020000000,nvhost_podgov,0,3,,47312,48312,48125,47687,47562,48500,5701,1154,1512,0.405,19.280,7.810
3935493268521,5015010,199.401,199.988,729600,729600,1728000,schedutil,306000000,306000000,1020000000,nvhost_podgov,0,3,,47312,48312,48156,47625,47531,48312,5701,1154,1512,0.390,19.274,7.510
3935498251755,4983234,200.673,199.990,729600,729600,1728000,schedutil,306000000,306000000,1020000000,nvhost_podgov,0,3,,47406,48531,48187,47750,47593,48531,5701,1114,1512,0.376,19.276,7.260
3935503270254,5018499,199.263,199.988,729600,729600,1728000,schedutil,306000000,306000000,1020000000,nvhost_podgov,0,3,,47250,48375,48218,47750,47562,48375,5701,1114,1512,0.384,19.271,7.710
3935508249424,4979170,200.837,199.991,729600,729600,1728000,schedutil,306000000,306000000,1020000000,nvhost_podgov,0,3,,47375,48750,48125,47656,47562,48750,5701,1114,1512,0.401,19.277,8.120
3935513250194,5000770,199.969,199.991,729600,729600,1728000,schedutil,306000000,306000000,1020000000,nvhost_podgov,0,3,,47375,48437,48250,47687,47593,48437,5661,1114,1512,0.390,19.276,7.130
3935518249749,4999555,200.018,199.991,729600,729600,1728000,schedutil,306000000,306000000,1020000000,nvhost_podgov,0,3,,47250,48468,48218,47812,47562,48468,5661,1114,1512,0.372,19.276,7.180
3935523250615,5000866,199.965,199.991,729600,729600,1728000,schedutil,306000000,306000000,1020000000,nvhost_podgov,0,3,,47343,48468,48250,47687,47625,48625,5661,1114,1512,0.395,19.274,7.620
3935528247737,4997122,200.115,199.991,729600,729600,1728000,schedutil,306000000,306000000,1020000000,nvhost_podgov,0,3,,47343,48343,48218,47656,47562,48343,5661,1114,1512,0.400,19.276,7.510
3935533249788,5002051,199.918,199.991,729600,729600,1728000,schedutil,306000000,306000000,1020000000,nvhost_podgov,0,3,,47187,48656,48125,47687,47500,48656,5661,1114,1512,0.379,19.282,7.420
3935538248734,4998946,200.042,199.991,729600,729600,1728000,schedutil,306000000,306000000,1020000000,nvhost_podgov,0,3,,47312,48375,48156,47625,47593,48375,5661,1114,1512,0.395,19.282,7.620
3935543251040,5002306,199.908,199.991,729600,729600,1728000,schedutil,306000000,306000000,1020000000,nvhost_podgov,0,3,,47156,48562,48187,47750,47656,48312,5661,1114,1512,0.381,19.277,7.350
3935548248898,4997858,200.086,199.991,729600,729600,1728000,schedutil,306000000,306000000,1020000000,nvhost_podgov,0,3,,47187,48531,48187,47781,47593,48531,5661,1114,1512,0.394,19.279,7.640
3935553249029,5000131,199.995,199.991,729600,729600,1728000,schedutil,306000000,306000000,1020000000,nvhost_podgov,0,3,,47250,48406,48156,47656,47593,48406,5621,1074,1512,0.372,19.277,7.180
3935558247975,4998946,200.042,199.991,729600,729600,1728000,schedutil,306000000,306000000,1020000000,nvhost_podgov,0,3,,47125,48500,48312,47687,47625,48500,5621,1074,1512,0.396,19.276,7.640
3935563248809,5000834,199.967,199.991,729600,729600,1728000,schedutil,306000000,306000000,1020000000,nvhost_podgov,0,3,,47218,48312,48125,47875,47593,48531,5621,1074,1512,0.393,19.277,7.560
3935568249260,5000451,199.982,199.991,729600,729600,1728000,schedutil,306000000,306000000,1020000000,nvhost_podgov,0,3,,47218,48437,48156,47656,47625,48437,5621,1074,1512,0.384,19.276,7.810
3935573249294,5000034,199.999,199.991,729600,729600,1728000,schedutil,306000000,306000000,1020000000,nvhost_podgov,0,3,,47187,48437,48250,47687,47593,48437,5621,1074,1512,0.401,19.275,7.730
3935578247280,4997986,200.081,199.991,729600,729600,1728000,schedutil,306000000,306000000,1020000000,nvhost_podgov,0,3,,47250,48375,48125,47812,47562,48375,5621,1074,1512,0.384,19.270,7.400
3935583249363,5002083,199.917,199.991,729600,729600,1728000,schedutil,306000000,306000000,1020000000,nvhost_podgov,0,3,,47375,48750,48187,47625,47625,48750,5582,1074,1512,0.380,19.279,7.320
3935588248373,4999010,200.040,199.991,729600,729600,1728000,schedutil,306000000,306000000,1020000000,nvhost_podgov,0,3,,47375,48406,48343,47781,47562,48406,5582,1074,1512,0.374,19.279,7.560
3935593249655,5001282,199.949,199.991,729600,729600,1728000,schedutil,306000000,306000000,1020000000,nvhost_podgov,0,3,,47218,48718,48062,47687,47562,48718,5582,1074,1512,0.404,19.277,7.780
3935598262330,5012675,199.494,199.990,729600,729600,1728000,schedutil,306000000,306000000,1020000000,nvhost_podgov,0,3,,47500,48375,48218,47718,47625,48375,5582,1074,1512,0.370,19.270,7.130
3935603254236,4991906,200.324,199.991,729600,729600,1728000,schedutil,306000000,306000000,1020000000,nvhost_podgov,0,3,,47500,48312,48281,47781,47593,48343,5582,1035,1472,0.395,19.281,7.260
3935608249278,4995042,200.199,199.991,729600,729600,1728000,schedutil,306000000,306000000,1020000000,nvhost_podgov,0,3,,47187,48562,48156,47812,47531,48562,5582,1035,1472,0.389,19.281,7.640
3935613249152,4999874,200.005,199.991,729600,729600,1728000,schedutil,306000000,306000000,1020000000,nvhost_podgov,0,3,,47437,48343,48218,47656,47562,48343,5582,1035,1472,0.399,19.265,7.680
3935618267043,5017891,199.287,199.989,729600,729600,1728000,schedutil,306000000,306000000,1020000000,nvhost_podgov,0,3,,47281,48625,48218,47781,47562,48343,5582,1035,1472,0.421,19.274,8.740
3935623252997,4985954,200.563,199.991,729600,729600,1728000,schedutil,306000000,306000000,1020000000,nvhost_podgov,0,3,,47281,48593,48125,47625,47593,48593,5542,1035,1472,0.417,19.280,7.690
3935628249319,4996322,200.147,199.991,729600,729600,1728000,schedutil,306000000,306000000,1020000000,nvhost_podgov,0,3,,47562,48312,48218,47718,47593,48312,5542,1035,1472,0.391,19.276,7.540
3935633249194,4999875,200.005,199.992,729600,729600,1728000,schedutil,306000000,306000000,1020000000,nvhost_podgov,0,3,,47250,48500,48375,47750,47468,48500,5542,1035,1472,0.389,19.279,7.500
3935638260972,5011778,199.530,199.990,729600,729600,1728000,schedutil,306000000,306000000,1020000000,nvhost_podgov,0,3,,47250,48343,48218,47718,47593,48406,5542,1035,1472,0.403,19.275,7.760
3935643252622,4991650,200.335,199.991,729600,729600,1728000,schedutil,306000000,306000000,1020000000,nvhost_podgov,0,3,,47406,48312,48187,47750,47562,48312,5542,1035,1472,0.376,19.279,7.260
3935648249617,4996995,200.120,199.992,729600,729600,1728000,schedutil,306000000,306000000,1020000000,nvhost_podgov,0,3,,47218,48437,48281,47781,47562,48437,5542,1035,1472,0.415,19.276,8.000
3935653250419,5000802,199.968,199.991,729600,729600,1728000,schedutil,306000000,306000000,1020000000,nvhost_podgov,0,3,,47375,48312,48156,47656,47562,48312,5542,1035,1472,0.388,19.279,7.480
3935658250805,5000386,199.985,199.991,729600,729600,1728000,schedutil,306000000,306000000,1020000000,nvhost_podgov,0,3,,47375,48312,48187,47687,47562,48312,5542,1035,1472,0.394,19.282,7.590
3935663269784,5018979,199.244,199.989,729600,729600,1728000,schedutil,306000000,306000000,1020000000,nvhost_podgov,0,3,,47125,48500,48187,47750,47531,48500,5542,1035,1472,0.420,19.275,8.030
3935668250778,4980994,200.763,199.992,729600,729600,1728000,schedutil,306000000,306000000,1020000000,nvhost_podgov,0,3,,47375,48718,48156,47656,47562,48718,5542,1035,1472,0.404,19.275,7.780
3935673263228,5012450,199.503,199.990,729600,729600,1728000,schedutil,306000000,306000000,1020000000,nvhost_podgov,0,3,,47218,48375,48250,47562,47593,48625,5542,1035,1472,0.396,19.271,7.640
3935678250590,4987362,200.507,199.992,729600,729600,1728000,schedutil,306000000,306000000,1020000000,nvhost_podgov,0,3,,47187,48437,48375,47781,47562,48437,5542,1035,1472,0.395,19.284,7.530
3935683251809,5001219,199.951,199.991,729600,729600,1728000,schedutil,306000000,306000000,1020000000,nvhost_podgov,0,3,,47250,48562,48125,47656,47562,48562,5542,1035,1472,0.391,19.277,7.540
3935688249667,4997858,200.086,199.992,729600,729600,1728000,schedutil,306000000,306000000,1020000000,nvhost_podgov,0,3,,47218,48375,48312,47687,47593,48375,5542,1035,1472,0.398,19.280,7.670
3935693249285,4999618,200.015,199.992,729600,729600,1728000,schedutil,306000000,306000000,1020000000,nvhost_podgov,0,3,,47218,48562,48125,47718,47562,48406,5542,1035,1472,0.421,19.276,8.120
3935698250376,5001091,199.956,199.992,729600,729600,1728000,schedutil,306000000,306000000,1020000000,nvhost_podgov,0,3,,47343,48593,48156,47718,47562,48593,5502,1035,1472,0.388,19.284,7.320
3935703251978,5001602,199.936,199.992,729600,729600,1728000,schedutil,306000000,306000000,1020000000,nvhost_podgov,0,3,,47218,48312,48250,47750,47562,48312,5502,1035,1472,0.378,19.279,7.560
3935708249036,4997058,200.118,199.992,729600,729600,1728000,schedutil,306000000,306000000,1020000000,nvhost_podgov,0,3,,47250,48500,48156,47812,47562,48500,5502,1035,1472,0.380,19.276,7.320
3935713260143,5011107,199.557,199.991,729600,729600,1728000,schedutil,306000000,306000000,1020000000,nvhost_podgov,0,3,,47437,48468,48093,47718,47562,48468,5502,1035,1472,0.390,19.269,7.510
3935718249809,4989666,200.414,199.992,729600,729600,1728000,schedutil,306000000,306000000,1020000000,nvhost_podgov,0,3,,47437,48250,48281,47687,47593,48281,5502,995,1472,0.386,19.281,7.370
3935723260531,5010722,199.572,199.991,729600,729600,1728000,schedutil,306000000,306000000,1020000000,nvhost_podgov,0,3,,47281,48468,48187,47812,47562,48468,5502,995,1472,0.379,19.280,7.300
3935728249813,4989282,200.430,199.992,729600,729600,1728000,schedutil,306000000,306000000,1020000000,nvhost_podgov,0,3,,47468,48312,48156,47687,47562,48312,5502,995,1472,0.422,19.280,8.140
3935733249656,4999843,200.006,199.992,729600,729600,1728000,schedutil,306000000,306000000,1020000000,nvhost_podgov,0,3,,47468,48375,48250,47750,47562,48375,5502,995,1472,0.384,19.274,7.560
3935738248986,4999330,200.027,199.992,729600,729600,1728000,schedutil,306000000,306000000,1020000000,nvhost_podgov,0,3,,47156,48437,48156,47843,47468,48437,5502,995,1472,0.407,19.280,7.860
3935743250300,5001314,199.947,199.992,729600,729600,1728000,schedutil,306000000,306000000,1020000000,nvhost_podgov,0,3,,47375,48718,48312,47687,47625,48718,5502,995,1472,0.396,19.280,7.640
3935748248831,4998531,200.059,199.992,729600,729600,1728000,schedutil,306000000,306000000,1020000000,nvhost_podgov,0,3,,47375,48406,48218,47781,47562,48625,5502,995,1472,0.399,19.276,7.690
3935753250145,5001314,199.947,199.992,729600,729600,1728000,schedutil,306000000,306000000,1020000000,nvhost_podgov,0,3,,47218,48375,48156,47781,47531,48375,5462,995,1472,0.403,19.280,7.760
3935758249187,4999042,200.038,199.992,729600,729600,1728000,schedutil,306000000,306000000,1020000000,nvhost_podgov,0,3,,47437,48656,48125,47562,47593,48656,5462,995,1472,0.386,19.282,7.450
3935763250278,5001091,199.956,199.992,729600,729600,1728000,schedutil,306000000,306000000,1020000000,nvhost_podgov,0,3,,47375,48406,48312,47781,47500,48406,5462,995,1472,0.427,19.277,8.240
3935768257160,5006882,199.725,199.991,729600,729600,1728000,schedutil,306000000,306000000,1020000000,nvhost_podgov,0,3,,47281,48406,48187,47625,47593,48406,5462,995,1472,0.389,19.277,7.400
3935773250186,4993026,200.279,199.992,729600,729600,1728000,schedutil,306000000,306000000,1020000000,nvhost_podgov,0,3,,47406,48531,48218,47718,47593,48531,5462,995,1472,0.411,19.275,7.670
3935778250509,5000323,199.987,199.992,729600,729600,1728000,schedutil,306000000,306000000,1020000000,nvhost_podgov,0,3,,47187,48312,48250,47781,47562,48312,5462,995,1472,0.386,19.285,7.330
3935783250223,4999714,200.011,199.992,729600,729600,1728000,schedutil,306000000,306000000,1020000000,nvhost_podgov,0,3,,47281,48468,48125,47906,47531,48468,5462,995,1472,0.395,19.267,7.620
3935788250449,5000226,199.991,199.992,729600,729600,1728000,schedutil,306000000,306000000,1020000000,nvhost_podgov,0,3,,47312,48500,48125,47687,47531,48500,5462,995,1472,0.380,19.280,7.320
3935793250420,4999971,200.001,199.992,729600,729600,1728000,schedutil,306000000,306000000,1020000000,nvhost_podgov,0,3,,47187,48343,48312,47656,47468,48343,5462,995,1472,0.381,19.279,7.350
3935798248310,4997890,200.084,199.992,729600,729600,1728000,schedutil,306000000,306000000,1020000000,nvhost_podgov,0,3,,47281,48468,48187,47718,47656,48468,5462,995,1472,0.391,19.277,7.540
3935803250712,5002402,199.904,199.992,729600,729600,1728000,schedutil,306000000,306000000,1020000000,nvhost_podgov,0,3,,47250,48312,48187,47687,47625,48312,5462,995,1472,0.407,19.279,7.860
3935808247706,4996994,200.120,199.993,729600,729600,1728000,schedutil,306000000,306000000,1020000000,nvhost_podgov,0,3,,47218,48343,48187,47718,47468,48343,5422,955,1472,0.381,19.276,7.350
3935813248541,5000835,199.967,199.993,729600,729600,1728000,schedutil,306000000,306000000,1020000000,nvhost_podgov,0,3,,47250,48375,48156,47718,47625,48375,5422,955,1472,0.409,19.267,7.870
3935818262015,5013474,199.462,199.991,729600,729600,1728000,schedutil,306000000,306000000,1020000000,nvhost_podgov,0,3,,47218,48718,48156,47625,47593,48718,5422,955,1472,0.424,19.275,8.170
3935823250529,4988514,200.460,199.992,729600,729600,1728000,schedutil,306000000,306000000,1020000000,nvhost_podgov,0,3,,47218,48437,48375,47781,47562,48687,5422,955,1472,0.400,19.273,7.710
3935828250564,5000035,199.999,199.992,729600,729600,1728000,schedutil,306000000,306000000,1020000000,nvhost_podgov,0,3,,47312,48375,48156,47687,47562,48375,5422,955,1472,0.388,19.280,7.480
3935833248166,4997602,200.096,199.993,729600,729600,1728000,schedutil,306000000,306000000,1020000000,nvhost_podgov,0,3,,47218,48687,48156,47656,47562,48687,5422,955,1472,0.389,19.275,7.490
3935838252936,5004770,199.809,199.992,729600,729600,1728000,schedutil,306000000,306000000,1020000000,nvhost_podgov,0,3,,47187,48343,48125,47781,47562,48343,5422,955,1472,0.391,19.273,7.540
3935843249547,4996611,200.136,199.993,729600,729600,1728000,schedutil,306000000,306000000,1020000000,nvhost_podgov,0,3,,47281,48625,48156,47687,47562,48375,5422,955,1472,0.370,19.281,7.130
3935848249965,5000418,199.983,199.992,729600,729600,1728000,schedutil,306000000,306000000,1020000000,nvhost_podgov,0,3,,47187,48531,48187,47781,47593,48531,5422,955,1472,0.386,19.280,7.810
3935853251279,5001314,199.947,199.992,729600,729600,1728000,schedutil,306000000,306000000,1020000000,nvhost_podgov,0,3,,47218,48312,48156,47781,47500,48312,5422,955,1472,0.381,19.274,7.350
3935858249137,4997858,200.086,199.993,729600,729600,1728000,schedutil,306000000,306000000,1020000000,nvhost_podgov,0,3,,47437,48500,48187,47625,47531,48500,5422,955,1472,0.375,19.277,7.230
3935863249236,5000099,199.996,199.993,729600,729600,1728000,schedutil,306000000,306000000,1020000000,nvhost_podgov,0,3,,47437,48406,48375,47687,47625,48406,5422,955,1472,0.393,19.281,7.560
3935868247958,4998722,200.051,199.993,729600,729600,1728000,schedutil,306000000,306000000,1020000000,nvhost_podgov,0,3,,47156,48312,48125,47781,47593,48312,5422,955,1472,0.384,19.271,7.400
3935873250328,5002370,199.905,199.993,729600,729600,1728000,schedutil,306000000,306000000,1020000000,nvhost_podgov,0,3,,47375,48437,48187,47625,47500,48437,5422,955,1472,0.407,19.273,7.860
3935878249531,4999203,200.032,199.993,729600,729600,1728000,schedutil,306000000,306000000,1020000000,nvhost_podgov,0,3,,47375,48375,48250,47718,47562,48375,5422,955,1472,0.386,19.274,7.450
3935883250365,5000834,199.967,199.993,729600,729600,1728000,schedutil,306000000,306000000,1020000000,nvhost_podgov,0,3,,47250,48312,48093,47781,47562,48312,5422,955,1472,0.379,19.276,7.300
3935888249183,4998818,200.047,199.993,729600,729600,1728000,schedutil,306000000,306000000,1020000000,nvhost_podgov,0,3,,47500,48375,48187,47687,47593,48375,5422,955,1472,0.381,19.277,7.350
3935893266018,5016835,199.329,199.991,729600,729600,1728000,schedutil,306000000,306000000,1020000000,nvhost_podgov,0,3,,47500,48312,48187,47718,47656,48312,5422,955,1472,0.389,19.275,7.490
3935898249668,4983650,200.656,199.993,729600,729600,1728000,schedutil,306000000,306000000,1020000000,nvhost_podgov,0,3,,47156,48468,48125,47781,47531,48656,5382,955,1472,0.374,19.276,7.210
3935903251046,5001378,199.945,199.993,729600,729600,1728000,schedutil,306000000,306000000,1020000000,nvhost_podgov,0,3,,47406,48406,48156,47718,47593,48406,5382,955,1472,0.381,19.277,7.690
3935908249417,4998371,200.065,199.993,729600,729600,1728000,schedutil,306000000,306000000,1020000000,nvhost_podgov,0,3,,47218,48625,48218,47781,47562,48625,5382,955,1472,0.391,19.277,7.540
3935913250155,5000738,199.970,199.993,729600,729600,1728000,schedutil,306000000,306000000,1020000000,nvhost_podgov,0,3,,47187,48406,48156,47593,47531,48406,5382,955,1472,0.378,19.273,7.270
3935918248237,4998082,200.077,199.993,729600,729600,1728000,schedutil,306000000,306000000,1020000000,nvhost_podgov,0,3,,47281,48343,48187,47625,47593,48343,5382,955,1472,0.398,19.274,7.670
3935923250992,5002755,199.890,199.993,729600,729600,1728000,schedutil,306000000,306000000,1020000000,nvhost_podgov,0,3,,47187,48562,48218,47656,47562,48562,5382,955,1472,0.388,19.277,7.260
3935928248274,4997282,200.109,199.993,729600,729600,1728000,schedutil,306000000,306000000,1020000000,nvhost_podgov,0,3,,47187,48312,48125,47781,47531,48312,5382,955,1472,0.389,19.284,7.860
3935933247892,4999618,200.015,199.993,729600,729600,1728000,schedutil,306000000,306000000,1020000000,nvhost_podgov,0,3,,47250,48562,48250,47656,47593,48562,5382,955,1472,0.403,19.275,7.760
3935938250006,5002114,199.915,199.993,729600,729600,1728000,schedutil,306000000,306000000,1020000000,nvhost_podgov,0,3,,47187,48531,48281,47781,47562,48531,5382,955,1472,0.364,19.279,7.010
3935943251129,5001123,199.955,199.993,729600,729600,1728000,schedutil,306000000,306000000,1020000000,nvhost_podgov,0,3,,47250,48343,48187,47531,47562,48343,5382,955,1472,0.388,19.281,7.560
3935948263931,5012802,199.489,199.991,729600,729600,1728000,schedutil,306000000,306000000,1020000000,nvhost_podgov,0,3,,47250,48500,48187,47625,47531,48500,5382,955,1472,0.410,19.276,7.690
3935953250973,4987042,200.520,199.993,729600,729600,1728000,schedutil,306000000,306000000,1020000000,nvhost_podgov,0,3,,47156,48312,48312,47718,47531,48437,5382,915,1472,0.362,19.277,6.990
3935958248800,4997827,200.087,199.993,729600,729600,1728000,schedutil,306000000,306000000,1020000000,nvhost_podgov,0,3,,47281,48312,48156,47593,47562,48312,5382,915,1472,0.404,19.279,7.780
3935963249826,5001026,199.959,199.993,729600,729600,1728000,schedutil,306000000,306000000,1020000000,nvhost_podgov,0,3,,47156,48468,48125,47656,47562,48468,5382,915,1472,0.390,19.275,7.510
3935968249060,4999234,200.031,199.993,729600,729600,1728000,schedutil,306000000,306000000,1020000000,nvhost_podgov,0,3,,47156,48343,48375,47781,47500,48375,5382,915,1472,0.393,19.279,7.560
3935973249031,4999971,200.001,199.993,729600,729600,1728000,schedutil,306000000,306000000,1020000000,nvhost_podgov,0,3,,47281,48437,48156,47656,47562,48656,5334,915,1472,0.385,19.281,7.420
3935978250377,5001346,199.946,199.993,729600,729600,1728000,schedutil,306000000,306000000,1020000000,nvhost_podgov,0,3,,47218,48343,48250,47656,47562,48343,5334,915,1472,0.393,19.280,7.560
3935983249675,4999298,200.028,199.993,729600,729600,1728000,schedutil,306000000,306000000,1020000000,nvhost_podgov,0,3,,47218,48687,48125,47812,47531,48687,5334,915,1472,0.394,19.276,7.590
3935988285742,5036067,198.568,199.989,729600,729600,1728000,schedutil,306000000,306000000,1020000000,nvhost_podgov,0,3,,47156,48312,48187,47687,47468,48312,5334,915,1472,0.407,19.282,7.860
3935993252432,4966690,201.341,199.993,729600,729600,1728000,schedutil,306000000,306000000,1020000000,nvhost_podgov,0,3,,47375,48375,48156,47750,47531,48375,5334,915,1472,0.388,19.280,7.480
3935998249138,4996706,200.132,199.993,729600,729600,1728000,schedutil,306000000,306000000,1020000000,nvhost_podgov,0,3,,47250,48593,48125,47562,47562,48312,5334,915,1472,0.385,19.276,7.420
3936003653852,5404714,185.024,199.950,729600,729600,1728000,schedutil,306000000,306000000,1020000000,nvhost_podgov,0,3,,47406,48312,48187,47625,47562,48312,5334,915,1472,0.404,19.277,7.780
3936008249655,4595803,217.590,199.993,729600,729600,1728000,schedutil,306000000,306000000,1020000000,nvhost_podgov,0,3,,47406,48500,48218,47656,47593,48312,5334,915,1472,0.385,19.279,7.420
3936013249529,4999874,200.005,199.993,729600,729600,1728000,schedutil,306000000,306000000,1020000000,nvhost_podgov,0,3,,47125,48531,48125,47843,47531,48531,5342,915,1472,0.391,19.279,7.540
3936018248411,4998882,200.045,199.993,729600,729600,1728000,schedutil,306000000,306000000,1020000000,nvhost_podgov,0,3,,47375,48312,48125,47593,47562,48312,5342,915,1472,0.385,19.270,7.650
3936023250654,5002243,199.910,199.993,729600,729600,1728000,schedutil,306000000,306000000,1020000000,nvhost_podgov,0,3,,47375,48531,48218,47781,47718,48531,5342,915,1472,0.384,19.274,7.400
3936028252960,5002306,199.908,199.993,729600,729600,1728000,schedutil,306000000,306000000,1020000000,nvhost_podgov,0,3,,47218,48281,48062,47875,47531,48468,5334,915,1472,0.371,19.275,7.160
3936033249442,4996482,200.141,199.993,729600,729600,1728000,schedutil,306000000,306000000,1020000000,nvhost_podgov,0,3,,47406,48312,48093,47687,47593,48312,5334,915,1472,0.380,19.277,7.760
3936038249573,5000131,199.995,199.993,729600,729600,1728000,schedutil,306000000,306000000,1020000000,nvhost_podgov,0,3,,47406,48468,48312,47687,47562,48468,5334,915,1472,0.396,19.277,7.730
3936043250439,5000866,199.965,199.993,729600,729600,1728000,schedutil,306000000,306000000,1020000000,nvhost_podgov,0,3,,47156,48281,48156,47781,47468,48281,5342,915,1472,0.389,19.276,7.490
3936048248393,4997954,200.082,199.993,729600,729600,1728000,schedutil,306000000,306000000,1020000000,nvhost_podgov,0,3,,47312,48718,48156,47656,47656,48718,5342,915,1472,0.406,19.279,7.830
3936053249099,5000706,199.972,199.993,729600,729600,1728000,schedutil,306000000,306000000,1020000000,nvhost_podgov,0,3,,47218,48312,48312,47656,47687,48312,5342,915,1472,0.374,19.271,7.450
3936058249390,5000291,199.988,199.993,729600,729600,1728000,schedutil,306000000,306000000,1020000000,nvhost_podgov,0,3,,47281,48656,48187,47781,47562,48656,5342,915,1472,0.412,19.275,8.090
3936063249584,5000194,199.992,199.993,729600,729600,1728000,schedutil,306000000,306000000,1020000000,nvhost_podgov,0,3,,47375,48343,48187,47656,47593,48343,5302,915,1472,0.374,19.275,7.210
3936068248754,4999170,200.033,199.993,729600,729600,1728000,schedutil,306000000,306000000,1020000000,nvhost_podgov,0,3,,47156,48375,48218,47656,47625,48375,5302,915,1472,0.401,19.276,7.730
3936073248373,4999619,200.015,199.994,729600,729600,1728000,schedutil,306000000,306000000,1020000000,nvhost_podgov,0,3,,47250,48593,48156,47656,47562,48593,5302,915,1472,0.386,19.280,7.860
3936078251191,5002818,199.887,199.993,729600,729600,1728000,schedutil,306000000,306000000,1020000000,nvhost_podgov,0,3,,47250,48375,48218,47656,47531,48375,5294,915,1472,0.399,19.275,7.680
3936083248921,4997730,200.091,199.993,729600,729600,1728000,schedutil,306000000,306000000,1020000000,nvhost_podgov,0,3,,47125,48593,48250,47781,47656,48343,5294,915,1472,0.398,19.276,7.670
3936088250460,5001539,199.938,199.993,729600,729600,1728000,schedutil,306000000,306000000,1020000000,nvhost_podgov,0,3,,47218,48437,48125,47593,47500,48437,5294,915,1472,0.371,19.271,7.160
3936093248446,4997986,200.081,199.994,729600,729600,1728000,schedutil,306000000,306000000,1020000000,nvhost_podgov,0,3,,47125,48375,48187,47687,47593,48375,5294,915,1472,0.388,19.277,7.480
3936098251040,5002594,199.896,199.993,729600,729600,1728000,schedutil,306000000,306000000,1020000000,nvhost_podgov,0,3,,47187,48500,48343,47718,47468,48500,5294,915,1472,0.378,19.279,7.320
3936103250019,4998979,200.041,199.993,729600,729600,1728000,schedutil,306000000,306000000,1020000000,nvhost_podgov,0,3,,47156,48312,48062,47687,47531,48406,5294,915,1472,0.386,19.279,7.860
3936108249509,4999490,200.020,199.994,729600,729600,1728000,schedutil,306000000,306000000,1020000000,nvhost_podgov,0,3,,47156,48343,48250,47593,47562,48343,5294,915,1472,0.380,19.275,7.320
3936113248839,4999330,200.027,199.994,729600,729600,1728000,schedutil,306000000,306000000,1020000000,nvhost_podgov,0,3,,47156,48468,48281,47750,47500,48468,5294,915,1472,0.412,19.274,7.970
3936118248425,4999586,200.017,199.994,729600,729600,1728000,schedutil,306000000,306000000,1020000000,nvhost_podgov,0,3,,47156,48312,48156,47656,47468,48312,5294,915,1472,0.383,19.281,7.370
3936123250700,5002275,199.909,199.993,729600,729600,1728000,schedutil,306000000,306000000,1020000000,nvhost_podgov,0,3,,47406,48312,48218,47718,47593,48312,5294,915,1472,0.380,19.279,7.320
3936128249550,4998850,200.046,199.994,729600,729600,1728000,schedutil,306000000,306000000,1020000000,nvhost_podgov,0,3,,47125,48437,48375,47687,47562,48437,5294,915,1472,0.399,19.276,7.690
3936133251120,5001570,199.937,199.993,729600,729600,1728000,schedutil,306000000,306000000,1020000000,nvhost_podgov,0,3,,47218,48687,48125,47625,47500,48687,5294,875,1472,0.379,19.281,7.620
3936138248243,4997123,200.115,199.994,729600,729600,1728000,schedutil,306000000,306000000,1020000000,nvhost_podgov,0,3,,47437,48687,48218,47718,47562,48687,5294,875,1472,0.401,19.279,7.730
3936143249845,5001602,199.936,199.994,729600,729600,1728000,schedutil,306000000,306000000,1020000000,nvhost_podgov,0,3,,47218,48312,48093,47781,47562,48312,5294,875,1472,0.383,19.276,7.510
3936148262680,5012835,199.488,199.992,729600,729600,1728000,schedutil,306000000,306000000,1020000000,nvhost_podgov,0,3,,47312,48656,48250,47656,47562,48656,5294,875,1472,0.409,19.262,7.870
3936153252378,4989698,200.413,199.993,729600,729600,1728000,schedutil,306000000,306000000,1020000000,nvhost_podgov,0,3,,47562,48375,48312,47625,47562,48375,5294,875,1472,0.414,19.273,8.090
3936158249436,4997058,200.118,199.994,729600,729600,1728000,schedutil,306000000,306000000,1020000000,nvhost_podgov,0,3,,47250,48531,48218,47812,47593,48312,5294,875,1472,0.412,19.271,7.920
3936163249310,4999874,200.005,199.994,729600,729600,1728000,schedutil,306000000,306000000,1020000000,nvhost_podgov,0,3,,47531,48500,48187,47593,47531,48500,5294,875,1472,0.429,19.267,8.770
3936168250177,5000867,199.965,199.994,729600,729600,1728000,schedutil,306000000,306000000,1020000000,nvhost_podgov,0,3,,47531,48343,48125,47718,47656,48343,5294,875,1472,0.394,19.277,7.590
3936173248899,4998722,200.051,199.994,729600,729600,1728000,schedutil,306000000,306000000,1020000000,nvhost_podgov,0,3,,47281,48437,48218,47875,47500,48437,5294,915,1472,0.431,19.270,7.730
3936178249221,5000322,199.987,199.994,729600,729600,1728000,schedutil,306000000,306000000,1020000000,nvhost_podgov,0,3,,47437,48312,48156,47687,47562,48437,5294,915,1472,0.400,19.273,7.710
3936183250568,5001347,199.946,199.994,729600,729600,1728000,schedutil,306000000,306000000,1020000000,nvhost_podgov,0,3,,47437,48312,48250,47656,47562,48312,5294,915,1472,0.441,19.266,8.500
3936188254346,5003778,199.849,199.993,729600,729600,1728000,schedutil,306000000,306000000,1020000000,nvhost_podgov,0,3,,47250,48500,48125,47750,47531,48500,5294,915,1472,0.412,19.273,7.680
3936193249868,4995522,200.179,199.994,729600,729600,1728000,schedutil,306000000,306000000,1020000000,nvhost_podgov,0,3,,47375,48312,48218,47625,47531,48312,5294,915,1472,0.410,19.274,8.000
3936198249518,4999650,200.014,199.994,729600,729600,1728000,schedutil,306000000,306000000,1020000000,nvhost_podgov,0,3,,47218,48343,48250,47687,47562,48343,5294,915,1472,0.411,19.270,7.490
3936203250417,5000899,199.964,199.994,729600,729600,1728000,schedutil,306000000,306000000,1020000000,nvhost_podgov,0,3,,47187,48406,48218,47781,47562,48406,5294,915,1472,0.429,19.275,8.270
3936208248467,4998050,200.078,199.994,729600,729600,1728000,schedutil,306000000,306000000,1020000000,nvhost_podgov,0,3,,47281,48718,48218,47687,47625,48718,5294,915,1472,0.401,19.270,7.810
3936213247733,4999266,200.029,199.994,729600,729600,1728000,schedutil,306000000,306000000,1020000000,nvhost_podgov,0,3,,47156,48375,48281,47750,47593,48375,5294,915,1472,0.421,19.270,8.120
3936218250456,5002723,199.891,199.994,729600,729600,1728000,schedutil,306000000,306000000,1020000000,nvhost_podgov,0,3,,47281,48468,48156,47843,47562,48468,5294,915,1472,0.410,19.265,7.900
3936223249978,4999522,200.019,199.994,729600,729600,1728000,schedutil,306000000,306000000,1020000000,nvhost_podgov,0,3,,47312,48593,48125,47781,47562,48593,5294,915,1472,0.411,19.275,7.920
3936228249596,4999618,200.015,199.994,729600,729600,1728000,schedutil,306000000,306000000,1020000000,nvhost_podgov,0,3,,47187,48343,48187,47687,47562,48656,5294,915,1472,0.410,19.275,7.900
3936233249503,4999907,200.004,199.994,729600,729600,1728000,schedutil,306000000,306000000,1020000000,nvhost_podgov,0,3,,47250,48375,48156,47656,47562,48375,5294,915,1472,0.430,19.270,8.280
3936238264449,5014946,199.404,199.993,729600,729600,1728000,schedutil,306000000,306000000,1020000000,nvhost_podgov,0,3,,47250,48468,48218,47750,47562,48468,5294,915,1472,0.399,19.266,7.680
3936243251811,4987362,200.507,199.994,729600,729600,1728000,schedutil,306000000,306000000,1020000000,nvhost_podgov,0,3,,47250,48437,48250,47687,47625,48437,5294,875,1472,0.389,19.275,7.490
3936248248965,4997154,200.114,199.994,729600,729600,1728000,schedutil,306000000,306000000,1020000000,nvhost_podgov,0,3,,47218,48500,48156,47656,47625,48500,5294,875,1472,0.419,19.270,8.060
3936253248936,4999971,200.001,199.994,729600,729600,1728000,schedutil,306000000,306000000,1020000000,nvhost_podgov,0,3,,47156,48500,48218,47718,47625,48500,5294,875,1472,0.394,19.270,7.590
3936258250762,5001826,199.927,199.994,729600,729600,1728000,schedutil,306000000,306000000,1020000000,nvhost_podgov,0,3,,47156,48250,48281,47718,47562,48250,5294,875,1472,0.412,19.273,7.950
3936263249612,4998850,200.046,199.994,729600,729600,1728000,schedutil,306000000,306000000,1020000000,nvhost_podgov,0,3,,47187,48468,48156,47656,47562,48468,5294,875,1472,0.417,19.270,7.970
3936268250031,5000419,199.983,199.994,729600,729600,1728000,schedutil,306000000,306000000,1020000000,nvhost_podgov,0,3,,47375,48406,48218,47718,47625,48406,5294,875,1472,0.399,19.274,7.590
3936273249969,4999938,200.002,199.994,729600,729600,1728000,schedutil,306000000,306000000,1020000000,nvhost_podgov,0,3,,47093,48312,48281,47718,47562,48312,5294,875,1472,0.399,19.266,7.680
3936278249395,4999426,200.023,199.994,729600,729600,1728000,schedutil,306000000,306000000,1020000000,nvhost_podgov,0,3,,47187,48437,48218,47625,47562,48437,5294,875,1472,0.399,19.273,7.680
3936283249558,5000163,199.993,199.994,729600,729600,1728000,schedutil,306000000,306000000,1020000000,nvhost_podgov,0,3,,47312,48281,48250,47656,47593,48406,5294,875,1472,0.427,19.277,8.240
3936288247960,4998402,200.064,199.994,729600,729600,1728000,schedutil,306000000,306000000,1020000000,nvhost_podgov,0,3,,47218,48406,48250,47750,47562,48718,5294,875,1472,0.441,19.262,7.870
3936293249498,5001538,199.938,199.994,729600,729600,1728000,schedutil,306000000,306000000,1020000000,nvhost_podgov,0,3,,47343,48406,48250,47625,47531,48406,5294,875,1472,0.424,19.274,8.170
3936298249309,4999811,200.008,199.994,729600,729600,1728000,schedutil,306000000,306000000,1020000000,nvhost_podgov,0,3,,47375,48656,48250,47656,47562,48656,5254,875,1472,0.400,19.277,7.710
3936303249215,4999906,200.004,199.994,729600,729600,1728000,schedutil,306000000,306000000,1020000000,nvhost_podgov,0,3,,47218,48343,48125,47781,47500,48531,5254,875,1472,0.432,19.277,8.330
3936308248737,4999522,200.019,199.994,729600,729600,1728000,schedutil,306000000,306000000,1020000000,nvhost_podgov,0,3,,47343,48531,48125,47687,47562,48406,5254,875,1472,0.414,19.265,7.970
3936313250403,5001666,199.933,199.994,729600,729600,1728000,schedutil,306000000,306000000,1020000000,nvhost_podgov,0,3,,47343,48593,48218,47687,47562,48593,5254,875,1472,0.429,19.274,8.270
3936318261254,5010851,199.567,199.993,729600,729600,1728000,schedutil,306000000,306000000,1020000000,nvhost_podgov,0,3,,47187,48343,48156,47812,47531,48343,5254,875,1472,0.411,19.273,7.920
3936323251816,4990562,200.378,199.994,729600,729600,1728000,schedutil,306000000,306000000,1020000000,nvhost_podgov,0,3,,47281,48531,48156,47656,47593,48312,5254,875,1472,0.411,19.273,7.920
3936328248170,4996354,200.146,199.994,729600,729600,1728000,schedutil,306000000,306000000,1020000000,nvhost_podgov,0,3,,47281,48468,48250,47687,47593,48468,5254,875,1472,0.396,19.275,7.640
3936333249197,5001027,199.959,199.994,729600,729600,1728000,schedutil,306000000,306000000,1020000000,nvhost_podgov,0,3,,47218,48312,48093,47718,47531,48312,5254,875,1472,0.404,19.271,7.780
3936338249295,5000098,199.996,199.994,729600,729600,1728000,schedutil,306000000,306000000,1020000000,nvhost_podgov,0,3,,47281,48437,48218,47625,47593,48437,5254,875,1472,0.403,19.270,7.970
3936343265906,5016611,199.338,199.993,729600,729600,1728000,schedutil,306000000,306000000,1020000000,nvhost_podgov,0,3,,47156,48312,48218,47593,47593,48406,5254,875,1472,0.399,19.266,7.680
3936348252756,4986850,200.527,199.994,729600,729600,1728000,schedutil,306000000,306000000,1020000000,nvhost_podgov,0,3,,47187,48312,48187,47781,47562,48312,5254,875,1472,0.414,19.266,7.970
3936353249814,4997058,200.118,199.994,729600,729600,1728000,schedutil,306000000,306000000,1020000000,nvhost_podgov,0,3,,47312,48343,48187,47593,47562,48343,5254,875,1472,0.395,19.273,7.900
3936358249080,4999266,200.029,199.994,729600,729600,1728000,schedutil,306000000,306000000,1020000000,nvhost_podgov,0,3,,47187,48312,48250,47687,47593,48312,5254,875,1472,0.405,19.274,7.810
3936363250619,5001539,199.938,199.994,729600,729600,1728000,schedutil,306000000,306000000,1020000000,nvhost_podgov,0,3,,47187,48343,48156,47593,47562,48593,5254,875,1472,0.407,19.271,7.860
3936368250557,4999938,200.002,199.994,729600,729600,1728000,schedutil,306000000,306000000,1020000000,nvhost_podgov,0,3,,47187,48281,48125,47750,47625,48281,5254,875,1472,0.420,19.274,8.090
3936373248223,4997666,200.093,199.994,729600,729600,1728000,schedutil,306000000,306000000,1020000000,nvhost_podgov,0,3,,47156,48656,48156,47718,47656,48656,5254,875,1472,0.426,19.271,8.220
3936378250913,5002690,199.892,199.994,729600,729600,1728000,schedutil,306000000,306000000,1020000000,nvhost_podgov,0,3,,47156,48312,48125,47843,47562,48312,5254,875,1472,0.429,19.274,7.860
3936383251620,5000707,199.972,199.994,729600,729600,1728000,schedutil,306000000,306000000,1020000000,nvhost_podgov,0,3,,47156,48656,48187,47687,47593,48312,5254,875,1472,0.400,19.273,7.710
3936388249030,4997410,200.104,199.994,729600,729600,1728000,schedutil,306000000,306000000,1020000000,nvhost_podgov,0,3,,47062,48500,48187,47781,47593,48500,5254,875,1472,0.401,19.275,7.730
3936393249928,5000898,199.964,199.994,729600,729600,1728000,schedutil,306000000,306000000,1020000000,nvhost_podgov,0,3,,47156,48406,48156,47687,47500,48406,5254,875,1472,0.482,19.267,8.670
3936398262283,5012355,199.507,199.993,729600,729600,1728000,schedutil,306000000,306000000,1020000000,nvhost_podgov,0,3,,47343,48437,48218,47687,47625,48437,5254,875,1472,0.426,19.269,8.030
3936403250637,4988354,200.467,199.994,729600,729600,1728000,schedutil,306000000,306000000,1020000000,nvhost_podgov,0,3,,47156,48500,48281,47781,47562,48500,5254,875,1472,0.399,19.273,7.680
3936408249999,4999362,200.026,199.994,729600,729600,1728000,schedutil,306000000,306000000,1020000000,nvhost_podgov,0,3,,47218,48312,48187,47625,47593,48312,5254,875,1472,0.398,19.275,8.170
3936413260882,5010883,199.566,199.993,729600,729600,1728000,schedutil,306000000,306000000,1020000000,nvhost_podgov,0,3,,47468,48500,48156,47656,47562,48500,5254,875,1472,0.403,19.271,8.470
3936418252596,4991714,200.332,199.994,729600,729600,1728000,schedutil,306000000,306000000,1020000000,nvhost_podgov,0,3,,47156,48312,48375,47718,47562,48437,5263,875,1472,0.405,19.271,8.140
3936423250966,4998370,200.065,199.994,729600,729600,1728000,schedutil,306000000,306000000,1020000000,nvhost_podgov,0,3,,47187,48312,48125,47593,47593,48312,5263,875,1472,0.419,19.267,8.060
3936428247768,4996802,200.128,199.995,729600,729600,1728000,schedutil,306000000,306000000,1020000000,nvhost_podgov,0,3,,47437,48406,48187,47718,47593,48406,5263,875,1472,0.410,19.274,8.030
3936433250267,5002499,199.900,199.994,729600,729600,1728000,schedutil,306000000,306000000,1020000000,nvhost_podgov,0,3,,47281,48343,48093,47718,47468,48343,5263,875,1472,0.436,19.273,8.410
3936438248893,4998626,200.055,199.994,729600,729600,1728000,schedutil,306000000,306000000,1020000000,nvhost_podgov,0,3,,47281,48468,48062,47593,47531,48687,5263,875,1472,0.424,19.276,8.290
3936443250015,5001122,199.955,199.994,729600,729600,1728000,schedutil,306000000,306000000,1020000000,nvhost_podgov,0,3,,47406,48406,48250,47625,47562,48406,5263,875,1472,0.405,19.269,7.810
3936448248802,4998787,200.049,199.995,729600,729600,1728000,schedutil,306000000,306000000,1020000000,nvhost_podgov,0,3,,47156,48750,48250,47687,47593,48750,5263,875,1472,0.436,19.274,8.410
3936453248644,4999842,200.006,199.995,729600,729600,1728000,schedutil,306000000,306000000,1020000000,nvhost_podgov,0,3,,47375,48312,48093,47687,47562,48312,5254,875,1472,0.398,19.267,8.090
3936458249190,5000546,199.978,199.995,729600,729600,1728000,schedutil,306000000,306000000,1020000000,nvhost_podgov,0,3,,47375,48375,48250,47718,47562,48375,5254,875,1472,0.409,19.277,7.870
3936463250729,5001539,199.938,199.994,729600,729600,1728000,schedutil,306000000,306000000,1020000000,nvhost_podgov,0,3,,47156,48500,48218,47781,47593,48500,5254,875,1472,0.419,19.269,8.060
3936468249451,4998722,200.051,199.995,729600,729600,1728000,schedutil,306000000,306000000,1020000000,nvhost_podgov,0,3,,47250,48312,48125,47656,47562,48312,5254,875,1472,0.409,19.265,8.630
3936473250381,5000930,199.963,199.994,729600,729600,1728000,schedutil,306000000,306000000,1020000000,nvhost_podgov,0,3,,47250,48562,48281,47687,47687,48562,5263,875,1472,0.425,19.270,8.850
3936478252368,5001987,199.921,199.994,729600,729600,1728000,schedutil,306000000,306000000,1020000000,nvhost_podgov,0,3,,47250,48562,48125,47718,47468,48562,5263,875,1472,0.401,19.273,7.730
3936483250994,4998626,200.055,199.994,729600,729600,1728000,schedutil,306000000,306000000,1020000000,nvhost_podgov,0,3,,47250,48406,48156,47593,47562,48406,5263,875,1472,0.404,19.273,7.780
3936488249588,4998594,200.056,199.995,729600,729600,1728000,schedutil,306000000,306000000,1020000000,nvhost_podgov,0,3,,47156,48531,48187,47687,47531,48531,5263,875,1472,0.415,19.274,8.000
3936493250742,5001154,199.954,199.994,729600,729600,1728000,schedutil,306000000,306000000,1020000000,nvhost_podgov,0,3,,47156,48343,48093,47781,47562,48500,5263,875,1472,0.412,19.276,7.950
3936498248953,4998211,200.072,199.995,729600,729600,1728000,schedutil,306000000,306000000,1020000000,nvhost_podgov,0,3,,47218,48312,48187,47656,47625,48312,5263,875,1472,0.426,19.276,9.200
3936503250203,5001250,199.950,199.995,729600,729600,1728000,schedutil,306000000,306000000,1020000000,nvhost_podgov,0,3,,47218,48468,48312,47656,47625,48468,5263,875,1472,0.416,19.266,8.030
3936508250717,5000514,199.979,199.994,729600,729600,1728000,schedutil,306000000,306000000,1020000000,nvhost_podgov,0,3,,47125,48281,48187,47812,47562,48281,5254,875,1472,0.406,19.277,7.670
3936513248864,4998147,200.074,199.995,729600,729600,1728000,schedutil,306000000,306000000,1020000000,nvhost_podgov,0,3,,47125,48468,48218,47687,47593,48343,5254,875,1472,0.406,19.277,7.830
3936518250914,5002050,199.918,199.995,729600,729600,1728000,schedutil,306000000,306000000,1020000000,nvhost_podgov,0,3,,47093,48312,48250,47750,47562,48312,5254,875,1472,0.434,19.270,8.360
3936523249124,4998210,200.072,199.995,729600,729600,1728000,schedutil,306000000,306000000,1020000000,nvhost_podgov,0,3,,47218,48625,48156,47812,47562,48625,5214,875,1472,0.420,19.266,8.120
3936528249255,5000131,199.995,199.995,729600,729600,1728000,schedutil,306000000,306000000,1020000000,nvhost_podgov,0,3,,47375,48312,48156,47750,47625,48312,5214,875,1472,0.412,19.280,7.590
3936533250121,5000866,199.965,199.995,729600,729600,1728000,schedutil,306000000,306000000,1020000000,nvhost_podgov,0,3,,47375,48343,48281,47781,47562,48343,5214,875,1472,0.412,19.273,7.950
3936538251211,5001090,199.956,199.995,729600,729600,1728000,schedutil,306000000,306000000,1020000000,nvhost_podgov,0,3,,47281,48593,48187,47625,47531,48593,5214,875,1472,0.396,19.273,7.640
3936543251310,5000099,199.996,199.995,729600,729600,1728000,schedutil,306000000,306000000,1020000000,nvhost_podgov,0,3,,47343,48312,48156,47718,47531,48312,5214,835,1472,0.396,19.275,7.640
3936548248112,4996802,200.128,199.995,729600,729600,1728000,schedutil,306000000,306000000,1020000000,nvhost_podgov,0,3,,47343,48562,48343,47781,47562,48343,5214,835,1472,0.399,19.273,7.680
3936553248274,5000162,199.994,199.995,729600,729600,1728000,schedutil,306000000,306000000,1020000000,nvhost_podgov,0,3,,47187,48593,48187,47812,47562,48593,5214,835,1472,0.438,19.267,8.440
3936558249044,5000770,199.969,199.995,729600,729600,1728000,schedutil,306000000,306000000,1020000000,nvhost_podgov,0,3,,47406,48343,48218,47750,47531,48343,5214,835,1472,0.403,19.273,7.760
3936563249495,5000451,199.982,199.995,729600,729600,1728000,schedutil,306000000,306000000,1020000000,nvhost_podgov,0,3,,47125,48468,48250,47718,47500,48312,5214,835,1472,0.427,19.273,8.240
3936568247577,4998082,200.077,199.995,729600,729600,1728000,schedutil,306000000,306000000,1020000000,nvhost_podgov,0,3,,47343,48500,48156,47687,47562,48500,5214,835,1472,0.410,19.269,7.900
3936573249691,5002114,199.915,199.995,729600,729600,1728000,schedutil,306000000,306000000,1020000000,nvhost_podgov,0,3,,47406,48281,48187,47625,47562,48281,5214,835,1472,0.393,19.273,7.560
3936578248894,4999203,200.032,199.995,729600,729600,1728000,schedutil,306000000,306000000,1020000000,nvhost_podgov,0,3,,47187,48468,48093,47781,47531,48468,5214,835,1472,0.406,19.271,7.830
3936583248544,4999650,200.014,199.995,729600,729600,1728000,schedutil,306000000,306000000,1020000000,nvhost_podgov,0,3,,47187,48312,48156,47687,47562,48312,5214,835,1472,0.396,19.271,7.640
3936588249378,5000834,199.967,199.995,729600,729600,1728000,schedutil,306000000,306000000,1020000000,nvhost_podgov,0,3,,47250,48312,48218,47656,47593,48312,5214,835,1472,0.414,19.273,8.190
3936593249989,5000611,199.976,199.995,729600,729600,1728000,schedutil,306000000,306000000,1020000000,nvhost_podgov,0,3,,47156,48375,48250,47781,47468,48375,5214,835,1472,0.400,19.273,7.710
3936598248455,4998466,200.061,199.995,729600,729600,1728000,schedutil,306000000,306000000,1020000000,nvhost_podgov,0,3,,47281,48718,48187,47625,47562,48718,5214,835,1472,0.407,19.270,7.850
3936603248681,5000226,199.991,199.995,729600,729600,1728000,schedutil,306000000,306000000,1020000000,nvhost_podgov,0,3,,47281,48656,48250,47687,47562,48656,5214,835,1472,0.435,19.271,7.760
3936608249739,5001058,199.958,199.995,729600,729600,1728000,schedutil,306000000,306000000,1020000000,nvhost_podgov,0,3,,47062,48375,48125,47750,47562,48375,5214,835,1472,0.409,19.269,7.870
3936613250990,5001251,199.950,199.995,729600,729600,1728000,schedutil,306000000,306000000,1020000000,nvhost_podgov,0,3,,47218,48593,48187,47656,47562,48593,5223,835,1472,0.399,19.277,7.690
3936618248144,4997154,200.114,199.995,729600,729600,1728000,schedutil,306000000,306000000,1020000000,nvhost_podgov,0,3,,47218,48437,48250,47656,47593,48437,5223,835,1472,0.417,19.269,8.040
3936623251186,5003042,199.878,199.995,729600,729600,1728000,schedutil,306000000,306000000,1020000000,nvhost_podgov,0,3,,47125,48625,48093,47781,47531,48312,5223,835,1472,0.444,19.270,8.470
3936628248853,4997667,200.093,199.995,729600,729600,1728000,schedutil,306000000,306000000,1020000000,nvhost_podgov,0,3,,47312,48406,48156,47687,47562,48406,5223,835,1472,0.463,19.267,8.910
3936633249591,5000738,199.970,199.995,729600,729600,1728000,schedutil,306000000,306000000,1020000000,nvhost_podgov,0,3,,47187,48375,48156,47781,47593,48375,5223,835,1472,0.426,19.271,8.220
3936638248473,4998882,200.045,199.995,729600,729600,1728000,schedutil,306000000,306000000,1020000000,nvhost_podgov,0,3,,47187,48531,48062,47593,47562,48312,5223,835,1472,0.400,19.271,7.710
3936643250172,5001699,199.932,199.995,729600,729600,1728000,schedutil,306000000,306000000,1020000000,nvhost_podgov,0,3,,47281,48531,48187,47781,47562,48531,5223,835,1472,0.405,19.269,7.810
3936648249246,4999074,200.037,199.995,729600,729600,1728000,schedutil,306000000,306000000,1020000000,nvhost_podgov,0,3,,47187,48312,48218,47656,47593,48312,5223,835,1472,0.400,19.267,7.710
3936653249120,4999874,200.005,199.995,729600,729600,1728000,schedutil,306000000,306000000,1020000000,nvhost_podgov,0,3,,47312,48500,48062,47750,47562,48500,5223,835,1472,0.405,19.275,7.810
3936658249346,5000226,199.991,199.995,729600,729600,1728000,schedutil,306000000,306000000,1020000000,nvhost_podgov,0,3,,47312,48281,48125,47625,47593,48343,5223,835,1472,0.396,19.275,7.640
3936663250821,5001475,199.941,199.995,729600,729600,1728000,schedutil,306000000,306000000,1020000000,nvhost_podgov,0,3,,47062,48312,48343,47687,47593,48343,5223,835,1472,0.425,19.270,8.190
3936668249351,4998530,200.059,199.995,729600,729600,1728000,schedutil,306000000,306000000,1020000000,nvhost_podgov,0,3,,47218,48437,48125,47781,47562,48437,5223,835,1472,0.414,19.271,7.970
3936673250345,5000994,199.960,199.995,729600,729600,1728000,schedutil,306000000,306000000,1020000000,nvhost_podgov,0,3,,47343,48718,48218,47687,47562,48718,5223,835,1472,0.407,19.275,7.860
3936678250700,5000355,199.986,199.995,729600,729600,1728000,schedutil,306000000,306000000,1020000000,nvhost_podgov,0,3,,47343,48375,48281,47687,47562,48687,5223,835,1472,0.410,19.273,8.030
3936683250734,5000034,199.999,199.995,729600,729600,1728000,schedutil,306000000,306000000,1020000000,nvhost_podgov,0,3,,47156,48437,48093,47656,47593,48437,5223,835,1472,0.396,19.266,8.280
3936688248048,4997314,200.107,199.995,729600,729600,1728000,schedutil,306000000,306000000,1020000000,nvhost_podgov,0,3,,47343,48656,48187,47718,47593,48656,5223,835,1472,0.429,19.274,8.270
3936693249363,5001315,199.947,199.995,729600,729600,1728000,schedutil,306000000,306000000,1020000000,nvhost_podgov,0,3,,47343,48343,48375,47718,47656,48375,5223,835,1472,0.421,19.273,8.120
3936698249493,5000130,199.995,199.995,729600,729600,1728000,schedutil,306000000,306000000,1020000000,nvhost_podgov,0,3,,47156,48312,48156,47843,47531,48312,5223,835,1472,0.409,19.273,7.970
3936703250519,5001026,199.959,199.995,729600,729600,1728000,schedutil,306000000,306000000,1020000000,nvhost_podgov,0,3,,47343,48562,48281,47656,47562,48562,5223,835,1472,0.400,19.267,7.710
3936708249241,4998722,200.051,199.995,729600,729600,1728000,schedutil,306000000,306000000,1020000000,nvhost_podgov,0,3,,47281,48406,48187,47750,47531,48406,5214,835,1472,0.424,19.274,8.170
3936713249180,4999939,200.002,199.995,729600,729600,1728000,schedutil,306000000,306000000,1020000000,nvhost_podgov,0,3,,47281,48531,48218,47625,47500,48312,5214,835,1472,0.400,19.266,7.710
3936718250814,5001634,199.935,199.995,729600,729600,1728000,schedutil,306000000,306000000,1020000000,nvhost_podgov,0,3,,47375,48468,48218,47687,47562,48468,5214,835,1472,0.426,19.271,8.220
3936723250912,5000098,199.996,199.995,729600,729600,1728000,schedutil,306000000,306000000,1020000000,nvhost_podgov,0,3,,47125,48312,48375,47750,47562,48375,5214,835,1472,0.421,19.274,8.120
3936728249347,4998435,200.063,199.995,729600,729600,1728000,schedutil,306000000,306000000,1020000000,nvhost_podgov,0,3,,47187,48468,48218,47656,47531,48468,5214,835,1472,0.411,19.273,7.920
3936733249477,5000130,199.995,199.995,729600,729600,1728000,schedutil,306000000,306000000,1020000000,nvhost_podgov,0,3,,47343,48312,48156,47656,47593,48468,5214,835,1472,0.406,19.267,8.030
3936738250023,5000546,199.978,199.995,729600,729600,1728000,schedutil,306000000,306000000,1020000000,nvhost_podgov,0,3,,47125,48281,48312,47750,47562,48312,5214,835,1472,0.434,19.274,8.190
3936743249418,4999395,200.024,199.995,729600,729600,1728000,schedutil,306000000,306000000,1020000000,nvhost_podgov,0,3,,47281,48406,48156,47656,47562,48406,5214,835,1472,0.395,19.273,7.620
3936748248012,4998594,200.056,199.995,729600,729600,1728000,schedutil,306000000,306000000,1020000000,nvhost_podgov,0,3,,47281,48343,48187,47687,47593,48343,5214,835,1472,0.420,19.273,8.090
3936753250670,5002658,199.894,199.995,729600,729600,1728000,schedutil,306000000,306000000,1020000000,nvhost_podgov,0,3,,47125,48625,48218,47781,47531,48625,5214,835,1472,0.403,19.267,7.760
3936758248848,4998178,200.073,199.995,729600,729600,1728000,schedutil,306000000,306000000,1020000000,nvhost_podgov,0,3,,47250,48406,48093,47593,47562,48406,5214,835,1472,0.400,19.275,7.710
3936763249299,5000451,199.982,199.995,729600,729600,1728000,schedutil,306000000,306000000,1020000000,nvhost_podgov,0,3,,47218,48625,48312,47687,47593,48625,5214,835,1472,0.416,19.269,8.030
3936768249749,5000450,199.982,199.995,729600,729600,1728000,schedutil,306000000,306000000,1020000000,nvhost_podgov,0,3,,47125,48343,48218,47781,47562,48343,5214,835,1472,0.396,19.273,7.640
3936773248055,4998306,200.068,199.995,729600,729600,1728000,schedutil,306000000,306000000,1020000000,nvhost_podgov,0,3,,47187,48531,48125,47656,47562,48312,5214,835,1472,0.405,19.277,7.970
3936778248186,5000131,199.995,199.995,729600,729600,1728000,schedutil,306000000,306000000,1020000000,nvhost_podgov,0,3,,47187,48437,48250,47781,47625,48437,5214,835,1472,0.419,19.275,8.270
3936783249148,5000962,199.962,199.995,729600,729600,1728000,schedutil,306000000,306000000,1020000000,nvhost_podgov,0,3,,47218,48312,48250,47718,47500,48312,5214,835,1472,0.400,19.273,7.710
3936788248830,4999682,200.013,199.995,729600,729600,1728000,schedutil,306000000,306000000,1020000000,nvhost_podgov,0,3,,47218,48593,48156,47656,47562,48593,5214,835,1472,0.429,19.276,8.270
3936793249761,5000931,199.963,199.995,729600,729600,1728000,schedutil,306000000,306000000,1020000000,nvhost_podgov,0,3,,47156,48531,48312,47687,47562,48531,5214,835,1472,0.404,19.270,7.870
3936798249699,4999938,200.002,199.995,729600,729600,1728000,schedutil,306000000,306000000,1020000000,nvhost_podgov,0,3,,47187,48312,48093,47781,47562,48312,5214,835,1472,0.421,19.275,8.120
3936803249829,5000130,199.995,199.995,729600,729600,1728000,schedutil,306000000,306000000,1020000000,nvhost_podgov,0,3,,47312,48500,48218,47593,47562,48500,5214,835,1472,0.403,19.270,7.970
3936808259016,5009187,199.633,199.994,729600,729600,1728000,schedutil,306000000,306000000,1020000000,nvhost_podgov,0,3,,47312,48312,48250,47781,47687,48375,5214,835,1472,0.432,19.264,8.090
3936813249962,4990946,200.363,199.995,729600,729600,1728000,schedutil,306000000,306000000,1020000000,nvhost_podgov,0,3,,47187,48312,48156,47781,47562,48312,5214,835,1472,0.398,19.276,8.680
3936818262412,5012450,199.503,199.994,729600,729600,1728000,schedutil,306000000,306000000,1020000000,nvhost_podgov,0,3,,47375,48343,48187,47750,47593,48343,5214,835,1472,0.421,19.273,8.120
3936823252526,4990114,200.396,199.995,729600,729600,1728000,schedutil,306000000,306000000,1020000000,nvhost_podgov,0,3,,47375,48406,48250,47718,47562,48406,5214,835,1472,0.426,19.273,8.220
3936828249201,4996675,200.133,199.995,729600,729600,1728000,schedutil,306000000,306000000,1020000000,nvhost_podgov,0,3,,47218,48468,48093,47781,47562,48687,5214,835,1472,0.410,19.277,8.440
3936833248275,4999074,200.037,199.995,729600,729600,1728000,schedutil,306000000,306000000,1020000000,nvhost_podgov,0,3,,47437,48437,48156,47687,47593,48437,5214,835,1472,0.427,19.273,8.030
3936838249301,5001026,199.959,199.995,729600,729600,1728000,schedutil,306000000,306000000,1020000000,nvhost_podgov,0,3,,47437,48687,48312,47718,47562,48687,5214,835,1472,0.414,19.269,7.560
3936843251032,5001731,199.931,199.995,729600,729600,1728000,schedutil,306000000,306000000,1020000000,nvhost_podgov,0,3,,47125,48375,48187,47812,47531,48375,5214,835,1472,0.406,19.267,7.830
3936848248698,4997666,200.093,199.995,729600,729600,1728000,schedutil,306000000,306000000,1020000000,nvhost_podgov,0,3,,47343,48625,48156,47625,47562,48312,5214,835,1472,0.406,19.276,7.920
3936853248508,4999810,200.008,199.995,729600,729600,1728000,schedutil,306000000,306000000,1020000000,nvhost_podgov,0,3,,47281,48593,48250,47781,47562,48593,5214,835,1472,0.406,19.275,7.830
3936858249759,5001251,199.950,199.995,729600,729600,1728000,schedutil,306000000,306000000,1020000000,nvhost_podgov,0,3,,47187,48312,48125,47656,47562,48312,5214,835,1472,0.405,19.275,7.810
3936863250593,5000834,199.967,199.995,729600,729600,1728000,schedutil,306000000,306000000,1020000000,nvhost_podgov,0,3,,47312,48500,48187,47718,47531,48500,5214,835,1472,0.419,19.276,8.080
3936868249571,4998978,200.041,199.995,729600,729600,1728000,schedutil,306000000,306000000,1020000000,nvhost_podgov,0,3,,47218,48531,48281,47750,47562,48531,5175,835,1472,0.403,19.269,8.000
3936873250693,5001122,199.955,199.995,729600,729600,1728000,schedutil,306000000,306000000,1020000000,nvhost_podgov,0,3,,47218,48312,48093,47843,47531,48312,5175,835,1472,0.400,19.267,7.710
3936878250152,4999459,200.022,199.995,729600,729600,1728000,schedutil,306000000,306000000,1020000000,nvhost_podgov,0,3,,47375,48531,48218,47718,47656,48531,5175,835,1472,0.404,19.273,7.780
3936883257386,5007234,199.711,199.995,729600,729600,1728000,schedutil,306000000,306000000,1020000000,nvhost_podgov,0,3,,47093,48343,48281,47750,47562,48468,5175,835,1472,0.396,19.264,7.630
3936888251020,4993634,200.255,199.995,729600,729600,1728000,schedutil,306000000,306000000,1020000000,nvhost_podgov,0,3,,47343,48343,48156,47687,47500,48343,5183,835,1472,0.410,19.275,7.480
3936893248527,4997507,200.100,199.995,729600,729600,1728000,schedutil,306000000,306000000,1020000000,nvhost_podgov,0,3,,47343,48406,48187,47656,47562,48406,5183,835,1472,0.416,19.274,8.030
3936898263345,5014818,199.409,199.994,729600,729600,1728000,schedutil,306000000,306000000,1020000000,nvhost_podgov,0,3,,47093,48375,48375,47718,47531,48375,5183,835,1472,0.398,19.271,7.650
3936903252819,4989474,200.422,199.995,729600,729600,1728000,schedutil,306000000,306000000,1020000000,nvhost_podgov,0,3,,47281,48343,48218,47687,47562,48750,5183,835,1472,0.421,19.271,8.090
3936908251990,4999171,200.033,199.995,729600,729600,1728000,schedutil,306000000,306000000,1020000000,nvhost_podgov,0,3,,47156,48406,48187,47687,47562,48406,5183,835,1472,0.420,19.273,8.050
3936913249336,4997346,200.106,199.995,729600,729600,1728000,schedutil,306000000,306000000,1020000000,nvhost_podgov,0,3,,47156,48656,48281,47687,47593,48656,5183,835,1472,0.414,19.269,7.970
3936918249306,4999970,200.001,199.995,729600,729600,1728000,schedutil,306000000,306000000,1020000000,nvhost_podgov,0,3,,47187,48375,48250,47687,47562,48375,5183,835,1472,0.425,19.266,8.190
3936923250908,5001602,199.936,199.995,729600,729600,1728000,schedutil,306000000,306000000,1020000000,nvhost_podgov,0,3,,47156,48312,48250,47718,47625,48312,5183,835,1472,0.405,19.275,7.830
3936928249279,4998371,200.065,199.995,729600,729600,1728000,schedutil,306000000,306000000,1020000000,nvhost_podgov,0,3,,47156,48593,48187,47781,47531,48593,5183,835,1472,0.395,19.275,7.900
3936933249729,5000450,199.982,199.995,729600,729600,1728000,schedutil,306000000,306000000,1020000000,nvhost_podgov,0,3,,47250,48250,48218,47656,47531,48250,5183,835,1472,0.430,19.264,8.280
3936938263652,5013923,199.445,199.994,729600,729600,1728000,schedutil,306000000,306000000,1020000000,nvhost_podgov,0,3,,47312,48531,48343,47656,47562,48375,5183,835,1472,0.396,19.271,7.640
3936943252166,4988514,200.460,199.995,729600,729600,1728000,schedutil,306000000,306000000,1020000000,nvhost_podgov,0,3,,47218,48531,48156,47781,47593,48531,5175,835,1472,0.412,19.279,7.810
3936948249128,4996962,200.122,199.995,729600,729600,1728000,schedutil,306000000,306000000,1020000000,nvhost_podgov,0,3,,47406,48312,48250,47687,47562,48312,5175,835,1472,0.409,19.269,7.870
3936953249226,5000098,199.996,199.995,729600,729600,1728000,schedutil,306000000,306000000,1020000000,nvhost_podgov,0,3,,47406,48500,48218,47625,47562,48500,5175,835,1472,0.400,19.271,7.710
3936958251437,5002211,199.912,199.995,729600,729600,1728000,schedutil,306000000,306000000,1020000000,nvhost_podgov,0,3,,47156,48312,48156,47781,47531,48468,5175,835,1472,0.400,19.275,8.170
3936963249551,4998114,200.075,199.995,729600,729600,1728000,schedutil,306000000,306000000,1020000000,nvhost_podgov,0,3,,47437,48312,48125,47562,47625,48312,5175,835,1472,0.439,19.271,7.970
3936968247921,4998370,200.065,199.996,729600,729600,1728000,schedutil,306000000,306000000,1020000000,nvhost_podgov,0,3,,47437,48500,48250,47750,47625,48500,5175,835,1472,0.399,19.270,7.680
3936973250900,5002979,199.881,199.995,729600,729600,1728000,schedutil,306000000,306000000,1020000000,nvhost_podgov,0,3,,47156,48343,48125,47875,47531,48343,5175,835,1472,0.417,19.255,8.040
3936978249494,4998594,200.056,199.995,729600,729600,1728000,schedutil,306000000,306000000,1020000000,nvhost_podgov,0,3,,47375,48406,48156,47656,47562,48281,5175,835,1472,0.411,19.276,7.920
3936983250424,5000930,199.963,199.995,729600,729600,1728000,schedutil,306000000,306000000,1020000000,nvhost_podgov,0,3,,47375,48312,48281,47750,47593,48312,5175,835,1472,0.404,19.275,7.780
3936988249658,4999234,200.031,199.995,729600,729600,1728000,schedutil,306000000,306000000,1020000000,nvhost_podgov,0,3,,47125,48750,48156,47687,47562,48750,5175,835,1472,0.436,19.276,8.410
3936993249533,4999875,200.005,199.996,729600,729600,1728000,schedutil,306000000,306000000,1020000000,nvhost_podgov,0,3,,47343,48375,48187,47625,47593,48375,5175,835,1472,0.422,19.276,8.140
3936998249311,4999778,200.009,199.996,729600,729600,1728000,schedutil,306000000,306000000,1020000000,nvhost_podgov,0,3,,47250,48312,48343,47718,47625,48343,5183,835,1472,0.401,19.269,7.730
3937003249505,5000194,199.992,199.996,729600,729600,1728000,schedutil,306000000,306000000,1020000000,nvhost_podgov,0,3,,47187,48593,48156,47593,47500,48593,5183,835,1472,0.409,19.277,7.780
3937008248804,4999299,200.028,199.996,729600,729600,1728000,schedutil,306000000,306000000,1020000000,nvhost_podgov,0,3,,47406,48375,48218,47750,47593,48375,5183,835,1472,0.421,19.267,8.120
3937013250534,5001730,199.931,199.995,729600,729600,1728000,schedutil,306000000,306000000,1020000000,nvhost_podgov,0,3,,47125,48500,48281,47750,47593,48500,5175,835,1472,0.401,19.275,7.730
3937018248200,4997666,200.093,199.996,729600,729600,1728000,schedutil,306000000,306000000,1020000000,nvhost_podgov,0,3,,47312,48437,48187,47656,47562,48437,5175,835,1472,0.411,19.277,7.920
3937023250475,5002275,199.909,199.995,729600,729600,1728000,schedutil,306000000,306000000,1020000000,nvhost_podgov,0,3,,47312,48343,48218,47687,47656,48343,5175,835,1472,0.424,19.269,8.170
3937028250061,4999586,200.017,199.996,729600,729600,1728000,schedutil,306000000,306000000,1020000000,nvhost_podgov,0,3,,47093,48468,48218,47750,47562,48468,5175,835,1472,0.416,19.273,8.030
3937033251407,5001346,199.946,199.995,729600,729600,1728000,schedutil,306000000,306000000,1020000000,nvhost_podgov,0,3,,47312,48312,48218,47656,47593,48406,5183,835,1472,0.409,19.276,7.880
3937038248657,4997250,200.110,199.996,729600,729600,1728000,schedutil,306000000,306000000,1020000000,nvhost_podgov,0,3,,47312,48312,48250,47687,47625,48312,5183,835,1472,0.421,19.276,8.120
3937043250772,5002115,199.915,199.995,729600,729600,1728000,schedutil,306000000,306000000,1020000000,nvhost_podgov,0,3,,47156,48437,48343,47718,47562,48437,5183,835,1472,0.425,19.259,8.180
3937048248982,4998210,200.072,199.996,729600,729600,1728000,schedutil,306000000,306000000,1020000000,nvhost_podgov,0,3,,47218,48250,48156,47593,47593,48250,5183,835,1472,0.393,19.273,7.560
3937053249272,5000290,199.988,199.996,729600,729600,1728000,schedutil,306000000,306000000,1020000000,nvhost_podgov,0,3,,47125,48250,48218,47687,47562,48375,5183,835,1472,0.410,19.269,7.900
3937059013450,5764178,173.485,199.944,729600,729600,1728000,schedutil,306000000,306000000,1020000000,nvhost_podgov,0,3,,47125,48375,48218,47781,47531,48375,5183,835,1472,0.427,19.271,8.240
3937063251677,4238227,235.948,199.995,729600,729600,1728000,schedutil,306000000,306000000,1020000000,nvhost_podgov,0,3,,47187,48750,48156,47656,47531,48750,5183,835,1472,0.420,19.264,8.090
3937068249055,4997378,200.105,199.996,729600,729600,1728000,schedutil,306000000,306000000,1020000000,nvhost_podgov,0,3,,47093,48406,48218,47750,47593,48406,5183,835,1472,0.393,19.271,7.560
3937073250594,5001539,199.938,199.996,729600,729600,1728000,schedutil,306000000,306000000,1020000000,nvhost_podgov,0,3,,47218,48343,48062,47781,47500,48343,5183,835,1472,0.389,19.274,7.490
3937078264132,5013538,199.460,199.995,729600,729600,1728000,schedutil,306000000,306000000,1020000000,nvhost_podgov,0,3,,47218,48593,48125,47625,47562,48593,5183,835,1472,0.407,19.264,7.850
3937083251366,4987234,200.512,199.996,729600,729600,1728000,schedutil,306000000,306000000,1020000000,nvhost_podgov,0,3,,47375,48375,48218,47687,47562,48375,5183,835,1472,0.424,19.270,8.170
3937088248232,4996866,200.125,199.996,729600,729600,1728000,schedutil,306000000,306000000,1020000000,nvhost_podgov,0,3,,47125,48562,48343,47812,47531,48562,5183,835,1472,0.393,19.275,7.560
3937093250155,5001923,199.923,199.996,729600,729600,1728000,schedutil,306000000,306000000,1020000000,nvhost_podgov,0,3,,47312,48437,48218,47656,47562,48437,5183,835,1472,0.415,19.274,8.240
3937098265997,5015842,199.368,199.995,729600,729600,1728000,schedutil,306000000,306000000,1020000000,nvhost_podgov,0,3,,47343,48343,48343,47656,47531,48343,5183,835,1472,0.425,19.276,7.830
3937103250415,4984418,200.625,199.996,729600,729600,1728000,schedutil,306000000,306000000,1020000000,nvhost_podgov,0,3,,47156,48468,48156,47843,47500,48468,5183,835,1472,0.394,19.274,7.590
3937108250450,5000035,199.999,199.996,729600,729600,1728000,schedutil,306000000,306000000,1020000000,nvhost_podgov,0,3,,47406,48375,48218,47625,47562,48406,5183,835,1472,0.417,19.275,8.050
3937113248980,4998530,200.059,199.996,729600,729600,1728000,schedutil,306000000,306000000,1020000000,nvhost_podgov,0,3,,47406,48312,48250,47687,47562,48312,5183,835,1472,0.407,19.275,7.970
3937118265623,5016643,199.336,199.995,729600,729600,1728000,schedutil,306000000,306000000,1020000000,nvhost_podgov,0,3,,47093,48406,48125,47750,47562,48406,5183,835,1472,0.422,19.267,8.140
3937123251577,4985954,200.563,199.996,729600,729600,1728000,schedutil,306000000,306000000,1020000000,nvhost_podgov,0,3,,47343,48406,48156,47687,47562,48406,5183,835,1472,0.393,19.273,7.560
3937128254555,5002978,199.881,199.995,729600,729600,1728000,schedutil,306000000,306000000,1020000000,nvhost_podgov,0,3,,47343,48250,48250,47687,47562,48250,5183,835,1472,0.464,19.262,8.930
3937133269598,5015043,199.400,199.994,729600,729600,1728000,schedutil,306000000,306000000,1020000000,nvhost_podgov,0,3,,47218,48437,48062,47656,47562,48437,5183,835,1472,0.456,19.259,8.780
3937138448963,5179365,193.074,199.983,729600,729600,1728000,schedutil,306000000,306000000,1020000000,nvhost_podgov,0,3,,47406,48781,48281,47781,47562,48406,5223,875,1472,0.463,19.266,8.910
3937152049775,13600812,73.525,199.417,729600,729600,1728000,schedutil,306000000,306000000,1020000000,nvhost_podgov,0,3,,47531,48625,48218,47656,47562,48625,5223,875,1472,0.416,19.280,8.030
3937154057014,2007239,498.197,199.614,729600,729600,1728000,schedutil,306000000,306000000,1020000000,nvhost_podgov,0,3,,47531,48625,48250,47687,47593,48625,5223,875,1472,0.386,19.274,7.450
3937156671786,2614772,382.443,199.771,729600,729600,1728000,schedutil,306000000,306000000,1020000000,nvhost_podgov,0,3,,47343,48406,48281,47781,47656,48406,5223,875,1472,0.374,19.280,7.910
3937159030584,2358798,423.945,199.944,729600,729600,1728000,schedutil,306000000,306000000,1020000000,nvhost_podgov,0,3,,47343,48406,48218,47750,47562,48625,5223,875,1472,0.400,19.274,7.710
3937163252971,4222387,236.833,199.996,729600,729600,1728000,schedutil,306000000,306000000,1020000000,nvhost_podgov,0,3,,47500,48625,48125,47656,47562,48375,5223,875,1472,0.407,19.277,7.620
3937168251533,4998562,200.058,199.996,729600,729600,1728000,schedutil,306000000,306000000,1020000000,nvhost_podgov,0,3,,47500,48468,48312,47656,47562,48468,5263,875,1472,0.386,19.280,7.090
3937173250256,4998723,200.051,199.996,729600,729600,1728000,schedutil,306000000,306000000,1020000000,nvhost_podgov,0,3,,47218,48312,48343,47718,47625,48375,5263,875,1472,0.372,19.280,7.370
3937178249298,4999042,200.038,199.996,729600,729600,1728000,schedutil,306000000,306000000,1020000000,nvhost_podgov,0,3,,47343,48500,48187,47750,47562,48343,5263,875,1472,0.393,19.275,7.560
3937183247636,4998338,200.067,199.996,729600,729600,1728000,schedutil,306000000,306000000,1020000000,nvhost_podgov,0,3,,47343,48343,48218,47750,47562,48500,5263,875,1472,0.401,19.273,7.730
3937188258871,5011235,199.552,199.995,729600,729600,1728000,schedutil,306000000,306000000,1020000000,nvhost_podgov,0,3,,47250,48250,48343,47781,47531,48250,5263,875,1472,0.383,19.282,7.450
3937193241689,4982818,200.690,199.996,729600,729600,1728000,schedutil,306000000,306000000,1020000000,nvhost_podgov,0,3,,47250,48437,48218,47781,47562,48437,5263,875,1472,0.405,19.276,7.370
3937198246459,5004770,199.809,199.996,729600,729600,1728000,schedutil,306000000,306000000,1020000000,nvhost_podgov,0,3,,47156,48312,48281,47718,47656,48312,5263,875,1472,0.370,19.274,7.130
3937203243005,4996546,200.138,199.996,729600,729600,1728000,schedutil,306000000,306000000,1020000000,nvhost_podgov,0,3,,47125,48312,48218,47781,47500,48312,5263,875,1472,0.376,19.274,7.260
3937208251616,5008611,199.656,199.996,729600,729600,1728000,schedutil,306000000,306000000,1020000000,nvhost_podgov,0,3,,47250,48375,48250,47656,47593,48375,5263,875,1472,0.369,19.285,7.350
3937213248098,4996482,200.141,199.996,729600,729600,1728000,schedutil,306000000,306000000,1020000000,nvhost_podgov,0,3,,47343,48343,48281,47687,47687,48343,5263,875,1472,0.383,19.284,7.370
3937218246052,4997954,200.082,199.996,729600,729600,1728000,schedutil,306000000,306000000,1020000000,nvhost_podgov,0,3,,47125,48375,48375,47781,47562,48375,5263,875,1472,0.396,19.284,7.640
3937223249479,5003427,199.863,199.996,729600,729600,1728000,schedutil,306000000,306000000,1020000000,nvhost_podgov,0,3,,47218,48406,48218,47687,47562,48406,5263,875,1472,0.406,19.282,7.830
3937228245769,4996290,200.149,199.996,729600,729600,1728000,schedutil,306000000,306000000,1020000000,nvhost_podgov,0,3,,47312,48687,48218,47750,47656,48687,5263,875,1472,0.374,19.281,7.730
3937233246539,5000770,199.969,199.996,729600,729600,1728000,schedutil,306000000,306000000,1020000000,nvhost_podgov,0,3,,47156,48375,48093,47781,47562,48531,5263,875,1472,0.371,19.281,7.160
3937238244877,4998338,200.067,199.996,729600,729600,1728000,schedutil,306000000,306000000,1020000000,nvhost_podgov,0,3,,47250,48531,48156,47687,47531,48343,5263,875,1472,0.393,19.277,7.560
3937243259728,5014851,199.408,199.995,729600,729600,1728000,schedutil,306000000,306000000,1020000000,nvhost_podgov,0,3,,47437,48562,48218,47750,47593,48562,5263,875,1472,0.390,19.280,7.260
3937248248722,4988994,200.441,199.996,729600,729600,1728000,schedutil,306000000,306000000,1020000000,nvhost_podgov,0,3,,47187,48312,48125,47843,47562,48312,5263,875,1472,0.395,19.281,7.620
3937253245748,4997026,200.119,199.996,729600,729600,1728000,schedutil,306000000,306000000,1020000000,nvhost_podgov,0,3,,47375,48343,48156,47687,47656,48343,5263,875,1472,0.384,19.281,7.400
3937258241207,4995459,200.182,199.996,729600,729600,1728000,schedutil,306000000,306000000,1020000000,nvhost_podgov,0,3,,47375,48437,48218,47750,47593,48437,5263,875,1472,0.405,19.277,7.810
3937263246969,5005762,199.770,199.996,729600,729600,1728000,schedutil,306000000,306000000,1020000000,nvhost_podgov,0,3,,47187,48250,48156,47781,47562,48250,5263,875,1472,0.380,19.276,7.560
3937268248507,5001538,199.938,199.996,729600,729600,1728000,schedutil,306000000,306000000,1020000000,nvhost_podgov,0,3,,47375,48500,48125,47562,47531,48500,5263,875,1472,0.381,19.282,7.350
3937273248894,5000387,199.985,199.996,729600,729600,1728000,schedutil,306000000,306000000,1020000000,nvhost_podgov,0,3,,47375,48312,48187,47656,47593,48312,5263,875,1472,0.372,19.285,7.180
3937278246592,4997698,200.092,199.996,729600,729600,1728000,schedutil,306000000,306000000,1020000000,nvhost_podgov,0,3,,47156,48281,48187,47781,47562,48281,5263,875,1472,0.364,19.279,7.010
3937283245090,4998498,200.060,199.996,729600,729600,1728000,schedutil,306000000,306000000,1020000000,nvhost_podgov,0,3,,47343,48406,48218,47750,47625,48406,5223,875,1472,0.386,19.276,7.510
3937288249669,5004579,199.817,199.996,729600,729600,1728000,schedutil,306000000,306000000,1020000000,nvhost_podgov,0,3,,47156,48312,48187,47781,47593,48312,5223,875,1472,0.371,19.282,7.160
3937293245735,4996066,200.157,199.996,729600,729600,1728000,schedutil,306000000,306000000,1020000000,nvhost_podgov,0,3,,47218,48437,48156,47843,47625,48656,5223,875,1472,0.391,19.281,7.540
3937298246633,5000898,199.964,199.996,729600,729600,1728000,schedutil,306000000,306000000,1020000000,nvhost_podgov,0,3,,47281,48375,48187,47687,47562,48375,5223,875,1472,0.399,19.281,7.350
3937303244811,4998178,200.073,199.996,729600,729600,1728000,schedutil,306000000,306000000,1020000000,nvhost_podgov,0,3,,47218,48625,48281,47687,47656,48625,5223,875,1472,0.385,19.279,7.400
3937308248974,5004163,199.834,199.996,729600,729600,1728000,schedutil,306000000,306000000,1020000000,nvhost_podgov,0,3,,47281,48343,48187,47781,47500,48343,5223,875,1472,0.371,19.277,7.160
3937313247280,4998306,200.068,199.996,729600,729600,1728000,schedutil,306000000,306000000,1020000000,nvhost_podgov,0,3,,47281,48312,48125,47656,47625,48312,5223,875,1472,0.380,19.279,7.320
3937318260147,5012867,199.487,199.995,729600,729600,1728000,schedutil,306000000,306000000,1020000000,nvhost_podgov,0,3,,47125,48500,48281,47781,47468,48500,5223,875,1472,0.367,19.279,7.280
3937323249685,4989538,200.419,199.996,729600,729600,1728000,schedutil,306000000,306000000,1020000000,nvhost_podgov,0,3,,47281,48343,48187,47875,47593,48343,5223,875,1472,0.391,19.277,7.370
3937328253975,5004290,199.829,199.996,729600,729600,1728000,schedutil,306000000,306000000,1020000000,nvhost_podgov,0,3,,47281,48312,48187,47718,47562,48312,5223,875,1472,0.405,19.279,7.810
3937333253241,4999266,200.029,199.996,729600,729600,1728000,schedutil,306000000,306000000,1020000000,nvhost_podgov,0,3,,47062,48500,48343,47781,47531,48500,5223,875,1472,0.372,19.279,7.180
3937338264124,5010883,199.566,199.995,729600,729600,1728000,schedutil,306000000,306000000,1020000000,nvhost_podgov,0,3,,47218,48343,48156,47718,47625,48343,5223,875,1472,0.378,19.284,6.960
3937343249470,4985346,200.588,199.996,729600,729600,1728000,schedutil,306000000,306000000,1020000000,nvhost_podgov,0,3,,47437,48343,48250,47750,47593,48343,5223,875,1472,0.380,19.276,7.320
3937348266496,5017026,199.321,199.995,729600,729600,1728000,schedutil,306000000,306000000,1020000000,nvhost_podgov,0,3,,47156,48343,48062,47750,47625,48531,5223,875,1472,0.420,19.279,8.100
3937353247298,4980802,200.771,199.996,729600,729600,1728000,schedutil,306000000,306000000,1020000000,nvhost_podgov,0,3,,47187,48312,48218,47718,47531,48312,5223,875,1472,0.395,19.276,7.620
3937358252645,5005347,199.786,199.996,729600,729600,1728000,schedutil,306000000,306000000,1020000000,nvhost_podgov,0,3,,47375,48343,48218,47687,47593,48343,5223,875,1472,0.376,19.281,7.260
3937363250375,4997730,200.091,199.996,729600,729600,1728000,schedutil,306000000,306000000,1020000000,nvhost_podgov,0,3,,47187,48312,48281,47781,47593,48312,5223,875,1472,0.404,19.275,7.780
3937368261706,5011331,199.548,199.995,729600,729600,1728000,schedutil,306000000,306000000,1020000000,nvhost_podgov,0,3,,47187,48375,48187,47718,47593,48750,5223,875,1472,0.401,19.280,7.730
3937373251084,4989378,200.426,199.996,729600,729600,1728000,schedutil,306000000,306000000,1020000000,nvhost_podgov,0,3,,47406,48375,48250,47718,47593,48375,5223,875,1472,0.394,19.282,7.590
3937378273934,5022850,199.090,199.995,729600,729600,1728000,schedutil,306000000,306000000,1020000000,nvhost_podgov,0,3,,47218,48781,48187,47750,47531,48781,5223,875,1472,0.417,19.279,8.050
3937383263217,4989283,200.430,199.995,729600,729600,1728000,schedutil,306000000,306000000,1020000000,nvhost_podgov,0,3,,47281,48343,48156,47687,47593,48343,5223,875,1472,0.409,19.281,7.880
3937388263123,4999906,200.004,199.995,729600,729600,1728000,schedutil,306000000,306000000,1020000000,nvhost_podgov,0,3,,47500,48375,48187,47781,47625,48375,5223,875,1472,0.379,19.276,7.590
3937393251061,4987938,200.484,199.996,729600,729600,1728000,schedutil,306000000,306000000,1020000000,nvhost_podgov,0,3,,47250,48562,48093,47781,47593,48562,5223,875,1472,0.365,19.276,7.350
3937398253079,5002018,199.919,199.996,729600,729600,1728000,schedutil,306000000,306000000,1020000000,nvhost_podgov,0,3,,47375,48375,48187,47687,47562,48375,5223,875,1472,0.404,19.282,7.780
3937403259290,5006211,199.752,199.995,729600,729600,1728000,schedutil,306000000,306000000,1020000000,nvhost_podgov,0,3,,47375,48500,48187,47750,47562,48500,5223,875,1472,0.388,19.279,7.480
3937408257820,4998530,200.059,199.996,729600,729600,1728000,schedutil,306000000,306000000,1020000000,nvhost_podgov,0,3,,47187,48593,48156,47812,47531,48593,5223,875,1472,0.394,19.279,7.590
3937413260062,5002242,199.910,199.995,729600,729600,1728000,schedutil,306000000,306000000,1020000000,nvhost_podgov,0,3,,47312,48312,48218,47687,47562,48312,5223,875,1472,0.372,19.282,7.540
3937418260801,5000739,199.970,199.995,729600,729600,1728000,schedutil,306000000,306000000,1020000000,nvhost_podgov,0,3,,47281,48500,48187,47750,47593,48500,5223,875,1472,0.390,19.277,7.510
3937423247555,4986754,200.531,199.996,729600,729600,1728000,schedutil,306000000,306000000,1020000000,nvhost_podgov,0,3,,47125,48312,48156,47812,47593,48531,5223,875,1472,0.391,19.271,7.540
3937428264133,5016578,199.339,199.995,729600,729600,1728000,schedutil,306000000,306000000,1020000000,nvhost_podgov,0,3,,47281,48406,48125,47656,47562,48406,5223,875,1472,0.367,19.279,7.090
3937433251463,4987330,200.508,199.996,729600,729600,1728000,schedutil,306000000,306000000,1020000000,nvhost_podgov,0,3,,47250,48406,48375,47781,47593,48250,5223,875,1472,0.395,19.282,7.620
3937438250762,4999299,200.028,199.996,729600,729600,1728000,schedutil,306000000,306000000,1020000000,nvhost_podgov,0,3,,47250,48250,48187,47781,47562,48250,5223,875,1472,0.403,19.284,7.760
3937443259468,5008706,199.652,199.996,729600,729600,1728000,schedutil,306000000,306000000,1020000000,nvhost_podgov,0,3,,47250,48437,48218,47593,47593,48312,5223,875,1472,0.384,19.281,7.400
3937448259982,5000514,199.979,199.995,729600,729600,1728000,schedutil,306000000,306000000,1020000000,nvhost_podgov,0,3,,47187,48437,48250,47687,47562,48437,5223,875,1472,0.378,19.279,7.280
3937453264433,5004451,199.822,199.995,729600,729600,1728000,schedutil,306000000,306000000,1020000000,nvhost_podgov,0,3,,47187,48687,48218,47656,47406,48687,5223,875,1472,0.376,19.284,7.180
3937458261363,4996930,200.123,199.995,729600,729600,1728000,schedutil,306000000,306000000,1020000000,nvhost_podgov,0,3,,47187,48375,48187,47656,47656,48375,5223,875,1472,0.372,19.280,7.180
3937463251605,4990242,200.391,199.996,729600,729600,1728000,schedutil,306000000,306000000,1020000000,nvhost_podgov,0,3,,47093,48375,48218,47656,47531,48375,5223,835,1472,0.396,19.274,7.640
3937468260664,5009059,199.638,199.995,729600,729600,1728000,schedutil,306000000,306000000,1020000000,nvhost_podgov,0,3,,47187,48593,48218,47687,47531,48593,5223,835,1472,0.376,19.282,7.260
3937473247034,4986370,200.547,199.996,729600,729600,1728000,schedutil,306000000,306000000,1020000000,nvhost_podgov,0,3,,47187,48343,48250,47718,47625,48343,5223,835,1472,0.405,19.271,7.810
3937478255132,5008098,199.677,199.996,729600,729600,1728000,schedutil,306000000,306000000,1020000000,nvhost_podgov,0,3,,47218,48562,48218,47781,47625,48375,5223,835,1472,0.422,19.277,8.140
3937483253534,4998402,200.064,199.996,729600,729600,1728000,schedutil,306000000,306000000,1020000000,nvhost_podgov,0,3,,47250,48500,48156,47625,47562,48500,5223,835,1472,0.385,19.280,7.420
3937488259009,5005475,199.781,199.996,729600,729600,1728000,schedutil,306000000,306000000,1020000000,nvhost_podgov,0,3,,47343,48312,48187,47687,47562,48312,5223,835,1472,0.371,19.280,7.160
3937493258851,4999842,200.006,199.996,729600,729600,1728000,schedutil,306000000,306000000,1020000000,nvhost_podgov,0,3,,47187,48500,48343,47718,47531,48500,5223,835,1472,0.384,19.271,7.760
3937498251365,4992514,200.300,199.996,729600,729600,1728000,schedutil,306000000,306000000,1020000000,nvhost_podgov,0,3,,47250,48312,48125,47718,47562,48468,5223,835,1472,0.406,19.282,7.830
3937503251143,4999778,200.009,199.996,729600,729600,1728000,schedutil,306000000,306000000,1020000000,nvhost_podgov,0,3,,47406,48343,48218,47750,47593,48343,5223,835,1472,0.380,19.276,7.300
3937508255722,5004579,199.817,199.996,729600,729600,1728000,schedutil,306000000,306000000,1020000000,nvhost_podgov,0,3,,47281,48406,48250,47687,47562,48406,5223,835,1472,0.383,19.277,7.370
3937513257036,5001314,199.947,199.996,729600,729600,1728000,schedutil,306000000,306000000,1020000000,nvhost_podgov,0,3,,47281,48250,48187,47687,47562,48250,5223,835,1472,0.372,19.275,7.180
3937518252078,4995042,200.199,199.996,729600,729600,1728000,schedutil,306000000,306000000,1020000000,nvhost_podgov,0,3,,47375,48281,48187,47718,47562,48281,5223,835,1472,0.372,19.279,7.180
3937523251537,4999459,200.022,199.996,729600,729600,1728000,schedutil,306000000,306000000,1020000000,nvhost_podgov,0,3,,47187,48312,48125,47781,47562,48312,5223,835,1472,0.374,19.281,7.210
3937528258739,5007202,199.712,199.996,729600,729600,1728000,schedutil,306000000,306000000,1020000000,nvhost_podgov,0,3,,47375,48718,48156,47687,47562,48718,5223,835,1472,0.376,19.279,7.260
3937533262165,5003426,199.863,199.995,729600,729600,1728000,schedutil,306000000,306000000,1020000000,nvhost_podgov,0,3,,47375,48312,48187,47750,47593,48625,5223,835,1472,0.372,19.280,7.180
3937538250680,4988515,200.460,199.996,729600,729600,1728000,schedutil,306000000,306000000,1020000000,nvhost_podgov,0,3,,47250,48375,48343,47781,47468,48375,5223,835,1472,0.389,19.273,7.490
3937543262970,5012290,199.510,199.995,729600,729600,1728000,schedutil,306000000,306000000,1020000000,nvhost_podgov,0,3,,47312,48562,48187,47656,47593,48562,5223,835,1472,0.403,19.282,7.090
3937548258172,4995202,200.192,199.996,729600,729600,1728000,schedutil,306000000,306000000,1020000000,nvhost_podgov,0,3,,47312,48312,48218,47718,47562,48312,5223,835,1472,0.374,19.281,7.620
3937553260575,5002403,199.904,199.996,729600,729600,1728000,schedutil,306000000,306000000,1020000000,nvhost_podgov,0,3,,47156,48500,48187,47750,47562,48375,5223,835,1472,0.367,19.276,7.080
3937558251105,4990530,200.380,199.996,729600,729600,1728000,schedutil,306000000,306000000,1020000000,nvhost_podgov,0,3,,47250,48593,48187,47656,47562,48593,5223,835,1472,0.379,19.280,7.510
3937563249891,4998786,200.049,199.996,729600,729600,1728000,schedutil,306000000,306000000,1020000000,nvhost_podgov,0,3,,47218,48343,48250,47687,47593,48343,5223,835,1472,0.380,19.279,7.320
3937568247205,4997314,200.107,199.996,729600,729600,1728000,schedutil,306000000,306000000,1020000000,nvhost_podgov,0,3,,47218,48468,48156,47843,47562,48468,5223,835,1472,0.421,19.277,8.120
3937573266152,5018947,199.245,199.995,729600,729600,1728000,schedutil,306000000,306000000,1020000000,nvhost_podgov,0,3,,47343,48312,48218,47718,47562,48500,5223,835,1472,0.367,19.282,7.090
3937578249706,4983554,200.660,199.996,729600,729600,1728000,schedutil,306000000,306000000,1020000000,nvhost_podgov,0,3,,47156,48343,48218,47718,47593,48343,5223,835,1472,0.369,19.281,7.590
