ts_ns,cpu_khz,cpu_min_khz,cpu_max_khz,cpu_governor,gpu_hz,gpu_min_hz,gpu_max_hz,gpu_governor,fan_cur_state,fan_max_state,fan_pwm,temp_cpu_mC,temp_gpu_mC,temp_soc0_mC,temp_soc1_mC,temp_soc2_mC,temp_tj_mC,vdd_in_mW,vdd_cpu_gpu_cv_mW,vdd_soc_mW,ina260_current_A,ina260_voltage_V,ina260_power_W,jtop_valid,jtop_host_ts_ns,jtop_power_tot_mw,jtop_power_vdd_cpu_gpu_cv_mw,jtop_power_vdd_soc_mw
10989304482907,729600,729600,1728000,schedutil,306000000,306000000,1020000000,nvhost_podgov,1,3,-1,52468,53906,53406,53125,52531,53906,-1,-1,-1,0.565,19.2288,10.87,0,0,,,
10989404569735,729600,729600,1728000,schedutil,306000000,306000000,1020000000,nvhost_podgov,1,3,-1,53062,53843,53281,53125,52687,53843,-1,-1,-1,0.4325,19.255,8.33,0,0,,,
10989504575601,806400,729600,1728000,schedutil,306000000,306000000,1020000000,nvhost_podgov,1,3,-1,52906,53812,53406,53093,52781,53812,5334,953,1433,0.40125,19.2775,7.42,1,10989478743763,5374,993,1433
10989604580123,729600,729600,1728000,schedutil,306000000,306000000,1020000000,nvhost_podgov,1,3,-1,52593,53968,53406,53093,52625,53968,5573,1152,1472,0.37625,19.2787,7.16,1,10989478743763,5374,993,1433
10989704571172,729600,729600,1728000,schedutil,306000000,306000000,1020000000,nvhost_podgov,1,3,-1,52687,53937,53406,53093,52593,53937,5612,1152,1472,0.40375,19.2838,7.78,1,10989478743763,5374,993,1433
10989804576590,729600,729600,1728000,schedutil,306000000,306000000,1020000000,nvhost_podgov,1,3,-1,52781,53718,53281,53000,52656,53718,5692,1232,1472,0.38375,19.2737,7.4,1,10989478743763,5374,993,1433
10989904565496,729600,729600,1728000,schedutil,306000000,306000000,1020000000,nvhost_podgov,1,3,-1,52531,53656,53218,53125,52531,53656,5533,1112,1472,0.345,19.2875,6.75,1,10989478743763,5374,993,1433
10990004557921,729600,729600,1728000,schedutil,306000000,306000000,1020000000,nvhost_podgov,1,3,-1,52406,53937,53187,53031,52593,53625,5374,993,1433,0.3425,19.2888,6.6,1,10989478743763,5374,993,1433
10990104567339,729600,729600,1728000,schedutil,306000000,306000000,1020000000,nvhost_podgov,1,3,-1,52375,53656,53437,53156,52531,53656,5374,993,1433,0.35375,19.2812,6.82,1,10989478743763,5374,993,1433
10990204563829,729600,729600,1728000,schedutil,306000000,306000000,1020000000,nvhost_podgov,1,3,-1,52281,53593,53312,53125,52468,53593,5254,874,1433,0.34375,19.2875,6.6,1,10989478743763,5374,993,1433
10990304564831,729600,729600,1728000,schedutil,306000000,306000000,1020000000,nvhost_podgov,1,3,-1,52312,53906,53250,53093,52406,53906,5175,834,1433,0.385,19.2775,7.08,1,10989478743763,5374,993,1433
10990404578185,729600,729600,1728000,schedutil,306000000,306000000,1020000000,nvhost_podgov,1,3,-1,52187,53593,53250,53000,52531,53593,5175,794,1433,0.375,19.2812,7.23,1,10989478743763,5374,993,1433
10990504572979,729600,729600,1728000,schedutil,306000000,306000000,1020000000,nvhost_podgov,1,3,-1,52406,53500,53312,53000,52531,53500,5254,874,1433,0.35125,19.2875,6.66,1,10990494567784,5254,874,1433
10990604553820,729600,729600,1728000,schedutil,306000000,306000000,1020000000,nvhost_podgov,1,3,-1,52468,53656,53218,53031,52500,53656,5254,834,1433,0.35875,19.2875,6.49,1,10990494567784,5254,874,1433
10990704555750,729600,729600,1728000,schedutil,306000000,306000000,1020000000,nvhost_podgov,1,3,-1,52468,53593,53187,52937,52468,53593,5135,794,1433,0.395,19.2787,7.62,1,10990494567784,5254,874,1433
10990804565456,729600,729600,1728000,schedutil,306000000,306000000,1020000000,nvhost_podgov,1,3,-1,52312,53531,53250,52906,52468,53531,5095,755,1433,0.39,19.2712,7.51,1,10990494567784,5254,874,1433
10990904551609,729600,729600,1728000,schedutil,306000000,306000000,1020000000,nvhost_podgov,1,3,-1,52343,53593,53343,53156,52437,53593,5055,715,1433,0.34875,19.285,6.72,1,10990494567784,5254,874,1433
10991004562595,729600,729600,1728000,schedutil,306000000,306000000,1020000000,nvhost_podgov,1,3,-1,52187,53500,53281,53125,52343,53500,5055,715,1433,0.39625,19.28,7.04,1,10990494567784,5254,874,1433
10991104560461,729600,729600,1728000,schedutil,306000000,306000000,1020000000,nvhost_podgov,1,3,-1,52218,53500,53218,53000,52375,53500,5015,675,1433,0.3425,19.2875,6.6,1,10990494567784,5254,874,1433
10991204566678,729600,729600,1728000,schedutil,306000000,306000000,1020000000,nvhost_podgov,1,3,-1,52093,53562,53218,52937,52312,53562,4976,675,1433,0.35,19.2875,6.68,1,10990494567784,5254,874,1433
10991304557376,729600,729600,1728000,schedutil,306000000,306000000,1020000000,nvhost_podgov,1,3,-1,52156,53500,53187,52812,52375,53500,4936,635,1433,0.34125,19.29,6.58,1,10990494567784,5254,874,1433
10991404576906,729600,729600,1728000,schedutil,306000000,306000000,1020000000,nvhost_podgov,1,3,-1,52406,53656,53125,52843,52343,53656,4936,635,1433,0.35125,19.285,6.77,1,10990494567784,5254,874,1433
10991504572340,729600,729600,1728000,schedutil,306000000,306000000,1020000000,nvhost_podgov,1,3,-1,52125,53593,53156,52843,52312,53593,5015,675,1433,0.34375,19.2875,6.68,1,10991491599235,4976,675,1433
10991604558557,729600,729600,1728000,schedutil,306000000,306000000,1020000000,nvhost_podgov,1,3,-1,52250,53562,53093,52843,52406,53562,5015,675,1433,0.355,19.2875,6.8,1,10991491599235,4976,675,1433
10991704562279,729600,729600,1728000,schedutil,306000000,306000000,1020000000,nvhost_podgov,1,3,-1,52281,53718,53187,52812,52375,53718,4976,675,1433,0.33875,19.2888,6.53,1,10991491599235,4976,675,1433
10991804546992,729600,729600,1728000,schedutil,306000000,306000000,1020000000,nvhost_podgov,1,3,-1,52093,53531,53250,52937,52406,53531,4936,635,1433,0.35,19.2888,6.75,1,10991491599235,4976,675,1433
10991904561018,729600,729600,1728000,schedutil,306000000,306000000,1020000000,nvhost_podgov,1,3,-1,52062,53531,53250,52937,52312,53531,4936,635,1433,0.34625,19.2862,6.85,1,10991491599235,4976,675,1433
10992004558819,729600,729600,1728000,schedutil,306000000,306000000,1020000000,nvhost_podgov,1,3,-1,52031,53281,53093,52843,52312,53281,4936,635,1433,0.35125,19.2888,6.77,1,10991491599235,4976,675,1433
10992104559629,729600,729600,1728000,schedutil,306000000,306000000,1020000000,nvhost_podgov,1,3,-1,52062,53562,53156,52812,52250,53562,4896,635,1433,0.34125,19.285,6.58,1,10991491599235,4976,675,1433
10992204566711,729600,729600,1728000,schedutil,306000000,306000000,1020000000,nvhost_podgov,1,3,-1,52250,53562,53125,52812,52218,53375,4896,635,1433,0.3475,19.2888,6.63,1,10991491599235,4976,675,1433
10992304566753,729600,729600,1728000,schedutil,306000000,306000000,1020000000,nvhost_podgov,1,3,-1,52000,53281,53062,52843,52343,53281,4856,596,1433,0.345,19.2812,6.66,1,10991491599235,4976,675,1433
10992404564842,729600,729600,1728000,schedutil,306000000,306000000,1020000000,nvhost_podgov,1,3,-1,52093,53656,53031,52781,52281,53656,4856,596,1433,0.34375,19.285,6.63,1,10991491599235,4976,675,1433
10992504572180,729600,729600,1728000,schedutil,306000000,306000000,1020000000,nvhost_podgov,1,3,-1,52187,53343,52968,52656,52312,53343,4936,635,1433,0.3425,19.2862,6.66,1,10992492403927,4896,635,1433
10992604561501,729600,729600,1728000,schedutil,306000000,306000000,1020000000,nvhost_podgov,1,3,-1,52000,53375,53093,52875,52343,53375,4936,635,1433,0.345,19.2888,6.68,1,10992492403927,4896,635,1433
10992704563335,729600,729600,1728000,schedutil,306000000,306000000,1020000000,nvhost_podgov,1,3,-1,52031,53218,53093,52812,52281,53218,4896,635,1433,0.345,19.285,6.66,1,10992492403927,4896,635,1433
10992804567088,729600,729600,1728000,schedutil,306000000,306000000,1020000000,nvhost_podgov,1,3,-1,52000,53312,53062,52812,52281,53312,4896,635,1433,0.3525,19.2825,6.8,1,10992492403927,4896,635,1433
10992904564538,729600,729600,1728000,schedutil,306000000,306000000,1020000000,nvhost_podgov,1,3,-1,51968,53375,53062,52781,52218,53375,4896,635,1433,0.3475,19.29,6.66,1,10992492403927,4896,635,1433
10993004769032,729600,729600,1728000,schedutil,306000000,306000000,1020000000,nvhost_podgov,1,3,-1,51906,53312,53031,52812,52187,53312,4896,596,1433,0.345,19.2875,6.66,1,10992492403927,4896,635,1433
10993104565741,729600,729600,1728000,schedutil,306000000,306000000,1020000000,nvhost_podgov,1,3,-1,52000,53187,53000,52750,52156,53187,4856,596,1433,0.35,19.2875,6.75,1,10992492403927,4896,635,1433
10993204566135,729600,729600,1728000,schedutil,306000000,306000000,1020000000,nvhost_podgov,1,3,-1,52031,53281,52906,52656,52250,53281,4856,596,1433,0.34875,19.285,6.55,1,10992492403927,4896,635,1433
10993304554464,729600,729600,1728000,schedutil,306000000,306000000,1020000000,nvhost_podgov,1,3,-1,52125,53281,52937,52750,52281,53281,4856,596,1433,0.34875,19.2875,6.72,1,10992492403927,4896,635,1433
10993404564490,729600,729600,1728000,schedutil,306000000,306000000,1020000000,nvhost_podgov,1,3,-1,52000,53281,53062,52843,52156,53281,4856,596,1433,0.3475,19.2838,6.71,1,10992492403927,4896,635,1433
10993504571475,729600,729600,1728000,schedutil,306000000,306000000,1020000000,nvhost_podgov,1,3,-1,52125,53218,53062,52843,52281,53218,4976,635,1433,0.3475,19.2862,6.63,1,10993495245881,4896,635,1433
10993604558524,729600,729600,1728000,schedutil,306000000,306000000,1020000000,nvhost_podgov,1,3,-1,51875,53406,52937,52750,52218,53406,4936,635,1433,0.35,19.2888,6.75,1,10993495245881,4896,635,1433
10993704566854,729600,729600,1728000,schedutil,306000000,306000000,1020000000,nvhost_podgov,1,3,-1,51937,53281,52937,52718,52187,53281,4936,635,1433,0.445,19.2662,8.03,1,10993495245881,4896,635,1433
10993804582128,729600,729600,1728000,schedutil,306000000,306000000,1020000000,nvhost_podgov,1,3,-1,51906,53218,52937,52625,52093,53218,4976,675,1433,0.36875,19.2838,7.32,1,10993495245881,4896,635,1433
10993904558585,729600,729600,1728000,schedutil,306000000,306000000,1020000000,nvhost_podgov,1,3,-1,51937,53375,52906,52562,52125,53375,4976,675,1433,0.36625,19.28,7.28,1,10993495245881,4896,635,1433
10994004564866,729600,729600,1728000,schedutil,306000000,306000000,1020000000,nvhost_podgov,1,3,-1,52031,53218,52968,52625,52062,53218,4936,635,1433,0.36,19.2787,6.94,1,10993495245881,4896,635,1433
10994104551340,729600,729600,1728000,schedutil,306000000,306000000,1020000000,nvhost_podgov,1,3,-1,52000,53156,52906,52625,52218,53468,4936,635,1433,0.365,19.2838,7.04,1,10993495245881,4896,635,1433
10994204568213,729600,729600,1728000,schedutil,306000000,306000000,1020000000,nvhost_podgov,1,3,-1,51906,53312,53000,52593,52062,53312,4896,635,1433,0.365,19.2812,7.1,1,10993495245881,4896,635,1433
10994304570047,729600,729600,1728000,schedutil,306000000,306000000,1020000000,nvhost_podgov,1,3,-1,51937,53250,52968,52718,52125,53250,4896,596,1433,0.3625,19.2787,6.99,1,10993495245881,4896,635,1433
10994404561096,729600,729600,1728000,schedutil,306000000,306000000,1020000000,nvhost_podgov,1,3,-1,51812,53031,52906,52625,52062,53031,4856,596,1433,0.37375,19.285,7.21,1,10993495245881,4896,635,1433
10994504567666,729600,729600,1728000,schedutil,306000000,306000000,1020000000,nvhost_podgov,1,3,-1,51906,53343,52906,52625,52062,53343,4976,675,1433,0.3725,19.2838,7.21,1,10994498083514,4936,635,1433
10994604563931,729600,729600,1728000,schedutil,306000000,306000000,1020000000,nvhost_podgov,1,3,-1,51781,53093,52875,52625,52125,53093,4976,675,1433,0.40125,19.275,7.4,1,10994498083514,4936,635,1433
10994704565124,729600,729600,1728000,schedutil,306000000,306000000,1020000000,nvhost_podgov,1,3,-1,51781,53093,52875,52593,52000,53093,4976,635,1433,0.37875,19.28,7.3,1,10994498083514,4936,635,1433
10994804578606,729600,729600,1728000,schedutil,306000000,306000000,1020000000,nvhost_podgov,1,3,-1,52031,53437,52781,52531,52000,53437,4936,635,1433,0.38875,19.2787,7.21,1,10994498083514,4936,635,1433
10994904565975,729600,729600,1728000,schedutil,306000000,306000000,1020000000,nvhost_podgov,1,3,-1,51750,53062,52875,52500,52062,53062,4976,635,1472,0.36625,19.2787,7.07,1,10994498083514,4936,635,1433
10995004567169,729600,729600,1728000,schedutil,306000000,306000000,1020000000,nvhost_podgov,1,3,-1,51843,53062,52781,52468,52031,53062,4976,635,1472,0.37375,19.2812,7.21,1,10994498083514,4936,635,1433
10995104559786,729600,729600,1728000,schedutil,306000000,306000000,1020000000,nvhost_podgov,1,3,-1,51937,53000,52968,52468,52000,53000,4936,635,1472,0.37125,19.28,7.16,1,10994498083514,4936,635,1433
10995204566323,729600,729600,1728000,schedutil,306000000,306000000,1020000000,nvhost_podgov,1,3,-1,51781,53125,52875,52593,52000,53125,4936,596,1472,0.37,19.275,7.3,1,10994498083514,4936,635,1433
10995304557373,729600,729600,1728000,schedutil,306000000,306000000,1020000000,nvhost_podgov,1,3,-1,51843,53000,52843,52531,52000,53000,4936,596,1472,0.37,19.2787,7.13,1,10994498083514,4936,635,1433
10995404560422,729600,729600,1728000,schedutil,306000000,306000000,1020000000,nvhost_podgov,1,3,-1,51843,53125,52781,52468,52031,53125,4896,596,1472,0.37125,19.2787,7.28,1,10994498083514,4936,635,1433
10995504568079,729600,729600,1728000,schedutil,306000000,306000000,1020000000,nvhost_podgov,1,3,-1,51937,53031,52875,52500,52000,53031,4896,596,1472,0.43375,19.265,8.41,1,10995495862115,4976,635,1472
10995604583161,729600,729600,1728000,schedutil,306000000,306000000,1020000000,nvhost_podgov,1,3,-1,51937,53031,52750,52437,51937,53031,5055,675,1472,0.36875,19.2763,7.1,1,10995495862115,4976,635,1472
10995704558338,729600,729600,1728000,schedutil,306000000,306000000,1020000000,nvhost_podgov,1,3,-1,51656,53031,52750,52437,51937,53031,5055,675,1472,0.40375,19.2812,7.78,1,10995495862115,4976,635,1472
10995804566283,729600,729600,1728000,schedutil,306000000,306000000,1020000000,nvhost_podgov,1,3,-1,51812,53000,52718,52406,52031,53000,5015,675,1472,0.35875,19.2875,6.99,1,10995495862115,4976,635,1472
10995904574485,729600,729600,1728000,schedutil,306000000,306000000,1020000000,nvhost_podgov,1,3,-1,51875,52968,52750,52406,51937,52968,5015,635,1472,0.38,19.2875,7.33,1,10995495862115,4976,635,1472
10996004566974,729600,729600,1728000,schedutil,306000000,306000000,1020000000,nvhost_podgov,1,3,-1,51687,53125,52875,52562,51968,53125,5015,675,1472,0.34125,19.28,6.58,1,10995495862115,4976,635,1472
10996104559207,729600,729600,1728000,schedutil,306000000,306000000,1020000000,nvhost_podgov,1,3,-1,51750,53062,52812,52531,51937,53062,5015,635,1472,0.35125,19.285,6.8,1,10995495862115,4976,635,1472
10996204559280,729600,729600,1728000,schedutil,306000000,306000000,1020000000,nvhost_podgov,1,3,-1,51656,53062,52687,52406,51937,53062,4976,635,1472,0.345,19.2862,6.66,1,10995495862115,4976,635,1472
10996304552793,729600,729600,1728000,schedutil,306000000,306000000,1020000000,nvhost_podgov,1,3,-1,51687,53187,52750,52437,51875,53187,4936,635,1472,0.34875,19.2888,6.73,1,10995495862115,4976,635,1472
10996404562083,729600,729600,1728000,schedutil,306000000,306000000,1020000000,nvhost_podgov,1,3,-1,51593,53031,52687,52406,51875,53031,4936,635,1472,0.38875,19.2712,7.49,1,10995495862115,4976,635,1472
10996504570380,729600,729600,1728000,schedutil,306000000,306000000,1020000000,nvhost_podgov,1,3,-1,51656,52906,52718,52437,51875,52906,4936,635,1472,0.3525,19.285,6.77,1,10996496506575,4976,635,1472
10996604571702,729600,729600,1728000,schedutil,306000000,306000000,1020000000,nvhost_podgov,1,3,-1,51781,53156,52625,52281,51906,53156,5015,675,1472,0.34875,19.29,6.73,1,10996496506575,4976,635,1472
10996704563071,729600,729600,1728000,schedutil,306000000,306000000,1020000000,nvhost_podgov,1,3,-1,51750,53093,52687,52406,51906,53093,4976,635,1472,0.35125,19.285,6.77,1,10996496506575,4976,635,1472
10996804565352,729600,729600,1728000,schedutil,306000000,306000000,1020000000,nvhost_podgov,1,3,-1,51593,52843,52781,52437,51937,52843,4976,635,1472,0.35,19.2862,6.72,1,10996496506575,4976,635,1472
10996904560785,729600,729600,1728000,schedutil,306000000,306000000,1020000000,nvhost_podgov,1,3,-1,51687,53187,52687,52500,51843,53187,4976,635,1472,0.35125,19.2838,6.77,1,10996496506575,4976,635,1472
10997004565914,729600,729600,1728000,schedutil,306000000,306000000,1020000000,nvhost_podgov,1,3,-1,51562,53062,52593,52468,51843,53062,4936,635,1472,0.35125,19.2875,6.77,1,10996496506575,4976,635,1472
10997104561571,729600,729600,1728000,schedutil,306000000,306000000,1020000000,nvhost_podgov,1,3,-1,51593,52812,52625,52406,51843,52812,4936,596,1472,0.34625,19.2838,6.85,1,10996496506575,4976,635,1472
10997204552908,729600,729600,1728000,schedutil,306000000,306000000,1020000000,nvhost_podgov,1,3,-1,51437,52906,52593,52406,51843,52906,4936,596,1472,0.35,19.285,6.75,1,10996496506575,4976,635,1472
10997304565078,729600,729600,1728000,schedutil,306000000,306000000,1020000000,nvhost_podgov,1,3,-1,51687,52812,52593,52312,51906,52812,4936,596,1472,0.38,19.2763,7.32,1,10996496506575,4976,635,1472
10997404574143,729600,729600,1728000,schedutil,306000000,306000000,1020000000,nvhost_podgov,1,3,-1,51750,52906,52625,52218,51937,52906,4976,635,1472,0.36375,19.285,6.66,1,10996496506575,4976,635,1472
10997504570472,729600,729600,1728000,schedutil,306000000,306000000,1020000000,nvhost_podgov,1,3,-1,51750,52781,52593,52250,51875,52781,5015,635,1472,0.37125,19.2838,7.16,1,10997496494251,5015,675,1472
10997604567921,729600,729600,1728000,schedutil,306000000,306000000,1020000000,nvhost_podgov,1,3,-1,51500,52875,52843,52468,51875,52875,5055,675,1472,0.34,19.2838,6.55,1,10997496494251,5015,675,1472
10997704564890,729600,729600,1728000,schedutil,306000000,306000000,1020000000,nvhost_podgov,1,3,-1,51593,52781,52750,52375,51781,52781,5015,675,1472,0.3525,19.2888,6.8,1,10997496494251,5015,675,1472
10997804567780,729600,729600,1728000,schedutil,306000000,306000000,1020000000,nvhost_podgov,1,3,-1,51468,52718,52593,52343,51750,52718,4976,635,1472,0.36625,19.2812,7.23,1,10997496494251,5015,675,1472
10997904560717,729600,729600,1728000,schedutil,306000000,306000000,1020000000,nvhost_podgov,1,3,-1,51468,52812,52593,52343,51750,52812,4976,635,1472,0.36375,19.2812,7.01,1,10997496494251,5015,675,1472
10998004555062,729600,729600,1728000,schedutil,306000000,306000000,1020000000,nvhost_podgov,1,3,-1,51468,52906,52531,52250,51687,52906,4936,596,1472,0.3725,19.2812,7.18,1,10997496494251,5015,675,1472
10998104553311,729600,729600,1728000,schedutil,306000000,306000000,1020000000,nvhost_podgov,1,3,-1,51562,52812,52531,52156,51656,52812,4936,596,1472,0.385,19.2812,7.35,1,10997496494251,5015,675,1472
10998204563784,729600,729600,1728000,schedutil,306000000,306000000,1020000000,nvhost_podgov,1,3,-1,51625,52843,52531,52218,51656,52843,4936,596,1472,0.365,19.275,7.04,1,10997496494251,5015,675,1472
10998304565233,729600,729600,1728000,schedutil,306000000,306000000,1020000000,nvhost_podgov,1,3,-1,51375,52812,52531,52187,51718,52812,4896,596,1472,0.36625,19.28,7.07,1,10997496494251,5015,675,1472
10998404569498,729600,729600,1728000,schedutil,306000000,306000000,1020000000,nvhost_podgov,1,3,-1,51500,52906,52656,52218,51656,52906,4936,596,1472,0.3725,19.2787,7.07,1,10997496494251,5015,675,1472
10998504568355,729600,729600,1728000,schedutil,306000000,306000000,1020000000,nvhost_podgov,1,3,-1,51687,52906,52593,52187,51812,52906,4976,635,1472,0.37375,19.2825,7.21,1,10998497121653,4976,635,1472
10998604561772,729600,729600,1728000,schedutil,306000000,306000000,1020000000,nvhost_podgov,1,3,-1,51468,52750,52531,52281,51718,52750,5015,635,1472,0.365,19.28,7.04,1,10998497121653,4976,635,1472
10998704554997,729600,729600,1728000,schedutil,306000000,306000000,1020000000,nvhost_podgov,1,3,-1,51937,53031,52468,52187,51687,53031,5055,675,1472,0.42,19.2625,8.09,1,10998497121653,4976,635,1472
10998804583359,729600,729600,1728000,schedutil,306000000,306000000,1020000000,nvhost_podgov,1,3,-1,51437,52875,52437,52156,51687,52875,5095,715,1472,0.37125,19.2775,7.16,1,10998497121653,4976,635,1472
10998904553575,729600,729600,1728000,schedutil,306000000,306000000,1020000000,nvhost_podgov,1,3,-1,51500,52781,52406,52062,51656,52781,5095,715,1472,0.3875,19.2712,7.46,1,10998497121653,4976,635,1472
10999004561584,729600,729600,1728000,schedutil,306000000,306000000,1020000000,nvhost_podgov,1,3,-1,51562,52875,52406,52125,51625,52875,5055,715,1472,0.36375,19.2775,7.01,1,10998497121653,4976,635,1472
10999104770558,729600,729600,1728000,schedutil,306000000,306000000,1020000000,nvhost_podgov,1,3,-1,51312,52843,52531,52156,51656,52843,5015,675,1472,0.37375,19.2838,7.07,1,10998497121653,4976,635,1472
10999204564067,729600,729600,1728000,schedutil,306000000,306000000,1020000000,nvhost_podgov,1,3,-1,51468,52843,52375,52093,51687,52625,4976,635,1472,0.36125,19.2787,6.96,1,10998497121653,4976,635,1472
10999304565964,729600,729600,1728000,schedutil,306000000,306000000,1020000000,nvhost_podgov,1,3,-1,51468,52968,52500,52156,51593,52968,4976,635,1472,0.3625,19.28,6.99,1,10998497121653,4976,635,1472
10999404561077,729600,729600,1728000,schedutil,306000000,306000000,1020000000,nvhost_podgov,1,3,-1,51375,52812,52437,52250,51687,52812,4936,635,1472,0.3625,19.2825,7.26,1,10998497121653,4976,635,1472
10999504565854,729600,729600,1728000,schedutil,306000000,306000000,1020000000,nvhost_podgov,1,3,-1,51437,52593,52406,52156,51656,52593,5015,675,1472,0.36625,19.275,7.07,1,10999498710868,4976,635,1472
10999604554438,729600,729600,1728000,schedutil,306000000,306000000,1020000000,nvhost_podgov,1,3,-1,51281,52625,52343,52156,51656,52625,5015,675,1472,0.3675,19.2812,7.09,1,10999498710868,4976,635,1472
10999704554191,729600,729600,1728000,schedutil,306000000,306000000,1020000000,nvhost_podgov,1,3,-1,51375,52593,52250,52062,51500,52593,4976,635,1472,0.36875,19.2812,7.1,1,10999498710868,4976,635,1472
10999804568185,729600,729600,1728000,schedutil,306000000,306000000,1020000000,nvhost_podgov,1,3,-1,51593,52656,52406,52062,51593,52656,4976,635,1472,0.37625,19.2763,7.26,1,10999498710868,4976,635,1472
10999904560929,729600,729600,1728000,schedutil,306000000,306000000,1020000000,nvhost_podgov,1,3,-1,51281,52593,52343,52062,51593,52593,5015,675,1472,0.36625,19.2812,7.07,1,10999498710868,4976,635,1472
11000004570795,729600,729600,1728000,schedutil,306000000,306000000,1020000000,nvhost_podgov,1,3,-1,51437,52906,52343,52093,51656,52687,4976,635,1472,0.37125,19.28,7.16,1,10999498710868,4976,635,1472
11000104561043,729600,729600,1728000,schedutil,306000000,306000000,1020000000,nvhost_podgov,1,3,-1,51437,52593,52437,51968,51593,52593,4976,635,1472,0.37375,19.2787,7.09,1,10999498710868,4976,635,1472
11000204564092,729600,729600,1728000,schedutil,306000000,306000000,1020000000,nvhost_podgov,1,3,-1,51281,52593,52437,52156,51562,52593,4936,635,1472,0.36875,19.2812,7.1,1,10999498710868,4976,635,1472
11000304562693,729600,729600,1728000,schedutil,306000000,306000000,1020000000,nvhost_podgov,1,3,-1,51312,52625,52343,52093,51500,52625,4936,596,1472,0.3775,19.2838,7.28,1,10999498710868,4976,635,1472
11000404562958,729600,729600,1728000,schedutil,306000000,306000000,1020000000,nvhost_podgov,1,3,-1,51218,52593,52343,52031,51531,52593,4896,596,1472,0.37375,19.2787,7.1,1,10999498710868,4976,635,1472
11000504567191,729600,729600,1728000,schedutil,306000000,306000000,1020000000,nvhost_podgov,1,3,-1,51343,52562,52281,52000,51437,52562,4976,675,1472,0.37375,19.28,7.21,1,11000501676019,4976,635,1472
11000604572992,729600,729600,1728000,schedutil,306000000,306000000,1020000000,nvhost_podgov,1,3,-1,51343,52687,52312,51937,51593,52687,5095,715,1472,0.37125,19.2825,7.16,1,11000501676019,4976,635,1472
11000704556841,729600,729600,1728000,schedutil,306000000,306000000,1020000000,nvhost_podgov,1,3,-1,51218,52625,52156,52031,51562,52843,5095,715,1472,0.42375,19.27,8.17,1,11000501676019,4976,635,1472
11000804563122,729600,729600,1728000,schedutil,306000000,306000000,1020000000,nvhost_podgov,1,3,-1,51375,52531,52250,51968,51500,52531,5055,675,1472,0.355,19.2875,6.85,1,11000501676019,4976,635,1472
11000904573979,729600,729600,1728000,schedutil,306000000,306000000,1020000000,nvhost_podgov,1,3,-1,51437,52625,52406,52031,51500,52625,5015,635,1472,0.38875,19.275,7.49,1,11000501676019,4976,635,1472
11001004569252,729600,729600,1728000,schedutil,306000000,306000000,1020000000,nvhost_podgov,1,3,-1,51218,52531,52375,52125,51531,52531,5015,635,1472,0.34875,19.2875,6.68,1,11000501676019,4976,635,1472
11001104568652,729600,729600,1728000,schedutil,306000000,306000000,1020000000,nvhost_podgov,1,3,-1,51312,52687,52218,52000,51500,52687,4976,635,1472,0.3425,19.2862,6.72,1,11000501676019,4976,635,1472
11001204570037,729600,729600,1728000,schedutil,306000000,306000000,1020000000,nvhost_podgov,1,3,-1,51250,52656,52312,52000,51500,52656,4976,635,1472,0.34875,19.2838,6.72,1,11000501676019,4976,635,1472
11001304570142,729600,729600,1728000,schedutil,306000000,306000000,1020000000,nvhost_podgov,1,3,-1,51187,52562,52156,51968,51437,52562,5015,635,1472,0.3475,19.2862,6.71,1,11000501676019,4976,635,1472
11001404562631,729600,729600,1728000,schedutil,306000000,306000000,1020000000,nvhost_podgov,1,3,-1,51125,52687,52218,51906,51375,52687,4976,635,1472,0.35,19.285,6.75,1,11000501676019,4976,635,1472
11001504557328,729600,729600,1728000,schedutil,306000000,306000000,1020000000,nvhost_podgov,1,3,-1,51312,52687,52156,51937,51500,52687,5055,675,1472,0.3875,19.275,7.48,1,11001503578105,5015,635,1472
11001604578041,729600,729600,1728000,schedutil,306000000,306000000,1020000000,nvhost_podgov,1,3,-1,51750,52468,52218,51875,51500,52468,5055,675,1472,0.47125,19.2638,9.08,1,11001503578105,5015,635,1472
11001704568513,729600,729600,1728000,schedutil,306000000,306000000,1020000000,nvhost_podgov,1,3,-1,51531,52468,52093,51718,51531,52468,5254,834,1472,0.49625,19.2575,9.19,1,11001503578105,5015,635,1472
11001804578474,729600,729600,1728000,schedutil,306000000,306000000,1020000000,nvhost_podgov,1,3,-1,51906,52875,52343,51812,51593,52875,5573,993,1512,0.68875,19.2025,13.24,1,11001503578105,5015,635,1472
11001904558355,729600,729600,1728000,schedutil,714000000,306000000,1020000000,nvhost_podgov,1,3,-1,52062,53687,52250,52000,51718,53687,6050,1311,1592,1.04125,19.1163,19.9,1,11001503578105,5015,635,1472
11002004551931,729600,729600,1728000,schedutil,1020000000,306000000,1020000000,nvhost_podgov,1,3,-1,52093,54156,52218,51875,51781,54156,8174,2654,1904,1.0875,19.11,20.79,1,11001503578105,5015,635,1472
11002104546596,729600,729600,1728000,schedutil,1020000000,306000000,1020000000,nvhost_podgov,1,3,-1,52156,54750,52250,51843,51906,54750,10379,4027,2214,1.03625,19.1163,20.57,1,11001503578105,5015,635,1472
11002204562029,729600,729600,1728000,schedutil,1020000000,306000000,1020000000,nvhost_podgov,1,3,-1,52281,54718,52375,51812,52000,54718,11964,5077,2408,1.1025,19.0975,21.06,1,11001503578105,5015,635,1472
11002304554934,729600,729600,1728000,schedutil,1020000000,306000000,1020000000,nvhost_podgov,1,3,-1,52687,54781,52312,51812,52125,54781,13207,5894,2601,1.14375,19.1025,21.85,1,11001503578105,5015,635,1472
11002404550558,729600,729600,1728000,schedutil,1020000000,306000000,1020000000,nvhost_podgov,1,3,-1,52531,54875,52312,51812,52125,54875,14192,6473,2715,1.05625,19.0975,20.62,1,11001503578105,5015,635,1472
11002504554759,729600,729600,1728000,schedutil,1020000000,306000000,1020000000,nvhost_podgov,1,3,-1,52718,54937,52312,51875,52281,54937,14956,6971,2829,1.07375,19.1163,20.51,1,11002491816509,14681,6815,2794
11002604565072,729600,729600,1728000,schedutil,1020000000,306000000,1020000000,nvhost_podgov,1,3,-1,52906,55312,52437,51937,52437,55312,15875,7468,3099,1.32375,19.0338,25.19,1,11002491816509,14681,6815,2794
11002704552601,729600,729600,1728000,schedutil,1020000000,306000000,1020000000,nvhost_podgov,1,3,-1,52906,55625,52687,52187,52531,55625,15875,7468,3099,1.38375,19.0487,25.66,1,11002491816509,14681,6815,2794
11002804554049,729600,729600,1728000,schedutil,1020000000,306000000,1020000000,nvhost_podgov,1,3,-1,53093,55625,52687,52187,52687,55625,17183,8042,3603,1.32375,19.0138,25.55,1,11002491816509,14681,6815,2794
11002904549130,729600,729600,1728000,schedutil,1020000000,306000000,1020000000,nvhost_podgov,1,3,-1,53125,55843,52718,52093,52687,55843,18173,8457,3988,1.3475,19.0138,25.63,1,11002491816509,14681,6815,2794
11003004549939,729600,729600,1728000,schedutil,1020000000,306000000,1020000000,nvhost_podgov,1,3,-1,53156,56062,52750,52156,52781,56062,18887,8755,4301,1.3925,19.0225,26.48,1,11002491816509,14681,6815,2794
11003104549531,729600,729600,1728000,schedutil,1020000000,306000000,1020000000,nvhost_podgov,1,3,-1,53500,56062,52718,52125,52906,56062,19552,9012,4528,1.315,19.0263,27.44,1,11002491816509,14681,6815,2794
11003204548068,729600,729600,1728000,schedutil,1020000000,306000000,1020000000,nvhost_podgov,1,3,-1,53312,56062,52843,52187,52968,56062,19910,9206,4677,1.3075,19.0175,24.87,1,11002491816509,14681,6815,2794
11003304548589,729600,729600,1728000,schedutil,1020000000,306000000,1020000000,nvhost_podgov,1,3,-1,53500,56375,52875,52156,53093,56375,20222,9346,4794,1.43,19.0475,27.24,1,11002491816509,14681,6815,2794
11003404546709,729600,729600,1728000,schedutil,1020000000,306000000,1020000000,nvhost_podgov,1,3,-1,53718,56343,52875,52156,53156,56343,20456,9424,4872,1.4,19.0413,25.66,1,11002491816509,14681,6815,2794
11003504559518,729600,729600,1728000,schedutil,1020000000,306000000,1020000000,nvhost_podgov,1,3,-1,53718,56343,53031,52437,53187,56343,20730,9579,4949,1.29875,19.03,24.72,1,11003486260497,20652,9540,4949
11003604554855,729600,729600,1728000,schedutil,1020000000,306000000,1020000000,nvhost_podgov,1,3,-1,53656,56593,53062,52437,53218,56593,20852,9657,4988,1.3575,19.0437,25.86,1,11003486260497,20652,9540,4949
11003704553295,729600,729600,1728000,schedutil,1020000000,306000000,1020000000,nvhost_podgov,1,3,-1,53625,56500,53125,52406,53281,56500,20969,9718,5019,1.4425,19.0138,27.69,1,11003486260497,20652,9540,4949
11003804564120,729600,729600,1728000,schedutil,1020000000,306000000,1020000000,nvhost_podgov,1,3,-1,53812,56875,53000,52375,53343,56875,20969,9718,5019,1.29875,19.0263,27.58,1,11003486260497,20652,9540,4949
11003904713028,729600,729600,1728000,schedutil,1020000000,306000000,1020000000,nvhost_podgov,1,3,-1,53812,56781,53062,52375,53375,56781,21086,9757,5058,1.36375,19.0087,25.92,1,11003486260497,20652,9540,4949
11004004557289,729600,729600,1728000,schedutil,1020000000,306000000,1020000000,nvhost_podgov,1,3,-1,53781,56750,53093,52406,53375,56750,21124,9796,5097,1.39875,19.035,26.62,1,11003486260497,20652,9540,4949
11004104732054,729600,729600,1728000,schedutil,1020000000,306000000,1020000000,nvhost_podgov,1,3,-1,53937,56593,53156,52375,53500,56593,21163,9796,5097,1.37625,19.0425,25.11,1,11003486260497,20652,9540,4949
11004204551642,729600,729600,1728000,schedutil,1020000000,306000000,1020000000,nvhost_podgov,1,3,-1,54062,57031,53187,52406,53500,57031,21163,9796,5097,1.35125,19.0425,25.73,1,11003486260497,20652,9540,4949
11004304547459,729600,729600,1728000,schedutil,1020000000,306000000,1020000000,nvhost_podgov,1,3,-1,53968,57000,53312,52656,53593,57000,21163,9796,5136,1.47625,19.015,28.07,1,11003486260497,20652,9540,4949
11004404545163,729600,729600,1728000,schedutil,1020000000,306000000,1020000000,nvhost_podgov,1,3,-1,54156,56750,53406,52625,53531,56750,21202,9796,5136,1.355,19.0463,27.3,1,11003486260497,20652,9540,4949
11004504552372,729600,729600,1728000,schedutil,1020000000,306000000,1020000000,nvhost_podgov,1,3,-1,54125,57125,53468,52593,53687,57125,21280,9873,5136,1.2875,19.02,24.49,1,11004490068545,21241,9834,5136
11004604552445,729600,729600,1728000,schedutil,1020000000,306000000,1020000000,nvhost_podgov,1,3,-1,54156,57062,53312,52593,53687,57062,21358,9912,5136,1.34625,19.0362,25.63,1,11004490068545,21241,9834,5136
11004704548933,729600,729600,1728000,schedutil,1020000000,306000000,1020000000,nvhost_podgov,1,3,-1,54125,56875,53406,52562,53656,56875,21358,9912,5175,1.33875,19.0388,26.39,1,11004490068545,21241,9834,5136
11004804558670,729600,729600,1728000,schedutil,1020000000,306000000,1020000000,nvhost_podgov,1,3,-1,54156,57031,53406,52625,53781,57031,21397,9912,5175,1.35,19.035,26.62,1,11004490068545,21241,9834,5136
11004904543702,729600,729600,1728000,schedutil,1020000000,306000000,1020000000,nvhost_podgov,1,3,-1,54343,57031,53406,52687,53812,57031,21397,9912,5175,1.26125,19.0475,24.03,1,11004490068545,21241,9834,5136
11005004548191,729600,729600,1728000,schedutil,1020000000,306000000,1020000000,nvhost_podgov,1,3,-1,54562,57031,53437,52718,53812,57031,21397,9912,5175,1.40375,19.06,26.75,1,11004490068545,21241,9834,5136
11005104549799,729600,729600,1728000,schedutil,1020000000,306000000,1020000000,nvhost_podgov,1,3,-1,54343,57093,53531,52656,53875,57093,21397,9912,5175,1.3625,19.0175,25.77,1,11004490068545,21241,9834,5136
11005204547984,729600,729600,1728000,schedutil,1020000000,306000000,1020000000,nvhost_podgov,1,3,-1,54468,57125,53593,52843,53906,57125,21397,9912,5175,1.4,19.0388,26.65,1,11004490068545,21241,9834,5136
11005304547960,729600,729600,1728000,schedutil,1020000000,306000000,1020000000,nvhost_podgov,1,3,-1,54343,57250,53562,52812,53937,57250,21436,9873,5175,1.32875,19.0463,25.31,1,11004490068545,21241,9834,5136
11005404539969,729600,729600,1728000,schedutil,1020000000,306000000,1020000000,nvhost_podgov,1,3,-1,54312,57093,53468,52843,53937,57093,21397,9873,5175,1.34875,19.0325,25.49,1,11004490068545,21241,9834,5136
11005504564234,1728000,729600,1728000,schedutil,1020000000,306000000,1020000000,nvhost_podgov,1,3,-1,54125,57187,53593,52843,53875,57187,21397,9912,5175,1.3875,19.0025,26.37,1,11005488653077,21397,9912,5175
11005604569906,1728000,729600,1728000,schedutil,1020000000,306000000,1020000000,nvhost_podgov,1,3,-1,54031,57218,53687,52843,53937,57218,21436,9912,5175,1.33875,19.045,28.24,1,11005488653077,21397,9912,5175
11005704567515,1728000,729600,1728000,schedutil,1020000000,306000000,1020000000,nvhost_podgov,1,3,-1,54218,57468,53750,52812,54000,57468,21475,9951,5175,1.425,19.03,26.8,1,11005488653077,21397,9912,5175
11005804566211,1728000,729600,1728000,schedutil,1020000000,306000000,1020000000,nvhost_podgov,1,3,-1,54218,57312,53656,52906,54093,57312,21514,9951,5175,1.32875,19.045,25.31,1,11005488653077,21397,9912,5175
11005904565259,1728000,729600,1728000,schedutil,1020000000,306000000,1020000000,nvhost_podgov,1,3,-1,54218,57625,53718,52875,54031,57625,21514,9951,5175,1.43125,19.0325,27.24,1,11005488653077,21397,9912,5175
11006004576436,1728000,729600,1728000,schedutil,1020000000,306000000,1020000000,nvhost_podgov,1,3,-1,54250,57531,53718,52875,54125,57531,21475,9951,5175,1.24375,19.0362,23.65,1,11005488653077,21397,9912,5175
11006104566204,1728000,729600,1728000,schedutil,1020000000,306000000,1020000000,nvhost_podgov,1,3,-1,54312,57531,53812,53125,54156,57531,21436,9912,5175,1.30625,19.0475,24.88,1,11005488653077,21397,9912,5175
11006204564837,1728000,729600,1728000,schedutil,1020000000,306000000,1020000000,nvhost_podgov,1,3,-1,54312,57375,53875,53062,54093,57375,21397,9912,5175,1.37875,19.0525,26.27,1,11005488653077,21397,9912,5175
11006304571245,1728000,729600,1728000,schedutil,1020000000,306000000,1020000000,nvhost_podgov,1,3,-1,54218,57687,53906,53031,54187,57687,21358,9873,5175,1.3475,19.055,25.29,1,11005488653077,21397,9912,5175
11006404559670,1728000,729600,1728000,schedutil,1020000000,306000000,1020000000,nvhost_podgov,1,3,-1,54187,57625,53875,53031,54125,57625,21358,9873,5175,1.36625,19.045,26.02,1,11005488653077,21397,9912,5175
11006504563422,1728000,729600,1728000,schedutil,1020000000,306000000,1020000000,nvhost_podgov,1,3,-1,54781,57406,53875,53000,54125,57406,21358,9873,5136,1.305,19.0362,24.85,1,11006507409473,21358,9873,5136
11006604568903,1728000,729600,1728000,schedutil,1020000000,306000000,1020000000,nvhost_podgov,1,3,-1,54437,57812,53906,53125,54250,57812,21397,9912,5175,1.375,19.0263,25.56,1,11006507409473,21358,9873,5136
11006704560655,1728000,729600,1728000,schedutil,1020000000,306000000,1020000000,nvhost_podgov,1,3,-1,54406,57687,53875,53062,54312,57687,21397,9873,5175,1.32125,19.0162,25.13,1,11006507409473,21358,9873,5136
11006804550967,1728000,729600,1728000,schedutil,1020000000,306000000,1020000000,nvhost_podgov,1,3,-1,54531,57531,53875,53062,54312,57531,21358,9873,5175,1.37375,19.0312,26.15,1,11006507409473,21358,9873,5136
11006904565248,1728000,729600,1728000,schedutil,1020000000,306000000,1020000000,nvhost_podgov,1,3,-1,54437,57468,54031,53250,54281,57468,21358,9873,5175,1.3975,19.0312,26.61,1,11006507409473,21358,9873,5136
11007004560008,1728000,729600,1728000,schedutil,1020000000,306000000,1020000000,nvhost_podgov,1,3,-1,54437,57562,54062,53281,54343,57562,21358,9873,5175,1.30125,19.0413,24.78,1,11006507409473,21358,9873,5136
11007104563120,1728000,729600,1728000,schedutil,1020000000,306000000,1020000000,nvhost_podgov,1,3,-1,54406,57593,54062,53187,54406,57593,21319,9873,5175,1.3875,19.0425,26.42,1,11006507409473,21358,9873,5136
11007204558584,1728000,729600,1728000,schedutil,1020000000,306000000,1020000000,nvhost_podgov,1,3,-1,54343,57687,54000,53156,54343,57687,21397,9912,5175,1.36875,19.0388,26.06,1,11006507409473,21358,9873,5136
11007304566977,1728000,729600,1728000,schedutil,1020000000,306000000,1020000000,nvhost_podgov,1,3,-1,54375,57781,54093,53187,54343,57781,21397,9873,5175,1.43,19.0388,25.87,1,11006507409473,21358,9873,5136
11007404565353,1728000,729600,1728000,schedutil,1020000000,306000000,1020000000,nvhost_podgov,1,3,-1,54375,57656,54156,53187,54343,57656,21397,9873,5175,1.255,19.0338,23.89,1,11006507409473,21358,9873,5136
11007504566226,1728000,729600,1728000,schedutil,1020000000,306000000,1020000000,nvhost_podgov,1,3,-1,54843,57750,54125,53218,54531,57750,21323,9912,5175,1.295,19.035,24.65,1,11007512420874,21323,9912,5175
11007604561850,1728000,729600,1728000,schedutil,1020000000,306000000,1020000000,nvhost_podgov,1,3,-1,54656,57812,54093,53281,54531,57812,21362,9912,5175,1.34,19.0362,24.63,1,11007512420874,21323,9912,5175
11007704559682,1728000,729600,1728000,schedutil,1020000000,306000000,1020000000,nvhost_podgov,1,3,-1,54812,57750,54218,53437,54500,57750,21323,9912,5175,1.38875,19.035,26.46,1,11007512420874,21323,9912,5175
11007804560010,1728000,729600,1728000,schedutil,1020000000,306000000,1020000000,nvhost_podgov,1,3,-1,54625,57875,54250,53500,54468,57875,21319,9873,5175,1.35375,19.0325,25.77,1,11007512420874,21323,9912,5175
11007904554451,1728000,729600,1728000,schedutil,1020000000,306000000,1020000000,nvhost_podgov,1,3,-1,54656,57875,54187,53437,54468,57875,21319,9873,5175,1.37375,19.0375,26.15,1,11007512420874,21323,9912,5175
11008004567355,1728000,729600,1728000,schedutil,1020000000,306000000,1020000000,nvhost_podgov,1,3,-1,54562,57843,54187,53406,54500,57843,21280,9834,5175,1.345,19.0312,25.81,1,11007512420874,21323,9912,5175
11008104555651,1728000,729600,1728000,schedutil,1020000000,306000000,1020000000,nvhost_podgov,1,3,-1,54562,57968,54281,53437,54531,57968,21241,9834,5175,1.3425,19.04,25.56,1,11007512420874,21323,9912,5175
11008204567948,1728000,729600,1728000,schedutil,1020000000,306000000,1020000000,nvhost_podgov,1,3,-1,54593,57968,54250,53437,54593,57968,21280,9834,5175,1.3125,19.0463,25,1,11007512420874,21323,9912,5175
11008304562420,1728000,729600,1728000,schedutil,1020000000,306000000,1020000000,nvhost_podgov,1,3,-1,54843,57937,54218,53343,54656,57937,21245,9834,5175,1.27875,19.0575,25.98,1,11007512420874,21323,9912,5175
11008404560860,1728000,729600,1728000,schedutil,1020000000,306000000,1020000000,nvhost_podgov,1,3,-1,54843,58156,54250,53406,54625,58156,21245,9834,5175,1.41625,19.0463,26.97,1,11007512420874,21323,9912,5175
11008504566372,1728000,729600,1728000,schedutil,1020000000,306000000,1020000000,nvhost_podgov,1,3,-1,54968,58031,54437,53468,54625,58031,21358,9873,5175,1.38625,19.0425,24.87,1,11008511660139,21323,9873,5175
11008604568525,1728000,729600,1728000,schedutil,1020000000,306000000,1020000000,nvhost_podgov,1,3,-1,54843,58093,54375,53656,54656,57937,21362,9912,5175,1.2975,19.015,23.72,1,11008511660139,21323,9873,5175
11008704553812,1728000,729600,1728000,schedutil,1020000000,306000000,1020000000,nvhost_podgov,1,3,-1,54875,58218,54468,53593,54781,58218,21323,9873,5175,1.36125,19.0437,25.88,1,11008511660139,21323,9873,5175
11008804569981,1728000,729600,1728000,schedutil,1020000000,306000000,1020000000,nvhost_podgov,1,3,-1,54843,58062,54375,53593,54687,58062,21401,9951,5175,1.37625,19.0237,26.18,1,11008511660139,21323,9873,5175
11008904559717,1728000,729600,1728000,schedutil,1020000000,306000000,1020000000,nvhost_podgov,1,3,-1,54843,57968,54500,53625,54718,57968,21362,9912,5175,1.30375,19.0425,24.83,1,11008511660139,21323,9873,5175
11009004560813,1728000,729600,1728000,schedutil,1020000000,306000000,1020000000,nvhost_podgov,1,3,-1,54843,58406,54406,53593,54750,58406,21362,9912,5175,1.33375,19.0388,25.4,1,11008511660139,21323,9873,5175
11009104556533,1728000,729600,1728000,schedutil,1020000000,306000000,1020000000,nvhost_podgov,1,3,-1,54968,58250,54468,53562,54593,58250,21323,9873,5175,1.32125,19.0388,25.15,1,11008511660139,21323,9873,5175
11009204566622,1728000,729600,1728000,schedutil,1020000000,306000000,1020000000,nvhost_podgov,1,3,-1,55062,58062,54468,53531,54843,58062,21284,9873,5175,1.3225,19.0325,25.17,1,11008511660139,21323,9873,5175
11009304563110,1728000,729600,1728000,schedutil,1020000000,306000000,1020000000,nvhost_podgov,1,3,-1,54937,58031,54375,53562,54843,58031,21319,9873,5175,1.295,19.0287,25.22,1,11008511660139,21323,9873,5175
11009404557358,1728000,729600,1728000,schedutil,1020000000,306000000,1020000000,nvhost_podgov,1,3,-1,55031,58406,54531,53625,54750,58406,21245,9873,5175,1.31375,19.0487,25.02,1,11008511660139,21323,9873,5175
11009504563510,1728000,729600,1728000,schedutil,1020000000,306000000,1020000000,nvhost_podgov,1,3,-1,55187,58156,54625,53750,54937,58156,21280,9834,5175,1.36,19.0188,25.87,1,11009509324198,21284,9873,5175
11009604567678,1728000,729600,1728000,schedutil,1020000000,306000000,1020000000,nvhost_podgov,1,3,-1,55125,58187,54593,53781,54906,58187,21323,9912,5175,1.3925,19.0413,25.92,1,11009509324198,21284,9873,5175
11009704568679,1728000,729600,1728000,schedutil,1020000000,306000000,1020000000,nvhost_podgov,1,3,-1,54937,58218,54593,53750,54843,58218,21284,9873,5175,1.35,19.0325,25.69,1,11009509324198,21284,9873,5175
11009804562639,1728000,729600,1728000,schedutil,1020000000,306000000,1020000000,nvhost_podgov,1,3,-1,55031,58218,54562,53718,54875,58218,21284,9912,5175,1.34125,19.0312,25.52,1,11009509324198,21284,9873,5175
11009904546102,1728000,729600,1728000,schedutil,1020000000,306000000,1020000000,nvhost_podgov,1,3,-1,55312,58250,54562,53750,54875,58250,21323,9912,5175,1.30125,19.0413,27.61,1,11009509324198,21284,9873,5175
11010004565279,1728000,729600,1728000,schedutil,1020000000,306000000,1020000000,nvhost_podgov,1,3,-1,55250,58375,54656,53781,54843,58375,21323,9912,5175,1.38375,19.0437,26.36,1,11009509324198,21284,9873,5175
11010104559623,1728000,729600,1728000,schedutil,1020000000,306000000,1020000000,nvhost_podgov,1,3,-1,55156,58406,54625,53750,55000,58406,21362,9912,5175,1.42875,19.0437,27.21,1,11009509324198,21284,9873,5175
11010204569007,1728000,729600,1728000,schedutil,1020000000,306000000,1020000000,nvhost_podgov,1,3,-1,55250,58281,54812,53968,54968,58281,21401,9951,5175,1.425,19.0175,26.68,1,11009509324198,21284,9873,5175
11010304565079,1728000,729600,1728000,schedutil,1020000000,306000000,1020000000,nvhost_podgov,1,3,-1,55218,58500,54843,53937,55000,58500,21401,9912,5175,1.34625,19.0487,25.64,1,11009509324198,21284,9873,5175
11010404567903,1728000,729600,1728000,schedutil,1020000000,306000000,1020000000,nvhost_podgov,1,3,-1,55187,58375,54718,53843,55000,58375,21362,9873,5175,1.38,19.04,26.28,1,11009509324198,21284,9873,5175
11010504560775,1728000,729600,1728000,schedutil,1020000000,306000000,1020000000,nvhost_podgov,1,3,-1,55437,58593,54843,53875,55093,58593,21323,9873,5175,1.3825,19.0362,26.43,1,11010510079337,21362,9912,5175
11010604565295,1728000,729600,1728000,schedutil,1020000000,306000000,1020000000,nvhost_podgov,1,3,-1,55312,58500,54781,53843,55093,58500,21362,9912,5175,1.34375,19.025,25.56,1,11010510079337,21362,9912,5175
11010704576056,1728000,729600,1728000,schedutil,1020000000,306000000,1020000000,nvhost_podgov,1,3,-1,55750,58468,54781,53968,55156,58468,21401,9951,5175,1.38875,19.0375,26.43,1,11010510079337,21362,9912,5175
11010804564767,1728000,729600,1728000,schedutil,1020000000,306000000,1020000000,nvhost_podgov,1,3,-1,55468,58687,54843,53875,55156,58687,21362,9912,5175,1.3925,19.0512,25.68,1,11010510079337,21362,9912,5175
11010904562407,1728000,729600,1728000,schedutil,1020000000,306000000,1020000000,nvhost_podgov,1,3,-1,55281,58625,54812,53937,55156,58625,21362,9912,5175,1.31125,19.0362,24.96,1,11010510079337,21362,9912,5175
11011004556943,1728000,729600,1728000,schedutil,1020000000,306000000,1020000000,nvhost_podgov,1,3,-1,55312,58531,54937,54093,55218,58531,21362,9912,5175,1.4375,19.0263,27.35,1,11010510079337,21362,9912,5175
11011104569336,1728000,729600,1728000,schedutil,1020000000,306000000,1020000000,nvhost_podgov,1,3,-1,55312,58812,55000,54093,55125,58812,21362,9912,5175,1.3275,19.0437,25.28,1,11010510079337,21362,9912,5175
11011204568288,1728000,729600,1728000,schedutil,1020000000,306000000,1020000000,nvhost_podgov,1,3,-1,55375,58687,54875,54093,55187,58687,21323,9873,5175,1.2975,19.035,25.43,1,11010510079337,21362,9912,5175
11011304570408,1728000,729600,1728000,schedutil,1020000000,306000000,1020000000,nvhost_podgov,1,3,-1,55312,58468,54906,54062,55156,58468,21323,9873,5175,1.34875,19.03,25.66,1,11010510079337,21362,9912,5175
11011404563600,1728000,729600,1728000,schedutil,1020000000,306000000,1020000000,nvhost_podgov,1,3,-1,55343,58500,54875,54062,55218,58500,21323,9873,5175,1.39375,19.0525,26.56,1,11010510079337,21362,9912,5175
11011504576952,1728000,729600,1728000,schedutil,1020000000,306000000,1020000000,nvhost_podgov,1,3,-1,55468,58718,54937,54031,55281,58718,21323,9873,5175,1.3975,19.0512,25.02,1,11011511864611,21362,9873,5175
11011604567008,1728000,729600,1728000,schedutil,1020000000,306000000,1020000000,nvhost_podgov,1,3,-1,55343,58593,54968,54062,55250,58593,21401,9912,5166,1.32625,19.0437,25.24,1,11011511864611,21362,9873,5175
11011704564551,1728000,729600,1728000,schedutil,1020000000,306000000,1020000000,nvhost_podgov,1,3,-1,55468,58500,54875,54031,55281,58500,21401,9912,5166,1.2875,19.0413,24.51,1,11011511864611,21362,9873,5175
11011804554447,1728000,729600,1728000,schedutil,1020000000,306000000,1020000000,nvhost_podgov,1,3,-1,55718,58937,55031,54093,55281,58937,21362,9912,5175,1.28375,19.0625,25.45,1,11011511864611,21362,9873,5175
11011904562519,1728000,729600,1728000,schedutil,1020000000,306000000,1020000000,nvhost_podgov,1,3,-1,55562,58687,55218,54093,55281,58687,21323,9873,5175,1.32,19.0463,26.74,1,11011511864611,21362,9873,5175
11012004556735,1728000,729600,1728000,schedutil,1020000000,306000000,1020000000,nvhost_podgov,1,3,-1,55531,58625,55125,54187,55406,58625,21323,9873,5175,1.30875,19.0375,24.92,1,11011511864611,21362,9873,5175
11012104557287,1728000,729600,1728000,schedutil,1020000000,306000000,1020000000,nvhost_podgov,1,3,-1,55500,58593,55093,54187,55312,58750,21323,9857,5175,1.34125,19.035,25.54,1,11011511864611,21362,9873,5175
11012204557231,1728000,729600,1728000,schedutil,1020000000,306000000,1020000000,nvhost_podgov,1,3,-1,55500,58781,55062,54187,55343,58781,21358,9834,5175,1.33875,19.0425,25.11,1,11011511864611,21362,9873,5175
11012304567735,1728000,729600,1728000,schedutil,1020000000,306000000,1020000000,nvhost_podgov,1,3,-1,55468,58781,55000,54187,55312,58781,21319,9834,5175,1.4125,19.0312,26.88,1,11011511864611,21362,9873,5175
11012404562335,1728000,729600,1728000,schedutil,1020000000,306000000,1020000000,nvhost_podgov,1,3,-1,55500,58812,55062,54156,55343,58812,21284,9834,5175,1.26875,19.04,24.15,1,11011511864611,21362,9873,5175
11012504568903,1728000,729600,1728000,schedutil,1020000000,306000000,1020000000,nvhost_podgov,1,3,-1,55937,58812,55125,54250,55437,58812,21323,9834,5175,1.355,19.0388,26.37,1,11012512303644,21323,9873,5175
11012604560591,1728000,729600,1728000,schedutil,1020000000,306000000,1020000000,nvhost_podgov,1,3,-1,55906,58781,55093,54187,55406,58781,21323,9873,5175,1.32625,19.0325,25.23,1,11012512303644,21323,9873,5175
11012704558583,1728000,729600,1728000,schedutil,1020000000,306000000,1020000000,nvhost_podgov,1,3,-1,55843,58875,55218,54250,55500,58875,21323,9873,5175,1.28125,19.0375,24.4,1,11012512303644,21323,9873,5175
11012804560094,1728000,729600,1728000,schedutil,1020000000,306000000,1020000000,nvhost_podgov,1,3,-1,55812,58906,55250,54406,55406,58906,21319,9834,5175,1.41625,19.0437,26.97,1,11012512303644,21323,9873,5175
11012904558086,1728000,729600,1728000,schedutil,1020000000,306000000,1020000000,nvhost_podgov,1,3,-1,55656,58812,55312,54406,55406,58968,21319,9834,5175,1.40125,19.0388,26.68,1,11012512303644,21323,9873,5175
11013004564302,1728000,729600,1728000,schedutil,1020000000,306000000,1020000000,nvhost_podgov,1,3,-1,55656,59000,55218,54375,55437,59000,21323,9873,5166,1.42625,19.045,27.16,1,11012512303644,21323,9873,5175
11013104557302,1728000,729600,1728000,schedutil,1020000000,306000000,1020000000,nvhost_podgov,1,3,-1,55625,58937,55218,54343,55500,58937,21284,9834,5166,1.3725,19.0375,26.13,1,11012512303644,21323,9873,5175
11013204560478,1728000,729600,1728000,schedutil,1020000000,306000000,1020000000,nvhost_podgov,1,3,-1,55625,59062,55187,54375,55531,59062,21284,9873,5166,1.29625,19.0338,26.1,1,11012512303644,21323,9873,5175
11013304565606,1728000,729600,1728000,schedutil,1020000000,306000000,1020000000,nvhost_podgov,1,3,-1,55812,59062,55218,54437,55500,59062,21284,9834,5166,1.31625,19.03,25.05,1,11012512303644,21323,9873,5175
11013404568270,1728000,729600,1728000,schedutil,1020000000,306000000,1020000000,nvhost_podgov,1,3,-1,55812,59000,55343,54375,55562,59000,21245,9834,5136,1.37375,19.0425,26.16,1,11012512303644,21323,9873,5175
11013504560853,1728000,729600,1728000,schedutil,1020000000,306000000,1020000000,nvhost_podgov,1,3,-1,56000,58906,55281,54375,55593,58906,21284,9834,5175,1.4525,19.0325,26.19,1,11013513800558,21284,9834,5175
11013604561885,1728000,729600,1728000,schedutil,1020000000,306000000,1020000000,nvhost_podgov,1,3,-1,55843,59187,55375,54531,55593,59187,21401,9912,5166,1.35875,19.0138,25.83,1,11013513800558,21284,9834,5175
11013704559109,1728000,729600,1728000,schedutil,1020000000,306000000,1020000000,nvhost_podgov,1,3,-1,55968,59187,55500,54625,55718,59187,21479,9973,5166,1.41625,19.0063,26.92,1,11013513800558,21284,9834,5175
11013804569261,1728000,729600,1728000,schedutil,1020000000,306000000,1020000000,nvhost_podgov,1,3,-1,55968,59062,55343,54531,55625,59062,21596,10011,5205,1.38625,19.03,26.38,1,11013513800558,21284,9834,5175
11013904566709,1728000,729600,1728000,schedutil,1020000000,306000000,1020000000,nvhost_podgov,1,3,-1,55906,59312,55437,54562,55687,59312,21596,10011,5205,1.42625,19.0312,27.15,1,11013513800558,21284,9834,5175
11014004565436,1728000,729600,1728000,schedutil,1020000000,306000000,1020000000,nvhost_podgov,1,3,-1,55812,59031,55343,54468,55687,59031,21557,10011,5205,1.355,19.0275,25.78,1,11013513800558,21284,9834,5175
11014104563684,1728000,729600,1728000,schedutil,1020000000,306000000,1020000000,nvhost_podgov,1,3,-1,56125,59031,55406,54562,55718,59031,21518,9973,5205,1.4225,19.03,27.07,1,11013513800558,21284,9834,5175
11014204566060,1728000,729600,1728000,schedutil,1020000000,306000000,1020000000,nvhost_podgov,1,3,-1,56000,58968,55343,54562,55562,58968,21518,9973,5205,1.3,19.0388,25.96,1,11013513800558,21284,9834,5175
11014304557844,1728000,729600,1728000,schedutil,1020000000,306000000,1020000000,nvhost_podgov,1,3,-1,55937,59093,55437,54500,55781,59093,21518,9973,5205,1.40625,19.0263,26.75,1,11013513800558,21284,9834,5175
11014404570140,1728000,729600,1728000,schedutil,1020000000,306000000,1020000000,nvhost_podgov,1,3,-1,56031,59093,55687,54750,55906,59093,21479,9934,5205,1.40375,19.0388,26.73,1,11013513800558,21284,9834,5175
11014504563907,1728000,729600,1728000,schedutil,1020000000,306000000,1020000000,nvhost_podgov,1,3,-1,56281,59125,55562,54750,55906,59125,21518,9973,5205,1.4375,19.0138,26.91,1,11014515438370,21518,9973,5205
11014604560939,1728000,729600,1728000,schedutil,1020000000,306000000,1020000000,nvhost_podgov,1,3,-1,56187,59093,55531,54625,55812,59093,21557,10011,5205,1.40875,19.0325,26.82,1,11014515438370,21518,9973,5205
11014704563827,1728000,729600,1728000,schedutil,1020000000,306000000,1020000000,nvhost_podgov,1,3,-1,56031,59125,55593,54656,55843,59125,21557,10011,5205,1.33125,19.0263,25.33,1,11014515438370,21518,9973,5205
11014804568731,1728000,729600,1728000,schedutil,1020000000,306000000,1020000000,nvhost_podgov,1,3,-1,56062,59375,55687,54656,55937,59375,21557,10028,5205,1.35,19.0613,25.73,1,11014515438370,21518,9973,5205
11014904565826,1728000,729600,1728000,schedutil,1020000000,306000000,1020000000,nvhost_podgov,1,3,-1,56062,59312,55625,54625,55812,59312,21557,10028,5205,1.29375,19.055,24.63,1,11014515438370,21518,9973,5205
11015004563754,1728000,729600,1728000,schedutil,1020000000,306000000,1020000000,nvhost_podgov,1,3,-1,56031,59281,55468,54656,55812,59281,21518,10011,5205,1.41375,19.025,26.89,1,11014515438370,21518,9973,5205
11015104561745,1728000,729600,1728000,schedutil,1020000000,306000000,1020000000,nvhost_podgov,1,3,-1,56156,59343,55625,54687,55906,59343,21518,9973,5205,1.38,19.0263,26.25,1,11014515438370,21518,9973,5205
11015204565305,1728000,729600,1728000,schedutil,1020000000,306000000,1020000000,nvhost_podgov,1,3,-1,56187,59406,55875,54718,55968,59406,21479,9973,5205,1.4025,19.0287,25.08,1,11014515438370,21518,9973,5205
11015304564225,1728000,729600,1728000,schedutil,1020000000,306000000,1020000000,nvhost_podgov,1,3,-1,56250,59343,55687,54875,55906,59343,21479,9934,5205,1.3875,19.0312,26.41,1,11014515438370,21518,9973,5205
11015404561641,1728000,729600,1728000,schedutil,1020000000,306000000,1020000000,nvhost_podgov,1,3,-1,56250,59468,55781,54875,55906,59468,21479,9934,5205,1.29875,19.0275,24.72,1,11014515438370,21518,9973,5205
11015504565264,1728000,729600,1728000,schedutil,1020000000,306000000,1020000000,nvhost_podgov,1,3,-1,56375,59406,55718,54875,56062,59406,21518,9973,5205,1.415,19.0312,28.62,1,11015516341156,21518,9973,5205
11015604565304,1728000,729600,1728000,schedutil,1020000000,306000000,1020000000,nvhost_podgov,1,3,-1,56187,59750,55781,54781,56062,59750,21596,10011,5205,1.43625,19.0237,27.33,1,11015516341156,21518,9973,5205
11015704562495,1728000,729600,1728000,schedutil,1020000000,306000000,1020000000,nvhost_podgov,1,3,-1,56187,59625,55750,54875,55968,59625,21635,10050,5205,1.43625,19.02,27.32,1,11015516341156,21518,9973,5205
11015804576295,1728000,729600,1728000,schedutil,1020000000,306000000,1020000000,nvhost_podgov,1,3,-1,56281,59406,55750,54843,56031,59406,21751,10089,5244,1.38875,19.0312,26.43,1,11015516341156,21518,9973,5205
11015904565615,1728000,729600,1728000,schedutil,1020000000,306000000,1020000000,nvhost_podgov,1,3,-1,56343,59437,55718,54781,56093,59437,21751,10089,5244,1.27625,19.0475,24.31,1,11015516341156,21518,9973,5205
11016004561238,1728000,729600,1728000,schedutil,1020000000,306000000,1020000000,nvhost_podgov,1,3,-1,56343,59656,55750,54750,56093,59656,21712,10089,5244,1.37,19.02,26.06,1,11015516341156,21518,9973,5205
11016104566046,1728000,729600,1728000,schedutil,1020000000,306000000,1020000000,nvhost_podgov,1,3,-1,56437,59781,55812,54843,56125,59781,21712,10089,5244,1.4725,19.0225,21.93,1,11015516341156,21518,9973,5205
11016204565158,1728000,729600,1728000,schedutil,1020000000,306000000,1020000000,nvhost_podgov,1,3,-1,56343,59531,55906,55000,56125,59531,21790,10166,5244,1.45125,19.0225,27.62,1,11015516341156,21518,9973,5205
11016304565645,1728000,729600,1728000,schedutil,1020000000,306000000,1020000000,nvhost_podgov,1,3,-1,56281,59906,55906,55062,56250,59906,21907,10205,5244,1.435,19.0263,27.3,1,11015516341156,21518,9973,5205
11016404561845,1728000,729600,1728000,schedutil,1020000000,306000000,1020000000,nvhost_podgov,1,3,-1,56312,59625,55906,54968,56218,59562,21868,10205,5244,1.31375,19.035,25.01,1,11015516341156,21518,9973,5205
11016504560188,1728000,729600,1728000,schedutil,1020000000,306000000,1020000000,nvhost_podgov,1,3,-1,56437,59500,55906,55031,56250,59500,21790,10166,5244,1.33375,19.025,27.66,1,11015516341156,21518,9973,5205
11016604570852,1728000,729600,1728000,schedutil,1020000000,306000000,1020000000,nvhost_podgov,1,3,-1,56343,59500,55906,54968,56156,59500,21790,10127,5244,1.33375,19.0487,25.41,1,11016519569404,21790,10166,5244
11016704569356,1728000,729600,1728000,schedutil,1020000000,306000000,1020000000,nvhost_podgov,1,3,-1,56656,59625,55875,55031,56125,59625,21751,10127,5244,1.36375,19.0375,25.1,1,11016519569404,21790,10166,5244
11016804561363,1728000,729600,1728000,schedutil,1020000000,306000000,1020000000,nvhost_podgov,1,3,-1,56437,59718,55937,55000,56187,59718,21712,10089,5244,1.4425,19.0362,27.46,1,11016519569404,21790,10166,5244
11016904559738,1728000,729600,1728000,schedutil,1020000000,306000000,1020000000,nvhost_podgov,1,3,-1,56406,59593,55875,55000,56250,59593,21712,10089,5244,1.325,19.0338,25.22,1,11016519569404,21790,10166,5244
11017004559042,1728000,729600,1728000,schedutil,1020000000,306000000,1020000000,nvhost_podgov,1,3,-1,56468,59625,56062,55156,56281,59625,21635,10011,5205,1.42125,19.0388,27.06,1,11016519569404,21790,10166,5244
11017104571754,1728000,729600,1728000,schedutil,1020000000,306000000,1020000000,nvhost_podgov,1,3,-1,56468,59656,56062,55156,56281,59656,21557,10011,5205,1.3775,19.0325,23.82,1,11016519569404,21790,10166,5244
11017204561905,1728000,729600,1728000,schedutil,1020000000,306000000,1020000000,nvhost_podgov,1,3,-1,56531,59625,55937,55093,56250,59625,21557,9973,5205,1.35875,19.0487,25.87,1,11016519569404,21790,10166,5244
11017304558169,1728000,729600,1728000,schedutil,1020000000,306000000,1020000000,nvhost_podgov,1,3,-1,56437,59656,56156,55187,56281,59656,21518,9973,5205,1.255,19.0287,23.89,1,11016519569404,21790,10166,5244
11017404566784,1728000,729600,1728000,schedutil,1020000000,306000000,1020000000,nvhost_podgov,1,3,-1,56593,59687,56000,55125,56312,59687,21518,9973,5205,1.37375,19.0425,26.28,1,11016519569404,21790,10166,5244
11017504565608,1728000,729600,1728000,schedutil,1020000000,306000000,1020000000,nvhost_podgov,1,3,-1,56843,59781,56031,55093,56343,59781,21557,9973,5205,1.3575,19.0263,26.11,1,11016519569404,21790,10166,5244
11017604566927,1728000,729600,1728000,schedutil,1020000000,306000000,1020000000,nvhost_podgov,1,3,-1,56656,59750,56062,55156,56281,59750,21518,10011,5205,1.3425,19.0237,25.54,1,11017517492151,21557,9973,5205
11017704568439,1728000,729600,1728000,schedutil,1020000000,306000000,1020000000,nvhost_podgov,1,3,-1,56687,59718,56062,55125,56375,59906,21479,9973,5205,1.3425,19.0487,25.36,1,11017517492151,21557,9973,5205
11017804560126,1728000,729600,1728000,schedutil,1020000000,306000000,1020000000,nvhost_podgov,1,3,-1,56593,59781,56250,55312,56343,59781,21479,9973,5205,1.41,19.0463,26.86,1,11017517492151,21557,9973,5205
11017904560869,1728000,729600,1728000,schedutil,1020000000,306000000,1020000000,nvhost_podgov,1,3,-1,56593,59812,56187,55312,56312,59812,21401,9934,5166,1.33375,19.035,25.38,1,11017517492151,21557,9973,5205
11018004574605,1728000,729600,1728000,schedutil,1020000000,306000000,1020000000,nvhost_podgov,1,3,-1,56531,59781,56218,55281,56281,59781,21401,9934,5214,1.39625,19.0287,26.57,1,11017517492151,21557,9973,5205
11018104563476,1728000,729600,1728000,schedutil,1020000000,306000000,1020000000,nvhost_podgov,1,3,-1,56593,59937,56156,55312,56343,59937,21401,9895,5175,1.41,19.0263,25,1,11017517492151,21557,9973,5205
11018204559260,1728000,729600,1728000,schedutil,1020000000,306000000,1020000000,nvhost_podgov,1,3,-1,56625,59906,56187,55281,56375,59906,21362,9895,5175,1.33,19.0375,25.32,1,11017517492151,21557,9973,5205
11018304559491,1728000,729600,1728000,schedutil,1020000000,306000000,1020000000,nvhost_podgov,1,3,-1,56718,59781,56156,55218,56343,59781,21362,9912,5166,1.39875,19.0287,26.61,1,11017517492151,21557,9973,5205
11018404562827,1728000,729600,1728000,schedutil,1020000000,306000000,1020000000,nvhost_podgov,1,3,-1,56562,60062,56187,55250,56437,60062,21401,9895,5205,1.35625,19.0312,27.35,1,11017517492151,21557,9973,5205
11018504561778,1728000,729600,1728000,schedutil,1020000000,306000000,1020000000,nvhost_podgov,1,3,-1,56937,59968,56250,55312,56468,59968,21518,9973,5205,1.3575,19.015,25.82,1,11017517492151,21557,9973,5205
11018604564410,1728000,729600,1728000,schedutil,1020000000,306000000,1020000000,nvhost_podgov,1,3,-1,56906,59843,56343,55281,56468,59843,21557,10050,5205,1.345,19.025,25.59,1,11018520685324,21518,9973,5205
11018704560929,1728000,729600,1728000,schedutil,1020000000,306000000,1020000000,nvhost_podgov,1,3,-1,57031,59875,56343,55500,56500,59875,21635,10089,5205,1.445,19.025,27.5,1,11018520685324,21518,9973,5205
11018804568424,1728000,729600,1728000,schedutil,1020000000,306000000,1020000000,nvhost_podgov,1,3,-1,56812,60156,56343,55468,56562,60156,21635,10089,5205,1.44625,19.0212,27.51,1,11018520685324,21518,9973,5205
11018904571056,1728000,729600,1728000,schedutil,1020000000,306000000,1020000000,nvhost_podgov,1,3,-1,56656,59875,56406,55468,56500,59875,21673,10089,5205,1.3725,19.01,26.09,1,11018520685324,21518,9973,5205
11019004570711,1728000,729600,1728000,schedutil,1020000000,306000000,1020000000,nvhost_podgov,1,3,-1,56781,59875,56343,55468,56531,59875,21596,10050,5205,1.34125,19.0388,25.54,1,11018520685324,21518,9973,5205
11019104566942,1728000,729600,1728000,schedutil,1020000000,306000000,1020000000,nvhost_podgov,1,3,-1,56812,59937,56406,55375,56656,59937,21518,10011,5205,1.3625,19.045,26.61,1,11018520685324,21518,9973,5205
11019204567334,1728000,729600,1728000,schedutil,1020000000,306000000,1020000000,nvhost_podgov,1,3,-1,56843,59968,56312,55437,56562,59968,21518,9973,5205,1.39375,19.0413,26.54,1,11018520685324,21518,9973,5205
11019304562861,1728000,729600,1728000,schedutil,1020000000,306000000,1020000000,nvhost_podgov,1,3,-1,56875,59937,56406,55343,56687,59937,21479,9934,5205,1.33375,19.035,25.38,1,11018520685324,21518,9973,5205
11019404561876,1728000,729600,1728000,schedutil,1020000000,306000000,1020000000,nvhost_podgov,1,3,-1,57062,60093,56312,55406,56687,60093,21440,9912,5166,1.41375,19.03,24.93,1,11018520685324,21518,9973,5205
11019504561308,1728000,729600,1728000,schedutil,1020000000,306000000,1020000000,nvhost_podgov,1,3,-1,57000,59968,56406,55500,56625,59968,21440,9912,5166,1.41375,19.05,26.93,1,11018520685324,21518,9973,5205
11019604555427,1728000,729600,1728000,schedutil,1020000000,306000000,1020000000,nvhost_podgov,1,3,-1,57000,60062,56375,55562,56656,60062,21479,9934,5205,1.3675,19.0263,25.17,1,11019524702836,21440,9912,5166
11019704567979,1728000,729600,1728000,schedutil,1020000000,306000000,1020000000,nvhost_podgov,1,3,-1,56875,60031,56468,55625,56750,60031,21479,9934,5205,1.3425,19.0362,26.37,1,11019524702836,21440,9912,5166
11019804568338,1728000,729600,1728000,schedutil,1020000000,306000000,1020000000,nvhost_podgov,1,3,-1,56875,60031,56312,55500,56625,60031,21479,9934,5205,1.31375,19.035,25.01,1,11019524702836,21440,9912,5166
11019904566201,1728000,729600,1728000,schedutil,1020000000,306000000,1020000000,nvhost_podgov,1,3,-1,56781,60218,56500,55531,56625,60218,21479,9895,5166,1.28125,19.035,24.38,1,11019524702836,21440,9912,5166
11020004564736,1728000,729600,1728000,schedutil,1020000000,306000000,1020000000,nvhost_podgov,1,3,-1,56812,60187,56406,55437,56625,60187,21440,9857,5166,1.30875,19.0375,24.92,1,11019524702836,21440,9912,5166
11020104572264,1728000,729600,1728000,schedutil,1020000000,306000000,1020000000,nvhost_podgov,1,3,-1,57062,60218,56437,55562,56812,60218,21401,9873,5166,1.28,19.0325,26.15,1,11019524702836,21440,9912,5166
11020204563311,1728000,729600,1728000,schedutil,1020000000,306000000,1020000000,nvhost_podgov,1,3,-1,57031,60281,56437,55468,56781,60281,21362,9873,5166,1.36875,19.0538,26.07,1,11019524702836,21440,9912,5166
11020304558038,1728000,729600,1728000,schedutil,1020000000,306000000,1020000000,nvhost_podgov,1,3,-1,57062,60250,56656,55656,56781,60250,21323,9873,5166,1.33125,19.0325,25.33,1,11019524702836,21440,9912,5166
11020404559357,1728000,729600,1728000,schedutil,1020000000,306000000,1020000000,nvhost_podgov,1,3,-1,57031,60125,56625,55687,56750,60125,21323,9873,5166,1.32,19.045,26.47,1,11019524702836,21440,9912,5166
11020504559813,1728000,729600,1728000,schedutil,1020000000,306000000,1020000000,nvhost_podgov,1,3,-1,57062,60406,56562,55687,56781,60406,21323,9912,5166,1.335,18.9937,25.36,1,11019524702836,21440,9912,5166
11020604566348,1728000,729600,1728000,schedutil,1020000000,306000000,1020000000,nvhost_podgov,1,3,-1,57093,60375,56593,55718,56781,60375,21362,9912,5166,1.345,19.035,25.6,1,11020530608839,21323,9912,5166
11020704571507,1728000,729600,1728000,schedutil,1020000000,306000000,1020000000,nvhost_podgov,1,3,-1,57125,60375,56562,55656,56843,60218,21362,9912,5166,1.45375,19.0413,26.33,1,11020530608839,21323,9912,5166
11020804574427,1728000,729600,1728000,schedutil,1020000000,306000000,1020000000,nvhost_podgov,1,3,-1,57156,60468,56656,55656,56781,60468,21362,9895,5166,1.44125,19.0125,27.41,1,11020530608839,21323,9912,5166
11020904568834,1728000,729600,1728000,schedutil,1020000000,306000000,1020000000,nvhost_podgov,1,3,-1,57218,60343,56656,55687,56781,60343,21440,9934,5205,1.37375,19.0463,26.16,1,11020530608839,21323,9912,5166
11021004574889,1728000,729600,1728000,schedutil,1020000000,306000000,1020000000,nvhost_podgov,1,3,-1,57218,60187,56718,55750,56906,60187,21401,9934,5205,1.39125,19.035,25.38,1,11020530608839,21323,9912,5166
11021104565872,1728000,729600,1728000,schedutil,1020000000,306000000,1020000000,nvhost_podgov,1,3,-1,57125,60281,56718,55843,56906,60281,21401,9895,5175,1.38,19.0225,24.82,1,11020530608839,21323,9912,5166
11021204568535,1728000,729600,1728000,schedutil,1020000000,306000000,1020000000,nvhost_podgov,1,3,-1,57250,60468,56812,55812,56937,60468,21401,9895,5166,1.445,19.0338,27.51,1,11020530608839,21323,9912,5166
11021304570143,1728000,729600,1728000,schedutil,1020000000,306000000,1020000000,nvhost_podgov,1,3,-1,57062,60281,56750,55812,56906,60281,21362,9873,5166,1.3025,19.0437,24.81,1,11020530608839,21323,9912,5166
11021404570438,1728000,729600,1728000,schedutil,1020000000,306000000,1020000000,nvhost_podgov,1,3,-1,57062,60250,56718,55781,56968,60250,21323,9873,5166,1.34625,19.0487,26.22,1,11020530608839,21323,9912,5166
11021504557357,1728000,729600,1728000,schedutil,1020000000,306000000,1020000000,nvhost_podgov,1,3,-1,57343,60375,56687,55843,56937,60375,21362,9951,5166,1.4025,19.0362,27.09,1,11020530608839,21323,9912,5166
11021604569556,1728000,729600,1728000,schedutil,1020000000,306000000,1020000000,nvhost_podgov,1,3,-1,57125,60281,56687,55812,57031,60281,21401,9951,5166,1.27,19.0388,24.18,1,11021521375159,21362,9912,5166
11021704567451,1728000,729600,1728000,schedutil,1020000000,306000000,1020000000,nvhost_podgov,1,3,-1,57375,60437,56781,55843,56968,60437,21401,9951,5166,1.31125,19.03,24.95,1,11021521375159,21362,9912,5166
11021804560770,1728000,729600,1728000,schedutil,1020000000,306000000,1020000000,nvhost_podgov,1,3,-1,57343,60500,56750,55812,57031,60500,21401,9951,5166,1.33125,19.0413,25.34,1,11021521375159,21362,9912,5166
11021904558825,1728000,729600,1728000,schedutil,1020000000,306000000,1020000000,nvhost_podgov,1,3,-1,57281,60375,56875,55718,57000,60375,21362,9951,5166,1.33375,19.0413,25.4,1,11021521375159,21362,9912,5166
11022004562000,1728000,729600,1728000,schedutil,1020000000,306000000,1020000000,nvhost_podgov,1,3,-1,57250,60375,56812,55968,57062,60375,21362,9912,5166,1.28375,19.0188,24.68,1,11021521375159,21362,9912,5166
11022104565752,1728000,729600,1728000,schedutil,1020000000,306000000,1020000000,nvhost_podgov,1,3,-1,57281,60500,56843,55937,57000,60500,21323,9912,5166,1.355,19.0425,25.81,1,11021521375159,21362,9912,5166
11022204570463,1728000,729600,1728000,schedutil,1020000000,306000000,1020000000,nvhost_podgov,1,3,-1,57250,60437,56875,55937,57031,60437,21323,9857,5166,1.36,19.0425,25.89,1,11021521375159,21362,9912,5166
11022304557222,1728000,729600,1728000,schedutil,1020000000,306000000,1020000000,nvhost_podgov,1,3,-1,57250,60468,56812,55968,57093,60468,21323,9857,5166,1.25875,19.05,23.97,1,11021521375159,21362,9912,5166
11022404559629,1728000,729600,1728000,schedutil,1020000000,306000000,1020000000,nvhost_podgov,1,3,-1,57281,60562,56843,55875,57031,60562,21323,9873,5166,1.29,19.0538,26.96,1,11021521375159,21362,9912,5166
11022504558708,1728000,729600,1728000,schedutil,1020000000,306000000,1020000000,nvhost_podgov,1,3,-1,57437,60500,56812,55906,57031,60500,21362,9895,5166,1.39125,19.02,26.46,1,11021521375159,21362,9912,5166
11022604572347,1728000,729600,1728000,schedutil,1020000000,306000000,1020000000,nvhost_podgov,1,3,-1,57250,60687,56812,55968,57187,60687,21401,9895,5166,1.33,19.0425,25.69,1,11022526826750,21362,9895,5166
11022704564834,1728000,729600,1728000,schedutil,1020000000,306000000,1020000000,nvhost_podgov,1,3,-1,57343,60687,56843,55937,57156,60687,21401,9895,5166,1.415,19.0437,26.94,1,11022526826750,21362,9895,5166
11022804572457,1728000,729600,1728000,schedutil,1020000000,306000000,1020000000,nvhost_podgov,1,3,-1,57500,60562,56968,55968,57156,60562,21362,9912,5166,1.3475,19.0463,25.66,1,11022526826750,21362,9895,5166
11022904560304,1728000,729600,1728000,schedutil,1020000000,306000000,1020000000,nvhost_podgov,1,3,-1,57343,60718,57062,56031,57187,60718,21401,9912,5166,1.33375,19.0225,25.37,1,11022526826750,21362,9895,5166
11023004559671,1728000,729600,1728000,schedutil,1020000000,306000000,1020000000,nvhost_podgov,1,3,-1,57312,60687,57000,56062,57062,60687,21362,9873,5166,1.31125,19.0388,26.13,1,11022526826750,21362,9895,5166
11023104559678,1728000,729600,1728000,schedutil,1020000000,306000000,1020000000,nvhost_podgov,1,3,-1,57375,60656,56968,56062,57156,60656,21362,9857,5166,1.4225,19.0487,27.1,1,11022526826750,21362,9895,5166
11023204563845,1728000,729600,1728000,schedutil,1020000000,306000000,1020000000,nvhost_podgov,1,3,-1,57437,60500,57000,56000,57218,60500,21362,9857,5166,1.3425,19.0487,25.57,1,11022526826750,21362,9895,5166
11023304564748,1728000,729600,1728000,schedutil,1020000000,306000000,1020000000,nvhost_podgov,1,3,-1,57562,60843,57000,56031,57187,60843,21362,9873,5166,1.33,19.0463,25.33,1,11022526826750,21362,9895,5166
11023404561267,1728000,729600,1728000,schedutil,1020000000,306000000,1020000000,nvhost_podgov,1,3,-1,57437,60593,57031,56031,57187,60593,21362,9873,5166,1.315,19.05,26.77,1,11022526826750,21362,9895,5166
11023504554490,1728000,729600,1728000,schedutil,1020000000,306000000,1020000000,nvhost_podgov,1,3,-1,57750,60593,57000,56062,57250,60593,21401,9873,5166,1.435,19.02,27.29,1,11022526826750,21362,9895,5166
11023604571522,1728000,729600,1728000,schedutil,1020000000,306000000,1020000000,nvhost_podgov,1,3,-1,57781,60843,56968,56031,57312,60843,21440,9951,5166,1.41,19.0525,26.87,1,11023528580845,21401,9873,5166
11023704560776,1728000,729600,1728000,schedutil,1020000000,306000000,1020000000,nvhost_podgov,1,3,-1,57718,60687,57093,56250,57250,60687,21440,9951,5166,1.38,19.005,26.23,1,11023528580845,21401,9873,5166
11023804570543,1728000,729600,1728000,schedutil,1020000000,306000000,1020000000,nvhost_podgov,1,3,-1,57593,60593,57218,56250,57281,60593,21518,9973,5205,1.3775,19.0375,26.23,1,11023528580845,21401,9873,5166
11023904574295,1728000,729600,1728000,schedutil,1020000000,306000000,1020000000,nvhost_podgov,1,3,-1,57406,60593,57156,56125,57312,60593,21518,9973,5205,1.33,19.05,25.33,1,11023528580845,21401,9873,5166
11024004568477,1728000,729600,1728000,schedutil,1020000000,306000000,1020000000,nvhost_podgov,1,3,-1,57593,60687,57187,56250,57312,60687,21440,9934,5205,1.38875,19.0425,25.92,1,11023528580845,21401,9873,5166
11024104559972,1728000,729600,1728000,schedutil,1020000000,306000000,1020000000,nvhost_podgov,1,3,-1,57468,60656,57062,56156,57250,60656,21440,9895,5166,1.2875,19.0362,24.51,1,11023528580845,21401,9873,5166
11024204561131,1728000,729600,1728000,schedutil,1020000000,306000000,1020000000,nvhost_podgov,1,3,-1,57500,60718,57250,56187,57312,60718,21401,9895,5166,1.3275,19.0212,25.25,1,11023528580845,21401,9873,5166
11024304559666,1728000,729600,1728000,schedutil,1020000000,306000000,1020000000,nvhost_podgov,1,3,-1,57750,60781,57062,56156,57406,60781,21401,9895,5166,1.36125,19.0525,25.57,1,11023528580845,21401,9873,5166
11024404565593,1728000,729600,1728000,schedutil,1020000000,306000000,1020000000,nvhost_podgov,1,3,-1,57687,60750,57156,56218,57406,60750,21401,9895,5166,1.32625,19.0325,25.25,1,11023528580845,21401,9873,5166
11024504560928,1728000,729600,1728000,schedutil,1020000000,306000000,1020000000,nvhost_podgov,1,3,-1,57750,60875,57250,56437,57375,60875,21440,9895,5166,1.3875,19.0375,26.42,1,11023528580845,21401,9873,5166
11024604578151,1728000,729600,1728000,schedutil,1020000000,306000000,1020000000,nvhost_podgov,1,3,-1,57781,60875,57312,56375,57375,60875,21440,9934,5166,1.36125,19.0512,25.93,1,11024530908489,21440,9895,5166
11024704567758,1728000,729600,1728000,schedutil,1020000000,306000000,1020000000,nvhost_podgov,1,3,-1,57750,60750,57281,56312,57406,60750,21440,9934,5166,1.365,19.06,25.37,1,11024530908489,21440,9895,5166
11024804577813,1728000,729600,1728000,schedutil,1020000000,306000000,1020000000,nvhost_podgov,1,3,-1,57750,60906,57281,56312,57468,60906,21401,9912,5166,1.40125,19.0475,26.69,1,11024530908489,21440,9895,5166
11024904561052,1728000,729600,1728000,schedutil,1020000000,306000000,1020000000,nvhost_podgov,1,3,-1,57625,60937,57281,56312,57468,60937,21440,9951,5166,1.3275,19.03,25.27,1,11024530908489,21440,9895,5166
11025004753671,1728000,729600,1728000,schedutil,1020000000,306000000,1020000000,nvhost_podgov,1,3,-1,57687,61125,57281,56218,57500,61125,21401,9912,5166,1.39375,19.0325,25.5,1,11024530908489,21440,9895,5166
11025104560969,1728000,729600,1728000,schedutil,1020000000,306000000,1020000000,nvhost_podgov,1,3,-1,57937,61000,57281,56375,57531,61000,21401,9912,5166,1.39375,19.0437,26.55,1,11024530908489,21440,9895,5166
11025204565488,1728000,729600,1728000,schedutil,1020000000,306000000,1020000000,nvhost_podgov,1,3,-1,57843,60968,57343,56343,57500,60968,21401,9912,5166,1.29125,19.0525,24.6,1,11024530908489,21440,9895,5166
11025304551479,1728000,729600,1728000,schedutil,1020000000,306000000,1020000000,nvhost_podgov,1,3,-1,57812,61250,57406,56281,57531,61250,21401,9912,5166,1.37875,19.03,27.71,1,11024530908489,21440,9895,5166
11025404558174,1728000,729600,1728000,schedutil,1020000000,306000000,1020000000,nvhost_podgov,1,3,-1,57875,61125,57437,56593,57531,61125,21401,9951,5166,1.40875,19.0437,26.83,1,11024530908489,21440,9895,5166
11025504564549,1728000,729600,1728000,schedutil,1020000000,306000000,1020000000,nvhost_podgov,1,3,-1,57968,61000,57500,56500,57593,60906,21440,9934,5166,1.43125,19.0162,26.77,1,11024530908489,21440,9895,5166
11025604580012,1728000,729600,1728000,schedutil,1020000000,306000000,1020000000,nvhost_podgov,1,3,-1,57875,60875,57375,56500,57593,60875,21479,9934,5205,1.41875,19.0162,26.98,1,11025526684235,21440,9934,5166
11025704550066,1728000,729600,1728000,schedutil,1020000000,306000000,1020000000,nvhost_podgov,1,3,-1,57750,61250,57437,56500,57500,61250,21479,9934,5205,1.41,19.0388,26.84,1,11025526684235,21440,9934,5166
11025804572697,1728000,729600,1728000,schedutil,1020000000,306000000,1020000000,nvhost_podgov,1,3,-1,57906,61125,57406,56500,57562,61125,21440,9934,5205,1.41,19.0338,26.84,1,11025526684235,21440,9934,5166
11025904572768,1728000,729600,1728000,schedutil,1020000000,306000000,1020000000,nvhost_podgov,1,3,-1,57906,61000,57468,56500,57656,61000,21440,9934,5205,1.3225,19.015,25.15,1,11025526684235,21440,9934,5166
11026004575431,1728000,729600,1728000,schedutil,1020000000,306000000,1020000000,nvhost_podgov,1,3,-1,57812,61312,57375,56500,57656,61312,21518,9973,5205,1.33375,19.0512,25.74,1,11025526684235,21440,9934,5166
11026104564174,1728000,729600,1728000,schedutil,1020000000,306000000,1020000000,nvhost_podgov,1,3,-1,57937,61031,57375,56500,57656,61031,21440,9934,5205,1.31875,19.055,25.13,1,11025526684235,21440,9934,5166
11026204566965,1728000,729600,1728000,schedutil,1020000000,306000000,1020000000,nvhost_podgov,1,3,-1,58218,61000,57593,56500,57750,61000,21440,9934,5205,1.3775,19.015,26.19,1,11025526684235,21440,9934,5166
11026304566811,1728000,729600,1728000,schedutil,1020000000,306000000,1020000000,nvhost_podgov,1,3,-1,57906,61031,57625,56625,57718,61031,21440,9934,5205,1.32375,19.0375,26.7,1,11025526684235,21440,9934,5166
11026404560610,1728000,729600,1728000,schedutil,1020000000,306000000,1020000000,nvhost_podgov,1,3,-1,57937,61093,57500,56687,57750,61093,21479,9934,5205,1.30625,19.0463,24.88,1,11025526684235,21440,9934,5166
11026504573129,1728000,729600,1728000,schedutil,1020000000,306000000,1020000000,nvhost_podgov,1,3,-1,58062,61093,57562,56656,57656,61093,21479,9973,5205,1.36875,19.02,26.04,1,11025526684235,21440,9934,5166
11026604570832,1728000,729600,1728000,schedutil,1020000000,306000000,1020000000,nvhost_podgov,1,3,-1,58031,61156,57375,56593,57718,61156,21479,9973,5205,1.395,19.0263,26.55,1,11026531322812,21479,9973,5205
11026704564694,1728000,729600,1728000,schedutil,1020000000,306000000,1020000000,nvhost_podgov,1,3,-1,58125,61156,57531,56625,57781,61156,21518,9973,5205,1.3025,19.0237,24.78,1,11026531322812,21479,9973,5205
11026804563677,1728000,729600,1728000,schedutil,1020000000,306000000,1020000000,nvhost_podgov,1,3,-1,57968,61250,57593,56625,57875,61250,21479,9973,5205,1.3875,19.0437,26.42,1,11026531322812,21479,9973,5205
11026904571460,1728000,729600,1728000,schedutil,1020000000,306000000,1020000000,nvhost_podgov,1,3,-1,58093,61250,57468,56593,57812,61250,21440,9934,5205,1.2875,19.0287,24.5,1,11026531322812,21479,9973,5205
11027004569867,1728000,729600,1728000,schedutil,1020000000,306000000,1020000000,nvhost_podgov,1,3,-1,58218,61281,57593,56562,57843,61281,21440,9895,5205,1.3375,19.0475,25.96,1,11026531322812,21479,9973,5205
11027104560497,1728000,729600,1728000,schedutil,1020000000,306000000,1020000000,nvhost_podgov,1,3,-1,57968,61281,57750,56781,57781,61281,21401,9895,5166,1.33875,19.0487,25.5,1,11026531322812,21479,9973,5205
11027204563000,1728000,729600,1728000,schedutil,1020000000,306000000,1020000000,nvhost_podgov,1,3,-1,58093,61343,57781,56687,57750,61343,21401,9895,5166,1.3625,19.0362,25.93,1,11026531322812,21479,9973,5205
11027304561855,1728000,729600,1728000,schedutil,1020000000,306000000,1020000000,nvhost_podgov,1,3,-1,57968,61250,57687,56718,57906,61250,21362,9857,5166,1.32,19.0212,26.51,1,11026531322812,21479,9973,5205
11027404563685,1728000,729600,1728000,schedutil,1020000000,306000000,1020000000,nvhost_podgov,1,3,-1,58156,61312,57687,56718,57843,61312,21362,9857,5166,1.31875,19.0425,25.11,1,11026531322812,21479,9973,5205
11027504567660,1728000,729600,1728000,schedutil,1020000000,306000000,1020000000,nvhost_podgov,1,3,-1,58218,61406,57687,56718,57875,61406,21401,9895,5166,1.435,19.0425,27.33,1,11026531322812,21479,9973,5205
11027604574675,1728000,729600,1728000,schedutil,1020000000,306000000,1020000000,nvhost_podgov,1,3,-1,58125,61375,57687,56750,57812,61375,21401,9895,5166,1.37625,19.0425,24.42,1,11027535855209,21401,9895,5166
11027704562681,1728000,729600,1728000,schedutil,1020000000,306000000,1020000000,nvhost_podgov,1,3,-1,58281,61312,57687,56687,57968,61312,21440,9934,5205,1.3375,19.0237,25.45,1,11027535855209,21401,9895,5166
11027804568992,1728000,729600,1728000,schedutil,1020000000,306000000,1020000000,nvhost_podgov,1,3,-1,58187,61500,57656,56687,57906,61500,21440,9934,5205,1.27625,19.0512,24.32,1,11027535855209,21401,9895,5166
11027904566695,1728000,729600,1728000,schedutil,1020000000,306000000,1020000000,nvhost_podgov,1,3,-1,58156,61468,57781,56875,57906,61468,21401,9895,5205,1.3725,19.04,24.92,1,11027535855209,21401,9895,5166
11028004567661,1728000,729600,1728000,schedutil,1020000000,306000000,1020000000,nvhost_podgov,1,3,-1,58343,61281,57812,56906,57875,61281,21401,9895,5205,1.38875,19.055,26.39,1,11027535855209,21401,9895,5166
11028104567380,1728000,729600,1728000,schedutil,1020000000,306000000,1020000000,nvhost_podgov,1,3,-1,58218,61593,57781,56875,57937,61593,21440,9934,5205,1.2975,19.0437,24.7,1,11027535855209,21401,9895,5166
11028204567259,1728000,729600,1728000,schedutil,1020000000,306000000,1020000000,nvhost_podgov,1,3,-1,58218,61500,57750,56812,57906,61500,21440,9934,5205,1.295,19.035,27.57,1,11027535855209,21401,9895,5166
11028304556289,1728000,729600,1728000,schedutil,1020000000,306000000,1020000000,nvhost_podgov,1,3,-1,58093,61343,57750,56906,58000,61343,21440,9934,5205,1.4075,19.0437,25.04,1,11027535855209,21401,9895,5166
11028404558088,1728000,729600,1728000,schedutil,1020000000,306000000,1020000000,nvhost_podgov,1,3,-1,58187,61406,57812,56875,58031,61406,21440,9934,5205,1.34125,19.0463,25.55,1,11027535855209,21401,9895,5166
11028504562670,1728000,729600,1728000,schedutil,1020000000,306000000,1020000000,nvhost_podgov,1,3,-1,58656,61406,57781,56875,58125,61406,21479,9934,5205,1.4075,19.0325,26.77,1,11027535855209,21401,9895,5166
11028604574165,1728000,729600,1728000,schedutil,1020000000,306000000,1020000000,nvhost_podgov,1,3,-1,58375,61375,57812,56843,58125,61437,21479,9934,5205,1.34375,19.0138,25.55,1,11028529772989,21479,9934,5205
11028704560316,1728000,729600,1728000,schedutil,1020000000,306000000,1020000000,nvhost_podgov,1,3,-1,58562,61312,57906,56843,58125,61312,21518,9973,5205,1.40375,19.0125,26.69,1,11028529772989,21479,9934,5205
11028804577538,1728000,729600,1728000,schedutil,1020000000,306000000,1020000000,nvhost_podgov,1,3,-1,58531,61406,57906,57031,58093,61406,21596,10011,5205,1.405,19.0388,26.75,1,11028529772989,21479,9934,5205
11028904569929,1728000,729600,1728000,schedutil,1020000000,306000000,1020000000,nvhost_podgov,1,3,-1,58250,61468,57968,56968,58062,61468,21596,10011,5205,1.27375,19.03,27.62,1,11028529772989,21479,9934,5205
11029004565935,1728000,729600,1728000,schedutil,1020000000,306000000,1020000000,nvhost_podgov,1,3,-1,58281,61406,57906,56906,58093,61406,21557,10011,5205,1.39625,19.0413,26.56,1,11028529772989,21479,9934,5205
11029104565686,1728000,729600,1728000,schedutil,1020000000,306000000,1020000000,nvhost_podgov,1,3,-1,58187,61531,57937,56906,58031,61531,21518,9973,5205,1.33125,19.0138,25.32,1,11028529772989,21479,9934,5205
11029204568605,1728000,729600,1728000,schedutil,1020000000,306000000,1020000000,nvhost_podgov,1,3,-1,58281,61437,57937,56968,58031,61437,21479,9934,5205,1.37125,19.0375,26.06,1,11028529772989,21479,9934,5205
11029304569475,1728000,729600,1728000,schedutil,1020000000,306000000,1020000000,nvhost_podgov,1,3,-1,58437,61500,57937,56906,58156,61500,21440,9934,5205,1.34125,19.025,25.52,1,11028529772989,21479,9934,5205
11029404561193,1728000,729600,1728000,schedutil,1020000000,306000000,1020000000,nvhost_podgov,1,3,-1,58312,61562,57937,56937,58156,61562,21401,9895,5205,1.3475,19.0275,25.64,1,11028529772989,21479,9934,5205
11029504557936,1728000,729600,1728000,schedutil,1020000000,306000000,1020000000,nvhost_podgov,1,3,-1,58562,61531,57875,56968,58156,61531,21440,9934,5205,1.4075,19.0388,26.42,1,11028529772989,21479,9934,5205
11029604576663,1728000,729600,1728000,schedutil,1020000000,306000000,1020000000,nvhost_podgov,1,3,-1,58437,61593,57968,57000,58218,61593,21440,9934,5205,1.35125,19.0287,25.83,1,11029535218270,21440,9895,5205
11029704568957,1728000,729600,1728000,schedutil,1020000000,306000000,1020000000,nvhost_podgov,1,3,-1,58468,61625,58000,57093,58218,61625,21440,9934,5205,1.335,19.0362,25.41,1,11029535218270,21440,9895,5205
11029804563268,1728000,729600,1728000,schedutil,1020000000,306000000,1020000000,nvhost_podgov,1,3,-1,58562,61562,57937,57125,58218,61562,21440,9934,5205,1.3425,19.0375,25.87,1,11029535218270,21440,9895,5205
11029904565930,1728000,729600,1728000,schedutil,1020000000,306000000,1020000000,nvhost_podgov,1,3,-1,58375,61812,58031,57031,58218,61812,21440,9934,5205,1.3675,19.0237,25.47,1,11029535218270,21440,9895,5205
11030004564433,1728000,729600,1728000,schedutil,1020000000,306000000,1020000000,nvhost_podgov,1,3,-1,58343,61687,58062,57062,58218,61687,21401,9934,5205,1.4475,19.0388,27.56,1,11029535218270,21440,9895,5205
11030104560439,1728000,729600,1728000,schedutil,1020000000,306000000,1020000000,nvhost_podgov,1,3,-1,58531,61656,58000,57125,58187,61656,21401,9895,5205,1.37375,19.0263,26.14,1,11029535218270,21440,9895,5205
11030204568062,1728000,729600,1728000,schedutil,1020000000,306000000,1020000000,nvhost_podgov,1,3,-1,58468,61875,58000,57031,58250,61875,21401,9895,5205,1.38875,19.0425,26.19,1,11029535218270,21440,9895,5205
11030304564548,1728000,729600,1728000,schedutil,1020000000,306000000,1020000000,nvhost_podgov,1,3,-1,58531,61781,58000,57062,58281,61781,21401,9895,5205,1.36125,19.0487,25.91,1,11029535218270,21440,9895,5205
11030404568395,1728000,729600,1728000,schedutil,1020000000,306000000,1020000000,nvhost_podgov,1,3,-1,58687,61718,58156,57125,58218,61718,21440,9895,5205,1.41375,19.0375,26.92,1,11029535218270,21440,9895,5205
11030504571569,1728000,729600,1728000,schedutil,1020000000,306000000,1020000000,nvhost_podgov,1,3,-1,58750,61968,58250,57156,58250,61968,21518,9934,5205,1.40875,19.02,26.79,1,11029535218270,21440,9895,5205
11030604573879,1728000,729600,1728000,schedutil,1020000000,306000000,1020000000,nvhost_podgov,1,3,-1,58562,61718,58125,57187,58250,61718,21518,9934,5205,1.45375,19.0362,26.82,1,11030536887718,21479,9934,5205
11030704567198,1728000,729600,1728000,schedutil,1020000000,306000000,1020000000,nvhost_podgov,1,3,-1,58406,61687,58187,57156,58250,61687,21596,10011,5205,1.38125,19.0275,26.28,1,11030536887718,21479,9934,5205
11030804559300,1728000,729600,1728000,schedutil,1020000000,306000000,1020000000,nvhost_podgov,1,3,-1,58625,61718,58156,57125,58312,61718,21557,9973,5205,1.45375,19.0063,25.54,1,11030536887718,21479,9934,5205
11030904577515,1728000,729600,1728000,schedutil,1020000000,306000000,1020000000,nvhost_podgov,1,3,-1,58718,61781,58031,57093,58343,61781,21557,10011,5205,1.46125,19.0138,27.79,1,11030536887718,21479,9934,5205
11031004570705,1728000,729600,1728000,schedutil,1020000000,306000000,1020000000,nvhost_podgov,1,3,-1,58562,61687,58125,57125,58375,61687,21596,10011,5205,1.3,19.0338,24.74,1,11030536887718,21479,9934,5205
11031104571351,1728000,729600,1728000,schedutil,1020000000,306000000,1020000000,nvhost_podgov,1,3,-1,58718,61718,58156,57156,58343,61718,21557,9973,5205,1.40875,19.0338,26.82,1,11030536887718,21479,9934,5205
11031204568190,1728000,729600,1728000,schedutil,1020000000,306000000,1020000000,nvhost_podgov,1,3,-1,58750,61781,58250,57375,58437,61781,21518,9934,5205,1.41,19.0263,24.61,1,11030536887718,21479,9934,5205
11031304561028,1728000,729600,1728000,schedutil,1020000000,306000000,1020000000,nvhost_podgov,1,3,-1,58687,61781,58250,57406,58281,61781,21479,9934,5205,1.35625,19.0463,25.83,1,11030536887718,21479,9934,5205
11031404560650,1728000,729600,1728000,schedutil,1020000000,306000000,1020000000,nvhost_podgov,1,3,-1,58718,61781,58250,57281,58312,61781,21479,9934,5205,1.34,19.0362,25.51,1,11030536887718,21479,9934,5205
11031504565553,1728000,729600,1728000,schedutil,1020000000,306000000,1020000000,nvhost_podgov,1,3,-1,58750,61875,58250,57250,58406,61875,21479,9934,5205,1.41875,19.015,26.98,1,11030536887718,21479,9934,5205
11031604569015,1728000,729600,1728000,schedutil,1020000000,306000000,1020000000,nvhost_podgov,1,3,-1,58593,61843,58218,57250,58343,61843,21479,9934,5205,1.32125,19.0263,25.14,1,11031537349969,21479,9934,5205
11031704568126,1728000,729600,1728000,schedutil,1020000000,306000000,1020000000,nvhost_podgov,1,3,-1,58625,61750,58250,57312,58406,61750,21479,9934,5205,1.35,19.0325,25.69,1,11031537349969,21479,9934,5205
11031804573124,1728000,729600,1728000,schedutil,1020000000,306000000,1020000000,nvhost_podgov,1,3,-1,58656,61875,58250,57218,58375,61875,21479,9934,5205,1.335,19.0413,26.42,1,11031537349969,21479,9934,5205
11031904567786,1728000,729600,1728000,schedutil,1020000000,306000000,1020000000,nvhost_podgov,1,3,-1,58875,61875,58187,57281,58468,61875,21479,9895,5205,1.30125,19.0437,26.28,1,11031537349969,21479,9934,5205
11032004562416,1728000,729600,1728000,schedutil,1020000000,306000000,1020000000,nvhost_podgov,1,3,-1,58781,61968,58468,57343,58437,61968,21440,9895,5166,1.26375,19.0312,24.05,1,11031537349969,21479,9934,5205
11032104560119,1728000,729600,1728000,schedutil,1020000000,306000000,1020000000,nvhost_podgov,1,3,-1,58718,61937,58375,57468,58343,61937,21401,9857,5166,1.38125,19.0275,26.28,1,11031537349969,21479,9934,5205
11032204568925,1728000,729600,1728000,schedutil,1020000000,306000000,1020000000,nvhost_podgov,1,3,-1,58812,61937,58281,57406,58437,61937,21401,9857,5166,1.40875,19.0425,26.37,1,11031537349969,21479,9934,5205
11032304563331,1728000,729600,1728000,schedutil,1020000000,306000000,1020000000,nvhost_podgov,1,3,-1,58812,62093,58343,57468,58500,62093,21401,9857,5166,1.3075,19.0475,24.91,1,11031537349969,21479,9934,5205
11032404556490,1728000,729600,1728000,schedutil,1020000000,306000000,1020000000,nvhost_podgov,1,3,-1,58843,62031,58406,57343,58375,62031,21362,9895,5205,1.3025,19.0338,24.79,1,11031537349969,21479,9934,5205
11032504556784,1728000,729600,1728000,schedutil,1020000000,306000000,1020000000,nvhost_podgov,1,3,-1,58875,61875,58375,57437,58531,61875,21362,9895,5205,1.43625,19.0362,27.34,1,11031537349969,21479,9934,5205
11032604574647,1728000,729600,1728000,schedutil,1020000000,306000000,1020000000,nvhost_podgov,1,3,-1,58750,62218,58375,57406,58593,62218,21401,9895,5205,1.34,19.0388,25.51,1,11032534029186,21401,9895,5205
11032704565117,1728000,729600,1728000,schedutil,1020000000,306000000,1020000000,nvhost_podgov,1,3,-1,58968,62093,58312,57375,58468,62093,21440,9934,5205,1.38,19.0437,26.28,1,11032534029186,21401,9895,5205
11032804558019,1728000,729600,1728000,schedutil,1020000000,306000000,1020000000,nvhost_podgov,1,3,-1,58875,62031,58281,57406,58593,61906,21440,9934,5205,1.335,19.0275,25.06,1,11032534029186,21401,9895,5205
11032904565609,1728000,729600,1728000,schedutil,1020000000,306000000,1020000000,nvhost_podgov,1,3,-1,58906,61843,58500,57406,58593,61843,21440,9895,5205,1.39625,19.0487,26.6,1,11032534029186,21401,9895,5205
11033004563087,1728000,729600,1728000,schedutil,1020000000,306000000,1020000000,nvhost_podgov,1,3,-1,58937,62218,58500,57468,58625,62218,21440,9895,5205,1.38875,19.0162,26.41,1,11032534029186,21401,9895,5205
11033104565046,1728000,729600,1728000,schedutil,1020000000,306000000,1020000000,nvhost_podgov,1,3,-1,58843,61968,58468,57500,58593,61968,21401,9895,5205,1.36375,19.0237,25.95,1,11032534029186,21401,9895,5205
11033204563676,1728000,729600,1728000,schedutil,1020000000,306000000,1020000000,nvhost_podgov,1,3,-1,58906,61906,58437,57500,58656,61906,21401,9857,5166,1.315,19.0162,27.26,1,11032534029186,21401,9895,5205
11033304562658,1728000,729600,1728000,schedutil,1020000000,306000000,1020000000,nvhost_podgov,1,3,-1,58843,62343,58437,57531,58625,62343,21440,9873,5205,1.39875,19.0125,26.6,1,11032534029186,21401,9895,5205
11033404546248,1728000,729600,1728000,schedutil,1020000000,306000000,1020000000,nvhost_podgov,1,3,-1,59125,61968,58437,57500,58593,61968,21440,9895,5205,1.41625,19.02,24.77,1,11032534029186,21401,9895,5205
11033504558446,1728000,729600,1728000,schedutil,1020000000,306000000,1020000000,nvhost_podgov,1,3,-1,58937,62062,58468,57468,58718,62062,21440,9895,5205,1.38875,19.0413,28.49,1,11032534029186,21401,9895,5205
11033604568085,1728000,729600,1728000,schedutil,1020000000,306000000,1020000000,nvhost_podgov,1,3,-1,58937,61968,58437,57468,58781,62031,21479,9934,5205,1.4825,19.0162,28.19,1,11033534738993,21479,9934,5205
11033704559035,1728000,729600,1728000,schedutil,1020000000,306000000,1020000000,nvhost_podgov,1,3,-1,59093,62000,58500,57562,58750,62000,21518,9934,5205,1.42875,19.0287,27.19,1,11033534738993,21479,9934,5205
11033804580769,1728000,729600,1728000,schedutil,1020000000,306000000,1020000000,nvhost_podgov,1,3,-1,59125,62031,58593,57687,58750,62031,21596,9973,5205,1.35625,19.04,28.39,1,11033534738993,21479,9934,5205
11033904564103,1728000,729600,1728000,schedutil,1020000000,306000000,1020000000,nvhost_podgov,1,3,-1,58968,62093,58562,57593,58687,62093,21557,9973,5205,1.37625,19.0138,26.16,1,11033534738993,21479,9934,5205
11034004573614,1728000,729600,1728000,schedutil,1020000000,306000000,1020000000,nvhost_podgov,1,3,-1,58937,62031,58531,57656,58750,62031,21518,9973,5205,1.3425,19.0413,25.56,1,11033534738993,21479,9934,5205
11034104560691,1728000,729600,1728000,schedutil,1020000000,306000000,1020000000,nvhost_podgov,1,3,-1,58968,62093,58656,57593,58718,62093,21518,9973,5205,1.445,19.035,27.51,1,11033534738993,21479,9934,5205
11034204566266,1728000,729600,1728000,schedutil,1020000000,306000000,1020000000,nvhost_podgov,1,3,-1,59187,62218,58562,57656,58781,62218,21479,9934,5205,1.30875,19.0237,25.83,1,11033534738993,21479,9934,5205
11034304558816,1728000,729600,1728000,schedutil,1020000000,306000000,1020000000,nvhost_podgov,1,3,-1,59156,62250,58500,57593,58718,62250,21479,9934,5205,1.39125,19.0237,26.47,1,11033534738993,21479,9934,5205
11034404557158,1728000,729600,1728000,schedutil,1020000000,306000000,1020000000,nvhost_podgov,1,3,-1,59062,62343,58531,57687,58843,62343,21479,9934,5205,1.355,19.0275,25.78,1,11033534738993,21479,9934,5205
11034504572012,1728000,729600,1728000,schedutil,1020000000,306000000,1020000000,nvhost_podgov,1,3,-1,59281,62343,58625,57625,58843,62343,21479,9934,5205,1.38125,19.025,26.28,1,11033534738993,21479,9934,5205
11034604569394,1728000,729600,1728000,schedutil,1020000000,306000000,1020000000,nvhost_podgov,1,3,-1,59093,62281,58718,57750,58812,62281,21479,9934,5205,1.34375,19.035,25.57,1,11034536228466,21479,9934,5205
11034704560760,1728000,729600,1728000,schedutil,1020000000,306000000,1020000000,nvhost_podgov,1,3,-1,59031,62343,58687,57875,58843,62343,21440,9934,5205,1.3325,19.03,25.36,1,11034536228466,21479,9934,5205
11034804570815,1728000,729600,1728000,schedutil,1020000000,306000000,1020000000,nvhost_podgov,1,3,-1,59031,62281,58718,57781,58781,62281,21479,9895,5205,1.3675,19.04,27.44,1,11034536228466,21479,9934,5205
11034904568165,1728000,729600,1728000,schedutil,1020000000,306000000,1020000000,nvhost_podgov,1,3,-1,59062,62281,58718,57750,58875,62281,21479,9934,5205,1.3325,19.055,25.4,1,11034536228466,21479,9934,5205
11035004564139,1728000,729600,1728000,schedutil,1020000000,306000000,1020000000,nvhost_podgov,1,3,-1,59031,62562,58718,57781,58875,62562,21479,9934,5205,1.3025,19.0287,24.78,1,11034536228466,21479,9934,5205
11035104563313,1728000,729600,1728000,schedutil,1020000000,306000000,1020000000,nvhost_podgov,1,3,-1,59093,62468,58718,57781,58812,62468,21518,9934,5205,1.40375,19.0225,27.15,1,11034536228466,21479,9934,5205
11035204558647,1728000,729600,1728000,schedutil,1020000000,306000000,1020000000,nvhost_podgov,1,3,-1,59218,62406,58656,57781,58906,62406,21518,9934,5205,1.27,19.035,24.17,1,11034536228466,21479,9934,5205
11035304559645,1728000,729600,1728000,schedutil,1020000000,306000000,1020000000,nvhost_podgov,1,3,-1,59343,62218,58718,57656,58937,62218,21557,9934,5205,1.4275,19.025,27.16,1,11034536228466,21479,9934,5205
11035404559587,1728000,729600,1728000,schedutil,1020000000,306000000,1020000000,nvhost_podgov,1,3,-1,59187,62593,58812,57750,58906,62593,21557,9934,5205,1.38875,19.0463,26.22,1,11034536228466,21479,9934,5205
11035504575721,1728000,729600,1728000,schedutil,1020000000,306000000,1020000000,nvhost_podgov,1,3,-1,59375,62218,58812,57906,58968,62218,21518,9934,5205,1.44,19.03,27.41,1,11034536228466,21479,9934,5205
11035604576527,1728000,729600,1728000,schedutil,1020000000,306000000,1020000000,nvhost_podgov,1,3,-1,59093,62250,58875,57812,58906,62250,21557,9973,5205,1.45625,19.025,27.7,1,11035537871989,21557,9934,5205
11035704566197,1728000,729600,1728000,schedutil,1020000000,306000000,1020000000,nvhost_podgov,1,3,-1,59156,62250,58750,57843,58937,62250,21557,9973,5205,1.44,19.0312,27.41,1,11035537871989,21557,9934,5205
11035804561115,1728000,729600,1728000,schedutil,1020000000,306000000,1020000000,nvhost_podgov,1,3,-1,59156,62250,58750,57750,58968,62250,21518,9934,5205,1.3775,19.0162,26.62,1,11035537871989,21557,9934,5205
11035904561825,1728000,729600,1728000,schedutil,1020000000,306000000,1020000000,nvhost_podgov,1,3,-1,59250,62281,58812,57875,58875,62281,21479,9934,5205,1.325,19.0287,25.22,1,11035537871989,21557,9934,5205
11036004574183,1728000,729600,1728000,schedutil,1020000000,306000000,1020000000,nvhost_podgov,1,3,-1,59500,62281,58812,57812,59000,62281,21557,9934,5205,1.365,19.0162,25.96,1,11035537871989,21557,9934,5205
11036104566413,1728000,729600,1728000,schedutil,1020000000,306000000,1020000000,nvhost_podgov,1,3,-1,59437,62375,58750,57843,59031,62375,21518,9934,5205,1.355,19.0575,26.68,1,11035537871989,21557,9934,5205
11036204562643,1728000,729600,1728000,schedutil,1020000000,306000000,1020000000,nvhost_podgov,1,3,-1,59406,62343,58812,57875,59093,62343,21518,9934,5205,1.39,19.0388,26.46,1,11035537871989,21557,9934,5205
11036304553337,1728000,729600,1728000,schedutil,1020000000,306000000,1020000000,nvhost_podgov,1,3,-1,59406,62406,59062,57812,59000,62406,21518,9895,5205,1.35,19.0413,26.25,1,11035537871989,21557,9934,5205
11036404564351,1728000,729600,1728000,schedutil,1020000000,306000000,1020000000,nvhost_podgov,1,3,-1,59218,62437,58937,57968,59000,62437,21518,9895,5205,1.315,19.0463,25.05,1,11035537871989,21557,9934,5205
11036504569861,1728000,729600,1728000,schedutil,1020000000,306000000,1020000000,nvhost_podgov,1,3,-1,59468,62375,58875,57937,59000,62375,21518,9895,5205,1.37875,19.0188,26.23,1,11035537871989,21557,9934,5205
11036604570123,1728000,729600,1728000,schedutil,1020000000,306000000,1020000000,nvhost_podgov,1,3,-1,59281,62500,58906,57937,59031,62500,21557,9973,5205,1.35125,19.0375,25.73,1,11036538593506,21518,9934,5205
11036704567377,1728000,729600,1728000,schedutil,1020000000,306000000,1020000000,nvhost_podgov,1,3,-1,59218,62531,58875,57968,59062,62531,21518,9973,5205,1.27625,19.05,24.31,1,11036538593506,21518,9934,5205
11036804570903,1728000,729600,1728000,schedutil,1020000000,306000000,1020000000,nvhost_podgov,1,3,-1,59437,62406,58906,57968,59031,62406,21518,9934,5205,1.35375,19.0338,25.91,1,11036538593506,21518,9934,5205
11036904566525,1728000,729600,1728000,schedutil,1020000000,306000000,1020000000,nvhost_podgov,1,3,-1,59406,62625,58875,57937,59062,62625,21479,9895,5205,1.36375,19.0325,25.96,1,11036538593506,21518,9934,5205
11037004561667,1728000,729600,1728000,schedutil,1020000000,306000000,1020000000,nvhost_podgov,1,3,-1,59468,62500,58968,57937,59031,62500,21440,9895,5205,1.40875,19.035,26.82,1,11036538593506,21518,9934,5205
11037104559016,1728000,729600,1728000,schedutil,1020000000,306000000,1020000000,nvhost_podgov,1,3,-1,59468,62468,58906,57937,59125,62687,21440,9895,5205,1.3175,19.045,24.5,1,11036538593506,21518,9934,5205
11037204555086,1728000,729600,1728000,schedutil,1020000000,306000000,1020000000,nvhost_podgov,1,3,-1,59343,62656,59000,58031,59187,62656,21440,9895,5205,1.355,19.035,25.79,1,11036538593506,21518,9934,5205
11037304569205,1728000,729600,1728000,schedutil,1020000000,306000000,1020000000,nvhost_podgov,1,3,-1,59343,62437,59000,58000,59125,62437,21401,9895,5166,1.35875,19.0362,26.92,1,11036538593506,21518,9934,5205
11037404568826,1728000,729600,1728000,schedutil,1020000000,306000000,1020000000,nvhost_podgov,1,3,-1,59281,62437,58937,58000,59062,62437,21401,9895,5166,1.37875,19.03,25.91,1,11036538593506,21518,9934,5205
11037504572512,1728000,729600,1728000,schedutil,1020000000,306000000,1020000000,nvhost_podgov,1,3,-1,59500,62812,59031,58031,59156,62812,21440,9895,5205,1.4425,19.0188,26.48,1,11036538593506,21518,9934,5205
11037604566886,1728000,729600,1728000,schedutil,1020000000,306000000,1020000000,nvhost_podgov,1,3,-1,59625,62625,58968,58062,59093,62625,21557,9973,5205,1.35625,19.0275,25.81,1,11037538570909,21479,9934,5205
11037704563276,1728000,729600,1728000,schedutil,1020000000,306000000,1020000000,nvhost_podgov,1,3,-1,59531,62437,59000,58000,59156,62437,21518,9934,5205,1.32875,19.0388,25.29,1,11037538570909,21479,9934,5205
11037804563986,1728000,729600,1728000,schedutil,1020000000,306000000,1020000000,nvhost_podgov,1,3,-1,59500,62812,59000,57937,59281,62812,21479,9934,5205,1.32,19.0275,25.11,1,11037538570909,21479,9934,5205
11037904565912,1728000,729600,1728000,schedutil,1020000000,306000000,1020000000,nvhost_podgov,1,3,-1,59687,62781,59031,58031,59281,62562,21479,9934,5205,1.3825,19.0388,26.32,1,11037538570909,21479,9934,5205
11038004559229,1728000,729600,1728000,schedutil,1020000000,306000000,1020000000,nvhost_podgov,1,3,-1,59500,62531,59156,58125,59218,62531,21479,9934,5205,1.35375,19.035,25.77,1,11037538570909,21479,9934,5205
11038104556035,1728000,729600,1728000,schedutil,1020000000,306000000,1020000000,nvhost_podgov,1,3,-1,59531,62531,59062,58250,59156,62531,21440,9895,5205,1.2925,19.03,25.08,1,11037538570909,21479,9934,5205
11038204565257,1728000,729600,1728000,schedutil,1020000000,306000000,1020000000,nvhost_podgov,1,3,-1,59500,62500,59156,58125,59187,62500,21440,9895,5205,1.35125,19.0188,25.7,1,11037538570909,21479,9934,5205
11038304567791,1728000,729600,1728000,schedutil,1020000000,306000000,1020000000,nvhost_podgov,1,3,-1,59500,62500,59156,58187,59250,62500,21440,9857,5205,1.30625,19.0312,25.86,1,11037538570909,21479,9934,5205
11038404560501,1728000,729600,1728000,schedutil,1020000000,306000000,1020000000,nvhost_podgov,1,3,-1,59406,62562,59156,58125,59187,62562,21440,9857,5205,1.28375,19.0287,26.11,1,11037538570909,21479,9934,5205
11038504566491,1728000,729600,1728000,schedutil,1020000000,306000000,1020000000,nvhost_podgov,1,3,-1,59687,62656,59093,58125,59281,62656,21440,9857,5205,1.3925,19.0325,26.51,1,11037538570909,21479,9934,5205
11038604573121,1728000,729600,1728000,schedutil,1020000000,306000000,1020000000,nvhost_podgov,1,3,-1,59656,62562,59093,58093,59343,62562,21518,9934,5205,1.2775,19.0425,24.33,1,11038540889453,21479,9895,5205
11038704562822,1728000,729600,1728000,schedutil,1020000000,306000000,1020000000,nvhost_podgov,1,3,-1,59937,62625,59281,58062,59312,62625,21518,9934,5205,1.39875,19.0138,25.79,1,11038540889453,21479,9895,5205
11038804568364,1728000,729600,1728000,schedutil,1020000000,306000000,1020000000,nvhost_podgov,1,3,-1,59656,62781,59187,58218,59250,62781,21557,9973,5205,1.31375,19.0312,25.01,1,11038540889453,21479,9895,5205
11038904562066,1728000,729600,1728000,schedutil,1020000000,306000000,1020000000,nvhost_podgov,1,3,-1,59687,62562,59218,58312,59343,62562,21518,9934,5205,1.2225,19.0463,23.28,1,11038540889453,21479,9895,5205
11039004562136,1728000,729600,1728000,schedutil,1020000000,306000000,1020000000,nvhost_podgov,1,3,-1,59562,62843,59156,58250,59281,62843,21518,9934,5205,1.32,19.0175,25.1,1,11038540889453,21479,9895,5205
11039104557533,1728000,729600,1728000,schedutil,1020000000,306000000,1020000000,nvhost_podgov,1,3,-1,59593,62750,59187,58125,59281,62750,21479,9934,5205,1.35375,19.0587,25.47,1,11038540889453,21479,9895,5205
11039204545347,1728000,729600,1728000,schedutil,1020000000,306000000,1020000000,nvhost_podgov,1,3,-1,59562,62718,59218,58156,59250,62718,21479,9934,5205,1.305,19.0237,24.83,1,11038540889453,21479,9895,5205
11039304566409,1728000,729600,1728000,schedutil,1020000000,306000000,1020000000,nvhost_podgov,1,3,-1,59531,62812,59156,58187,59343,62812,21479,9934,5205,1.32625,19.0375,24.65,1,11038540889453,21479,9895,5205
11039404569199,1728000,729600,1728000,schedutil,1020000000,306000000,1020000000,nvhost_podgov,1,3,-1,59687,62781,59218,58218,59375,62781,21440,9895,5205,1.3425,19.0538,24.68,1,11038540889453,21479,9895,5205
11039504559124,1728000,729600,1728000,schedutil,1020000000,306000000,1020000000,nvhost_podgov,1,3,-1,59968,62687,59187,58218,59437,62687,21440,9895,5205,1.4525,19.0063,27.61,1,11038540889453,21479,9895,5205
11039604569466,1728000,729600,1728000,schedutil,1020000000,306000000,1020000000,nvhost_podgov,1,3,-1,59750,62875,59375,58218,59406,62875,21479,9973,5205,1.39625,19.0375,26.59,1,11039539544360,21440,9895,5205
11039704561344,1728000,729600,1728000,schedutil,1020000000,306000000,1020000000,nvhost_podgov,1,3,-1,59750,62843,59343,58281,59375,62843,21479,9934,5205,1.31875,19.0388,25.59,1,11039539544360,21440,9895,5205
11039804566086,1728000,729600,1728000,schedutil,1020000000,306000000,1020000000,nvhost_podgov,1,3,-1,59656,62718,59250,58312,59375,62718,21479,9934,5205,1.39625,19.0375,26.59,1,11039539544360,21440,9895,5205
11039904568555,1728000,729600,1728000,schedutil,1020000000,306000000,1020000000,nvhost_podgov,1,3,-1,59687,62968,59250,58312,59375,62968,21479,9934,5205,1.36875,18.9975,26,1,11039539544360,21440,9895,5205
11040004569361,1728000,729600,1728000,schedutil,1020000000,306000000,1020000000,nvhost_podgov,1,3,-1,59593,62968,59312,58281,59406,62968,21440,9934,5205,1.3,19.0388,27.89,1,11039539544360,21440,9895,5205
11040104566807,1728000,729600,1728000,schedutil,1020000000,306000000,1020000000,nvhost_podgov,1,3,-1,59718,62750,59250,58250,59406,62750,21440,9934,5205,1.42125,19.0225,27.05,1,11039539544360,21440,9895,5205
11040204560732,1728000,729600,1728000,schedutil,1020000000,306000000,1020000000,nvhost_podgov,1,3,-1,59812,62812,59250,58218,59437,62812,21440,9934,5205,1.365,19.0212,26.29,1,11039539544360,21440,9895,5205
11040304570658,1728000,729600,1728000,schedutil,1020000000,306000000,1020000000,nvhost_podgov,1,3,-1,59687,63000,59281,58218,59593,63000,21440,9934,5205,1.3375,19.0375,25.89,1,11039539544360,21440,9895,5205
11040404755884,1728000,729600,1728000,schedutil,1020000000,306000000,1020000000,nvhost_podgov,1,3,-1,59687,62843,59250,58250,59531,62843,21440,9934,5205,1.2775,19.05,25.17,1,11039539544360,21440,9895,5205
11040504565901,1728000,729600,1728000,schedutil,1020000000,306000000,1020000000,nvhost_podgov,1,3,-1,59906,62781,59312,58281,59468,62781,21440,9934,5205,1.4375,19.0225,27.34,1,11039539544360,21440,9895,5205
11040604572723,1728000,729600,1728000,schedutil,1020000000,306000000,1020000000,nvhost_podgov,1,3,-1,59718,62875,59437,58437,59468,62875,21518,9973,5205,1.39125,19.03,26.47,1,11040545582030,21479,9934,5205
11040704572185,1728000,729600,1728000,schedutil,1020000000,306000000,1020000000,nvhost_podgov,1,3,-1,59750,62843,59281,58406,59531,62843,21518,9934,5205,1.35625,19.0212,26.04,1,11040545582030,21479,9934,5205
11040804566846,1728000,729600,1728000,schedutil,1020000000,306000000,1020000000,nvhost_podgov,1,3,-1,59718,62843,59406,58406,59406,62843,21479,9934,5205,1.3375,19.0263,25.45,1,11040545582030,21479,9934,5205
11040904559780,1728000,729600,1728000,schedutil,1020000000,306000000,1020000000,nvhost_podgov,1,3,-1,59750,62937,59406,58375,59562,62937,21440,9895,5205,1.355,19.0325,25.79,1,11040545582030,21479,9934,5205
11041004565865,1728000,729600,1728000,schedutil,1020000000,306000000,1020000000,nvhost_podgov,1,3,-1,60156,62843,59312,58375,59437,62843,21479,9934,5205,1.40125,19.02,25.92,1,11040545582030,21479,9934,5205
11041104572271,1728000,729600,1728000,schedutil,1020000000,306000000,1020000000,nvhost_podgov,1,3,-1,59906,62875,59375,58343,59625,63031,21518,9973,5205,1.3825,19.04,26.32,1,11040545582030,21479,9934,5205
11041204565557,1728000,729600,1728000,schedutil,1020000000,306000000,1020000000,nvhost_podgov,1,3,-1,59937,62937,59250,58375,59593,62937,21518,9973,5205,1.37875,19.0237,26.25,1,11040545582030,21479,9934,5205
11041304563738,1728000,729600,1728000,schedutil,1020000000,306000000,1020000000,nvhost_podgov,1,3,-1,59843,62968,59468,58562,59562,62968,21518,9934,5205,1.2825,19.0362,25.51,1,11040545582030,21479,9934,5205
11041404576640,1728000,729600,1728000,schedutil,1020000000,306000000,1020000000,nvhost_podgov,1,3,-1,59812,63125,59500,58531,59593,63125,21479,9934,5205,1.3875,19.0512,26.41,1,11040545582030,21479,9934,5205
11041504567718,1728000,729600,1728000,schedutil,1020000000,306000000,1020000000,nvhost_podgov,1,3,-1,60062,62906,59375,58562,59656,62906,21518,9934,5205,1.37125,19.0287,26.1,1,11040545582030,21479,9934,5205
11041604572971,1728000,729600,1728000,schedutil,1020000000,306000000,1020000000,nvhost_podgov,1,3,-1,59750,62906,59312,58437,59562,62906,21557,9973,5205,1.315,19.045,25.05,1,11041541659306,21518,9934,5205
11041704570897,1728000,729600,1728000,schedutil,1020000000,306000000,1020000000,nvhost_podgov,1,3,-1,59812,63156,59406,58437,59625,63156,21479,9934,5205,1.30375,19.0437,26.38,1,11041541659306,21518,9934,5205
11041804556534,1728000,729600,1728000,schedutil,1020000000,306000000,1020000000,nvhost_podgov,1,3,-1,60125,63156,59500,58437,59593,63156,21479,9895,5205,1.3,19.04,24.76,1,11041541659306,21518,9934,5205
11041904559356,1728000,729600,1728000,schedutil,1020000000,306000000,1020000000,nvhost_podgov,1,3,-1,59750,63031,59437,58437,59593,63031,21440,9895,5205,1.33875,19.0463,25.5,1,11041541659306,21518,9934,5205
11042004561217,1728000,729600,1728000,schedutil,1020000000,306000000,1020000000,nvhost_podgov,1,3,-1,60000,63250,59437,58437,59687,63250,21440,9934,5205,1.41625,19.045,25.14,1,11041541659306,21518,9934,5205
11042104569895,1728000,729600,1728000,schedutil,1020000000,306000000,1020000000,nvhost_podgov,1,3,-1,60031,63187,59468,58468,59687,63187,21440,9895,5205,1.3075,19.0162,26.07,1,11041541659306,21518,9934,5205
11042204568332,1728000,729600,1728000,schedutil,1020000000,306000000,1020000000,nvhost_podgov,1,3,-1,59937,63125,59656,58656,59718,63125,21440,9895,5205,1.35,19.0413,25.7,1,11041541659306,21518,9934,5205
11042304564978,1728000,729600,1728000,schedutil,1020000000,306000000,1020000000,nvhost_podgov,1,3,-1,59875,63250,59500,58625,59593,63250,21401,9895,5205,1.3025,19.0375,25.25,1,11041541659306,21518,9934,5205
11042404556535,1728000,729600,1728000,schedutil,1020000000,306000000,1020000000,nvhost_podgov,1,3,-1,59875,63218,59531,58562,59687,63218,21401,9895,5205,1.375,19.0263,26.18,1,11041541659306,21518,9934,5205
11042504582429,1728000,729600,1728000,schedutil,1020000000,306000000,1020000000,nvhost_podgov,1,3,-1,60000,63000,59437,58531,59687,63000,21401,9895,5205,1.45625,19.0312,25.72,1,11041541659306,21518,9934,5205
11042604567650,1728000,729600,1728000,schedutil,1020000000,306000000,1020000000,nvhost_podgov,1,3,-1,59843,62968,59531,58531,59718,62968,21479,9973,5205,1.39,19.0463,26.47,1,11042544202365,21440,9934,5205
11042704562536,1728000,729600,1728000,schedutil,1020000000,306000000,1020000000,nvhost_podgov,1,3,-1,59937,63343,59562,58500,59781,63343,21479,9934,5205,1.31375,19.0263,25.06,1,11042544202365,21440,9934,5205
11042804557453,1728000,729600,1728000,schedutil,1020000000,306000000,1020000000,nvhost_podgov,1,3,-1,59968,63062,59500,58656,59812,63062,21440,9934,5205,1.39875,19.0338,26.62,1,11042544202365,21440,9934,5205
11042904558067,1728000,729600,1728000,schedutil,1020000000,306000000,1020000000,nvhost_podgov,1,3,-1,60156,63000,59500,58500,59750,63000,21440,9895,5205,1.32125,19.0338,25.15,1,11042544202365,21440,9934,5205
11043004556120,1728000,729600,1728000,schedutil,1020000000,306000000,1020000000,nvhost_podgov,1,3,-1,60093,63375,59687,58531,59687,63375,21440,9895,5205,1.36875,19.0225,25.98,1,11042544202365,21440,9934,5205
11043104560446,1728000,729600,1728000,schedutil,1020000000,306000000,1020000000,nvhost_podgov,1,3,-1,60000,63156,59625,58750,59687,63156,21440,9895,5205,1.39375,19.025,26.52,1,11042544202365,21440,9934,5205
11043204562467,1728000,729600,1728000,schedutil,1020000000,306000000,1020000000,nvhost_podgov,1,3,-1,59968,63062,59625,58750,59750,63062,21440,9895,5205,1.3275,19.04,25.28,1,11042544202365,21440,9934,5205
11043304570537,1728000,729600,1728000,schedutil,1020000000,306000000,1020000000,nvhost_podgov,1,3,-1,59968,63187,59625,58625,59750,63187,21440,9895,5205,1.3925,19.0325,25.32,1,11042544202365,21440,9934,5205
11043404568174,1728000,729600,1728000,schedutil,1020000000,306000000,1020000000,nvhost_podgov,1,3,-1,59968,63125,59625,58625,59718,63125,21440,9895,5205,1.34625,19.0275,25.63,1,11042544202365,21440,9934,5205
11043504563187,1728000,729600,1728000,schedutil,1020000000,306000000,1020000000,nvhost_podgov,1,3,-1,60125,63250,59687,58687,59781,63250,21401,9895,5205,1.34875,19.0312,25.31,1,11042544202365,21440,9934,5205
11043604567833,1728000,729600,1728000,schedutil,1020000000,306000000,1020000000,nvhost_podgov,1,3,-1,60156,63250,59687,58656,59718,63250,21479,9973,5205,1.35625,19.025,25.81,1,11043544774497,21440,9934,5205
11043704557982,1728000,729600,1728000,schedutil,1020000000,306000000,1020000000,nvhost_podgov,1,3,-1,60343,63156,59593,58625,59875,63156,21440,9934,5205,1.47625,19.0237,27.03,1,11043544774497,21440,9934,5205
11043804567140,1728000,729600,1728000,schedutil,1020000000,306000000,1020000000,nvhost_podgov,1,3,-1,60125,63218,59718,58562,59906,63218,21518,9973,5205,1.37375,19.0437,26.16,1,11043544774497,21440,9934,5205
11043904561449,1728000,729600,1728000,schedutil,1020000000,306000000,1020000000,nvhost_podgov,1,3,-1,60156,63281,59656,58750,59875,63281,21479,9973,5205,1.325,19.0188,25.2,1,11043544774497,21440,9934,5205
11044004571887,1728000,729600,1728000,schedutil,1020000000,306000000,1020000000,nvhost_podgov,1,3,-1,60093,63281,59718,58718,59843,63281,21479,9973,5205,1.41375,19.03,26.91,1,11043544774497,21440,9934,5205
11044104560116,1728000,729600,1728000,schedutil,1020000000,306000000,1020000000,nvhost_podgov,1,3,-1,60156,63343,59718,58812,59843,63343,21479,9973,5205,1.335,19.025,25.4,1,11043544774497,21440,9934,5205
11044204569849,1728000,729600,1728000,schedutil,1020000000,306000000,1020000000,nvhost_podgov,1,3,-1,60000,63343,59718,58812,59812,63343,21440,9934,5205,1.44125,19.0475,27.46,1,11043544774497,21440,9934,5205
11044304560830,1728000,729600,1728000,schedutil,1020000000,306000000,1020000000,nvhost_podgov,1,3,-1,60093,63281,59687,58718,59937,63281,21401,9895,5205,1.3425,19.035,25.6,1,11043544774497,21440,9934,5205
11044404571140,1728000,729600,1728000,schedutil,1020000000,306000000,1020000000,nvhost_podgov,1,3,-1,60250,63500,59687,58812,59875,63500,21401,9895,5205,1.415,19.04,26.94,1,11043544774497,21440,9934,5205
11044504562057,1728000,729600,1728000,schedutil,1020000000,306000000,1020000000,nvhost_podgov,1,3,-1,60218,63468,59687,58656,59906,63468,21401,9895,5205,1.3775,19.0437,25.78,1,11043544774497,21440,9934,5205
11044604580431,1728000,729600,1728000,schedutil,1020000000,306000000,1020000000,nvhost_podgov,1,3,-1,60187,63343,59687,58781,59968,63343,21479,9973,5205,1.4,19.0338,25.27,1,11044545938418,21401,9934,5205
11044704561268,1728000,729600,1728000,schedutil,1020000000,306000000,1020000000,nvhost_podgov,1,3,-1,60218,63281,59812,58906,60000,63281,21440,9934,5205,1.40375,19.0212,26.73,1,11044545938418,21401,9934,5205
11044804569913,1728000,729600,1728000,schedutil,1020000000,306000000,1020000000,nvhost_podgov,1,3,-1,60218,63562,59906,58843,59875,63562,21479,9973,5205,1.405,19.0425,26.75,1,11044545938418,21401,9934,5205
11044904560094,1728000,729600,1728000,schedutil,1020000000,306000000,1020000000,nvhost_podgov,1,3,-1,60187,63250,59718,58812,60000,63250,21440,9934,5205,1.36125,19.0362,25.91,1,11044545938418,21401,9934,5205
11045004564580,1728000,729600,1728000,schedutil,1020000000,306000000,1020000000,nvhost_podgov,1,3,-1,60187,63281,59812,58875,59968,63281,21479,9973,5205,1.32,19.0225,25.13,1,11044545938418,21401,9934,5205
11045104565417,1728000,729600,1728000,schedutil,1020000000,306000000,1020000000,nvhost_podgov,1,3,-1,60156,63500,59843,58843,59968,63500,21479,9973,5205,1.5275,19.0162,29.04,1,11044545938418,21401,9934,5205
11045204563918,1728000,729600,1728000,schedutil,1020000000,306000000,1020000000,nvhost_podgov,1,3,-1,60437,63343,59781,58781,59937,63343,21518,9973,5205,1.44125,19.0237,27.42,1,11044545938418,21401,9934,5205
11045304566836,1728000,729600,1728000,schedutil,1020000000,306000000,1020000000,nvhost_podgov,1,3,-1,60281,63406,59781,58843,60125,63406,21596,10011,5244,1.48125,19.0063,24.81,1,11044545938418,21401,9934,5205
11045404576569,1728000,729600,1728000,schedutil,1020000000,306000000,1020000000,nvhost_podgov,1,3,-1,60312,63312,59843,58812,59968,63312,21673,10050,5244,1.4375,19.0175,27.34,1,11044545938418,21401,9934,5205
11045504569950,1728000,729600,1728000,schedutil,1020000000,306000000,1020000000,nvhost_podgov,1,3,-1,60500,63375,59968,59031,60031,63375,21673,10050,5244,1.35125,19.0188,25.7,1,11044545938418,21401,9934,5205
11045604567556,1728000,729600,1728000,schedutil,1020000000,306000000,1020000000,nvhost_podgov,1,3,-1,60281,63343,59968,58937,60031,63343,21751,10089,5244,1.38625,19.025,26.8,1,11045549561692,21712,10050,5244
11045704562569,1728000,729600,1728000,schedutil,1020000000,306000000,1020000000,nvhost_podgov,1,3,-1,60281,63437,59906,58906,60000,63437,21751,10089,5244,1.28875,19.02,24.51,1,11045549561692,21712,10050,5244
11045804560974,1728000,729600,1728000,schedutil,1020000000,306000000,1020000000,nvhost_podgov,1,3,-1,60250,63406,59968,58937,60000,63406,21751,10089,5244,1.405,19.005,26.7,1,11045549561692,21712,10050,5244
11045904562739,1728000,729600,1728000,schedutil,1020000000,306000000,1020000000,nvhost_podgov,1,3,-1,60281,63406,59875,58937,60093,63406,21751,10089,5244,1.3575,19.0425,24.87,1,11045549561692,21712,10050,5244
11046004563768,1728000,729600,1728000,schedutil,1020000000,306000000,1020000000,nvhost_podgov,1,3,-1,60375,63468,59906,58937,60062,63468,21673,10050,5244,1.375,19.0175,26.15,1,11045549561692,21712,10050,5244
11046104570526,1728000,729600,1728000,schedutil,1020000000,306000000,1020000000,nvhost_podgov,1,3,-1,60281,63437,59843,58875,60000,63437,21673,10050,5244,1.515,18.9937,28.78,1,11045549561692,21712,10050,5244
11046204579491,1728000,729600,1728000,schedutil,1020000000,306000000,1020000000,nvhost_podgov,1,3,-1,60500,63468,59875,58968,60125,63468,21712,10089,5244,1.3675,19.0475,26.55,1,11045549561692,21712,10050,5244
11046304564040,1728000,729600,1728000,schedutil,1020000000,306000000,1020000000,nvhost_podgov,1,3,-1,60531,63531,59937,58875,60093,63531,21673,10050,5244,1.375,19.0437,24.87,1,11045549561692,21712,10050,5244
11046404567629,1728000,729600,1728000,schedutil,1020000000,306000000,1020000000,nvhost_podgov,1,3,-1,60343,63468,60031,58937,60187,63468,21596,10011,5244,1.3475,19.0375,25.65,1,11045549561692,21712,10050,5244
11046504564178,1728000,729600,1728000,schedutil,1020000000,306000000,1020000000,nvhost_podgov,1,3,-1,60531,63687,60031,59156,60125,63687,21557,9973,5205,1.40125,19.0413,26.68,1,11045549561692,21712,10050,5244
11046604572440,1728000,729600,1728000,schedutil,1020000000,306000000,1020000000,nvhost_podgov,1,3,-1,60406,63625,60000,59062,60187,63625,21635,10011,5205,1.30375,19.0375,25.34,1,11046548351796,21596,10011,5205
11046704554205,1728000,729600,1728000,schedutil,1020000000,306000000,1020000000,nvhost_podgov,1,3,-1,60312,63562,59937,59000,60156,63562,21557,9973,5205,1.28875,19.0388,24.54,1,11046548351796,21596,10011,5205
11046804554658,1728000,729600,1728000,schedutil,1020000000,306000000,1020000000,nvhost_podgov,1,3,-1,60562,63781,60000,59000,60093,63781,21518,9934,5205,1.3625,19.0237,25.92,1,11046548351796,21596,10011,5205
11046904553383,1728000,729600,1728000,schedutil,1020000000,306000000,1020000000,nvhost_podgov,1,3,-1,60343,63625,59937,58968,60156,63625,21479,9895,5205,1.3875,19.0487,26.15,1,11046548351796,21596,10011,5205
11047004567724,1728000,729600,1728000,schedutil,1020000000,306000000,1020000000,nvhost_podgov,1,3,-1,60656,63437,60031,58937,60093,63437,21479,9895,5205,1.31875,19.0437,26.22,1,11046548351796,21596,10011,5205
11047104565713,1728000,729600,1728000,schedutil,1020000000,306000000,1020000000,nvhost_podgov,1,3,-1,60625,63437,60062,59000,60250,63437,21479,9895,5205,1.37125,19.04,26.11,1,11046548351796,21596,10011,5205
11047204564215,1728000,729600,1728000,schedutil,1020000000,306000000,1020000000,nvhost_podgov,1,3,-1,60468,63750,60000,58968,60156,63750,21479,9895,5205,1.3025,19.0388,25.29,1,11046548351796,21596,10011,5205
11047304567420,1728000,729600,1728000,schedutil,1020000000,306000000,1020000000,nvhost_podgov,1,3,-1,60468,63656,60156,59093,60156,63656,21440,9895,5205,1.33,19.0475,24.77,1,11046548351796,21596,10011,5205
11047404559841,1728000,729600,1728000,schedutil,1020000000,306000000,1020000000,nvhost_podgov,1,3,-1,60437,63500,60062,59125,60156,63500,21440,9895,5205,1.26125,19.0125,23.97,1,11046548351796,21596,10011,5205
11047504563110,1728000,729600,1728000,schedutil,1020000000,306000000,1020000000,nvhost_podgov,1,3,-1,60593,63875,60062,59093,60156,63875,21440,9895,5205,1.32125,19.0325,27.38,1,11046548351796,21596,10011,5205
11047604567307,1728000,729600,1728000,schedutil,1020000000,306000000,1020000000,nvhost_podgov,1,3,-1,60500,63593,60093,59062,60187,63593,21479,9934,5205,1.29,19.0587,25.4,1,11047549200251,21440,9895,5205
11047704558448,1728000,729600,1728000,schedutil,1020000000,306000000,1020000000,nvhost_podgov,1,3,-1,60500,63562,60062,59062,60250,63562,21479,9934,5205,1.3575,19.0225,25.82,1,11047549200251,21440,9895,5205
11047804554357,1728000,729600,1728000,schedutil,1020000000,306000000,1020000000,nvhost_podgov,1,3,-1,60656,63500,60125,59125,60156,63500,21479,9934,5205,1.37875,19.0263,26.23,1,11047549200251,21440,9895,5205
11047904547930,1728000,729600,1728000,schedutil,1020000000,306000000,1020000000,nvhost_podgov,1,3,-1,60500,63593,60093,59093,60343,63593,21479,9934,5205,1.39875,19.0162,25.22,1,11047549200251,21440,9895,5205
11048004554719,1728000,729600,1728000,schedutil,1020000000,306000000,1020000000,nvhost_podgov,1,3,-1,60562,63531,60250,59093,60281,63531,21479,9934,5205,1.38625,19.0162,26.36,1,11047549200251,21440,9895,5205
11048104566692,1728000,729600,1728000,schedutil,1020000000,306000000,1020000000,nvhost_podgov,1,3,-1,60593,63593,60187,59250,60281,63593,21557,9973,5205,1.30625,19.02,24.85,1,11047549200251,21440,9895,5205
11048204569994,1728000,729600,1728000,schedutil,1020000000,306000000,1020000000,nvhost_podgov,1,3,-1,60468,63687,60156,59218,60312,63687,21557,9934,5205,1.395,19.0338,27.37,1,11047549200251,21440,9895,5205
11048304565391,1728000,729600,1728000,schedutil,1020000000,306000000,1020000000,nvhost_podgov,1,3,-1,60593,63656,60187,59187,60187,63656,21518,9934,5205,1.355,19.0225,25.77,1,11047549200251,21440,9895,5205
11048404563732,1728000,729600,1728000,schedutil,1020000000,306000000,1020000000,nvhost_podgov,1,3,-1,60562,63750,60187,59187,60250,63750,21518,9895,5205,1.355,19.0275,25.78,1,11047549200251,21440,9895,5205
11048504552632,1728000,729600,1728000,schedutil,1020000000,306000000,1020000000,nvhost_podgov,1,3,-1,60781,63718,60156,59187,60312,63718,21518,9895,5205,1.33625,19.0287,25.41,1,11047549200251,21440,9895,5205
11048604566366,1728000,729600,1728000,schedutil,1020000000,306000000,1020000000,nvhost_podgov,1,3,-1,60843,63625,60156,59156,60250,63625,21557,9973,5205,1.44125,19.0275,26.5,1,11048550692241,21557,9934,5205
11048704560067,1728000,729600,1728000,schedutil,1020000000,306000000,1020000000,nvhost_podgov,1,3,-1,60750,63781,60218,59156,60375,63781,21557,9973,5205,1.38125,19.02,26.27,1,11048550692241,21557,9934,5205
11048804565960,1728000,729600,1728000,schedutil,1020000000,306000000,1020000000,nvhost_podgov,1,3,-1,60656,63812,60312,59218,60375,63812,21596,10011,5205,1.3575,19.02,25.82,1,11048550692241,21557,9934,5205
11048904558477,1728000,729600,1728000,schedutil,1020000000,306000000,1020000000,nvhost_podgov,1,3,-1,60656,63812,60312,59343,60375,63812,21557,10011,5205,1.42625,19.0587,26.01,1,11048550692241,21557,9934,5205
11049004561074,1728000,729600,1728000,schedutil,1020000000,306000000,1020000000,nvhost_podgov,1,3,-1,60531,63875,60250,59343,60343,63875,21557,10011,5205,1.48625,19.01,28.25,1,11048550692241,21557,9934,5205
11049104567447,1728000,729600,1728000,schedutil,1020000000,306000000,1020000000,nvhost_podgov,1,3,-1,60656,63781,60218,59250,60312,63781,21557,10011,5205,1.41375,19.0225,26.89,1,11048550692241,21557,9934,5205
11049204561148,1728000,729600,1728000,schedutil,1020000000,306000000,1020000000,nvhost_podgov,1,3,-1,60656,63687,60187,59281,60406,63687,21557,9973,5205,1.40125,19.0475,25.57,1,11048550692241,21557,9934,5205
11049304568641,1728000,729600,1728000,schedutil,1020000000,306000000,1020000000,nvhost_podgov,1,3,-1,60625,63875,60187,59250,60406,63875,21518,9934,5205,1.3625,19.0162,25.91,1,11048550692241,21557,9934,5205
11049404557990,1728000,729600,1728000,schedutil,1020000000,306000000,1020000000,nvhost_podgov,1,3,-1,60687,63812,60187,59187,60343,63812,21479,9934,5205,1.365,19.0212,25.96,1,11048550692241,21557,9934,5205
11049504569963,1728000,729600,1728000,schedutil,1020000000,306000000,1020000000,nvhost_podgov,1,3,-1,60687,63687,60218,59218,60468,63687,21479,9934,5205,1.4175,19.0063,26.16,1,11048550692241,21557,9934,5205
11049604557775,1728000,729600,1728000,schedutil,1020000000,306000000,1020000000,nvhost_podgov,1,3,-1,60687,63937,60281,59187,60406,63937,21557,9973,5205,1.31125,19.0287,26.86,1,11049550505022,21479,9934,5205
11049704554932,1728000,729600,1728000,schedutil,1020000000,306000000,1020000000,nvhost_podgov,1,3,-1,60750,63875,60406,59343,60531,63875,21518,9934,5205,1.2975,19.0225,24.68,1,11049550505022,21479,9934,5205
11049804563673,1728000,729600,1728000,schedutil,1020000000,306000000,1020000000,nvhost_podgov,1,3,-1,60687,63687,60312,59406,60468,63687,21557,9973,5205,1.37875,19.0225,25.51,1,11049550505022,21479,9934,5205
11049904569950,1728000,729600,1728000,schedutil,1020000000,306000000,1020000000,nvhost_podgov,1,3,-1,60687,63750,60343,59406,60468,63750,21518,9934,5205,1.41625,19.0325,26.96,1,11049550505022,21479,9934,5205
11050004566019,1728000,729600,1728000,schedutil,1020000000,306000000,1020000000,nvhost_podgov,1,3,-1,60656,64000,60312,59343,60468,63812,21518,9934,5205,1.40125,19.04,26.68,1,11049550505022,21479,9934,5205
11050104574536,1728000,729600,1728000,schedutil,1020000000,306000000,1020000000,nvhost_podgov,1,3,-1,60718,63687,60312,59312,60468,63687,21479,9934,5205,1.32625,19.0375,25.25,1,11049550505022,21479,9934,5205
11050204564685,1728000,729600,1728000,schedutil,1020000000,306000000,1020000000,nvhost_podgov,1,3,-1,60718,63718,60343,59312,60468,63718,21440,9934,5205,1.39,19.0437,27.8,1,11049550505022,21479,9934,5205
11050304569970,1728000,729600,1728000,schedutil,1020000000,306000000,1020000000,nvhost_podgov,1,3,-1,60656,63843,60281,59406,60500,63843,21479,9934,5205,1.435,19.0162,27.29,1,11049550505022,21479,9934,5205
11050404570743,1728000,729600,1728000,schedutil,1020000000,306000000,1020000000,nvhost_podgov,1,3,-1,60843,63750,60312,59250,60593,63750,21479,9934,5205,1.375,19.0375,26.18,1,11049550505022,21479,9934,5205
11050504569180,1728000,729600,1728000,schedutil,1020000000,306000000,1020000000,nvhost_podgov,1,3,-1,60937,63750,60312,59406,60562,63750,21479,9895,5205,1.455,19.0275,26.38,1,11049550505022,21479,9934,5205
11050604562177,1728000,729600,1728000,schedutil,1020000000,306000000,1020000000,nvhost_podgov,1,3,-1,60750,63906,60500,59437,60625,63906,21557,9973,5205,1.35625,19.02,25.78,1,11050551386596,21479,9934,5205
11050704557573,1728000,729600,1728000,schedutil,1020000000,306000000,1020000000,nvhost_podgov,1,3,-1,60906,63875,60500,59468,60531,63875,21518,9934,5205,1.38625,19.0275,26.38,1,11050551386596,21479,9934,5205
11050804547402,1728000,729600,1728000,schedutil,1020000000,306000000,1020000000,nvhost_podgov,1,3,-1,60781,63781,60437,59406,60562,63781,21518,9934,5205,1.34,19.0437,25.52,1,11050551386596,21479,9934,5205
11050904564463,1728000,729600,1728000,schedutil,1020000000,306000000,1020000000,nvhost_podgov,1,3,-1,60781,63875,60500,59437,60531,63875,21518,9934,5205,1.1575,19.0175,27.1,1,11050551386596,21479,9934,5205
11051004562900,1728000,729600,1728000,schedutil,1020000000,306000000,1020000000,nvhost_podgov,1,3,-1,60687,63875,60375,59406,60593,63875,21479,9934,5205,1.3925,19.0338,26.51,1,11050551386596,21479,9934,5205
11051104569689,1728000,729600,1728000,schedutil,1020000000,306000000,1020000000,nvhost_podgov,1,3,-1,60781,64031,60468,59437,60531,64031,21479,9934,5205,1.37625,19.0275,26.19,1,11050551386596,21479,9934,5205
11051204578078,1728000,729600,1728000,schedutil,1020000000,306000000,1020000000,nvhost_podgov,1,3,-1,61031,64031,60281,59375,60593,64031,21518,9973,5205,1.33125,19.0425,26.28,1,11050551386596,21479,9934,5205
11051304571235,1728000,729600,1728000,schedutil,1020000000,306000000,1020000000,nvhost_podgov,1,3,-1,60843,63875,60375,59406,60687,63875,21596,10011,5244,1.325,19.04,25.23,1,11050551386596,21479,9934,5205
11051404569639,1728000,729600,1728000,schedutil,1020000000,306000000,1020000000,nvhost_podgov,1,3,-1,60906,64187,60593,59562,60593,64187,21557,9973,5205,1.29,19.0263,24.54,1,11050551386596,21479,9934,5205
11051504559052,1728000,729600,1728000,schedutil,1020000000,306000000,1020000000,nvhost_podgov,1,3,-1,61156,63906,60468,59468,60562,63906,21557,9973,5205,1.37875,19.035,26.24,1,11050551386596,21479,9934,5205
11051604557777,1728000,729600,1728000,schedutil,1020000000,306000000,1020000000,nvhost_podgov,1,3,-1,60781,64125,60562,59500,60656,64125,21635,10011,5205,1.34625,19.0525,25.65,1,11051549525481,21596,10011,5244
11051704557270,1728000,729600,1728000,schedutil,1020000000,306000000,1020000000,nvhost_podgov,1,3,-1,60843,64187,60562,59531,60625,64187,21596,9973,5205,1.32,19.0325,25.13,1,11051549525481,21596,10011,5244
11051804549338,1728000,729600,1728000,schedutil,1020000000,306000000,1020000000,nvhost_podgov,1,3,-1,60750,64031,60500,59531,60593,64031,21557,9973,5244,1.4475,19.0188,26.01,1,11051549525481,21596,10011,5244
11051904558911,1728000,729600,1728000,schedutil,1020000000,306000000,1020000000,nvhost_podgov,1,3,-1,60875,63937,60468,59531,60718,63937,21557,9973,5244,1.32375,19.02,25.09,1,11051549525481,21596,10011,5244
11052004563044,1728000,729600,1728000,schedutil,1020000000,306000000,1020000000,nvhost_podgov,1,3,-1,61125,64312,60500,59531,60718,64312,21557,9973,5205,1.31125,19.0413,24.97,1,11051549525481,21596,10011,5244
11052104563625,1728000,729600,1728000,schedutil,1020000000,306000000,1020000000,nvhost_podgov,1,3,-1,61000,64187,60531,59468,60687,64187,21518,9973,5205,1.31125,19.0475,26.83,1,11051549525481,21596,10011,5244
11052204567278,1728000,729600,1728000,schedutil,1020000000,306000000,1020000000,nvhost_podgov,1,3,-1,60906,64000,60687,59625,60687,64000,21518,9973,5205,1.43375,19.0375,24.08,1,11051549525481,21596,10011,5244
11052304565522,1728000,729600,1728000,schedutil,1020000000,306000000,1020000000,nvhost_podgov,1,3,-1,61031,63906,60718,59593,60718,63906,21518,9934,5205,1.355,19.0437,25.81,1,11051549525481,21596,10011,5244
11052404566103,1728000,729600,1728000,schedutil,1020000000,306000000,1020000000,nvhost_podgov,1,3,-1,60875,64281,60593,59625,60656,64281,21479,9934,5205,1.375,19.0437,26.19,1,11051549525481,21596,10011,5244
11052504566748,1728000,729600,1728000,schedutil,1020000000,306000000,1020000000,nvhost_podgov,1,3,-1,61031,64062,60531,59593,60687,64062,21518,9934,5205,1.36,19.015,26.13,1,11051549525481,21596,10011,5244
11052604565601,1728000,729600,1728000,schedutil,1020000000,306000000,1020000000,nvhost_podgov,1,3,-1,60968,64031,60562,59593,60656,64031,21557,10011,5244,1.355,19.0425,25.81,1,11052553248431,21557,9973,5205
11052704557413,1728000,729600,1728000,schedutil,1020000000,306000000,1020000000,nvhost_podgov,1,3,-1,60937,64125,60656,59500,60687,64125,21557,9973,5205,1.315,19.04,25.04,1,11052553248431,21557,9973,5205
11052804559530,1728000,729600,1728000,schedutil,1020000000,306000000,1020000000,nvhost_podgov,1,3,-1,61218,64031,60531,59468,60656,64031,21557,9973,5205,1.40125,19.04,27.18,1,11052553248431,21557,9973,5205
11052904566799,1728000,729600,1728000,schedutil,1020000000,306000000,1020000000,nvhost_podgov,1,3,-1,60906,64093,60625,59593,60906,64093,21557,9973,5205,1.36625,19.0225,25.42,1,11052553248431,21557,9973,5205
11053004562899,1728000,729600,1728000,schedutil,1020000000,306000000,1020000000,nvhost_podgov,1,3,-1,61031,64031,60593,59531,60843,64031,21518,9934,5205,1.31375,19.0362,25.01,1,11052553248431,21557,9973,5205
11053104564632,1728000,729600,1728000,schedutil,1020000000,306000000,1020000000,nvhost_podgov,1,3,-1,61187,64062,60718,59531,60750,64062,21479,9934,5205,1.395,19.0312,25.36,1,11052553248431,21557,9973,5205
11053204561021,1728000,729600,1728000,schedutil,1020000000,306000000,1020000000,nvhost_podgov,1,3,-1,60968,64156,60687,59718,60718,64156,21479,9934,5205,1.29,19.0263,26.09,1,11052553248431,21557,9973,5205
11053304570113,1728000,729600,1728000,schedutil,1020000000,306000000,1020000000,nvhost_podgov,1,3,-1,61093,64250,60656,59687,60750,64250,21518,9934,5205,1.32875,19.04,25.31,1,11052553248431,21557,9973,5205
11053404567078,1728000,729600,1728000,schedutil,1020000000,306000000,1020000000,nvhost_podgov,1,3,-1,61000,64125,60687,59687,60812,64125,21518,9934,5205,1.35,19.0362,25.7,1,11052553248431,21557,9973,5205
11053504561131,1728000,729600,1728000,schedutil,1020000000,306000000,1020000000,nvhost_podgov,1,3,-1,61125,64312,60593,59687,60781,64312,21518,9934,5205,1.365,19.0162,25.96,1,11052553248431,21557,9973,5205
11053604567055,1728000,729600,1728000,schedutil,1020000000,306000000,1020000000,nvhost_podgov,1,3,-1,61156,64250,60593,59656,60718,64250,21596,10011,5244,1.3475,19.0275,25.64,1,11053554730145,21557,9973,5205
11053704553876,1728000,729600,1728000,schedutil,1020000000,306000000,1020000000,nvhost_podgov,1,3,-1,61187,64187,60656,59687,60843,64187,21635,10011,5244,1.4175,19.0188,26.96,1,11053554730145,21557,9973,5205
11053804566777,1728000,729600,1728000,schedutil,1020000000,306000000,1020000000,nvhost_podgov,1,3,-1,61218,64343,60687,59625,60906,64343,21635,10050,5244,1.3325,19.035,25.37,1,11053554730145,21557,9973,5205
11053904568797,1728000,729600,1728000,schedutil,1020000000,306000000,1020000000,nvhost_podgov,1,3,-1,61156,64312,60656,59656,60875,64312,21635,10050,5244,1.3625,19.025,25.92,1,11053554730145,21557,9973,5205
11054004566082,1728000,729600,1728000,schedutil,1020000000,306000000,1020000000,nvhost_podgov,1,3,-1,61125,64218,60812,59812,60718,64218,21596,10011,5244,1.26875,19.0525,24.18,1,11053554730145,21557,9973,5205
11054104562726,1728000,729600,1728000,schedutil,1020000000,306000000,1020000000,nvhost_podgov,1,3,-1,61187,64468,60750,59781,60843,64468,21596,10011,5244,1.3925,19.0463,24.67,1,11053554730145,21557,9973,5205
11054204567947,1728000,729600,1728000,schedutil,1020000000,306000000,1020000000,nvhost_podgov,1,3,-1,61093,64312,60750,59781,60875,64312,21635,10011,5244,1.375,19.0162,26.15,1,11053554730145,21557,9973,5205
11054304564048,1728000,729600,1728000,schedutil,1020000000,306000000,1020000000,nvhost_podgov,1,3,-1,60937,64375,60718,59718,60812,64250,21596,10011,5244,1.29125,19.0425,24.59,1,11053554730145,21557,9973,5205
11054404561716,1728000,729600,1728000,schedutil,1020000000,306000000,1020000000,nvhost_podgov,1,3,-1,61062,64250,60718,59718,60843,64250,21635,10011,5244,1.36375,19.025,25.95,1,11053554730145,21557,9973,5205
11054504570105,1728000,729600,1728000,schedutil,1020000000,306000000,1020000000,nvhost_podgov,1,3,-1,61031,64468,60656,59718,60843,64468,21635,10011,5244,1.4225,19.035,27.07,1,11053554730145,21557,9973,5205
11054604573790,1728000,729600,1728000,schedutil,1020000000,306000000,1020000000,nvhost_podgov,1,3,-1,61281,64187,60687,59687,61000,64187,21712,10089,5244,1.2625,19.0113,24,1,11054557158888,21673,10050,5244
11054704547489,1728000,729600,1728000,schedutil,1020000000,306000000,1020000000,nvhost_podgov,1,3,-1,61406,64187,60687,59718,61031,64187,21712,10050,5244,1.37375,19.0237,26.14,1,11054557158888,21673,10050,5244
11054804566246,1728000,729600,1728000,schedutil,1020000000,306000000,1020000000,nvhost_podgov,1,3,-1,61250,64281,60843,59750,60968,64281,21712,10050,5244,1.38,19.0512,26.29,1,11054557158888,21673,10050,5244
11054904569835,1728000,729600,1728000,schedutil,1020000000,306000000,1020000000,nvhost_podgov,1,3,-1,61187,64281,60812,59906,60906,64281,21712,10050,5244,1.35875,19.0312,25.86,1,11054557158888,21673,10050,5244
11055004565103,1728000,729600,1728000,schedutil,1020000000,306000000,1020000000,nvhost_podgov,1,3,-1,61187,64156,60812,59843,60906,64156,21673,10050,5244,1.3375,19.035,25.46,1,11054557158888,21673,10050,5244
11055104565364,1728000,729600,1728000,schedutil,1020000000,306000000,1020000000,nvhost_podgov,1,3,-1,61187,64218,60812,59812,60812,64312,21596,10011,5244,1.405,19.03,25.81,1,11054557158888,21673,10050,5244
11055204567705,1728000,729600,1728000,schedutil,1020000000,306000000,1020000000,nvhost_podgov,1,3,-1,61125,64250,60875,59812,60937,64250,21596,9973,5205,1.39125,19.0113,26.45,1,11054557158888,21673,10050,5244
11055304567869,1728000,729600,1728000,schedutil,1020000000,306000000,1020000000,nvhost_podgov,1,3,-1,61125,64218,60781,59843,60906,64218,21557,9973,5205,1.3625,19.04,25.95,1,11054557158888,21673,10050,5244
11055404563746,1728000,729600,1728000,schedutil,1020000000,306000000,1020000000,nvhost_podgov,1,3,-1,61437,64250,60781,59750,61000,64250,21518,9934,5205,1.44125,19.04,25.14,1,11054557158888,21673,10050,5244
11055504570982,1728000,729600,1728000,schedutil,1020000000,306000000,1020000000,nvhost_podgov,1,3,-1,61250,64281,60750,59843,61031,64281,21479,9934,5205,1.44375,19.0063,27.39,1,11054557158888,21673,10050,5244
11055604565771,1728000,729600,1728000,schedutil,1020000000,306000000,1020000000,nvhost_podgov,1,3,-1,61312,64281,60968,59906,60968,64281,21557,9973,5205,1.35125,19.0338,25.72,1,11055556627241,21518,9973,5205
11055704548719,1728000,729600,1728000,schedutil,1020000000,306000000,1020000000,nvhost_podgov,1,3,-1,61375,64375,60968,59968,61031,64375,21518,9973,5205,1.38625,19.0225,26.56,1,11055556627241,21518,9973,5205
11055804562643,1728000,729600,1728000,schedutil,1020000000,306000000,1020000000,nvhost_podgov,1,3,-1,61312,64406,60906,59906,61000,64531,21518,9973,5205,1.39125,19.035,24.87,1,11055556627241,21518,9973,5205
11055904567800,1728000,729600,1728000,schedutil,1020000000,306000000,1020000000,nvhost_podgov,1,3,-1,61187,64312,60812,60000,60906,64312,21479,9934,5205,1.4,19.03,26.64,1,11055556627241,21518,9973,5205
11056004562300,1728000,729600,1728000,schedutil,1020000000,306000000,1020000000,nvhost_podgov,1,3,-1,61093,64406,60781,59875,60937,64406,21479,9895,5205,1.37625,19.0463,26.22,1,11055556627241,21518,9973,5205
11056104563745,1728000,729600,1728000,schedutil,1020000000,306000000,1020000000,nvhost_podgov,1,3,-1,61437,64343,60968,59875,61031,64343,21440,9895,5205,1.3825,19.0475,25.41,1,11055556627241,21518,9973,5205
11056204566789,1728000,729600,1728000,schedutil,1020000000,306000000,1020000000,nvhost_podgov,1,3,-1,61531,64500,60906,59906,61093,64500,21479,9934,5205,1.42,19.0263,27.02,1,11055556627241,21518,9973,5205
11056304577098,1728000,729600,1728000,schedutil,1020000000,306000000,1020000000,nvhost_podgov,1,3,-1,61375,64437,60843,59781,61031,64437,21557,9973,5205,1.35375,19.02,25.75,1,11055556627241,21518,9973,5205
11056404568046,1728000,729600,1728000,schedutil,1020000000,306000000,1020000000,nvhost_podgov,1,3,-1,61406,64406,61062,59875,61125,64406,21557,9973,5205,1.2925,19.0437,25.14,1,11055556627241,21518,9973,5205
11056504558835,1728000,729600,1728000,schedutil,1020000000,306000000,1020000000,nvhost_podgov,1,3,-1,61531,64687,61093,60000,61062,64687,21557,9973,5205,1.47125,19.0325,28.01,1,11055556627241,21518,9973,5205
11056604566551,1728000,729600,1728000,schedutil,1020000000,306000000,1020000000,nvhost_podgov,1,3,-1,61312,64500,61031,59906,61062,64500,21635,10011,5244,1.33,19.0525,25.34,1,11056557435208,21596,9973,5205
11056704562651,1728000,729600,1728000,schedutil,1020000000,306000000,1020000000,nvhost_podgov,1,3,-1,61406,64343,61000,59968,61093,64343,21635,10011,5244,1.35375,19.0225,25.75,1,11056557435208,21596,9973,5205
11056804565088,1728000,729600,1728000,schedutil,1020000000,306000000,1020000000,nvhost_podgov,1,3,-1,61218,64312,60968,59937,61125,64312,21635,10011,5244,1.33625,19.045,25.43,1,11056557435208,21596,9973,5205
11056904564068,1728000,729600,1728000,schedutil,1020000000,306000000,1020000000,nvhost_podgov,1,3,-1,61187,64625,60937,59906,60968,64625,21596,9973,5244,1.32375,19.0287,25.19,1,11056557435208,21596,9973,5205
11057004563241,1728000,729600,1728000,schedutil,1020000000,306000000,1020000000,nvhost_podgov,1,3,-1,61312,64312,60906,59906,61125,64312,21557,9934,5205,1.4075,19.0437,26.8,1,11056557435208,21596,9973,5205
11057104567213,1728000,729600,1728000,schedutil,1020000000,306000000,1020000000,nvhost_podgov,1,3,-1,61343,64375,60875,59906,61156,64375,21518,9934,5205,1.36,19.0413,25.89,1,11056557435208,21596,9973,5205
11057204563153,1728000,729600,1728000,schedutil,1020000000,306000000,1020000000,nvhost_podgov,1,3,-1,61500,64781,60875,59906,61093,64781,21518,9934,5205,1.4025,19.0413,26.7,1,11056557435208,21596,9973,5205
11057304569526,1728000,729600,1728000,schedutil,1020000000,306000000,1020000000,nvhost_podgov,1,3,-1,61500,64406,60906,59968,61125,64406,21518,9934,5205,1.34875,19.055,25.7,1,11056557435208,21596,9973,5205
11057404558650,1728000,729600,1728000,schedutil,1020000000,306000000,1020000000,nvhost_podgov,1,3,-1,61343,64437,61031,60031,61125,64437,21479,9934,5205,1.415,19.0225,24.99,1,11056557435208,21596,9973,5205
11057504559934,1728000,729600,1728000,schedutil,1020000000,306000000,1020000000,nvhost_podgov,1,3,-1,61500,64343,60968,60000,61093,64343,21479,9895,5205,1.44,19.0138,27.38,1,11056557435208,21596,9973,5205
11057604567139,1728000,729600,1728000,schedutil,1020000000,306000000,1020000000,nvhost_podgov,1,3,-1,61437,64468,61125,60000,61125,64468,21557,9973,5205,1.36,19.0525,25.91,1,11057556480606,21518,9934,5205
11057704562247,1728000,729600,1728000,schedutil,1020000000,306000000,1020000000,nvhost_podgov,1,3,-1,61343,64406,60968,60062,61156,64406,21557,9973,5205,1.3875,19.04,26.41,1,11057556480606,21518,9934,5205
11057804565772,1728000,729600,1728000,schedutil,1020000000,306000000,1020000000,nvhost_podgov,1,3,-1,61500,64593,61093,60000,61187,64593,21518,9934,5205,1.31375,19.05,25.02,1,11057556480606,21518,9934,5205
11057904562384,1728000,729600,1728000,schedutil,1020000000,306000000,1020000000,nvhost_podgov,1,3,-1,61375,64500,61062,60031,61218,64500,21518,9934,5205,1.34125,19.0263,25.52,1,11057556480606,21518,9934,5205
11058004562932,1728000,729600,1728000,schedutil,1020000000,306000000,1020000000,nvhost_podgov,1,3,-1,61406,64468,61062,60000,61187,64468,21518,9934,5205,1.33125,19.035,25.34,1,11057556480606,21518,9934,5205
11058104561976,1728000,729600,1728000,schedutil,1020000000,306000000,1020000000,nvhost_podgov,1,3,-1,61656,64625,61125,60000,61187,64625,21518,9934,5205,1.3925,19.0425,27,1,11057556480606,21518,9934,5205
11058204563069,1728000,729600,1728000,schedutil,1020000000,306000000,1020000000,nvhost_podgov,1,3,-1,61406,64562,61218,60187,61218,64562,21596,9973,5205,1.38625,19.0587,26.42,1,11057556480606,21518,9934,5205
11058304562849,1728000,729600,1728000,schedutil,1020000000,306000000,1020000000,nvhost_podgov,1,3,-1,61625,64531,61093,60093,61187,64531,21557,9973,5205,1.3175,19.0338,25.08,1,11057556480606,21518,9934,5205
11058404558693,1728000,729600,1728000,schedutil,1020000000,306000000,1020000000,nvhost_podgov,1,3,-1,61281,64593,61156,60000,61156,64593,21557,9973,5205,1.42,19.0263,25.73,1,11057556480606,21518,9934,5205
11058504562282,1728000,729600,1728000,schedutil,1020000000,306000000,1020000000,nvhost_podgov,1,3,-1,61531,64531,61093,60000,61125,64531,21518,9934,5205,1.395,19.0362,26.56,1,11057556480606,21518,9934,5205
11058604566670,1728000,729600,1728000,schedutil,1020000000,306000000,1020000000,nvhost_podgov,1,3,-1,61437,64718,61156,60093,61218,64718,21596,9973,5205,1.34625,19.0338,26.02,1,11058553524643,21596,9973,5205
11058704562162,1728000,729600,1728000,schedutil,1020000000,306000000,1020000000,nvhost_podgov,1,3,-1,61718,64750,61093,60031,61156,64750,21596,9973,5205,1.45,19.0275,25.88,1,11058553524643,21596,9973,5205
11058804571991,1728000,729600,1728000,schedutil,1020000000,306000000,1020000000,nvhost_podgov,1,3,-1,61656,64656,61125,60031,61281,64656,21596,10011,5205,1.34375,19.0338,25.57,1,11058553524643,21596,9973,5205
11058904572923,1728000,729600,1728000,schedutil,1020000000,306000000,1020000000,nvhost_podgov,1,3,-1,61500,64531,61250,60062,61281,64531,21596,9973,5244,1.3225,19.0413,25.18,1,11058553524643,21596,9973,5205
11059004564511,1728000,729600,1728000,schedutil,1020000000,306000000,1020000000,nvhost_podgov,1,3,-1,61468,64750,61156,60218,61281,64750,21557,9973,5244,1.35375,19.0375,26.34,1,11058553524643,21596,9973,5205
11059104559619,1728000,729600,1728000,schedutil,1020000000,306000000,1020000000,nvhost_podgov,1,3,-1,61531,64687,61156,60156,61218,64687,21518,9934,5205,1.37625,19.0162,25.79,1,11058553524643,21596,9973,5205
11059204564583,1728000,729600,1728000,schedutil,1020000000,306000000,1020000000,nvhost_podgov,1,3,-1,61468,64531,61218,60218,61218,64531,21518,9934,5205,1.40125,19.055,26.7,1,11058553524643,21596,9973,5205
11059304570956,1728000,729600,1728000,schedutil,1020000000,306000000,1020000000,nvhost_podgov,1,3,-1,61500,64843,61156,60156,61218,64843,21518,9934,5205,1.33125,19.0225,25.51,1,11058553524643,21596,9973,5205
11059404568112,1728000,729600,1728000,schedutil,1020000000,306000000,1020000000,nvhost_podgov,1,3,-1,61531,64781,61218,60093,61218,64781,21518,9895,5205,1.33,19.03,26.1,1,11058553524643,21596,9973,5205
11059504560148,1728000,729600,1728000,schedutil,1020000000,306000000,1020000000,nvhost_podgov,1,3,-1,61531,64531,61125,60156,61218,64531,21518,9895,5205,1.40375,19.0162,26.69,1,11058553524643,21596,9973,5205
11059604566264,1728000,729600,1728000,schedutil,1020000000,306000000,1020000000,nvhost_podgov,1,3,-1,61687,64656,61187,60156,61312,64656,21557,9973,5205,1.38375,19.0525,26.37,1,11059558711335,21518,9934,5205
11059704569404,1728000,729600,1728000,schedutil,1020000000,306000000,1020000000,nvhost_podgov,1,3,-1,61593,64625,61187,60156,61375,64625,21557,9973,5205,1.355,19.0362,25.65,1,11059558711335,21518,9934,5205
11059804577633,1728000,729600,1728000,schedutil,1020000000,306000000,1020000000,nvhost_podgov,1,3,-1,61718,64593,61343,60125,61312,64593,21518,9934,5205,1.40375,19.0512,26.74,1,11059558711335,21518,9934,5205
11059904567173,1728000,729600,1728000,schedutil,1020000000,306000000,1020000000,nvhost_podgov,1,3,-1,61656,64562,61218,60218,61343,64562,21557,9973,5205,1.32375,19.0437,25.2,1,11059558711335,21518,9934,5205
11060004563881,1728000,729600,1728000,schedutil,1020000000,306000000,1020000000,nvhost_podgov,1,3,-1,61625,64593,61187,60250,61343,64593,21518,9934,5205,1.33875,19.045,25.17,1,11059558711335,21518,9934,5205
11060104561261,1728000,729600,1728000,schedutil,1020000000,306000000,1020000000,nvhost_podgov,1,3,-1,61625,64656,61218,60187,61250,64656,21518,9934,5205,1.4225,19.0338,27.07,1,11059558711335,21518,9934,5205
11060204566545,1728000,729600,1728000,schedutil,1020000000,306000000,1020000000,nvhost_podgov,1,3,-1,61562,64625,61156,60218,61312,64625,21557,9973,5205,1.315,19.0388,25.04,1,11059558711335,21518,9934,5205
11060304564853,1728000,729600,1728000,schedutil,1020000000,306000000,1020000000,nvhost_podgov,1,3,-1,61531,64656,61156,60250,61343,64656,21518,9934,5205,1.41125,19.0362,24.7,1,11059558711335,21518,9934,5205
11060404563769,1728000,729600,1728000,schedutil,1020000000,306000000,1020000000,nvhost_podgov,1,3,-1,61593,64687,61156,60125,61312,64687,21518,9934,5205,1.28875,19.0287,24.54,1,11059558711335,21518,9934,5205
11060504566878,1728000,729600,1728000,schedutil,1020000000,306000000,1020000000,nvhost_podgov,1,3,-1,61625,64812,61187,60187,61406,64812,21557,9973,5244,1.42125,19.035,27.06,1,11059558711335,21518,9934,5205
11060604570946,1728000,729600,1728000,schedutil,1020000000,306000000,1020000000,nvhost_podgov,1,3,-1,61750,64781,61281,60218,61343,64781,21635,10011,5244,1.36125,19.0338,25.91,1,11060560793665,21596,10011,5244
11060704568134,1728000,729600,1728000,schedutil,1020000000,306000000,1020000000,nvhost_podgov,1,3,-1,61750,64750,61312,60281,61343,64750,21635,10011,5244,1.38,19.0087,26.52,1,11060560793665,21596,10011,5244
11060804567914,1728000,729600,1728000,schedutil,1020000000,306000000,1020000000,nvhost_podgov,1,3,-1,61593,64906,61343,60312,61437,64906,21673,10050,5244,1.42125,19.0475,27.07,1,11060560793665,21596,10011,5244
11060904567630,1728000,729600,1728000,schedutil,1020000000,306000000,1020000000,nvhost_podgov,1,3,-1,61656,64750,61281,60250,61375,64750,21635,10050,5244,1.4,19.0325,26.65,1,11060560793665,21596,10011,5244
11061004564466,1728000,729600,1728000,schedutil,1020000000,306000000,1020000000,nvhost_podgov,1,3,-1,61625,64781,61281,60281,61468,64781,21673,10050,5244,1.355,19.025,27.2,1,11060560793665,21596,10011,5244
11061104566742,1728000,729600,1728000,schedutil,1020000000,306000000,1020000000,nvhost_podgov,1,3,-1,61625,64937,61281,60281,61406,64937,21635,10011,5244,1.3175,19.0425,25.09,1,11060560793665,21596,10011,5244
11061204570586,1728000,729600,1728000,schedutil,1020000000,306000000,1020000000,nvhost_podgov,1,3,-1,61718,64875,61250,60281,61406,64875,21635,10011,5244,1.40875,19.0188,26.79,1,11060560793665,21596,10011,5244
11061304569694,1728000,729600,1728000,schedutil,1020000000,306000000,1020000000,nvhost_podgov,1,3,-1,61656,64750,61281,60187,61468,64750,21673,10050,5244,1.3525,19.0125,27.74,1,11060560793665,21596,10011,5244
11061404561634,1728000,729600,1728000,schedutil,1020000000,306000000,1020000000,nvhost_podgov,1,3,-1,61812,64968,61250,60343,61531,64968,21673,10050,5244,1.3775,19.0287,26.24,1,11060560793665,21596,10011,5244
11061504575495,1728000,729600,1728000,schedutil,1020000000,306000000,1020000000,nvhost_podgov,1,3,-1,61937,64718,61250,60218,61468,64718,21596,10011,5244,1.385,19.0362,26.15,1,11060560793665,21596,10011,5244
11061604567498,1728000,729600,1728000,schedutil,1020000000,306000000,1020000000,nvhost_podgov,1,3,-1,61906,64781,61406,60250,61437,64781,21596,10011,5244,1.36125,19.0325,25.91,1,11061563855858,21599,10050,5244
11061704564526,1728000,729600,1728000,schedutil,1020000000,306000000,1020000000,nvhost_podgov,1,3,-1,61687,64718,61375,60343,61562,64718,21673,10089,5244,1.335,19.05,25.5,1,11061563855858,21599,10050,5244
11061804571315,1728000,729600,1728000,schedutil,1020000000,306000000,1020000000,nvhost_podgov,1,3,-1,61656,64968,61406,60375,61531,64968,21635,10011,5244,1.32625,19.025,25.23,1,11061563855858,21599,10050,5244
11061904569207,1728000,729600,1728000,schedutil,1020000000,306000000,1020000000,nvhost_podgov,1,3,-1,61718,64781,61375,60281,61437,64781,21596,10011,5244,1.3925,19.0125,26.47,1,11061563855858,21599,10050,5244
11062004563322,1728000,729600,1728000,schedutil,1020000000,306000000,1020000000,nvhost_podgov,1,3,-1,61656,64750,61406,60281,61437,64750,21596,10011,5244,1.3,19.0275,26.83,1,11061563855858,21599,10050,5244
11062104560542,1728000,729600,1728000,schedutil,1020000000,306000000,1020000000,nvhost_podgov,1,3,-1,61750,65062,61343,60343,61500,64812,21557,10011,5244,1.35375,19.0275,25.75,1,11061563855858,21599,10050,5244
11062204562306,1728000,729600,1728000,schedutil,1020000000,306000000,1020000000,nvhost_podgov,1,3,-1,61906,64750,61343,60375,61562,64750,21557,9973,5244,1.42,19.025,27.02,1,11061563855858,21599,10050,5244
11062304561350,1728000,729600,1728000,schedutil,1020000000,306000000,1020000000,nvhost_podgov,1,3,-1,61781,64781,61500,60500,61468,64781,21557,9973,5244,1.33125,19.0388,26.37,1,11061563855858,21599,10050,5244
11062404565258,1728000,729600,1728000,schedutil,1020000000,306000000,1020000000,nvhost_podgov,1,3,-1,61750,64875,61500,60531,61437,64875,21557,9973,5244,1.315,19.0613,25.06,1,11061563855858,21599,10050,5244
11062504562382,1728000,729600,1728000,schedutil,1020000000,306000000,1020000000,nvhost_podgov,1,3,-1,61843,64781,61531,60468,61531,64781,21557,9973,5244,1.3475,19.0012,25.6,1,11061563855858,21599,10050,5244
11062604571379,1728000,729600,1728000,schedutil,1020000000,306000000,1020000000,nvhost_podgov,1,3,-1,61750,64812,61468,60375,61531,64812,21557,9973,5244,1.42,19.0463,26.55,1,11062561759497,21596,10011,5244
11062704564086,1728000,729600,1728000,schedutil,1020000000,306000000,1020000000,nvhost_podgov,1,3,-1,61750,64843,61468,60375,61500,64843,21596,10011,5244,1.3925,19.0388,26.32,1,11062561759497,21596,10011,5244
11062804563386,1728000,729600,1728000,schedutil,1020000000,306000000,1020000000,nvhost_podgov,1,3,-1,61656,64781,61468,60312,61500,64781,21596,9973,5244,1.365,19.0587,26.01,1,11062561759497,21596,10011,5244
11062904558654,1728000,729600,1728000,schedutil,1020000000,306000000,1020000000,nvhost_podgov,1,3,-1,61718,65093,61406,60343,61593,65093,21557,9973,5244,1.33625,19.035,25.43,1,11062561759497,21596,10011,5244
11063004560450,1728000,729600,1728000,schedutil,1020000000,306000000,1020000000,nvhost_podgov,1,3,-1,61937,64937,61312,60375,61562,64937,21557,9973,5244,1.3825,19.0375,25.73,1,11062561759497,21596,10011,5244
11063104557926,1728000,729600,1728000,schedutil,1020000000,306000000,1020000000,nvhost_podgov,1,3,-1,61875,64906,61562,60375,61625,64906,21518,9934,5205,1.37375,19.05,26.18,1,11062561759497,21596,10011,5244
11063204558282,1728000,729600,1728000,schedutil,1020000000,306000000,1020000000,nvhost_podgov,1,3,-1,61875,65062,61593,60531,61531,65062,21518,9934,5205,1.3525,19.0225,25.73,1,11062561759497,21596,10011,5244
11063304563886,1728000,729600,1728000,schedutil,1020000000,306000000,1020000000,nvhost_podgov,1,3,-1,61906,64968,61531,60468,61656,64968,21518,9934,5205,1.36875,19.035,25.49,1,11062561759497,21596,10011,5244
11063404549682,1728000,729600,1728000,schedutil,1020000000,306000000,1020000000,nvhost_podgov,1,3,-1,61781,64875,61531,60437,61593,64875,21518,9934,5205,1.455,19.0237,27.67,1,11062561759497,21596,10011,5244
11063504560694,1728000,729600,1728000,schedutil,1020000000,306000000,1020000000,nvhost_podgov,1,3,-1,61875,65093,61500,60468,61593,65093,21518,9934,5205,1.44625,19.04,27.53,1,11062561759497,21596,10011,5244
11063604568506,1728000,729600,1728000,schedutil,1020000000,306000000,1020000000,nvhost_podgov,1,3,-1,61750,65093,61531,60437,61593,65093,21557,9934,5244,1.28875,19.0463,27.6,1,11063564557842,21596,9973,5244
11063704561085,1728000,729600,1728000,schedutil,1020000000,306000000,1020000000,nvhost_podgov,1,3,-1,62187,64937,61500,60375,61625,64937,21635,10011,5244,1.47875,19.0225,26.92,1,11063564557842,21596,9973,5244
11063804571010,1728000,729600,1728000,schedutil,1020000000,306000000,1020000000,nvhost_podgov,1,3,-1,61812,65281,61468,60375,61687,65281,21712,10050,5244,1.365,19.04,25.98,1,11063564557842,21596,9973,5244
11063904562821,1728000,729600,1728000,schedutil,1020000000,306000000,1020000000,nvhost_podgov,1,3,-1,61906,65125,61500,60500,61687,65125,21635,10011,5244,1.34,19.04,25.51,1,11063564557842,21596,9973,5244
11064004562121,1728000,729600,1728000,schedutil,1020000000,306000000,1020000000,nvhost_podgov,1,3,-1,61968,64875,61437,60437,61656,64875,21635,9973,5244,1.385,19.0338,26.71,1,11063564557842,21596,9973,5244
11064104561677,1728000,729600,1728000,schedutil,1020000000,306000000,1020000000,nvhost_podgov,1,3,-1,61843,64875,61531,60562,61625,64875,21557,9934,5244,1.39375,19.035,26.54,1,11063564557842,21596,9973,5244
11064204559953,1728000,729600,1728000,schedutil,1020000000,306000000,1020000000,nvhost_podgov,1,3,-1,62093,65218,61593,60468,61625,65218,21518,9934,5205,1.3,19.025,24.73,1,11063564557842,21596,9973,5244
11064304558357,1728000,729600,1728000,schedutil,1020000000,306000000,1020000000,nvhost_podgov,1,3,-1,61937,64906,61468,60531,61687,64906,21518,9934,5205,1.35625,19.0188,26.32,1,11063564557842,21596,9973,5244
11064404556120,1728000,729600,1728000,schedutil,1020000000,306000000,1020000000,nvhost_podgov,1,3,-1,61812,64843,61625,60531,61656,64843,21479,9934,5205,1.39,19.015,26.43,1,11063564557842,21596,9973,5244
11064504563996,1728000,729600,1728000,schedutil,1020000000,306000000,1020000000,nvhost_podgov,1,3,-1,62031,65031,61562,60500,61625,65031,21479,9934,5205,1.3525,19.0263,25.73,1,11063564557842,21596,9973,5244
11064604577472,1728000,729600,1728000,schedutil,1020000000,306000000,1020000000,nvhost_podgov,1,3,-1,62031,65000,61468,60406,61625,65000,21518,9934,5205,1.375,19.0237,26.33,1,11064566004506,21518,9934,5205
11064704562756,1728000,729600,1728000,schedutil,1020000000,306000000,1020000000,nvhost_podgov,1,3,-1,61906,64906,61531,60500,61687,64906,21557,9973,5205,1.45625,19.0125,27.69,1,11064566004506,21518,9934,5205
11064804566216,1728000,729600,1728000,schedutil,1020000000,306000000,1020000000,nvhost_podgov,1,3,-1,62000,65031,61625,60468,61656,65031,21596,10011,5244,1.415,19.045,26.94,1,11064566004506,21518,9934,5205
11064904569516,1728000,729600,1728000,schedutil,1020000000,306000000,1020000000,nvhost_podgov,1,3,-1,61906,65031,61718,60656,61812,65031,21635,10011,5244,1.40875,19.0425,27.05,1,11064566004506,21518,9934,5205
11065004567471,1728000,729600,1728000,schedutil,1020000000,306000000,1020000000,nvhost_podgov,1,3,-1,61937,65031,61625,60562,61750,65031,21635,10011,5244,1.44875,19.025,27.57,1,11064566004506,21518,9934,5205
11065104561075,1728000,729600,1728000,schedutil,1020000000,306000000,1020000000,nvhost_podgov,1,3,-1,61906,65125,61625,60593,61656,65125,21596,9973,5244,1.3175,19.045,25.09,1,11064566004506,21518,9934,5205
11065204559927,1728000,729600,1728000,schedutil,1020000000,306000000,1020000000,nvhost_podgov,1,3,-1,61968,65000,61625,60531,61625,65000,21557,9973,5205,1.44375,19.0275,27.47,1,11064566004506,21518,9934,5205
11065304562107,1728000,729600,1728000,schedutil,1020000000,306000000,1020000000,nvhost_podgov,1,3,-1,62187,65000,61625,60593,61625,65000,21557,9973,5205,1.35625,19.0275,25.86,1,11064566004506,21518,9934,5205
11065404557438,1728000,729600,1728000,schedutil,1020000000,306000000,1020000000,nvhost_podgov,1,3,-1,61906,65218,61593,60531,61687,65218,21518,9934,5205,1.37,19.0287,26.97,1,11064566004506,21518,9934,5205
11065504570050,1728000,729600,1728000,schedutil,1020000000,306000000,1020000000,nvhost_podgov,1,3,-1,62093,65062,61593,60500,61750,65062,21518,9934,5205,1.435,19.0075,27,1,11064566004506,21518,9934,5205
11065604571878,1728000,729600,1728000,schedutil,1020000000,306000000,1020000000,nvhost_podgov,1,3,-1,62125,65250,61625,60531,61718,65250,21518,9973,5205,1.32125,19.035,27.48,1,11065563597351,21557,9973,5244
11065704563594,1728000,729600,1728000,schedutil,1020000000,306000000,1020000000,nvhost_podgov,1,3,-1,61937,65156,61656,60781,61812,65156,21596,9973,5244,1.37125,19.0338,26.1,1,11065563597351,21557,9973,5244
11065804571533,1728000,729600,1728000,schedutil,1020000000,306000000,1020000000,nvhost_podgov,1,3,-1,61906,65093,61750,60750,61843,65093,21557,9973,5244,1.36625,19.0188,25.98,1,11065563597351,21557,9973,5244
11065904566577,1728000,729600,1728000,schedutil,1020000000,306000000,1020000000,nvhost_podgov,1,3,-1,62000,65312,61656,60687,61781,65312,21518,9973,5244,1.3925,19.03,26.96,1,11065563597351,21557,9973,5244
11066004559765,1728000,729600,1728000,schedutil,1020000000,306000000,1020000000,nvhost_podgov,1,3,-1,61968,65281,61718,60625,61750,65281,21557,9973,5205,1.3175,19.0287,25.08,1,11065563597351,21557,9973,5244
11066104559864,1728000,729600,1728000,schedutil,1020000000,306000000,1020000000,nvhost_podgov,1,3,-1,61906,65187,61625,60593,61750,65187,21557,9934,5205,1.36,19.0362,25.89,1,11065563597351,21557,9973,5244
11066204555196,1728000,729600,1728000,schedutil,1020000000,306000000,1020000000,nvhost_podgov,1,3,-1,61906,64968,61625,60625,61781,64968,21518,9934,5205,1.3775,19.0325,27.88,1,11065563597351,21557,9973,5244
11066304559616,1728000,729600,1728000,schedutil,1020000000,306000000,1020000000,nvhost_podgov,1,3,-1,62281,65250,61656,60625,61812,65250,21557,9973,5244,1.4,19.0425,26.61,1,11065563597351,21557,9973,5244
11066404588708,1728000,729600,1728000,schedutil,1020000000,306000000,1020000000,nvhost_podgov,1,3,-1,62125,65031,61625,60625,61906,65031,21596,9973,5244,1.32125,19.0275,25.14,1,11065563597351,21557,9973,5244
11066504571591,1728000,729600,1728000,schedutil,1020000000,306000000,1020000000,nvhost_podgov,1,3,-1,62093,65000,61843,60593,61781,65000,21596,9973,5244,1.3975,19.0388,26.56,1,11065563597351,21557,9973,5244
11066604569003,1728000,729600,1728000,schedutil,1020000000,306000000,1020000000,nvhost_podgov,1,3,-1,62093,65281,61812,60750,61937,65281,21596,10011,5244,1.32,19.0225,24.92,1,11066566472560,21635,10011,5244
11066704574991,1728000,729600,1728000,schedutil,1020000000,306000000,1020000000,nvhost_podgov,1,3,-1,62000,65125,61750,60687,61812,65125,21635,10011,5244,1.40625,19.0325,26.77,1,11066566472560,21635,10011,5244
11066804567570,1728000,729600,1728000,schedutil,1020000000,306000000,1020000000,nvhost_podgov,1,3,-1,62062,65031,61781,60656,61875,65031,21635,10011,5244,1.31,19.0375,24.93,1,11066566472560,21635,10011,5244
11066904561814,1728000,729600,1728000,schedutil,1020000000,306000000,1020000000,nvhost_podgov,1,3,-1,61968,65156,61656,60718,61843,65156,21596,10011,5244,1.39875,19.02,23.73,1,11066566472560,21635,10011,5244
11067004556441,1728000,729600,1728000,schedutil,1020000000,306000000,1020000000,nvhost_podgov,1,3,-1,62031,65062,61656,60687,61875,65062,21635,10011,5244,1.27375,19.0287,24.24,1,11066566472560,21635,10011,5244
11067104560413,1728000,729600,1728000,schedutil,1020000000,306000000,1020000000,nvhost_podgov,1,3,-1,62218,65156,61625,60656,61781,65156,21596,10011,5244,1.40375,19.0375,26.73,1,11066566472560,21635,10011,5244
11067204556001,1728000,729600,1728000,schedutil,1020000000,306000000,1020000000,nvhost_podgov,1,3,-1,62312,65093,61656,60593,61875,65218,21635,10011,5244,1.37,19.0263,27.39,1,11066566472560,21635,10011,5244
11067304553956,1728000,729600,1728000,schedutil,1020000000,306000000,1020000000,nvhost_podgov,1,3,-1,62281,65125,61687,60625,61968,65125,21712,10050,5244,1.37625,19.0113,26.78,1,11066566472560,21635,10011,5244
11067404563016,1728000,729600,1728000,schedutil,1020000000,306000000,1020000000,nvhost_podgov,1,3,-1,62156,65437,61875,60625,61875,65437,21712,10050,5244,1.32375,19.015,25.17,1,11066566472560,21635,10011,5244
11067504565068,1728000,729600,1728000,schedutil,1020000000,306000000,1020000000,nvhost_podgov,1,3,-1,62093,65343,61750,60812,61968,65343,21754,10127,5283,1.475,19.065,28.12,1,11066566472560,21635,10011,5244
11067604566031,1728000,729600,1728000,schedutil,1020000000,306000000,1020000000,nvhost_podgov,1,3,-1,62218,65250,61843,60781,61906,65250,21832,10205,5283,1.3925,19.0275,26.5,1,11067568167868,21871,10205,5283
11067704563315,1728000,729600,1728000,schedutil,1020000000,306000000,1020000000,nvhost_podgov,1,3,-1,62062,65281,61812,60812,61906,65281,21910,10226,5283,1.3725,19.0263,26.11,1,11067568167868,21871,10205,5283
11067804562710,1728000,729600,1728000,schedutil,1020000000,306000000,1020000000,nvhost_podgov,1,3,-1,62062,65312,61718,60812,61937,65312,21871,10188,5274,1.39375,19.0237,26.51,1,11067568167868,21871,10205,5283
11067904561658,1728000,729600,1728000,schedutil,1020000000,306000000,1020000000,nvhost_podgov,1,3,-1,62218,65312,61687,60718,61875,65312,21871,10188,5274,1.41125,19.0287,26.41,1,11067568167868,21871,10205,5283
11068004557149,1728000,729600,1728000,schedutil,1020000000,306000000,1020000000,nvhost_podgov,1,3,-1,62156,65281,61656,60781,61906,65281,21871,10188,5274,1.3275,19.045,25.28,1,11067568167868,21871,10205,5283
11068104560065,1728000,729600,1728000,schedutil,1020000000,306000000,1020000000,nvhost_podgov,1,3,-1,62093,65281,61718,60656,62000,65281,21871,10149,5274,1.4525,19.025,27.64,1,11067568167868,21871,10205,5283
11068204564933,1728000,729600,1728000,schedutil,1020000000,306000000,1020000000,nvhost_podgov,1,3,-1,62312,65218,61937,60687,61937,65218,21871,10149,5274,1.28625,19.0362,24.04,1,11067568167868,21871,10205,5283
11068304556520,1728000,729600,1728000,schedutil,1020000000,306000000,1020000000,nvhost_podgov,1,3,-1,62125,65562,61875,60843,62062,65562,21793,10127,5274,1.4375,19.0212,27.34,1,11067568167868,21871,10205,5283
11068404561772,1728000,729600,1728000,schedutil,1020000000,306000000,1020000000,nvhost_podgov,1,3,-1,62156,65406,61812,60843,62062,65406,21793,10127,5274,1.35875,19.0287,25.97,1,11067568167868,21871,10205,5283
11068504735731,1728000,729600,1728000,schedutil,1020000000,306000000,1020000000,nvhost_podgov,1,3,-1,62062,65281,61718,60875,62031,65281,21790,10089,5244,1.4225,19.0087,27.03,1,11067568167868,21871,10205,5283
11068604577779,1728000,729600,1728000,schedutil,1020000000,306000000,1020000000,nvhost_podgov,1,3,-1,62250,65187,61812,60781,62031,65187,21716,10089,5244,1.4575,19.0263,27.73,1,11068568460614,21754,10089,5244
11068704560854,1728000,729600,1728000,schedutil,1020000000,306000000,1020000000,nvhost_podgov,1,3,-1,62468,65500,61750,60781,61937,65500,21716,10089,5244,1.41125,19.0138,26.83,1,11068568460614,21754,10089,5244
11068804571130,1728000,729600,1728000,schedutil,1020000000,306000000,1020000000,nvhost_podgov,1,3,-1,62312,65468,61843,60750,61937,65468,21793,10127,5283,1.325,19.0562,25.25,1,11068568460614,21754,10089,5244
11068904565373,1728000,729600,1728000,schedutil,1020000000,306000000,1020000000,nvhost_podgov,1,3,-1,62218,65281,61750,60781,62000,65281,21716,10127,5244,1.43125,19.0312,24.97,1,11068568460614,21754,10089,5244
11069004559841,1728000,729600,1728000,schedutil,1020000000,306000000,1020000000,nvhost_podgov,1,3,-1,62281,65531,61906,60875,62000,65531,21751,10089,5244,1.375,19.05,26.19,1,11068568460614,21754,10089,5244
11069104560388,1728000,729600,1728000,schedutil,1020000000,306000000,1020000000,nvhost_podgov,1,3,-1,62156,65312,61875,60906,62062,65312,21712,10050,5244,1.305,19.0463,24.86,1,11068568460614,21754,10089,5244
11069204558344,1728000,729600,1728000,schedutil,1020000000,306000000,1020000000,nvhost_podgov,1,3,-1,62250,65218,61843,60843,61937,65218,21635,10011,5244,1.29375,19.045,25.83,1,11068568460614,21754,10089,5244
11069304561995,1728000,729600,1728000,schedutil,1020000000,306000000,1020000000,nvhost_podgov,1,3,-1,62375,65312,61843,60875,62000,65312,21596,10011,5244,1.4075,19.035,26.07,1,11068568460614,21754,10089,5244
11069404558190,1728000,729600,1728000,schedutil,1020000000,306000000,1020000000,nvhost_podgov,1,3,-1,62125,65343,61875,60781,61937,65343,21596,10011,5244,1.36,19.0437,25.89,1,11068568460614,21754,10089,5244
11069504561746,1728000,729600,1728000,schedutil,1020000000,306000000,1020000000,nvhost_podgov,1,3,-1,62125,65281,61906,60875,62000,65281,21596,9973,5244,1.365,19.0175,26.68,1,11068568460614,21754,10089,5244
11069604575766,1728000,729600,1728000,schedutil,1020000000,306000000,1020000000,nvhost_podgov,1,3,-1,62250,65281,61843,60875,62031,65281,21596,9973,5244,1.3775,19.0437,26.23,1,11069570941795,21596,9973,5244
11069704562585,1728000,729600,1728000,schedutil,1020000000,306000000,1020000000,nvhost_podgov,1,3,-1,62281,65218,61781,60812,62093,65218,21635,10011,5244,1.3225,19.035,25.18,1,11069570941795,21596,9973,5244
11069804563356,1728000,729600,1728000,schedutil,1020000000,306000000,1020000000,nvhost_podgov,1,3,-1,62375,65312,62062,60843,62093,65312,21635,10011,5244,1.4075,19.0425,26.8,1,11069570941795,21596,9973,5244
11069904562912,1728000,729600,1728000,schedutil,1020000000,306000000,1020000000,nvhost_podgov,1,3,-1,62281,65375,62062,60812,62093,65375,21596,10011,5244,1.36875,19.0487,26.05,1,11069570941795,21596,9973,5244
11070004560963,1728000,729600,1728000,schedutil,1020000000,306000000,1020000000,nvhost_podgov,1,3,-1,62187,65312,62000,60968,62093,65312,21557,9973,5244,1.35,19.025,25.69,1,11069570941795,21596,9973,5244
11070104559654,1728000,729600,1728000,schedutil,1020000000,306000000,1020000000,nvhost_podgov,1,3,-1,62187,65343,61937,60875,62062,65343,21557,9973,5244,1.38625,19.0437,26.39,1,11069570941795,21596,9973,5244
11070204564330,1728000,729600,1728000,schedutil,1020000000,306000000,1020000000,nvhost_podgov,1,3,-1,62218,65406,61906,60906,62062,65406,21557,9973,5244,1.3875,19.0287,26.41,1,11069570941795,21596,9973,5244
11070304568782,1728000,729600,1728000,schedutil,1020000000,306000000,1020000000,nvhost_podgov,1,3,-1,62187,65406,61906,60937,62031,65406,21557,9973,5244,1.37,19.02,26.06,1,11069570941795,21596,9973,5244
11070404748597,1728000,729600,1728000,schedutil,1020000000,306000000,1020000000,nvhost_podgov,1,3,-1,62187,65437,61906,60906,62031,65437,21596,9973,5244,1.3675,19.0325,26.02,1,11069570941795,21596,9973,5244
11070504740696,1728000,729600,1728000,schedutil,1020000000,306000000,1020000000,nvhost_podgov,1,3,-1,62343,65406,61875,60843,62125,65406,21557,9934,5244,1.43875,19.0312,27.39,1,11069570941795,21596,9973,5244
11070604567160,1728000,729600,1728000,schedutil,1020000000,306000000,1020000000,nvhost_podgov,1,3,-1,62593,65406,61906,60875,62125,65406,21596,9973,5244,1.44125,19.0338,27.43,1,11070576308419,21596,9973,5244
11070704560731,1728000,729600,1728000,schedutil,1020000000,306000000,1020000000,nvhost_podgov,1,3,-1,62375,65250,61937,60875,62093,65250,21596,10011,5244,1.3625,19.02,25.92,1,11070576308419,21596,9973,5244
11070804570686,1728000,729600,1728000,schedutil,1020000000,306000000,1020000000,nvhost_podgov,1,3,-1,62343,65500,61968,60968,62062,65500,21596,9973,5244,1.355,19.0175,27.53,1,11070576308419,21596,9973,5244
11070904559617,1728000,729600,1728000,schedutil,1020000000,306000000,1020000000,nvhost_podgov,1,3,-1,62343,65562,61937,60937,62062,65562,21596,9973,5244,1.3725,19.035,24.72,1,11070576308419,21596,9973,5244
11071004558661,1728000,729600,1728000,schedutil,1020000000,306000000,1020000000,nvhost_podgov,1,3,-1,62343,65343,61937,60937,62093,65343,21596,9973,5244,1.41625,19.0063,26.92,1,11070576308419,21596,9973,5244
11071104557928,1728000,729600,1728000,schedutil,1020000000,306000000,1020000000,nvhost_podgov,1,3,-1,62281,65656,62000,61031,62062,65656,21635,9973,5244,1.3475,19.0325,25.65,1,11070576308419,21596,9973,5244
11071204560556,1728000,729600,1728000,schedutil,1020000000,306000000,1020000000,nvhost_podgov,1,3,-1,62250,65375,61906,60968,62093,65375,21635,10011,5244,1.45,19.045,27.61,1,11070576308419,21596,9973,5244
11071304566415,1728000,729600,1728000,schedutil,1020000000,306000000,1020000000,nvhost_podgov,1,3,-1,62437,65281,61937,60968,62125,65281,21635,10011,5244,1.4025,19.0175,26.68,1,11070576308419,21596,9973,5244
11071404569746,1728000,729600,1728000,schedutil,1020000000,306000000,1020000000,nvhost_podgov,1,3,-1,62343,65375,61937,60906,62093,65375,21677,10050,5244,1.395,19.005,28.06,1,11070576308419,21596,9973,5244
11071504571478,1728000,729600,1728000,schedutil,1020000000,306000000,1020000000,nvhost_podgov,1,3,-1,62468,65406,61937,60875,62218,65406,21754,10089,5235,1.41875,19.0325,25.93,1,11070576308419,21596,9973,5244
11071604567993,1728000,729600,1728000,schedutil,1020000000,306000000,1020000000,nvhost_podgov,1,3,-1,62437,65312,62093,61000,62156,65312,21754,10089,5235,1.33875,19.0413,25.5,1,11071573003735,21754,10089,5235
11071704564156,1728000,729600,1728000,schedutil,1020000000,306000000,1020000000,nvhost_podgov,1,3,-1,62218,65343,62031,61093,62125,65343,21754,10089,5244,1.34625,19.04,25.64,1,11071573003735,21754,10089,5235
11071804570656,1728000,729600,1728000,schedutil,1020000000,306000000,1020000000,nvhost_podgov,1,3,-1,62375,65375,62031,61031,62125,65375,21754,10127,5274,1.4125,19.025,25.66,1,11071573003735,21754,10089,5235
11071904563555,1728000,729600,1728000,schedutil,1020000000,306000000,1020000000,nvhost_podgov,1,3,-1,62312,65312,62093,60968,62125,65312,21716,10089,5235,1.36625,19.0437,26.02,1,11071573003735,21754,10089,5235
11072004557766,1728000,729600,1728000,schedutil,1020000000,306000000,1020000000,nvhost_podgov,1,3,-1,62250,65375,62000,61031,62125,65375,21712,10050,5235,1.42875,19.0463,27.21,1,11071573003735,21754,10089,5235
11072104561225,1728000,729600,1728000,schedutil,1020000000,306000000,1020000000,nvhost_podgov,1,3,-1,62562,65468,61968,61031,62125,65468,21673,10011,5244,1.41875,19.035,27.01,1,11071573003735,21754,10089,5235
11072204559596,1728000,729600,1728000,schedutil,1020000000,306000000,1020000000,nvhost_podgov,1,3,-1,62406,65437,61968,60937,62218,65437,21673,10011,5244,1.33125,19.0188,26.48,1,11071573003735,21754,10089,5235
11072304564048,1728000,729600,1728000,schedutil,1020000000,306000000,1020000000,nvhost_podgov,1,3,-1,62468,65281,62031,60968,62218,65281,21635,9973,5244,1.41375,19.0425,26.92,1,11071573003735,21754,10089,5235
11072404559987,1728000,729600,1728000,schedutil,1020000000,306000000,1020000000,nvhost_podgov,1,3,-1,62500,65500,62093,61093,62218,65500,21596,9973,5244,1.375,19.0437,26.19,1,11071573003735,21754,10089,5235
11072504560246,1728000,729600,1728000,schedutil,1020000000,306000000,1020000000,nvhost_podgov,1,3,-1,62437,65500,62093,61093,62156,65500,21596,9973,5244,1.3225,19.05,26.38,1,11071573003735,21754,10089,5235
11072604565209,1728000,729600,1728000,schedutil,1020000000,306000000,1020000000,nvhost_podgov,1,3,-1,62468,65562,62062,61031,62218,65562,21596,9973,5244,1.35,19.035,25.7,1,11072572860404,21596,9973,5244
11072704570109,1728000,729600,1728000,schedutil,1020000000,306000000,1020000000,nvhost_podgov,1,3,-1,62343,65500,62125,61031,62156,65500,21635,10011,5244,1.34875,19.0312,25.66,1,11072572860404,21596,9973,5244
11072804569152,1728000,729600,1728000,schedutil,1020000000,306000000,1020000000,nvhost_podgov,1,3,-1,62375,65500,62000,60968,62125,65500,21596,10011,5244,1.415,19.05,25.29,1,11072572860404,21596,9973,5244
11072904560003,1728000,729600,1728000,schedutil,1020000000,306000000,1020000000,nvhost_podgov,1,3,-1,62343,65625,62031,61000,62093,65625,21596,9973,5244,1.3525,19.0225,25.73,1,11072572860404,21596,9973,5244
11073004555462,1728000,729600,1728000,schedutil,1020000000,306000000,1020000000,nvhost_podgov,1,3,-1,62375,65593,62031,61000,62250,65593,21557,9934,5244,1.3775,19.025,26.2,1,11072572860404,21596,9973,5244
11073104558025,1728000,729600,1728000,schedutil,1020000000,306000000,1020000000,nvhost_podgov,1,3,-1,62468,65531,62062,61000,62218,65531,21518,9934,5205,1.32125,19.0437,27.19,1,11072572860404,21596,9973,5244
11073204559661,1728000,729600,1728000,schedutil,1020000000,306000000,1020000000,nvhost_podgov,1,3,-1,62531,65750,62156,61000,62281,65750,21518,9934,5205,1.34625,19.015,25.6,1,11072572860404,21596,9973,5244
11073304554160,1728000,729600,1728000,schedutil,1020000000,306000000,1020000000,nvhost_podgov,1,3,-1,62468,65625,62156,61125,62156,65625,21557,9934,5244,1.33625,19.0425,25.45,1,11072572860404,21596,9973,5244
11073404563091,1728000,729600,1728000,schedutil,1020000000,306000000,1020000000,nvhost_podgov,1,3,-1,62468,65406,62187,61156,62281,65406,21557,9934,5244,1.335,19.05,24.86,1,11072572860404,21596,9973,5244
11073504567446,1728000,729600,1728000,schedutil,1020000000,306000000,1020000000,nvhost_podgov,1,3,-1,62375,65750,62125,61062,62218,65750,21557,9934,5205,1.39875,19.0312,27.15,1,11072572860404,21596,9973,5244
11073604569561,1728000,729600,1728000,schedutil,1020000000,306000000,1020000000,nvhost_podgov,1,3,-1,62468,65687,62062,61000,62250,65687,21557,9973,5244,1.38,19.01,26.24,1,11073573059864,21557,9973,5244
11073704578109,1728000,729600,1728000,schedutil,1020000000,306000000,1020000000,nvhost_podgov,1,3,-1,62468,65500,62062,61000,62312,65500,21596,9973,5244,1.4,19.0063,26.61,1,11073573059864,21557,9973,5244
11073804564576,1728000,729600,1728000,schedutil,1020000000,306000000,1020000000,nvhost_podgov,1,3,-1,62437,65531,62031,61000,62187,65531,21635,10050,5244,1.325,19.0287,27.76,1,11073573059864,21557,9973,5244
11073904558179,1728000,729600,1728000,schedutil,1020000000,306000000,1020000000,nvhost_podgov,1,3,-1,62593,65750,62093,61062,62343,65750,21673,10050,5244,1.39,19.0075,26.42,1,11073573059864,21557,9973,5244
11074004566278,1728000,729600,1728000,schedutil,1020000000,306000000,1020000000,nvhost_podgov,1,3,-1,62625,65531,62093,61062,62312,65531,21635,10011,5244,1.3625,19.0325,25.93,1,11073573059864,21557,9973,5244
11074104566729,1728000,729600,1728000,schedutil,1020000000,306000000,1020000000,nvhost_podgov,1,3,-1,62531,65500,62250,61000,62343,65500,21635,10011,5244,1.40375,19.0287,26.71,1,11073573059864,21557,9973,5244
11074204569164,1728000,729600,1728000,schedutil,1020000000,306000000,1020000000,nvhost_podgov,1,3,-1,62593,65562,62125,61218,62312,65562,21635,10011,5244,1.48,19.0138,28.14,1,11073573059864,21557,9973,5244
11074304572015,1728000,729600,1728000,schedutil,1020000000,306000000,1020000000,nvhost_podgov,1,3,-1,62531,65531,62156,61187,62218,65531,21635,9973,5244,1.51375,19.0087,27.75,1,11073573059864,21557,9973,5244
11074404564786,1728000,729600,1728000,schedutil,1020000000,306000000,1020000000,nvhost_podgov,1,3,-1,62468,65531,62187,61156,62250,65531,21673,10011,5244,1.39625,19.0113,25.19,1,11073573059864,21557,9973,5244
11074504568277,1728000,729600,1728000,schedutil,1020000000,306000000,1020000000,nvhost_podgov,1,3,-1,62437,65562,62156,61125,62218,65562,21596,9973,5244,1.49,19.0237,28.33,1,11073573059864,21557,9973,5244
11074604567960,1728000,729600,1728000,schedutil,1020000000,306000000,1020000000,nvhost_podgov,1,3,-1,62500,65593,62156,61031,62375,65593,21673,10011,5244,1.4575,19.0263,27.73,1,11074574095600,21635,9973,5244
11074704560571,1728000,729600,1728000,schedutil,1020000000,306000000,1020000000,nvhost_podgov,1,3,-1,62687,65562,62187,61093,62343,65562,21635,9973,5244,1.4225,19.0325,27.07,1,11074574095600,21635,9973,5244
11074804564510,1728000,729600,1728000,schedutil,1020000000,306000000,1020000000,nvhost_podgov,1,3,-1,62531,65562,62218,61062,62375,65562,21635,10011,5244,1.3825,19.0188,26.79,1,11074574095600,21635,9973,5244
11074904561249,1728000,729600,1728000,schedutil,1020000000,306000000,1020000000,nvhost_podgov,1,3,-1,62562,65562,62125,61062,62250,65562,21596,9973,5244,1.42125,19.0175,27.03,1,11074574095600,21635,9973,5244
11075004557988,1728000,729600,1728000,schedutil,1020000000,306000000,1020000000,nvhost_podgov,1,3,-1,62625,65687,62187,61218,62281,65687,21596,9973,5244,1.42125,19.0338,26.98,1,11074574095600,21635,9973,5244
11075104562120,1728000,729600,1728000,schedutil,1020000000,306000000,1020000000,nvhost_podgov,1,3,-1,62531,65656,62281,61093,62281,65656,21596,9973,5244,1.3725,19.0162,25.57,1,11074574095600,21635,9973,5244
11075204566027,1728000,729600,1728000,schedutil,1020000000,306000000,1020000000,nvhost_podgov,1,3,-1,62531,65656,62125,61156,62281,65656,21557,9934,5244,1.40375,19,26.68,1,11074574095600,21635,9973,5244
11075304560974,1728000,729600,1728000,schedutil,1020000000,306000000,1020000000,nvhost_podgov,1,3,-1,62437,65750,62218,61187,62281,65750,21557,9934,5244,1.49,19.0075,28.33,1,11074574095600,21635,9973,5244
11075404564689,1728000,729600,1728000,schedutil,1020000000,306000000,1020000000,nvhost_podgov,1,3,-1,62500,65687,62125,61125,62250,65687,21596,9973,5244,1.4475,19.0162,27.02,1,11074574095600,21635,9973,5244
11075504563604,1728000,729600,1728000,schedutil,1020000000,306000000,1020000000,nvhost_podgov,1,3,-1,62656,65750,62156,61156,62312,65750,21557,9934,5244,1.4625,19.0075,27.84,1,11074574095600,21635,9973,5244
11075604573207,1728000,729600,1728000,schedutil,1020000000,306000000,1020000000,nvhost_podgov,1,3,-1,62656,65843,62156,61062,62375,65843,21635,10011,5244,1.34,19.025,25.5,1,11075575691571,21596,9973,5244
11075704563194,1728000,729600,1728000,schedutil,1020000000,306000000,1020000000,nvhost_podgov,1,3,-1,62593,65812,62125,61093,62343,65812,21596,9973,5244,1.41625,19.0113,26,1,11075575691571,21596,9973,5244
11075804561533,1728000,729600,1728000,schedutil,1020000000,306000000,1020000000,nvhost_podgov,1,3,-1,62750,65718,62250,61343,62375,65593,21596,9973,5244,1.4275,19.0287,27.6,1,11075575691571,21596,9973,5244
11075904560416,1728000,729600,1728000,schedutil,1020000000,306000000,1020000000,nvhost_podgov,1,3,-1,62562,65531,62250,61312,62406,65531,21557,9934,5205,1.33,19.0162,25.29,1,11075575691571,21596,9973,5244
11076004550498,1728000,729600,1728000,schedutil,1020000000,306000000,1020000000,nvhost_podgov,1,3,-1,62593,65781,62156,61187,62375,65781,21557,9934,5244,1.35125,19.0375,26.13,1,11075575691571,21596,9973,5244
11076104561606,1728000,729600,1728000,schedutil,1020000000,306000000,1020000000,nvhost_podgov,1,3,-1,62531,65656,62218,61250,62375,65656,21557,9934,5244,1.4125,19.0175,28.15,1,11075575691571,21596,9973,5244
11076204563881,1728000,729600,1728000,schedutil,1020000000,306000000,1020000000,nvhost_podgov,1,3,-1,62531,65562,62250,61125,62375,65562,21557,9934,5244,1.39625,18.9988,26.52,1,11075575691571,21596,9973,5244
11076304769008,1728000,729600,1728000,schedutil,1020000000,306000000,1020000000,nvhost_podgov,1,3,-1,62656,65906,62187,61187,62343,65906,21560,9973,5244,1.45625,19.0287,27.71,1,11075575691571,21596,9973,5244
11076404571663,1728000,729600,1728000,schedutil,1020000000,306000000,1020000000,nvhost_podgov,1,3,-1,62562,65718,62125,61156,62531,65718,21557,9973,5244,1.4725,19.0263,25.02,1,11075575691571,21596,9973,5244
11076504575314,1728000,729600,1728000,schedutil,1020000000,306000000,1020000000,nvhost_podgov,1,3,-1,62718,65625,62125,61156,62468,65625,21635,10011,5244,1.40375,19,26.68,1,11075575691571,21596,9973,5244
11076604569717,1728000,729600,1728000,schedutil,1020000000,306000000,1020000000,nvhost_podgov,1,3,-1,62781,65656,62375,61125,62437,65656,21677,10050,5244,1.42625,19.0312,27.15,1,11076575623984,21638,10050,5244
11076704568471,1728000,729600,1728000,schedutil,1020000000,306000000,1020000000,nvhost_podgov,1,3,-1,62656,65656,62406,61375,62406,65656,21673,10050,5244,1.34625,19.0287,27.07,1,11076575623984,21638,10050,5244
11076804559546,1728000,729600,1728000,schedutil,1020000000,306000000,1020000000,nvhost_podgov,1,3,-1,62750,65625,62250,61281,62406,65625,21599,10011,5244,1.41125,19.0375,26.87,1,11076575623984,21638,10050,5244
11076904562109,1728000,729600,1728000,schedutil,1020000000,306000000,1020000000,nvhost_podgov,1,3,-1,62625,65718,62218,61250,62406,65718,21635,10011,5244,1.32375,19.0312,25.19,1,11076575623984,21638,10050,5244
11077004561408,1728000,729600,1728000,schedutil,1020000000,306000000,1020000000,nvhost_podgov,1,3,-1,62625,65750,62375,61250,62468,65750,21635,9973,5244,1.36,19.0038,25.84,1,11076575623984,21638,10050,5244
11077104560163,1728000,729600,1728000,schedutil,1020000000,306000000,1020000000,nvhost_podgov,1,3,-1,62625,65656,62218,61281,62343,65656,21635,9973,5244,1.39125,19.0175,26.47,1,11076575623984,21638,10050,5244
11077204565350,1728000,729600,1728000,schedutil,1020000000,306000000,1020000000,nvhost_podgov,1,3,-1,62531,65781,62250,61218,62531,65781,21596,9973,5244,1.32375,19.02,25.18,1,11076575623984,21638,10050,5244
11077304571145,1728000,729600,1728000,schedutil,1020000000,306000000,1020000000,nvhost_podgov,1,3,-1,62718,65750,62218,61187,62437,65750,21596,9973,5244,1.43,19.0287,27.21,1,11076575623984,21638,10050,5244
11077404570732,1728000,729600,1728000,schedutil,1020000000,306000000,1020000000,nvhost_podgov,1,3,-1,62750,65718,62281,61250,62468,65843,21596,9973,5244,1.39375,19.0113,26.16,1,11076575623984,21638,10050,5244
11077504565903,1728000,729600,1728000,schedutil,1020000000,306000000,1020000000,nvhost_podgov,1,3,-1,62625,65781,62406,61187,62406,65781,21596,9973,5244,1.43875,19.0413,27.39,1,11076575623984,21638,10050,5244
11077604567153,1728000,729600,1728000,schedutil,1020000000,306000000,1020000000,nvhost_podgov,1,3,-1,62718,65750,62406,61312,62500,65750,21635,10011,5244,1.34875,19.0287,25.66,1,11077577370197,21635,9973,5244
11077704565940,1728000,729600,1728000,schedutil,1020000000,306000000,1020000000,nvhost_podgov,1,3,-1,62656,65875,62343,61312,62468,65875,21673,10011,5244,1.33125,19.015,27.12,1,11077577370197,21635,9973,5244
11077804558135,1728000,729600,1728000,schedutil,1020000000,306000000,1020000000,nvhost_podgov,1,3,-1,62593,65843,62406,61218,62468,65843,21673,10011,5244,1.4425,19.0125,27.43,1,11077577370197,21635,9973,5244
11077904547385,1728000,729600,1728000,schedutil,1020000000,306000000,1020000000,nvhost_podgov,1,3,-1,62718,65781,62343,61250,62437,65781,21635,10011,5244,1.36875,19.0437,26.06,1,11077577370197,21635,9973,5244
11078004569437,1728000,729600,1728000,schedutil,1020000000,306000000,1020000000,nvhost_podgov,1,3,-1,62531,66000,62281,61343,62500,66000,21635,9973,5244,1.395,19.03,27.71,1,11077577370197,21635,9973,5244
11078104708707,1728000,729600,1728000,schedutil,1020000000,306000000,1020000000,nvhost_podgov,1,3,-1,62812,65968,62312,61218,62531,65968,21635,9973,5244,1.39375,19.0487,27.26,1,11077577370197,21635,9973,5244
11078204562210,1728000,729600,1728000,schedutil,1020000000,306000000,1020000000,nvhost_podgov,1,3,-1,62906,65812,62218,61281,62593,65812,21635,9973,5244,1.40625,19.0437,26.78,1,11077577370197,21635,9973,5244
11078304550245,1728000,729600,1728000,schedutil,1020000000,306000000,1020000000,nvhost_podgov,1,3,-1,62843,65656,62468,61343,62500,65656,21673,10011,5244,1.29,19.0237,24.54,1,11077577370197,21635,9973,5244
11078404558312,1728000,729600,1728000,schedutil,1020000000,306000000,1020000000,nvhost_podgov,1,3,-1,62781,66031,62375,61343,62437,66031,21635,10011,5244,1.335,19.0375,24.87,1,11077577370197,21635,9973,5244
11078504552075,1728000,729600,1728000,schedutil,1020000000,306000000,1020000000,nvhost_podgov,1,3,-1,62687,65843,62375,61343,62468,65843,21635,10011,5244,1.41375,19.03,26.89,1,11077577370197,21635,9973,5244
11078604562606,1728000,729600,1728000,schedutil,1020000000,306000000,1020000000,nvhost_podgov,1,3,-1,62812,65718,62406,61343,62531,65718,21673,10011,5244,1.3375,19.0237,25.45,1,11078578349928,21635,10011,5244
11078704554384,1728000,729600,1728000,schedutil,1020000000,306000000,1020000000,nvhost_podgov,1,3,-1,62875,66062,62375,61218,62531,66062,21635,10011,5244,1.45375,18.9913,26.42,1,11078578349928,21635,10011,5244
11078804554387,1728000,729600,1728000,schedutil,1020000000,306000000,1020000000,nvhost_podgov,1,3,-1,62812,65750,62375,61343,62500,65750,21712,10050,5244,1.37,19.0362,26.51,1,11078578349928,21635,10011,5244
11078904552918,1728000,729600,1728000,schedutil,1020000000,306000000,1020000000,nvhost_podgov,1,3,-1,62875,65781,62281,61281,62531,65781,21673,10050,5244,1.4,19.0375,26.65,1,11078578349928,21635,10011,5244
11079004704572,1728000,729600,1728000,schedutil,1020000000,306000000,1020000000,nvhost_podgov,1,3,-1,62687,65781,62406,61312,62500,65781,21673,10050,5244,1.38125,19.0325,26.29,1,11078578349928,21635,10011,5244
11079104720191,1728000,729600,1728000,schedutil,1020000000,306000000,1020000000,nvhost_podgov,1,3,-1,62812,65750,62531,61500,62562,65750,21673,10011,5244,1.42125,19.0263,26.71,1,11078578349928,21635,10011,5244
11079204551134,1728000,729600,1728000,schedutil,1020000000,306000000,1020000000,nvhost_podgov,1,3,-1,62843,65750,62468,61468,62468,65750,21635,10011,5244,1.36125,19.0275,25.91,1,11078578349928,21635,10011,5244
11079304572609,1728000,729600,1728000,schedutil,1020000000,306000000,1020000000,nvhost_podgov,1,3,-1,62687,65875,62375,61406,62562,65875,21596,9973,5244,1.3325,19.0388,26.15,1,11078578349928,21635,10011,5244
11079404568772,1728000,729600,1728000,schedutil,1020000000,306000000,1020000000,nvhost_podgov,1,3,-1,62843,65843,62375,61375,62468,65843,21596,9973,5244,1.405,19.0188,26.71,1,11078578349928,21635,10011,5244
11079504565478,1728000,729600,1728000,schedutil,1020000000,306000000,1020000000,nvhost_podgov,1,3,-1,62625,65781,62343,61250,62531,65781,21596,9973,5244,1.51125,19.0188,28.74,1,11078578349928,21635,10011,5244
11079604567817,1728000,729600,1728000,schedutil,1020000000,306000000,1020000000,nvhost_podgov,1,3,-1,62812,65937,62406,61343,62531,65937,21635,10011,5244,1.42375,19.0188,27.07,1,11079578168032,21596,10011,5244
11079704563436,1728000,729600,1728000,schedutil,1020000000,306000000,1020000000,nvhost_podgov,1,3,-1,63031,65812,62406,61281,62531,65812,21635,10011,5244,1.3475,19.0312,28.46,1,11079578168032,21596,10011,5244
11079804566126,1728000,729600,1728000,schedutil,1020000000,306000000,1020000000,nvhost_podgov,1,3,-1,62875,65843,62468,61281,62593,65843,21599,10011,5244,1.33875,19.0087,25.45,1,11079578168032,21596,10011,5244
11079904571793,1728000,729600,1728000,schedutil,1020000000,306000000,1020000000,nvhost_podgov,1,3,-1,62906,65937,62562,61375,62625,65937,21635,10011,5205,1.41375,19.0263,26.89,1,11079578168032,21596,10011,5244
11080004566996,1728000,729600,1728000,schedutil,1020000000,306000000,1020000000,nvhost_podgov,1,3,-1,62843,65750,62437,61343,62593,65750,21635,10011,5205,1.37375,19.0338,26.15,1,11079578168032,21596,10011,5244
11080104566551,1728000,729600,1728000,schedutil,1020000000,306000000,1020000000,nvhost_podgov,1,3,-1,62812,65843,62468,61343,62593,66062,21596,9973,5244,1.38125,19.0463,26.3,1,11079578168032,21596,10011,5244
11080204558777,1728000,729600,1728000,schedutil,1020000000,306000000,1020000000,nvhost_podgov,1,3,-1,62781,66031,62468,61375,62500,66031,21557,9973,5205,1.36125,19.0188,25.89,1,11079578168032,21596,10011,5244
11080304564092,1728000,729600,1728000,schedutil,1020000000,306000000,1020000000,nvhost_podgov,1,3,-1,62750,65906,62406,61375,62593,65906,21557,9973,5205,1.40125,19.0225,26.01,1,11079578168032,21596,10011,5244
11080404564703,1728000,729600,1728000,schedutil,1020000000,306000000,1020000000,nvhost_podgov,1,3,-1,62750,65750,62468,61437,62531,65750,21557,9934,5244,1.42,19.0263,27.02,1,11079578168032,21596,10011,5244
11080504562497,1728000,729600,1728000,schedutil,1020000000,306000000,1020000000,nvhost_podgov,1,3,-1,62812,66000,62375,61343,62500,66000,21557,9934,5244,1.3875,19.0212,26.39,1,11079578168032,21596,10011,5244
11080604567652,1728000,729600,1728000,schedutil,1020000000,306000000,1020000000,nvhost_podgov,1,3,-1,62812,65875,62437,61312,62593,65875,21596,9973,5244,1.42,19.0263,26.42,1,11080578832298,21557,9973,5244
11080704562438,1728000,729600,1728000,schedutil,1020000000,306000000,1020000000,nvhost_podgov,1,3,-1,63000,65718,62500,61375,62593,65718,21557,9973,5244,1.3775,19.0138,26.18,1,11080578832298,21557,9973,5244
11080804558505,1728000,729600,1728000,schedutil,1020000000,306000000,1020000000,nvhost_podgov,1,3,-1,63000,66218,62562,61343,62625,66218,21557,9934,5244,1.41625,19.0312,26.96,1,11080578832298,21557,9973,5244
11080904551563,1728000,729600,1728000,schedutil,1020000000,306000000,1020000000,nvhost_podgov,1,3,-1,62812,65812,62593,61312,62562,65812,21557,9934,5244,1.3725,19.0325,26.55,1,11080578832298,21557,9973,5244
11081004566190,1728000,729600,1728000,schedutil,1020000000,306000000,1020000000,nvhost_podgov,1,3,-1,62812,65781,62531,61437,62562,65781,21557,9934,5244,1.3425,19.0188,25.55,1,11080578832298,21557,9973,5244
11081104563409,1728000,729600,1728000,schedutil,1020000000,306000000,1020000000,nvhost_podgov,1,3,-1,62781,65843,62468,61375,62593,65843,21518,9934,5244,1.335,19.0338,25.41,1,11080578832298,21557,9973,5244
11081204562451,1728000,729600,1728000,schedutil,1020000000,306000000,1020000000,nvhost_podgov,1,3,-1,62843,65843,62500,61406,62593,65843,21557,9934,5244,1.31875,19.03,25.1,1,11080578832298,21557,9973,5244
11081304563190,1728000,729600,1728000,schedutil,1020000000,306000000,1020000000,nvhost_podgov,1,3,-1,62843,65781,62625,61343,62625,65781,21518,9934,5205,1.37125,19.0225,25.78,1,11080578832298,21557,9973,5244
11081404571129,1728000,729600,1728000,schedutil,1020000000,306000000,1020000000,nvhost_podgov,1,3,-1,62843,65781,62468,61375,62718,65781,21518,9934,5205,1.42625,19.0263,27.14,1,11080578832298,21557,9973,5244
11081504567035,1728000,729600,1728000,schedutil,1020000000,306000000,1020000000,nvhost_podgov,1,3,-1,63062,65937,62500,61437,62593,65937,21518,9934,5205,1.4625,19.0063,27.83,1,11080578832298,21557,9973,5244
11081604573374,1728000,729600,1728000,schedutil,1020000000,306000000,1020000000,nvhost_podgov,1,3,-1,63062,65812,62468,61343,62687,65812,21673,10050,5244,1.32875,19.0463,25.66,1,11081582355478,21635,10011,5244
11081704570016,1728000,729600,1728000,schedutil,1020000000,306000000,1020000000,nvhost_podgov,1,3,-1,62906,65937,62593,61531,62687,65937,21635,10011,5244,1.32375,19.025,25.18,1,11081582355478,21635,10011,5244
11081804562275,1728000,729600,1728000,schedutil,1020000000,306000000,1020000000,nvhost_podgov,1,3,-1,62968,65937,62562,61625,62718,65937,21560,10011,5244,1.39875,19.0375,26.62,1,11081582355478,21635,10011,5244
11081904571974,1728000,729600,1728000,schedutil,1020000000,306000000,1020000000,nvhost_podgov,1,3,-1,62875,65843,62593,61531,62625,65843,21560,10011,5244,1.3425,19.0075,25.52,1,11081582355478,21635,10011,5244
11082004575848,1728000,729600,1728000,schedutil,1020000000,306000000,1020000000,nvhost_podgov,1,3,-1,62718,66062,62500,61500,62656,66062,21635,10011,5244,1.31875,19.0463,26.43,1,11081582355478,21635,10011,5244
11082104567691,1728000,729600,1728000,schedutil,1020000000,306000000,1020000000,nvhost_podgov,1,3,-1,62781,66031,62468,61531,62593,66031,21712,10050,5244,1.35125,19.0162,25.69,1,11081582355478,21635,10011,5244
11082204564749,1728000,729600,1728000,schedutil,1020000000,306000000,1020000000,nvhost_podgov,1,3,-1,62812,66000,62562,61531,62656,66000,21716,10072,5283,1.3475,19.0525,25.68,1,11081582355478,21635,10011,5244
11082304566192,1728000,729600,1728000,schedutil,1020000000,306000000,1020000000,nvhost_podgov,1,3,-1,63031,66093,62468,61531,62812,66093,21751,10033,5235,1.3425,19.0263,24.73,1,11081582355478,21635,10011,5244
11082404564338,1728000,729600,1728000,schedutil,1020000000,306000000,1020000000,nvhost_podgov,1,3,-1,62968,66031,62437,61468,62593,66031,21677,10050,5235,1.3775,19.0325,25.86,1,11081582355478,21635,10011,5244
11082504568757,1728000,729600,1728000,schedutil,1020000000,306000000,1020000000,nvhost_podgov,1,3,-1,62875,65968,62625,61593,62781,65968,21638,10011,5244,1.33375,19.0375,25.4,1,11081582355478,21635,10011,5244
11082604569303,1728000,729600,1728000,schedutil,1020000000,306000000,1020000000,nvhost_podgov,1,3,-1,63062,66187,62718,61625,62750,66187,21638,10050,5244,1.3375,19.0425,26.16,1,11082578907551,21599,10011,5244
11082704558777,1728000,729600,1728000,schedutil,1020000000,306000000,1020000000,nvhost_podgov,1,3,-1,62906,66125,62593,61500,62687,66125,21596,10011,5244,1.345,19.0225,25.59,1,11082578907551,21599,10011,5244
11082804557756,1728000,729600,1728000,schedutil,1020000000,306000000,1020000000,nvhost_podgov,1,3,-1,62843,66000,62562,61562,62781,66000,21596,10011,5244,1.39125,19.0413,26.5,1,11082578907551,21599,10011,5244
11082904558622,1728000,729600,1728000,schedutil,1020000000,306000000,1020000000,nvhost_podgov,1,3,-1,62812,66218,62593,61531,62656,66218,21596,10011,5244,1.40625,19.0413,26.78,1,11082578907551,21599,10011,5244
11083004559233,1728000,729600,1728000,schedutil,1020000000,306000000,1020000000,nvhost_podgov,1,3,-1,62875,66187,62593,61468,62687,66187,21596,10011,5244,1.30125,19.0463,25.38,1,11082578907551,21599,10011,5244
11083104563299,1728000,729600,1728000,schedutil,1020000000,306000000,1020000000,nvhost_podgov,1,3,-1,63156,65906,62562,61468,62687,65906,21557,9973,5244,1.39375,19.0237,26.51,1,11082578907551,21599,10011,5244
11083204560454,1728000,729600,1728000,schedutil,1020000000,306000000,1020000000,nvhost_podgov,1,3,-1,63031,66250,62500,61531,62875,66250,21557,9973,5244,1.3575,19.0525,25.87,1,11082578907551,21599,10011,5244
11083304558056,1728000,729600,1728000,schedutil,1020000000,306000000,1020000000,nvhost_podgov,1,3,-1,63031,66093,62656,61437,62781,66093,21557,9934,5244,1.29125,19.035,27.15,1,11082578907551,21599,10011,5244
11083404560971,1728000,729600,1728000,schedutil,1020000000,306000000,1020000000,nvhost_podgov,1,3,-1,63125,65843,62656,61625,62687,65843,21557,9934,5244,1.40875,19.0362,26.82,1,11082578907551,21599,10011,5244
11083504572718,1728000,729600,1728000,schedutil,1020000000,306000000,1020000000,nvhost_podgov,1,3,-1,63000,65875,62625,61593,62781,65875,21557,9973,5244,1.3025,19.0338,24.79,1,11082578907551,21599,10011,5244
11083604566544,1728000,729600,1728000,schedutil,1020000000,306000000,1020000000,nvhost_podgov,1,3,-1,62968,65968,62593,61625,62687,65968,21635,10011,5244,1.40125,19.0425,26.2,1,11083582995831,21596,9973,5244
11083704561746,1728000,729600,1728000,schedutil,1020000000,306000000,1020000000,nvhost_podgov,1,3,-1,63000,65968,62593,61562,62750,65968,21635,10011,5244,1.4325,19.0225,25.49,1,11083582995831,21596,9973,5244
11083804565429,1728000,729600,1728000,schedutil,1020000000,306000000,1020000000,nvhost_podgov,1,3,-1,63031,65968,62593,61625,62843,65968,21638,10089,5244,1.415,19.0162,26.91,1,11083582995831,21596,9973,5244
11083904569431,1728000,729600,1728000,schedutil,1020000000,306000000,1020000000,nvhost_podgov,1,3,-1,63000,66093,62593,61562,62812,66093,21638,10089,5244,1.38375,19.0587,25.59,1,11083582995831,21596,9973,5244
11084004562329,1728000,729600,1728000,schedutil,1020000000,306000000,1020000000,nvhost_podgov,1,3,-1,62906,66093,62593,61500,62843,66093,21638,10050,5244,1.45375,19.0325,27.64,1,11083582995831,21596,9973,5244
11084104562076,1728000,729600,1728000,schedutil,1020000000,306000000,1020000000,nvhost_podgov,1,3,-1,63031,66031,62593,61500,62781,66031,21638,10089,5244,1.31875,19.0437,25.11,1,11083582995831,21596,9973,5244
11084204560126,1728000,729600,1728000,schedutil,1020000000,306000000,1020000000,nvhost_podgov,1,3,-1,63218,66093,62781,61562,62750,66093,21638,10050,5244,1.3425,19.0487,25.43,1,11083582995831,21596,9973,5244
11084304563168,1728000,729600,1728000,schedutil,1020000000,306000000,1020000000,nvhost_podgov,1,3,-1,63062,66062,62718,61593,62781,66062,21635,10050,5244,1.3225,19.0338,26.05,1,11083582995831,21596,9973,5244
11084404564035,1728000,729600,1728000,schedutil,1020000000,306000000,1020000000,nvhost_podgov,1,3,-1,63062,66000,62750,61656,62781,66000,21596,10011,5244,1.355,19.0325,25.79,1,11083582995831,21596,9973,5244
11084504565637,1728000,729600,1728000,schedutil,1020000000,306000000,1020000000,nvhost_podgov,1,3,-1,62968,66125,62750,61562,62843,66125,21557,9973,5244,1.32375,19.0388,25.2,1,11083582995831,21596,9973,5244
11084604570440,1728000,729600,1728000,schedutil,1020000000,306000000,1020000000,nvhost_podgov,1,3,-1,63062,66093,62593,61593,62875,66093,21599,10050,5244,1.335,19.0562,26.23,1,11084585420872,21596,10011,5244
11084704556010,1728000,729600,1728000,schedutil,1020000000,306000000,1020000000,nvhost_podgov,1,3,-1,63062,66250,62593,61562,62781,66250,21560,10011,5244,1.33625,19.0325,25.43,1,11084585420872,21596,10011,5244
11084804565612,1728000,729600,1728000,schedutil,1020000000,306000000,1020000000,nvhost_podgov,1,3,-1,63000,66187,62656,61625,62781,66187,21599,10011,5244,1.34,19.0113,25.47,1,11084585420872,21596,10011,5244
11084904572463,1728000,729600,1728000,schedutil,1020000000,306000000,1020000000,nvhost_podgov,1,3,-1,63093,66093,62593,61562,62843,66093,21599,10011,5244,1.415,19.0413,26.78,1,11084585420872,21596,10011,5244
11085004572209,1728000,729600,1728000,schedutil,1020000000,306000000,1020000000,nvhost_podgov,1,3,-1,63250,66218,62625,61593,62906,66218,21635,10011,5244,1.2925,19.0325,24.6,1,11084585420872,21596,10011,5244
11085104567315,1728000,729600,1728000,schedutil,1020000000,306000000,1020000000,nvhost_podgov,1,3,-1,63000,66187,62718,61687,62781,66187,21596,9973,5244,1.38875,19.0375,26.43,1,11084585420872,21596,10011,5244
11085204570198,1728000,729600,1728000,schedutil,1020000000,306000000,1020000000,nvhost_podgov,1,3,-1,63031,66093,62687,61750,62843,66031,21521,9973,5244,1.3675,19.0463,25.41,1,11084585420872,21596,10011,5244
11085304571512,1728000,729600,1728000,schedutil,1020000000,306000000,1020000000,nvhost_podgov,1,3,-1,62937,66343,62656,61593,62750,66343,21560,9973,5244,1.39,19.0463,24.97,1,11084585420872,21596,10011,5244
11085404572314,1728000,729600,1728000,schedutil,1020000000,306000000,1020000000,nvhost_podgov,1,3,-1,63062,66281,62656,61718,62843,66281,21560,9973,5244,1.30875,19.0063,24.87,1,11084585420872,21596,10011,5244
11085504575069,1728000,729600,1728000,schedutil,1020000000,306000000,1020000000,nvhost_podgov,1,3,-1,63000,66031,62687,61625,62812,66031,21677,10050,5235,1.46,19.025,25.42,1,11084585420872,21596,10011,5244
11085604568671,1728000,729600,1728000,schedutil,1020000000,306000000,1020000000,nvhost_podgov,1,3,-1,63093,66031,62656,61687,62875,66031,21793,10111,5274,1.43375,19.0413,27.28,1,11085587702740,21754,10089,5274
11085704554753,1728000,729600,1728000,schedutil,1020000000,306000000,1020000000,nvhost_podgov,1,3,-1,63218,66375,62656,61625,62937,66375,21832,10111,5274,1.45625,19.03,27.71,1,11085587702740,21754,10089,5274
11085804567971,1728000,729600,1728000,schedutil,1020000000,306000000,1020000000,nvhost_podgov,1,3,-1,63062,66093,62687,61718,62937,66093,21832,10111,5274,1.345,19.05,25.63,1,11085587702740,21754,10089,5274
11085904564037,1728000,729600,1728000,schedutil,1020000000,306000000,1020000000,nvhost_podgov,1,3,-1,63062,66093,62812,61843,62906,66093,21832,10111,5274,1.3875,19.0325,25.33,1,11085587702740,21754,10089,5274
11086004567400,1728000,729600,1728000,schedutil,1020000000,306000000,1020000000,nvhost_podgov,1,3,-1,63093,66343,62875,61812,62937,66343,21793,10072,5274,1.305,19.0325,24.83,1,11085587702740,21754,10089,5274
11086104568362,1728000,729600,1728000,schedutil,1020000000,306000000,1020000000,nvhost_podgov,1,3,-1,63062,66093,62781,61750,62875,66093,21754,10033,5235,1.43,19.0175,27.2,1,11085587702740,21754,10089,5274
11086204569612,1728000,729600,1728000,schedutil,1020000000,306000000,1020000000,nvhost_podgov,1,3,-1,63062,66000,62750,61750,62875,66000,21716,10050,5235,1.4375,19.015,25.82,1,11085587702740,21754,10089,5274
11086304567663,1728000,729600,1728000,schedutil,1020000000,306000000,1020000000,nvhost_podgov,1,3,-1,63062,66156,62656,61656,62843,66156,21716,10050,5235,1.4275,19.0225,27.15,1,11085587702740,21754,10089,5274
11086404565169,1728000,729600,1728000,schedutil,1020000000,306000000,1020000000,nvhost_podgov,1,3,-1,63062,66156,62750,61687,62906,66156,21716,10011,5235,1.33625,19.045,25.45,1,11085587702740,21754,10089,5274
11086504562931,1728000,729600,1728000,schedutil,1020000000,306000000,1020000000,nvhost_podgov,1,3,-1,63218,66093,62750,61687,62937,66093,21677,9995,5235,1.445,19.0325,25.57,1,11085587702740,21754,10089,5274
11086604577109,1728000,729600,1728000,schedutil,1020000000,306000000,1020000000,nvhost_podgov,1,3,-1,63312,66250,62687,61656,63062,66250,21832,10111,5274,1.42375,19.02,27.09,1,11086584386461,21754,10033,5274
11086704555607,1728000,729600,1728000,schedutil,1020000000,306000000,1020000000,nvhost_podgov,1,3,-1,63156,66218,62812,61843,63000,66218,21793,10072,5274,1.38625,19.0338,26.38,1,11086584386461,21754,10033,5274
11086804569882,1728000,729600,1728000,schedutil,1020000000,306000000,1020000000,nvhost_podgov,1,3,-1,63343,66250,62843,61843,62937,66250,21793,10072,5274,1.44125,19.0188,27.41,1,11086584386461,21754,10033,5274
11086904567868,1728000,729600,1728000,schedutil,1020000000,306000000,1020000000,nvhost_podgov,1,3,-1,63156,66281,62843,61750,62843,66281,21716,10033,5235,1.43875,19.0025,25.92,1,11086584386461,21754,10033,5274
11087004574846,1728000,729600,1728000,schedutil,1020000000,306000000,1020000000,nvhost_podgov,1,3,-1,63125,66281,62812,61781,63000,66281,21716,10050,5235,1.35875,19.0175,25.84,1,11086584386461,21754,10033,5274
11087104561952,1728000,729600,1728000,schedutil,1020000000,306000000,1020000000,nvhost_podgov,1,3,-1,63093,66312,62781,61750,63000,66312,21716,10050,5235,1.32125,19.0425,25.17,1,11086584386461,21754,10033,5274
11087204561762,1728000,729600,1728000,schedutil,1020000000,306000000,1020000000,nvhost_podgov,1,3,-1,63156,66250,62812,61656,62906,66250,21677,10011,5244,1.445,19.0175,26.32,1,11086584386461,21754,10033,5274
11087304563908,1728000,729600,1728000,schedutil,1020000000,306000000,1020000000,nvhost_podgov,1,3,-1,63281,66250,62843,61750,62875,66250,21638,10011,5244,1.32375,19.0325,25.19,1,11086584386461,21754,10033,5274
11087404559463,1728000,729600,1728000,schedutil,1020000000,306000000,1020000000,nvhost_podgov,1,3,-1,63031,66406,62750,61718,63000,66406,21635,9973,5244,1.34875,19.0312,25.66,1,11086584386461,21754,10033,5274
11087504562057,1728000,729600,1728000,schedutil,1020000000,306000000,1020000000,nvhost_podgov,1,3,-1,63281,66343,62750,61750,63000,66343,21635,9956,5244,1.32,19.0362,26.56,1,11086584386461,21754,10033,5274
11087604567339,1728000,729600,1728000,schedutil,1020000000,306000000,1020000000,nvhost_podgov,1,3,-1,63343,66281,62906,61750,63062,66281,21638,10033,5244,1.28125,19.03,24.38,1,11087587306295,21599,9995,5244
11087704547021,1728000,729600,1728000,schedutil,1020000000,306000000,1020000000,nvhost_podgov,1,3,-1,63187,66500,62843,61843,62937,66500,21638,10011,5244,1.3925,19.0388,26.51,1,11087587306295,21599,9995,5244
11087804563151,1728000,729600,1728000,schedutil,1020000000,306000000,1020000000,nvhost_podgov,1,3,-1,63218,66437,62875,61875,62968,66437,21638,10011,5244,1.43875,19.0512,26.43,1,11087587306295,21599,9995,5244
11087904565713,1728000,729600,1728000,schedutil,1020000000,306000000,1020000000,nvhost_podgov,1,3,-1,63218,66187,62843,61812,63062,66187,21638,10011,5244,1.355,19.0175,26.51,1,11087587306295,21599,9995,5244
11088004558611,1728000,729600,1728000,schedutil,1020000000,306000000,1020000000,nvhost_podgov,1,3,-1,63187,66156,62750,61750,62968,66156,21599,10011,5244,1.4525,19.0437,27.66,1,11087587306295,21599,9995,5244
11088104566614,1728000,729600,1728000,schedutil,1020000000,306000000,1020000000,nvhost_podgov,1,3,-1,63250,66531,62750,61781,62968,66531,21599,10011,5244,1.35375,19.03,25.77,1,11087587306295,21599,9995,5244
11088204561752,1728000,729600,1728000,schedutil,1020000000,306000000,1020000000,nvhost_podgov,1,3,-1,63156,66187,62812,61750,63125,66187,21638,10011,5244,1.37625,19.0375,27.39,1,11087587306295,21599,9995,5244
11088304567802,1728000,729600,1728000,schedutil,1020000000,306000000,1020000000,nvhost_podgov,1,3,-1,63218,66156,62750,61781,63000,66156,21599,9973,5244,1.305,19.035,24.85,1,11087587306295,21599,9995,5244
11088404559868,1728000,729600,1728000,schedutil,1020000000,306000000,1020000000,nvhost_podgov,1,3,-1,63343,66156,62843,61781,62968,66156,21560,9973,5244,1.3875,19.0475,26.43,1,11087587306295,21599,9995,5244
11088504561374,1728000,729600,1728000,schedutil,1020000000,306000000,1020000000,nvhost_podgov,1,3,-1,63281,66187,62937,61875,63031,66187,21560,9973,5244,1.42375,19.0275,24.59,1,11087587306295,21599,9995,5244
11088604564576,1728000,729600,1728000,schedutil,1020000000,306000000,1020000000,nvhost_podgov,1,3,-1,63406,66125,62968,61843,63031,66125,21638,10050,5244,1.4325,19.0175,27.24,1,11088588910930,21599,10011,5244
11088704568578,1728000,729600,1728000,schedutil,1020000000,306000000,1020000000,nvhost_podgov,1,3,-1,63343,66250,62843,61812,63062,66250,21638,10050,5244,1.42375,19.0162,27.24,1,11088588910930,21599,10011,5244
11088804571396,1728000,729600,1728000,schedutil,1020000000,306000000,1020000000,nvhost_podgov,1,3,-1,63156,66250,62875,61843,63031,66250,21638,10050,5244,1.34625,19.0538,25.13,1,11088588910930,21599,10011,5244
11088904575078,1728000,729600,1728000,schedutil,1020000000,306000000,1020000000,nvhost_podgov,1,3,-1,63281,66250,62875,61843,63000,66250,21677,10050,5244,1.46625,19.0263,27.92,1,11088588910930,21599,10011,5244
11089004567784,1728000,729600,1728000,schedutil,1020000000,306000000,1020000000,nvhost_podgov,1,3,-1,63156,66281,62875,61750,63000,66281,21638,10050,5244,1.4525,19.0237,27.64,1,11088588910930,21599,10011,5244
11089104569226,1728000,729600,1728000,schedutil,1020000000,306000000,1020000000,nvhost_podgov,1,3,-1,63375,66250,62812,61843,63031,66250,21638,10011,5235,1.3575,19.035,25.84,1,11088588910930,21599,10011,5244
11089204557676,1728000,729600,1728000,schedutil,1020000000,306000000,1020000000,nvhost_podgov,1,3,-1,63500,66187,63000,62000,63093,66187,21599,10011,5244,1.32875,19.03,25.33,1,11088588910930,21599,10011,5244
11089304566606,1728000,729600,1728000,schedutil,1020000000,306000000,1020000000,nvhost_podgov,1,3,-1,63218,66281,63031,61906,63062,66281,21560,9973,5244,1.34375,19.0425,25.59,1,11088588910930,21599,10011,5244
11089404557104,1728000,729600,1728000,schedutil,1020000000,306000000,1020000000,nvhost_podgov,1,3,-1,63343,66312,62968,61781,63093,66312,21557,9934,5244,1.33625,19.0188,25.41,1,11088588910930,21599,10011,5244
11089504557074,1728000,729600,1728000,schedutil,1020000000,306000000,1020000000,nvhost_podgov,1,3,-1,63343,66250,62968,61843,63000,66250,21557,9934,5244,1.38875,19.025,26.37,1,11088588910930,21599,10011,5244
11089604566164,1728000,729600,1728000,schedutil,1020000000,306000000,1020000000,nvhost_podgov,1,3,-1,63406,66375,62906,61843,63062,66375,21635,10011,5244,1.35875,19.0275,25.86,1,11089589598870,21560,9973,5244
11089704561782,1728000,729600,1728000,schedutil,1020000000,306000000,1020000000,nvhost_podgov,1,3,-1,63187,66218,62937,61843,63062,66218,21635,10011,5244,1.32625,19.0312,25.24,1,11089589598870,21560,9973,5244
11089804569464,1728000,729600,1728000,schedutil,1020000000,306000000,1020000000,nvhost_podgov,1,3,-1,63125,66562,62843,61812,63062,66562,21596,9973,5244,1.3875,19.025,26.64,1,11089589598870,21560,9973,5244
11089904562746,1728000,729600,1728000,schedutil,1020000000,306000000,1020000000,nvhost_podgov,1,3,-1,63406,66500,62875,61843,63125,66500,21635,10011,5244,1.37125,19.0212,26.09,1,11089589598870,21560,9973,5244
11090004566844,1728000,729600,1728000,schedutil,1020000000,306000000,1020000000,nvhost_podgov,1,3,-1,63250,66468,63093,61843,63031,66468,21596,9973,5244,1.32875,19.0437,25.31,1,11089589598870,21560,9973,5244
11090104565694,1728000,729600,1728000,schedutil,1020000000,306000000,1020000000,nvhost_podgov,1,3,-1,63343,66250,63093,61968,63062,66250,21635,9973,5235,1.44875,19.0113,27.28,1,11089589598870,21560,9973,5244
11090204561216,1728000,729600,1728000,schedutil,1020000000,306000000,1020000000,nvhost_podgov,1,3,-1,63437,66531,63031,62000,63062,66531,21635,9973,5244,1.39625,19.02,26.79,1,11089589598870,21560,9973,5244
11090304564610,1728000,729600,1728000,schedutil,1020000000,306000000,1020000000,nvhost_podgov,1,3,-1,63250,66406,62937,61937,63062,66406,21635,9973,5244,1.28875,19.0175,24.51,1,11089589598870,21560,9973,5244
11090404558852,1728000,729600,1728000,schedutil,1020000000,306000000,1020000000,nvhost_podgov,1,3,-1,63250,66281,62906,61937,63062,66281,21635,9973,5244,1.4475,19.0125,27.52,1,11089589598870,21560,9973,5244
11090504567366,1728000,729600,1728000,schedutil,1020000000,306000000,1020000000,nvhost_podgov,1,3,-1,63281,66562,62968,61937,63062,66562,21638,10011,5244,1.34125,19.0225,28.61,1,11089589598870,21560,9973,5244
11090604564520,1728000,729600,1728000,schedutil,1020000000,306000000,1020000000,nvhost_podgov,1,3,-1,63406,66281,63031,61875,63125,66281,21754,10072,5274,1.40375,19.0312,26.71,1,11090592543311,21677,10033,5235
11090704734990,1728000,729600,1728000,schedutil,1020000000,306000000,1020000000,nvhost_podgov,1,3,-1,63406,66250,62937,61843,63187,66250,21754,10072,5274,1.43,19.0275,27.21,1,11090592543311,21677,10033,5235
11090804559691,1728000,729600,1728000,schedutil,1020000000,306000000,1020000000,nvhost_podgov,1,3,-1,63375,66250,62937,61812,63062,66250,21677,10050,5244,1.3025,19.0362,25.6,1,11090592543311,21677,10033,5235
11090904550093,1728000,729600,1728000,schedutil,1020000000,306000000,1020000000,nvhost_podgov,1,3,-1,63312,66437,63093,61875,63156,66437,21638,10011,5244,1.4725,19.03,28.01,1,11090592543311,21677,10033,5235
11091004547983,1728000,729600,1728000,schedutil,1020000000,306000000,1020000000,nvhost_podgov,1,3,-1,63406,66250,63000,61968,63187,66250,21673,9995,5244,1.3425,19.02,25.54,1,11090592543311,21677,10033,5235
11091104564881,1728000,729600,1728000,schedutil,1020000000,306000000,1020000000,nvhost_podgov,1,3,-1,63218,66250,63093,61906,63093,66250,21635,9956,5244,1.36125,19.0312,26.83,1,11090592543311,21677,10033,5235
11091204560627,1728000,729600,1728000,schedutil,1020000000,306000000,1020000000,nvhost_podgov,1,3,-1,63312,66343,63062,61968,63125,66343,21635,9973,5244,1.385,19.0175,25.88,1,11090592543311,21677,10033,5235
11091304747929,1728000,729600,1728000,schedutil,1020000000,306000000,1020000000,nvhost_podgov,1,3,-1,63281,66406,63000,62031,63187,66406,21635,9973,5244,1.32875,19.0325,25.29,1,11090592543311,21677,10033,5235
11091404732667,1728000,729600,1728000,schedutil,1020000000,306000000,1020000000,nvhost_podgov,1,3,-1,63375,66500,62968,61968,63125,66500,21673,9973,5244,1.45875,19.0075,25.87,1,11090592543311,21677,10033,5235
11091504547032,1728000,729600,1728000,schedutil,1020000000,306000000,1020000000,nvhost_podgov,1,3,-1,63281,66406,62906,61875,63062,66406,21677,10011,5283,1.41125,18.9975,26.82,1,11090592543311,21677,10033,5235
11091604564763,1728000,729600,1728000,schedutil,1020000000,306000000,1020000000,nvhost_podgov,1,3,-1,63406,66531,62968,61906,63187,66531,21677,10011,5283,1.405,19.0312,27.19,1,11091586216110,21716,10033,5274
11091704574429,1728000,729600,1728000,schedutil,1020000000,306000000,1020000000,nvhost_podgov,1,3,-1,63437,66500,63031,61968,63218,66500,21793,10111,5274,1.29,19.0338,24.55,1,11091586216110,21716,10033,5274
11091804576639,1728000,729600,1728000,schedutil,1020000000,306000000,1020000000,nvhost_podgov,1,3,-1,63437,66437,63062,62000,63250,66437,21793,10111,5274,1.36,19.0362,26.75,1,11091586216110,21716,10033,5274
11091904564992,1728000,729600,1728000,schedutil,1020000000,306000000,1020000000,nvhost_podgov,1,3,-1,63343,66375,63062,62062,63156,66375,21754,10072,5274,1.39125,19.0188,26.46,1,11091586216110,21716,10033,5274
11092004562914,1728000,729600,1728000,schedutil,1020000000,306000000,1020000000,nvhost_podgov,1,3,-1,63437,66500,63031,62031,63125,66500,21716,10033,5235,1.37875,19.0362,26.24,1,11091586216110,21716,10033,5274
11092104568804,1728000,729600,1728000,schedutil,1020000000,306000000,1020000000,nvhost_podgov,1,3,-1,63468,66500,63031,62000,63218,66500,21677,10033,5244,1.375,19.0362,25.01,1,11091586216110,21716,10033,5274
11092204553157,1728000,729600,1728000,schedutil,1020000000,306000000,1020000000,nvhost_podgov,1,3,-1,63375,66375,63093,62000,63187,66281,21638,9995,5244,1.34625,19.0362,25.6,1,11091586216110,21716,10033,5274
11092304568264,1728000,729600,1728000,schedutil,1020000000,306000000,1020000000,nvhost_podgov,1,3,-1,63437,66687,63062,61875,63187,66687,21638,9995,5235,1.345,19.0287,25.6,1,11091586216110,21716,10033,5274
11092404562089,1728000,729600,1728000,schedutil,1020000000,306000000,1020000000,nvhost_podgov,1,3,-1,63281,66468,63093,61968,63218,66468,21638,9995,5235,1.34,19.0413,25.5,1,11091586216110,21716,10033,5274
11092504554219,1728000,729600,1728000,schedutil,1020000000,306000000,1020000000,nvhost_podgov,1,3,-1,63562,66343,63093,62000,63156,66343,21638,10011,5235,1.3625,19.035,24.38,1,11091586216110,21716,10033,5274
11092604569005,1728000,729600,1728000,schedutil,1020000000,306000000,1020000000,nvhost_podgov,1,3,-1,63687,66718,63218,62156,63281,66718,21638,10011,5235,1.34375,19.0425,25.59,1,11092590099387,21638,10033,5235
11092704742195,1728000,729600,1728000,schedutil,1020000000,306000000,1020000000,nvhost_podgov,1,3,-1,63343,66593,63125,62062,63156,66593,21677,10033,5235,1.305,19.0437,26.92,1,11092590099387,21638,10033,5235
11092804573457,1728000,729600,1728000,schedutil,1020000000,306000000,1020000000,nvhost_podgov,1,3,-1,63437,66406,63031,62031,63093,66406,21638,10033,5235,1.365,19.0413,25.81,1,11092590099387,21638,10033,5235
11092904561714,1728000,729600,1728000,schedutil,1020000000,306000000,1020000000,nvhost_podgov,1,3,-1,63437,66312,63093,62093,63156,66312,21638,9995,5235,1.32125,19.0475,25.17,1,11092590099387,21638,10033,5235
11093004558868,1728000,729600,1728000,schedutil,1020000000,306000000,1020000000,nvhost_podgov,1,3,-1,63437,66625,63093,61937,63187,66375,21638,9995,5235,1.3425,19.045,25.56,1,11092590099387,21638,10033,5235
11093104562102,1728000,729600,1728000,schedutil,1020000000,306000000,1020000000,nvhost_podgov,1,3,-1,63281,66406,63125,62062,63250,66406,21599,10011,5244,1.33875,19.0463,25.88,1,11092590099387,21638,10033,5235
11093204562871,1728000,729600,1728000,schedutil,1020000000,306000000,1020000000,nvhost_podgov,1,3,-1,63437,66406,63062,61937,63281,66406,21599,10011,5244,1.4625,19.04,27.84,1,11092590099387,21638,10033,5235
11093304567801,1728000,729600,1728000,schedutil,1020000000,306000000,1020000000,nvhost_podgov,1,3,-1,63500,66468,63125,61968,63281,66468,21560,9973,5244,1.37875,19.035,26.24,1,11092590099387,21638,10033,5235
11093404554843,1728000,729600,1728000,schedutil,1020000000,306000000,1020000000,nvhost_podgov,1,3,-1,63468,66531,63250,62125,63281,66531,21560,9973,5244,1.32625,19.03,26.52,1,11092590099387,21638,10033,5235
11093504559229,1728000,729600,1728000,schedutil,1020000000,306000000,1020000000,nvhost_podgov,1,3,-1,63531,66562,63187,62156,63375,66562,21638,10011,5235,1.33625,19.045,26.69,1,11092590099387,21638,10033,5235
11093604568894,1728000,729600,1728000,schedutil,1020000000,306000000,1020000000,nvhost_podgov,1,3,-1,63562,66468,63125,62093,63312,66468,21638,10011,5235,1.46125,19.0388,27.82,1,11093591536622,21716,10050,5274
11093704569632,1728000,729600,1728000,schedutil,1020000000,306000000,1020000000,nvhost_podgov,1,3,-1,63625,66437,63093,62062,63250,66437,21754,10127,5274,1.40125,19.0188,26.65,1,11093591536622,21716,10050,5274
11093804570754,1728000,729600,1728000,schedutil,1020000000,306000000,1020000000,nvhost_podgov,1,3,-1,63437,66437,63093,62062,63312,66437,21832,10149,5274,1.315,19.03,25.02,1,11093591536622,21716,10050,5274
11093904570692,1728000,729600,1728000,schedutil,1020000000,306000000,1020000000,nvhost_podgov,1,3,-1,63437,66531,63062,62062,63281,66531,21754,10111,5274,1.3975,19.0275,26.59,1,11093591536622,21716,10050,5274
11094004563493,1728000,729600,1728000,schedutil,1020000000,306000000,1020000000,nvhost_podgov,1,3,-1,63500,66468,63125,61968,63218,66468,21677,10050,5244,1.3575,19.015,25.82,1,11093591536622,21716,10050,5274
11094104558791,1728000,729600,1728000,schedutil,1020000000,306000000,1020000000,nvhost_podgov,1,3,-1,63531,66656,63125,62062,63312,66656,21599,10050,5244,1.32875,19.0388,25.65,1,11093591536622,21716,10050,5274
11094204559976,1728000,729600,1728000,schedutil,1020000000,306000000,1020000000,nvhost_podgov,1,3,-1,63562,66625,63062,61968,63281,66625,21635,10011,5244,1.445,19.015,27.48,1,11093591536622,21716,10050,5274
11094304566186,1728000,729600,1728000,schedutil,1020000000,306000000,1020000000,nvhost_podgov,1,3,-1,63593,66500,63343,62000,63250,66500,21596,9973,5244,1.36375,19.02,25.93,1,11093591536622,21716,10050,5274
11094404546923,1728000,729600,1728000,schedutil,1020000000,306000000,1020000000,nvhost_podgov,1,3,-1,63468,66687,63218,62156,63281,66687,21557,9934,5244,1.40125,19.035,26.73,1,11093591536622,21716,10050,5274
11094504567950,1728000,729600,1728000,schedutil,1020000000,306000000,1020000000,nvhost_podgov,1,3,-1,63437,66625,63218,62125,63343,66625,21557,9934,5244,1.505,19.0275,26.14,1,11093591536622,21716,10050,5274
11094604563439,1728000,729600,1728000,schedutil,1020000000,306000000,1020000000,nvhost_podgov,1,3,-1,63562,66562,63187,62125,63281,66562,21557,9934,5244,1.27125,19.0375,24.21,1,11094593191045,21635,10011,5244
11094704567089,1728000,729600,1728000,schedutil,1020000000,306000000,1020000000,nvhost_podgov,1,3,-1,63437,66718,63187,62031,63343,66718,21673,9995,5244,1.36125,19.0388,27.03,1,11094593191045,21635,10011,5244
11094804572595,1728000,729600,1728000,schedutil,1020000000,306000000,1020000000,nvhost_podgov,1,3,-1,63687,66656,63156,62031,63250,66656,21635,10011,5244,1.35625,19.035,25.82,1,11094593191045,21635,10011,5244
11094904566452,1728000,729600,1728000,schedutil,1020000000,306000000,1020000000,nvhost_podgov,1,3,-1,63500,66437,63156,62093,63468,66437,21673,10011,5244,1.37125,19.02,26.09,1,11094593191045,21635,10011,5244
11095004563734,1728000,729600,1728000,schedutil,1020000000,306000000,1020000000,nvhost_podgov,1,3,-1,63562,66812,63093,62093,63312,66812,21635,9973,5244,1.36875,19.045,26.07,1,11094593191045,21635,10011,5244
11095104558103,1728000,729600,1728000,schedutil,1020000000,306000000,1020000000,nvhost_podgov,1,3,-1,63500,66718,63125,62031,63343,66718,21596,9973,5244,1.32375,19.0287,25.47,1,11094593191045,21635,10011,5244
11095204559289,1728000,729600,1728000,schedutil,1020000000,306000000,1020000000,nvhost_podgov,1,3,-1,63468,66531,63187,62187,63375,66531,21596,9973,5244,1.3725,19.0538,26.15,1,11094593191045,21635,10011,5244
11095304558906,1728000,729600,1728000,schedutil,1020000000,306000000,1020000000,nvhost_podgov,1,3,-1,63562,66437,63250,62187,63343,66437,21557,9973,5244,1.33125,19.0562,25.37,1,11094593191045,21635,10011,5244
11095404545500,1728000,729600,1728000,schedutil,1020000000,306000000,1020000000,nvhost_podgov,1,3,-1,63375,66531,63187,62125,63312,66531,21518,9934,5244,1.35125,19.0413,25.73,1,11094593191045,21635,10011,5244
11095504557213,1728000,729600,1728000,schedutil,1020000000,306000000,1020000000,nvhost_podgov,1,3,-1,63531,66468,63218,62156,63375,66468,21518,9934,5244,1.31125,19.0362,24.96,1,11094593191045,21635,10011,5244
11095604563743,1728000,729600,1728000,schedutil,1020000000,306000000,1020000000,nvhost_podgov,1,3,-1,63718,66562,63187,62093,63375,66562,21518,9934,5244,1.37,19.01,26.05,1,11095592190206,21557,9973,5244
11095704564481,1728000,729600,1728000,schedutil,1020000000,306000000,1020000000,nvhost_podgov,1,3,-1,63562,66687,63218,62031,63375,66687,21596,10011,5244,1.36125,19.035,26.22,1,11095592190206,21557,9973,5244
11095804569954,1728000,729600,1728000,schedutil,1020000000,306000000,1020000000,nvhost_podgov,1,3,-1,63562,66531,63156,62000,63375,66531,21596,9973,5244,1.32,18.9962,25.08,1,11095592190206,21557,9973,5244
11095904560676,1728000,729600,1728000,schedutil,1020000000,306000000,1020000000,nvhost_podgov,1,3,-1,63593,66500,63187,62093,63406,66500,21557,9973,5244,1.45375,19.0263,27.66,1,11095592190206,21557,9973,5244
11096004561061,1728000,729600,1728000,schedutil,1020000000,306000000,1020000000,nvhost_podgov,1,3,-1,63562,66656,63281,62250,63375,66656,21557,9973,5244,1.32875,19.0362,25.29,1,11095592190206,21557,9973,5244
11096104562439,1728000,729600,1728000,schedutil,1020000000,306000000,1020000000,nvhost_podgov,1,3,-1,63531,66531,63312,62250,63375,66531,21557,9973,5244,1.3725,19.0538,25.91,1,11095592190206,21557,9973,5244
11096204565416,1728000,729600,1728000,schedutil,1020000000,306000000,1020000000,nvhost_podgov,1,3,-1,63562,66625,63250,62187,63312,66625,21596,9973,5235,1.35125,19.045,25.74,1,11095592190206,21557,9973,5244
11096304560618,1728000,729600,1728000,schedutil,1020000000,306000000,1020000000,nvhost_podgov,1,3,-1,63468,66687,63218,62187,63406,66687,21557,9934,5244,1.305,19.0287,24.83,1,11095592190206,21557,9973,5244
11096404562347,1728000,729600,1728000,schedutil,1020000000,306000000,1020000000,nvhost_podgov,1,3,-1,63468,66562,63218,62218,63406,66562,21557,9934,5244,1.3175,19.0063,24.83,1,11095592190206,21557,9973,5244
11096504564333,1728000,729600,1728000,schedutil,1020000000,306000000,1020000000,nvhost_podgov,1,3,-1,63531,66625,63250,62187,63406,66718,21557,9934,5244,1.45875,19.04,27.78,1,11095592190206,21557,9973,5244
11096604571823,1728000,729600,1728000,schedutil,1020000000,306000000,1020000000,nvhost_podgov,1,3,-1,63750,66718,63187,62156,63468,66718,21557,9934,5244,1.3575,19.0362,25.84,1,11096593254630,21560,9973,5244
11096704570320,1728000,729600,1728000,schedutil,1020000000,306000000,1020000000,nvhost_podgov,1,3,-1,63843,66687,63312,62125,63437,66687,21599,10011,5235,1.375,19.0263,26.14,1,11096593254630,21560,9973,5244
11096804577426,1728000,729600,1728000,schedutil,1020000000,306000000,1020000000,nvhost_podgov,1,3,-1,63656,66812,63406,62312,63406,66812,21677,10089,5235,1.4225,19.0375,27.09,1,11096593254630,21560,9973,5244
11096904570227,1728000,729600,1728000,schedutil,1020000000,306000000,1020000000,nvhost_podgov,1,3,-1,63718,66718,63343,62281,63375,66718,21638,10050,5235,1.3675,19.0237,26.01,1,11096593254630,21560,9973,5244
11097004563476,1728000,729600,1728000,schedutil,1020000000,306000000,1020000000,nvhost_podgov,1,3,-1,63531,66625,63281,62218,63406,66625,21638,10050,5244,1.305,19.025,26.42,1,11096593254630,21560,9973,5244
11097104570262,1728000,729600,1728000,schedutil,1020000000,306000000,1020000000,nvhost_podgov,1,3,-1,63562,66906,63218,62218,63437,66906,21638,10050,5244,1.35625,19.04,25.82,1,11096593254630,21560,9973,5244
11097204561367,1728000,729600,1728000,schedutil,1020000000,306000000,1020000000,nvhost_podgov,1,3,-1,63500,66812,63156,62156,63500,66812,21635,10011,5244,1.34625,19.0312,25.63,1,11096593254630,21560,9973,5244
11097304558137,1728000,729600,1728000,schedutil,1020000000,306000000,1020000000,nvhost_podgov,1,3,-1,63593,66562,63281,62187,63343,66562,21560,9973,5244,1.3825,19.02,25.51,1,11096593254630,21560,9973,5244
11097404560090,1728000,729600,1728000,schedutil,1020000000,306000000,1020000000,nvhost_podgov,1,3,-1,63562,66531,63125,62187,63437,66531,21560,9973,5244,1.405,19.0287,26.74,1,11096593254630,21560,9973,5244
11097504566908,1728000,729600,1728000,schedutil,1020000000,306000000,1020000000,nvhost_podgov,1,3,-1,63718,66781,63156,62187,63468,66781,21596,9973,5244,1.39375,19.0463,26.55,1,11096593254630,21560,9973,5244
11097604563229,1728000,729600,1728000,schedutil,1020000000,306000000,1020000000,nvhost_podgov,1,3,-1,63906,66593,63406,62156,63437,66593,21596,9973,5235,1.43875,19.0338,27.38,1,11097596061750,21673,10011,5235
11097704565055,1728000,729600,1728000,schedutil,1020000000,306000000,1020000000,nvhost_podgov,1,3,-1,63562,66593,63406,62343,63437,66593,21677,10089,5235,1.4,19.0362,25.1,1,11097596061750,21673,10011,5235
11097804563968,1728000,729600,1728000,schedutil,1020000000,306000000,1020000000,nvhost_podgov,1,3,-1,63687,66843,63343,62312,63437,66843,21638,10050,5235,1.40125,19.0362,26.68,1,11097596061750,21673,10011,5235
11097904560449,1728000,729600,1728000,schedutil,1020000000,306000000,1020000000,nvhost_podgov,1,3,-1,63625,66656,63312,62312,63406,66656,21599,10011,5235,1.4175,19.03,26.97,1,11097596061750,21673,10011,5235
11098004567587,1728000,729600,1728000,schedutil,1020000000,306000000,1020000000,nvhost_podgov,1,3,-1,63531,66562,63250,62187,63531,66562,21560,10011,5244,1.40375,19.0362,25.56,1,11097596061750,21673,10011,5235
11098104561668,1728000,729600,1728000,schedutil,1020000000,306000000,1020000000,nvhost_podgov,1,3,-1,63500,66593,63312,62187,63468,66593,21560,9973,5244,1.37125,19.0338,26.1,1,11097596061750,21673,10011,5235
11098204560230,1728000,729600,1728000,schedutil,1020000000,306000000,1020000000,nvhost_podgov,1,3,-1,63750,66718,63343,62218,63406,66718,21596,9973,5244,1.36625,19.035,26.01,1,11097596061750,21673,10011,5235
11098304564583,1728000,729600,1728000,schedutil,1020000000,306000000,1020000000,nvhost_podgov,1,3,-1,63781,66718,63125,62218,63531,66718,21596,9973,5244,1.37375,19.0275,26.14,1,11097596061750,21673,10011,5235
11098404560488,1728000,729600,1728000,schedutil,1020000000,306000000,1020000000,nvhost_podgov,1,3,-1,63656,66687,63343,62218,63437,66687,21596,9973,5244,1.3675,19.0087,25.61,1,11097596061750,21673,10011,5235
11098504568138,1728000,729600,1728000,schedutil,1020000000,306000000,1020000000,nvhost_podgov,1,3,-1,63750,66718,63312,62312,63531,66718,21635,10011,5244,1.43375,19.0338,27.29,1,11097596061750,21673,10011,5235
11098604563947,1728000,729600,1728000,schedutil,1020000000,306000000,1020000000,nvhost_podgov,1,3,-1,63937,66750,63437,62312,63531,66750,21638,10011,5235,1.2975,19.0188,24.68,1,11098595064461,21677,10033,5235
11098704566797,1728000,729600,1728000,schedutil,1020000000,306000000,1020000000,nvhost_podgov,1,3,-1,63750,66843,63406,62312,63562,66843,21754,10072,5274,1.45,19.0125,27.57,1,11098595064461,21677,10033,5235
11098804578254,1728000,729600,1728000,schedutil,1020000000,306000000,1020000000,nvhost_podgov,1,3,-1,63562,66718,63312,62281,63500,66718,21793,10149,5274,1.405,19.0388,26.75,1,11098595064461,21677,10033,5235
11098904567695,1728000,729600,1728000,schedutil,1020000000,306000000,1020000000,nvhost_podgov,1,3,-1,63687,66718,63343,62156,63500,66718,21754,10111,5274,1.35375,19.0475,25.78,1,11098595064461,21677,10033,5235
11099004564337,1728000,729600,1728000,schedutil,1020000000,306000000,1020000000,nvhost_podgov,1,3,-1,63781,66843,63375,62281,63500,66843,21793,10111,5274,1.455,19.0175,25.74,1,11098595064461,21677,10033,5235
11099104556882,1728000,729600,1728000,schedutil,1020000000,306000000,1020000000,nvhost_podgov,1,3,-1,63718,66781,63343,62312,63531,66781,21754,10072,5274,1.37,19.0362,26.07,1,11098595064461,21677,10033,5235
11099204546547,1728000,729600,1728000,schedutil,1020000000,306000000,1020000000,nvhost_podgov,1,3,-1,63812,66750,63375,62218,63500,66937,21754,10072,5274,1.3575,19.0413,25.84,1,11098595064461,21677,10033,5235
11099304558868,1728000,729600,1728000,schedutil,1020000000,306000000,1020000000,nvhost_podgov,1,3,-1,63781,66968,63312,62250,63562,66968,21754,10072,5274,1.34125,19.025,25.5,1,11098595064461,21677,10033,5235
11099404561366,1728000,729600,1728000,schedutil,1020000000,306000000,1020000000,nvhost_podgov,1,3,-1,63625,66781,63437,62312,63562,66781,21754,10072,5274,1.34875,19.0338,25.7,1,11098595064461,21677,10033,5235
11099504565975,1728000,729600,1728000,schedutil,1020000000,306000000,1020000000,nvhost_podgov,1,3,-1,63593,66968,63375,62343,63500,66968,21716,10033,5274,1.425,19.01,27.09,1,11098595064461,21677,10033,5235
11099604561016,1728000,729600,1728000,schedutil,1020000000,306000000,1020000000,nvhost_podgov,1,3,-1,63843,66968,63437,62343,63625,66968,21754,10072,5274,1.32125,19.0538,27.65,1,11099598361159,21754,10072,5274
11099704563258,1728000,729600,1728000,schedutil,1020000000,306000000,1020000000,nvhost_podgov,1,3,-1,63656,66968,63406,62312,63562,66968,21793,10111,5274,1.41375,19.0312,25.31,1,11099598361159,21754,10072,5274
11099804566075,1728000,729600,1728000,schedutil,1020000000,306000000,1020000000,nvhost_podgov,1,3,-1,63937,66718,63375,62312,63562,66718,21832,10149,5274,1.33,19.0425,25.33,1,11099598361159,21754,10072,5274
11099904563036,1728000,729600,1728000,schedutil,1020000000,306000000,1020000000,nvhost_podgov,1,3,-1,63656,67031,63375,62218,63593,67031,21871,10149,5274,1.32375,19.0175,25.18,1,11099598361159,21754,10072,5274
11100004558301,1728000,729600,1728000,schedutil,1020000000,306000000,1020000000,nvhost_podgov,1,3,-1,63875,66781,63343,62281,63562,66781,21832,10111,5274,1.285,19.0225,27.3,1,11099598361159,21754,10072,5274
11100104559135,1728000,729600,1728000,schedutil,1020000000,306000000,1020000000,nvhost_podgov,1,3,-1,63875,66656,63468,62437,63625,66656,21754,10111,5274,1.40625,19.0525,26.79,1,11099598361159,21754,10072,5274
11100204562464,1728000,729600,1728000,schedutil,1020000000,306000000,1020000000,nvhost_podgov,1,3,-1,63687,67093,63562,62375,63656,67093,21716,10050,5274,1.3325,19.0312,25.36,1,11099598361159,21754,10072,5274
11100304560577,1728000,729600,1728000,schedutil,1020000000,306000000,1020000000,nvhost_podgov,1,3,-1,63718,66750,63375,62406,63625,66750,21716,10050,5274,1.34875,19.0225,26.01,1,11099598361159,21754,10072,5274
11100404559682,1728000,729600,1728000,schedutil,1020000000,306000000,1020000000,nvhost_podgov,1,3,-1,63687,66781,63343,62343,63562,66781,21677,10033,5274,1.31,19.01,24.91,1,11099598361159,21754,10072,5274
11100504560804,1728000,729600,1728000,schedutil,1020000000,306000000,1020000000,nvhost_podgov,1,3,-1,63656,66718,63406,62343,63625,66718,21677,10033,5235,1.37,19.0538,26.1,1,11099598361159,21754,10072,5274
11100604566661,1728000,729600,1728000,schedutil,1020000000,306000000,1020000000,nvhost_podgov,1,3,-1,63843,66781,63375,62375,63593,66781,21638,9995,5235,1.4125,19.0338,26.34,1,11100598877344,21638,10033,5235
11100704561702,1728000,729600,1728000,schedutil,1020000000,306000000,1020000000,nvhost_podgov,1,3,-1,63718,66718,63406,62312,63500,66718,21716,10033,5274,1.34375,19.04,25.57,1,11100598877344,21638,10033,5235
11100804564295,1728000,729600,1728000,schedutil,1020000000,306000000,1020000000,nvhost_podgov,1,3,-1,63968,66718,63468,62312,63562,66906,21638,10033,5244,1.3425,19.0437,25.56,1,11100598877344,21638,10033,5235
11100904560905,1728000,729600,1728000,schedutil,1020000000,306000000,1020000000,nvhost_podgov,1,3,-1,63906,66781,63406,62312,63593,66781,21638,9995,5235,1.43,19.0375,27.23,1,11100598877344,21638,10033,5235
11101004549769,1728000,729600,1728000,schedutil,1020000000,306000000,1020000000,nvhost_podgov,1,3,-1,63843,66750,63562,62312,63656,66750,21638,9995,5235,1.46625,19.03,26.13,1,11100598877344,21638,10033,5235
11101104544459,1728000,729600,1728000,schedutil,1020000000,306000000,1020000000,nvhost_podgov,1,3,-1,63812,66906,63500,62375,63562,66906,21638,9995,5235,1.3725,19.0338,26.13,1,11100598877344,21638,10033,5235
11101204557388,1728000,729600,1728000,schedutil,1020000000,306000000,1020000000,nvhost_podgov,1,3,-1,63718,66812,63531,62406,63562,66812,21638,9995,5235,1.405,19.0225,26.73,1,11100598877344,21638,10033,5235
11101304563469,1728000,729600,1728000,schedutil,1020000000,306000000,1020000000,nvhost_podgov,1,3,-1,63750,66843,63468,62312,63562,66843,21638,9995,5235,1.3825,18.9925,26.94,1,11100598877344,21638,10033,5235
11101404563087,1728000,729600,1728000,schedutil,1020000000,306000000,1020000000,nvhost_podgov,1,3,-1,63750,67000,63500,62375,63562,67000,21677,10033,5274,1.46875,19.0175,27.93,1,11100598877344,21638,10033,5235
11101504566704,1728000,729600,1728000,schedutil,1020000000,306000000,1020000000,nvhost_podgov,1,3,-1,63718,66968,63531,62375,63562,66968,21716,10033,5274,1.44875,19.0138,27.55,1,11100598877344,21638,10033,5235
11101604566769,1728000,729600,1728000,schedutil,1020000000,306000000,1020000000,nvhost_podgov,1,3,-1,64125,66781,63437,62406,63687,67000,21716,10072,5274,1.40375,19.0487,25.79,1,11101599753184,21716,10072,5274
11101704569586,1728000,729600,1728000,schedutil,1020000000,306000000,1020000000,nvhost_podgov,1,3,-1,63937,67000,63468,62343,63656,67000,21754,10111,5274,1.4575,19.0038,27.7,1,11101599753184,21716,10072,5274
11101804575635,1728000,729600,1728000,schedutil,1020000000,306000000,1020000000,nvhost_podgov,1,3,-1,63968,67000,63406,62343,63750,67000,21793,10111,5274,1.42125,19.0275,27.05,1,11101599753184,21716,10072,5274
11101904567028,1728000,729600,1728000,schedutil,1020000000,306000000,1020000000,nvhost_podgov,1,3,-1,63843,66812,63500,62406,63562,66812,21754,10111,5274,1.35375,19.045,25.92,1,11101599753184,21716,10072,5274
11102004562901,1728000,729600,1728000,schedutil,1020000000,306000000,1020000000,nvhost_podgov,1,3,-1,63843,67062,63625,62406,63656,67062,21716,10072,5274,1.39625,19.0525,24.86,1,11101599753184,21716,10072,5274
11102104565431,1728000,729600,1728000,schedutil,1020000000,306000000,1020000000,nvhost_podgov,1,3,-1,63812,66937,63500,62468,63625,66875,21716,10033,5274,1.3925,19.0275,26.75,1,11101599753184,21716,10072,5274
11102204564856,1728000,729600,1728000,schedutil,1020000000,306000000,1020000000,nvhost_podgov,1,3,-1,63750,66812,63531,62406,63593,66812,21716,10033,5274,1.38875,19.045,26,1,11101599753184,21716,10072,5274
11102304569721,1728000,729600,1728000,schedutil,1020000000,306000000,1020000000,nvhost_podgov,1,3,-1,63781,67093,63500,62437,63625,67093,21677,10033,5274,1.3425,19.0275,26.71,1,11101599753184,21716,10072,5274
11102404566010,1728000,729600,1728000,schedutil,1020000000,306000000,1020000000,nvhost_podgov,1,3,-1,63937,67031,63468,62437,63593,67031,21638,10011,5235,1.32875,19.01,25.25,1,11101599753184,21716,10072,5274
11102504562363,1728000,729600,1728000,schedutil,1020000000,306000000,1020000000,nvhost_podgov,1,3,-1,63781,66750,63500,62343,63750,66750,21599,10011,5244,1.3775,19.035,26.22,1,11101599753184,21716,10072,5274
11102604561276,1728000,729600,1728000,schedutil,1020000000,306000000,1020000000,nvhost_podgov,1,3,-1,64125,66812,63468,62437,63718,66812,21599,10011,5244,1.42375,19.0375,25.01,1,11102601240558,21599,10050,5244
11102704569405,1728000,729600,1728000,schedutil,1020000000,306000000,1020000000,nvhost_podgov,1,3,-1,63937,66812,63562,62500,63656,66812,21638,10050,5235,1.3775,19.04,26.23,1,11102601240558,21599,10050,5244
11102804558942,1728000,729600,1728000,schedutil,1020000000,306000000,1020000000,nvhost_podgov,1,3,-1,63875,66843,63656,62625,63593,66843,21638,10050,5235,1.38,19.02,26.25,1,11102601240558,21599,10050,5244
11102904559391,1728000,729600,1728000,schedutil,1020000000,306000000,1020000000,nvhost_podgov,1,3,-1,63875,66843,63562,62406,63687,66843,21638,10050,5235,1.415,19.04,24.78,1,11102601240558,21599,10050,5244
11103004559488,1728000,729600,1728000,schedutil,1020000000,306000000,1020000000,nvhost_podgov,1,3,-1,63812,67031,63468,62437,63625,67031,21638,10050,5235,1.3375,19.0225,25.47,1,11102601240558,21599,10050,5244
11103104559169,1728000,729600,1728000,schedutil,1020000000,306000000,1020000000,nvhost_podgov,1,3,-1,63843,66843,63531,62468,63750,66843,21638,10011,5235,1.35125,19.02,24.76,1,11102601240558,21599,10050,5244
11103204562978,1728000,729600,1728000,schedutil,1020000000,306000000,1020000000,nvhost_podgov,1,3,-1,63937,66843,63500,62406,63687,66843,21638,10011,5235,1.36125,19.0487,25.93,1,11102601240558,21599,10050,5244
11103304565860,1728000,729600,1728000,schedutil,1020000000,306000000,1020000000,nvhost_podgov,1,3,-1,63968,66937,63468,62343,63687,66937,21599,10011,5235,1.395,19.0325,26.19,1,11102601240558,21599,10050,5244
11103404565029,1728000,729600,1728000,schedutil,1020000000,306000000,1020000000,nvhost_podgov,1,3,-1,63875,66906,63531,62375,63812,66906,21599,10011,5235,1.34375,19.0463,25.59,1,11102601240558,21599,10050,5244
11103504559205,1728000,729600,1728000,schedutil,1020000000,306000000,1020000000,nvhost_podgov,1,3,-1,64031,66968,63625,62531,63625,66968,21635,9995,5235,1.29375,19.0325,24.63,1,11102601240558,21599,10050,5244
11103604565895,1728000,729600,1728000,schedutil,1020000000,306000000,1020000000,nvhost_podgov,1,3,-1,64218,66906,63625,62562,63781,66906,21635,10011,5235,1.4225,19.0425,25.64,1,11103601829415,21635,10011,5235
11103704566408,1728000,729600,1728000,schedutil,1020000000,306000000,1020000000,nvhost_podgov,1,3,-1,64000,66968,63531,62500,63656,66968,21638,10050,5244,1.39,19.0275,26.45,1,11103601829415,21635,10011,5235
11103804567401,1728000,729600,1728000,schedutil,1020000000,306000000,1020000000,nvhost_podgov,1,3,-1,63968,67093,63562,62406,63687,67093,21677,10089,5244,1.4375,19.0325,27.35,1,11103601829415,21635,10011,5235
11103904563849,1728000,729600,1728000,schedutil,1020000000,306000000,1020000000,nvhost_podgov,1,3,-1,63906,66968,63562,62406,63718,66968,21677,10089,5235,1.39625,19.0362,26.51,1,11103601829415,21635,10011,5235
11104004548042,1728000,729600,1728000,schedutil,1020000000,306000000,1020000000,nvhost_podgov,1,3,-1,63875,66968,63562,62500,63687,66968,21638,10050,5235,1.35875,19.0312,26.07,1,11103601829415,21635,10011,5235
11104104559723,1728000,729600,1728000,schedutil,1020000000,306000000,1020000000,nvhost_podgov,1,3,-1,63812,67031,63562,62375,63718,67031,21599,10050,5244,1.3275,19.0087,25.23,1,11103601829415,21635,10011,5235
11104204557676,1728000,729600,1728000,schedutil,1020000000,306000000,1020000000,nvhost_podgov,1,3,-1,64000,66968,63562,62406,63781,66968,21599,10050,5244,1.43125,19.0212,26.28,1,11103601829415,21635,10011,5235
11104304569102,1728000,729600,1728000,schedutil,1020000000,306000000,1020000000,nvhost_podgov,1,3,-1,64000,66812,63687,62437,63718,66812,21560,10011,5244,1.36375,19.0287,25.95,1,11103601829415,21635,10011,5235
11104404567791,1728000,729600,1728000,schedutil,1020000000,306000000,1020000000,nvhost_podgov,1,3,-1,63906,67125,63625,62593,63781,67125,21560,9995,5244,1.335,19.0237,25.4,1,11103601829415,21635,10011,5235
11104504563087,1728000,729600,1728000,schedutil,1020000000,306000000,1020000000,nvhost_podgov,1,3,-1,63875,67093,63625,62593,63718,67093,21560,10011,5244,1.3675,19.05,26.05,1,11103601829415,21635,10011,5235
11104604562928,1728000,729600,1728000,schedutil,1020000000,306000000,1020000000,nvhost_podgov,1,3,-1,64031,66906,63625,62562,63781,66906,21560,9995,5244,1.36125,19.025,25.66,1,11104602754310,21560,10011,5244
11104704568305,1728000,729600,1728000,schedutil,1020000000,306000000,1020000000,nvhost_podgov,1,3,-1,63875,67250,63562,62593,63687,67250,21599,10033,5244,1.34375,19.0162,25.55,1,11104602754310,21560,10011,5244
11104804572882,1728000,729600,1728000,schedutil,1020000000,306000000,1020000000,nvhost_podgov,1,3,-1,64000,67062,63593,62625,63812,67062,21638,10033,5244,1.37,18.9988,26.02,1,11104602754310,21560,10011,5244
11104904558643,1728000,729600,1728000,schedutil,1020000000,306000000,1020000000,nvhost_podgov,1,3,-1,63843,66937,63531,62531,63718,66937,21599,9995,5244,1.35375,19.0275,27.35,1,11104602754310,21560,10011,5244
11105004557140,1728000,729600,1728000,schedutil,1020000000,306000000,1020000000,nvhost_podgov,1,3,-1,63968,67000,63562,62500,63750,67000,21560,9995,5244,1.435,19.0375,27.32,1,11104602754310,21560,10011,5244
11105104570389,1728000,729600,1728000,schedutil,1020000000,306000000,1020000000,nvhost_podgov,1,3,-1,64031,66937,63562,62437,63750,66937,21560,9995,5244,1.38125,19.0138,25.55,1,11104602754310,21560,10011,5244
11105204567350,1728000,729600,1728000,schedutil,1020000000,306000000,1020000000,nvhost_podgov,1,3,-1,63937,66875,63562,62531,63781,66875,21599,10011,5244,1.47625,19.035,25.98,1,11104602754310,21560,10011,5244
11105304569111,1728000,729600,1728000,schedutil,1020000000,306000000,1020000000,nvhost_podgov,1,3,-1,63968,66906,63625,62562,63750,66906,21560,10011,5235,1.3825,19.0175,26.29,1,11104602754310,21560,10011,5244
11105404560632,1728000,729600,1728000,schedutil,1020000000,306000000,1020000000,nvhost_podgov,1,3,-1,63781,66968,63625,62593,63781,66968,21599,10011,5244,1.36625,19.0212,25.98,1,11104602754310,21560,10011,5244
11105504561145,1728000,729600,1728000,schedutil,1020000000,306000000,1020000000,nvhost_podgov,1,3,-1,63906,66968,63562,62593,63687,66968,21560,9973,5235,1.36,19.0263,26.19,1,11104602754310,21560,10011,5244
11105604572154,1728000,729600,1728000,schedutil,1020000000,306000000,1020000000,nvhost_podgov,1,3,-1,64093,66937,63625,62531,63687,66937,21560,10011,5244,1.46,19.0388,27.8,1,11105605047301,21560,10011,5244
11105704570202,1728000,729600,1728000,schedutil,1020000000,306000000,1020000000,nvhost_podgov,1,3,-1,63906,66937,63562,62531,63718,66937,21599,9995,5244,1.34875,19.01,25.64,1,11105605047301,21560,10011,5244
11105804562555,1728000,729600,1728000,schedutil,1020000000,306000000,1020000000,nvhost_podgov,1,3,-1,64031,66875,63531,62531,63687,66875,21638,9995,5235,1.3775,19.0338,26.84,1,11105605047301,21560,10011,5244
11105904561884,1728000,729600,1728000,schedutil,1020000000,306000000,1020000000,nvhost_podgov,1,3,-1,63968,66968,63593,62437,63812,67093,21635,9995,5244,1.41125,19.0225,26.15,1,11105605047301,21560,10011,5244
11106004561821,1728000,729600,1728000,schedutil,1020000000,306000000,1020000000,nvhost_podgov,1,3,-1,63937,66937,63562,62437,63781,66937,21635,9956,5244,1.31,19.035,26.34,1,11105605047301,21560,10011,5244
11106104561790,1728000,729600,1728000,schedutil,1020000000,306000000,1020000000,nvhost_podgov,1,3,-1,63906,66937,63718,62656,63781,66937,21635,9956,5244,1.38875,19.03,26.43,1,11105605047301,21560,10011,5244
11106204561503,1728000,729600,1728000,schedutil,1020000000,306000000,1020000000,nvhost_podgov,1,3,-1,63875,67156,63718,62656,63781,67156,21596,9934,5244,1.405,19.02,27.12,1,11105605047301,21560,10011,5244
11106304567680,1728000,729600,1728000,schedutil,1020000000,306000000,1020000000,nvhost_podgov,1,3,-1,63906,67031,63562,62500,63750,67031,21557,9934,5244,1.42875,19.0225,27.18,1,11105605047301,21560,10011,5244
11106404562880,1728000,729600,1728000,schedutil,1020000000,306000000,1020000000,nvhost_podgov,1,3,-1,63875,66937,63656,62562,63781,66937,21596,9934,5244,1.3675,19.03,26.02,1,11105605047301,21560,10011,5244
11106504566849,1728000,729600,1728000,schedutil,1020000000,306000000,1020000000,nvhost_podgov,1,3,-1,63843,67156,63562,62593,63781,67156,21557,9934,5244,1.355,19.0225,25.89,1,11105605047301,21560,10011,5244
11106604564290,1728000,729600,1728000,schedutil,1020000000,306000000,1020000000,nvhost_podgov,1,3,-1,64437,67062,63687,62531,63812,67062,21596,9918,5244,1.41625,19.0287,26.94,1,11106606104294,21596,9973,5244
11106704562595,1728000,729600,1728000,schedutil,1020000000,306000000,1020000000,nvhost_podgov,1,3,-1,64031,67093,63562,62500,63875,67093,21638,9995,5244,1.45875,19.0263,27.75,1,11106606104294,21596,9973,5244
11106804563555,1728000,729600,1728000,schedutil,1020000000,306000000,1020000000,nvhost_podgov,1,3,-1,64187,67218,63593,62500,63781,67218,21638,9995,5235,1.44125,19.0237,29.25,1,11106606104294,21596,9973,5244
11106904567940,1728000,729600,1728000,schedutil,1020000000,306000000,1020000000,nvhost_podgov,1,3,-1,64031,67156,63718,62687,63812,67156,21716,10033,5235,1.36625,19.0287,25.93,1,11106606104294,21596,9973,5244
11107004558917,1728000,729600,1728000,schedutil,1020000000,306000000,1020000000,nvhost_podgov,1,3,-1,63937,67000,63812,62562,63906,67000,21638,10033,5235,1.3775,19.0275,25.61,1,11106606104294,21596,9973,5244
11107104567910,1728000,729600,1728000,schedutil,1020000000,306000000,1020000000,nvhost_podgov,1,3,-1,63968,66843,63625,62625,63781,66843,21638,10033,5235,1.31,19.0162,24.93,1,11106606104294,21596,9973,5244
11107204573351,1728000,729600,1728000,schedutil,1020000000,306000000,1020000000,nvhost_podgov,1,3,-1,63968,67218,63687,62562,63843,67218,21638,9995,5235,1.33,19.05,25.91,1,11106606104294,21596,9973,5244
11107304568743,1728000,729600,1728000,schedutil,1020000000,306000000,1020000000,nvhost_podgov,1,3,-1,63937,66937,63625,62562,63781,66937,21677,10033,5235,1.36,19.0362,25.89,1,11106606104294,21596,9973,5244
11107404559464,1728000,729600,1728000,schedutil,1020000000,306000000,1020000000,nvhost_podgov,1,3,-1,64000,66906,63656,62562,63812,66906,21638,9995,5235,1.38125,19.0413,26.3,1,11106606104294,21596,9973,5244
11107504563465,1728000,729600,1728000,schedutil,1020000000,306000000,1020000000,nvhost_podgov,1,3,-1,63843,67218,63562,62531,63843,67218,21638,9956,5244,1.32375,19.045,27.55,1,11106606104294,21596,9973,5244
11107604565610,1728000,729600,1728000,schedutil,1020000000,306000000,1020000000,nvhost_podgov,1,3,-1,64250,67031,63562,62468,63906,67031,21599,9956,5244,1.345,19.0338,25.6,1,11107606960098,21638,9995,5244
11107704565290,1728000,729600,1728000,schedutil,1020000000,306000000,1020000000,nvhost_podgov,1,3,-1,64343,67031,63750,62500,63906,67031,21638,9995,5244,1.345,19.0225,25.59,1,11107606960098,21638,9995,5244
11107804559211,1728000,729600,1728000,schedutil,1020000000,306000000,1020000000,nvhost_podgov,1,3,-1,63968,67093,63718,62718,63812,67093,21638,9995,5244,1.35875,19.0263,27.25,1,11107606960098,21638,9995,5244
11107904558476,1728000,729600,1728000,schedutil,1020000000,306000000,1020000000,nvhost_podgov,1,3,-1,64031,66968,63781,62687,63812,66968,21599,9995,5244,1.36875,19.0413,26.05,1,11107606960098,21638,9995,5244
11108004556492,1728000,729600,1728000,schedutil,1020000000,306000000,1020000000,nvhost_podgov,1,3,-1,63906,67093,63687,62656,63718,67093,21560,9995,5244,1.37625,19.0325,26.19,1,11107606960098,21638,9995,5244
11108104570605,1728000,729600,1728000,schedutil,1020000000,306000000,1020000000,nvhost_podgov,1,3,-1,63968,66968,63750,62593,63718,66968,21560,9995,5244,1.30875,19.0388,24.92,1,11107606960098,21638,9995,5244
11108204564238,1728000,729600,1728000,schedutil,1020000000,306000000,1020000000,nvhost_podgov,1,3,-1,64031,67062,63687,62531,63843,67062,21560,9973,5244,1.34375,19.0362,25.46,1,11107606960098,21638,9995,5244
11108304567759,1728000,729600,1728000,schedutil,1020000000,306000000,1020000000,nvhost_podgov,1,3,-1,63843,67000,63593,62625,63718,67000,21560,10011,5244,1.38,19.0325,26.27,1,11107606960098,21638,9995,5244
11108404569263,1728000,729600,1728000,schedutil,1020000000,306000000,1020000000,nvhost_podgov,1,3,-1,64062,67125,63656,62500,63875,67125,21599,10011,5244,1.37875,19.0275,26.24,1,11107606960098,21638,9995,5244
11108504561520,1728000,729600,1728000,schedutil,1020000000,306000000,1020000000,nvhost_podgov,1,3,-1,64187,67062,63625,62500,63843,67062,21638,10011,5244,1.3375,19.04,25.64,1,11107606960098,21638,9995,5244
11108604563761,1728000,729600,1728000,schedutil,1020000000,306000000,1020000000,nvhost_podgov,1,3,-1,64187,67187,63843,62593,63906,67187,21677,10050,5235,1.35875,19.0338,25.86,1,11108608223622,21677,10050,5235
11108704558289,1728000,729600,1728000,schedutil,1020000000,306000000,1020000000,nvhost_podgov,1,3,-1,64281,67093,63875,62718,63843,67093,21677,10050,5235,1.38875,19.0312,26.43,1,11108608223622,21677,10050,5235
11108804569714,1728000,729600,1728000,schedutil,1020000000,306000000,1020000000,nvhost_podgov,1,3,-1,64031,67156,63656,62687,63906,67156,21716,10072,5235,1.41625,19.0375,26.42,1,11108608223622,21677,10050,5235
11108904568307,1728000,729600,1728000,schedutil,1020000000,306000000,1020000000,nvhost_podgov,1,3,-1,64031,67187,63718,62562,63812,67187,21677,10050,5235,1.38375,19.045,26.32,1,11108608223622,21677,10050,5235
11109004565395,1728000,729600,1728000,schedutil,1020000000,306000000,1020000000,nvhost_podgov,1,3,-1,63906,67218,63718,62562,63906,67218,21638,10033,5244,1.395,19.02,27.48,1,11108608223622,21677,10050,5235
11109104563316,1728000,729600,1728000,schedutil,1020000000,306000000,1020000000,nvhost_podgov,1,3,-1,64031,67093,63781,62593,63843,67093,21638,10033,5244,1.37375,19.0225,27.44,1,11108608223622,21677,10050,5235
11109204757177,1728000,729600,1728000,schedutil,1020000000,306000000,1020000000,nvhost_podgov,1,3,-1,64062,67312,63625,62656,63906,67312,21599,9995,5235,1.35875,19.0275,25.86,1,11108608223622,21677,10050,5235
11109304570325,1728000,729600,1728000,schedutil,1020000000,306000000,1020000000,nvhost_podgov,1,3,-1,64187,67218,63625,62562,63843,67218,21599,9995,5235,1.35875,19.0362,25.87,1,11108608223622,21677,10050,5235
11109404562774,1728000,729600,1728000,schedutil,1020000000,306000000,1020000000,nvhost_podgov,1,3,-1,64125,67187,63750,62750,63875,66968,21560,9973,5235,1.37375,19.0287,26.14,1,11108608223622,21677,10050,5235
11109504561206,1728000,729600,1728000,schedutil,1020000000,306000000,1020000000,nvhost_podgov,1,3,-1,64062,67000,63718,62625,63781,67000,21560,9973,5235,1.35375,19.02,25.77,1,11108608223622,21677,10050,5235
11109604562679,1728000,729600,1728000,schedutil,1020000000,306000000,1020000000,nvhost_podgov,1,3,-1,64281,67218,63718,62718,63937,67062,21560,9995,5235,1.38,19.0312,26.27,1,11109607845668,21599,9995,5235
11109704575448,1728000,729600,1728000,schedutil,1020000000,306000000,1020000000,nvhost_podgov,1,3,-1,64000,67000,63656,62656,63875,67000,21599,9995,5235,1.3975,19.0325,26.6,1,11109607845668,21599,9995,5235
11109804564536,1728000,729600,1728000,schedutil,1020000000,306000000,1020000000,nvhost_podgov,1,3,-1,64031,66968,63625,62687,63875,66968,21677,10033,5235,1.305,19.0475,27.15,1,11109607845668,21599,9995,5235
11109904564089,1728000,729600,1728000,schedutil,1020000000,306000000,1020000000,nvhost_podgov,1,3,-1,64000,67375,63812,62625,63812,67375,21638,10033,5235,1.41,19.0138,26.8,1,11109607845668,21599,9995,5235
11110004565753,1728000,729600,1728000,schedutil,1020000000,306000000,1020000000,nvhost_podgov,1,3,-1,64218,67093,63656,62625,63812,67093,21677,10033,5244,1.4075,19.035,26.79,1,11109607845668,21599,9995,5235
11110104564890,1728000,729600,1728000,schedutil,1020000000,306000000,1020000000,nvhost_podgov,1,3,-1,64031,67031,63750,62562,63937,67031,21677,10033,5244,1.3925,19.0287,26.83,1,11109607845668,21599,9995,5235
11110204566555,1728000,729600,1728000,schedutil,1020000000,306000000,1020000000,nvhost_podgov,1,3,-1,64000,66968,63812,62781,63937,67031,21638,9995,5244,1.40125,19.0287,26.65,1,11109607845668,21599,9995,5235
11110304563419,1728000,729600,1728000,schedutil,1020000000,306000000,1020000000,nvhost_podgov,1,3,-1,64156,67000,63750,62781,63875,67000,21599,9956,5244,1.40375,19.0237,26.7,1,11109607845668,21599,9995,5235
11110404563964,1728000,729600,1728000,schedutil,1020000000,306000000,1020000000,nvhost_podgov,1,3,-1,63968,67031,63718,62781,63781,67031,21560,9956,5244,1.3175,19.0287,25.08,1,11109607845668,21599,9995,5235
11110504566556,1728000,729600,1728000,schedutil,1020000000,306000000,1020000000,nvhost_podgov,1,3,-1,64000,67062,63750,62656,63812,67062,21560,9918,5235,1.43,19.0463,26,1,11109607845668,21599,9995,5235
11110604562717,1728000,729600,1728000,schedutil,1020000000,306000000,1020000000,nvhost_podgov,1,3,-1,64218,67093,63656,62718,63906,67093,21560,9956,5235,1.40875,19.04,26.83,1,11110607272540,21560,9956,5235
11110704561949,1728000,729600,1728000,schedutil,1020000000,306000000,1020000000,nvhost_podgov,1,3,-1,64031,67000,63718,62625,63875,67000,21638,9995,5235,1.39625,19.03,26.57,1,11110607272540,21560,9956,5235
11110804563198,1728000,729600,1728000,schedutil,1020000000,306000000,1020000000,nvhost_podgov,1,3,-1,64281,67187,63687,62593,63906,67187,21599,9995,5235,1.40375,19.03,25.79,1,11110607272540,21560,9956,5235
11110904547262,1728000,729600,1728000,schedutil,1020000000,306000000,1020000000,nvhost_podgov,1,3,-1,64031,67125,63781,62562,63968,67125,21599,9956,5235,1.32,19.0437,25.14,1,11110607272540,21560,9956,5235
11111004562527,1728000,729600,1728000,schedutil,1020000000,306000000,1020000000,nvhost_podgov,1,3,-1,64062,67343,63906,62593,63843,67343,21599,9956,5235,1.36875,19.025,26.04,1,11110607272540,21560,9956,5235
11111104562175,1728000,729600,1728000,schedutil,1020000000,306000000,1020000000,nvhost_podgov,1,3,-1,64156,67187,63875,62593,63968,67187,21560,9956,5235,1.39625,19.0538,26.29,1,11110607272540,21560,9956,5235
11111204564064,1728000,729600,1728000,schedutil,1020000000,306000000,1020000000,nvhost_podgov,1,3,-1,63906,67093,63750,62750,63906,67093,21596,9934,5244,1.3775,19.025,26.2,1,11110607272540,21560,9956,5235
11111304559968,1728000,729600,1728000,schedutil,1020000000,306000000,1020000000,nvhost_podgov,1,3,-1,64031,67343,63781,62812,63843,67343,21560,9934,5235,1.33875,19.01,25.45,1,11110607272540,21560,9956,5235
11111404558081,1728000,729600,1728000,schedutil,1020000000,306000000,1020000000,nvhost_podgov,1,3,-1,63968,67250,63718,62656,63906,67250,21560,9934,5244,1.41,19.0463,27.16,1,11110607272540,21560,9956,5235
11111504559233,1728000,729600,1728000,schedutil,1020000000,306000000,1020000000,nvhost_podgov,1,3,-1,64062,67156,63781,62625,63781,67156,21560,9934,5244,1.31375,19.0275,25.01,1,11110607272540,21560,9956,5235
11111604571298,1728000,729600,1728000,schedutil,1020000000,306000000,1020000000,nvhost_podgov,1,3,-1,64343,67062,63718,62687,63906,67062,21599,9973,5244,1.37375,19.0463,26.16,1,11111610856277,21599,9973,5244
11111704559298,1728000,729600,1728000,schedutil,1020000000,306000000,1020000000,nvhost_podgov,1,3,-1,64031,67281,63781,62625,64031,67281,21599,10011,5244,1.3525,19.0212,25.73,1,11111610856277,21599,9973,5244
11111804562211,1728000,729600,1728000,schedutil,1020000000,306000000,1020000000,nvhost_podgov,1,3,-1,64125,67218,63718,62656,64031,67218,21638,10011,5244,1.37,19.0113,26.11,1,11111610856277,21599,9973,5244
11111904574659,1728000,729600,1728000,schedutil,1020000000,306000000,1020000000,nvhost_podgov,1,3,-1,64531,67000,63781,62656,64000,67000,21677,10050,5244,1.46875,19.0075,27.92,1,11111610856277,21599,9973,5244
11112004571332,1728000,729600,1728000,schedutil,1020000000,306000000,1020000000,nvhost_podgov,1,3,-1,64125,67156,63875,62718,63906,67156,21677,10050,5244,1.3975,19.0362,27.12,1,11111610856277,21599,9973,5244
11112104565252,1728000,729600,1728000,schedutil,1020000000,306000000,1020000000,nvhost_podgov,1,3,-1,64125,67000,63781,62750,63812,67000,21677,10033,5235,1.32375,19.0512,26.43,1,11111610856277,21599,9973,5244
11112204569188,1728000,729600,1728000,schedutil,1020000000,306000000,1020000000,nvhost_podgov,1,3,-1,64031,67125,63781,62718,63875,67125,21638,10011,5235,1.37125,19.015,26.07,1,11111610856277,21599,9973,5244
11112304579589,1728000,729600,1728000,schedutil,1020000000,306000000,1020000000,nvhost_podgov,1,3,-1,64031,67062,63781,62656,63875,67062,21638,9995,5235,1.2625,19.03,24.03,1,11111610856277,21599,9973,5244
11112404562757,1728000,729600,1728000,schedutil,1020000000,306000000,1020000000,nvhost_podgov,1,3,-1,64218,67093,63687,62656,63937,67093,21677,9995,5235,1.39,19.0388,26.7,1,11111610856277,21599,9973,5244
11112504561574,1728000,729600,1728000,schedutil,1020000000,306000000,1020000000,nvhost_podgov,1,3,-1,64000,67031,63718,62687,63875,67031,21638,10011,5235,1.335,19.02,25.4,1,11111610856277,21599,9973,5244
11112604566470,1728000,729600,1728000,schedutil,1020000000,306000000,1020000000,nvhost_podgov,1,3,-1,64406,67000,63656,62687,63937,67000,21677,9995,5235,1.42375,19.0263,27.58,1,11112616580223,21677,9995,5235
11112704565990,1728000,729600,1728000,schedutil,1020000000,306000000,1020000000,nvhost_podgov,1,3,-1,64375,67156,63781,62625,63906,67156,21638,9995,5235,1.42,19.0413,27.03,1,11112616580223,21677,9995,5235
11112804565703,1728000,729600,1728000,schedutil,1020000000,306000000,1020000000,nvhost_podgov,1,3,-1,64093,67093,63687,62625,64000,67093,21638,9995,5235,1.385,19.0263,26.36,1,11112616580223,21677,9995,5235
11112904561031,1728000,729600,1728000,schedutil,1020000000,306000000,1020000000,nvhost_podgov,1,3,-1,64093,67218,63812,62812,64000,67218,21638,9995,5235,1.36,19.0237,25.89,1,11112616580223,21677,9995,5235
11113004572968,1728000,729600,1728000,schedutil,1020000000,306000000,1020000000,nvhost_podgov,1,3,-1,64031,67156,63781,62656,63937,67156,21599,9995,5235,1.305,19.0237,24.83,1,11112616580223,21677,9995,5235
11113104559560,1728000,729600,1728000,schedutil,1020000000,306000000,1020000000,nvhost_podgov,1,3,-1,64000,67156,63812,62750,63937,67156,21560,9973,5244,1.4025,19.035,24.79,1,11112616580223,21677,9995,5235
11113204561160,1728000,729600,1728000,schedutil,1020000000,306000000,1020000000,nvhost_podgov,1,3,-1,64000,67187,63812,62718,63812,67187,21521,9973,5244,1.28875,19.0362,24.54,1,11112616580223,21677,9995,5235
11113304569833,1728000,729600,1728000,schedutil,1020000000,306000000,1020000000,nvhost_podgov,1,3,-1,64031,67218,63812,62687,63906,67218,21521,9934,5244,1.345,19.01,25.57,1,11112616580223,21677,9995,5235
11113404555625,1728000,729600,1728000,schedutil,1020000000,306000000,1020000000,nvhost_podgov,1,3,-1,64156,67156,63750,62656,64000,67156,21482,9934,5244,1.335,19.0388,26.87,1,11112616580223,21677,9995,5235
11113504559977,1728000,729600,1728000,schedutil,1020000000,306000000,1020000000,nvhost_podgov,1,3,-1,64062,67218,63781,62718,63968,67218,21521,9934,5244,1.4225,19.0388,27.09,1,11112616580223,21677,9995,5235
11113604561482,1728000,729600,1728000,schedutil,1020000000,306000000,1020000000,nvhost_podgov,1,3,-1,64343,67218,63937,62906,63968,67218,21560,9973,5244,1.36125,19.0188,25.89,1,11113617498936,21560,9973,5244
11113704559210,1728000,729600,1728000,schedutil,1020000000,306000000,1020000000,nvhost_podgov,1,3,-1,64437,67187,63875,62812,64000,67187,21638,9995,5235,1.37625,19.0212,25.23,1,11113617498936,21560,9973,5244
11113804558730,1728000,729600,1728000,schedutil,1020000000,306000000,1020000000,nvhost_podgov,1,3,-1,64093,67312,63843,62781,63968,67312,21677,10033,5235,1.3175,19.0562,25.1,1,11113617498936,21560,9973,5244
11113904567691,1728000,729600,1728000,schedutil,1020000000,306000000,1020000000,nvhost_podgov,1,3,-1,64062,67250,63875,62718,63937,67250,21677,10033,5235,1.38875,19.0362,25.68,1,11113617498936,21560,9973,5244
11114004567723,1728000,729600,1728000,schedutil,1020000000,306000000,1020000000,nvhost_podgov,1,3,-1,64093,67031,63875,62781,64031,67031,21599,10033,5235,1.30125,19.0287,24.76,1,11113617498936,21560,9973,5244
11114104560555,1728000,729600,1728000,schedutil,1020000000,306000000,1020000000,nvhost_podgov,1,3,-1,64062,67406,63843,62781,63937,67406,21560,9956,5235,1.35375,19.06,26.61,1,11113617498936,21560,9973,5244
11114204561931,1728000,729600,1728000,schedutil,1020000000,306000000,1020000000,nvhost_podgov,1,3,-1,64375,67312,63718,62687,63906,67312,21560,9956,5244,1.355,19.0188,25.77,1,11113617498936,21560,9973,5244
11114304563788,1728000,729600,1728000,schedutil,1020000000,306000000,1020000000,nvhost_podgov,1,3,-1,64187,67093,63781,62687,64031,67093,21521,9918,5244,1.31125,19.0425,24.97,1,11113617498936,21560,9973,5244
11114404560140,1728000,729600,1728000,schedutil,1020000000,306000000,1020000000,nvhost_podgov,1,3,-1,64125,67062,63906,62625,63968,67062,21560,9918,5244,1.355,19.0475,25.81,1,11113617498936,21560,9973,5244
11114504557164,1728000,729600,1728000,schedutil,1020000000,306000000,1020000000,nvhost_podgov,1,3,-1,64218,67437,63906,62843,64031,67437,21521,9934,5244,1.3675,19.035,26.04,1,11113617498936,21560,9973,5244
11114604559917,1728000,729600,1728000,schedutil,1020000000,306000000,1020000000,nvhost_podgov,1,3,-1,64281,67062,63812,62781,64031,67062,21560,9973,5244,1.425,19.0188,28.07,1,11113617498936,21560,9973,5244
11114704565773,1728000,729600,1728000,schedutil,1020000000,306000000,1020000000,nvhost_podgov,1,3,-1,64156,67093,63906,62812,63968,67093,21638,10011,5235,1.3425,19.0487,27.29,1,11114620521249,21560,9973,5244
11114804566925,1728000,729600,1728000,schedutil,1020000000,306000000,1020000000,nvhost_podgov,1,3,-1,64187,67218,63781,62781,63968,67218,21716,10033,5274,1.4025,19.0413,26.3,1,11114620521249,21560,9973,5244
11114904569165,1728000,729600,1728000,schedutil,1020000000,306000000,1020000000,nvhost_podgov,1,3,-1,64093,67125,63843,62781,64062,67125,21716,10033,5274,1.37875,19.0487,26.27,1,11114620521249,21560,9973,5244
11115004570894,1728000,729600,1728000,schedutil,1020000000,306000000,1020000000,nvhost_podgov,1,3,-1,64187,67093,63750,62718,63968,67093,21677,10033,5274,1.40375,19.0375,26.73,1,11114620521249,21560,9973,5244
11115104563086,1728000,729600,1728000,schedutil,1020000000,306000000,1020000000,nvhost_podgov,1,3,-1,64031,67218,63781,62687,64125,67218,21638,10011,5235,1.33625,19.02,25.46,1,11114620521249,21560,9973,5244
11115204569934,1728000,729600,1728000,schedutil,1020000000,306000000,1020000000,nvhost_podgov,1,3,-1,64187,67156,63843,62656,64000,67156,21677,9995,5235,1.3675,19.0188,26.01,1,11114620521249,21560,9973,5244
11115304561102,1728000,729600,1728000,schedutil,1020000000,306000000,1020000000,nvhost_podgov,1,3,-1,64312,67125,63968,62812,63968,67125,21677,9995,5235,1.35875,19.0613,25.89,1,11114620521249,21560,9973,5244
11115404561678,1728000,729600,1728000,schedutil,1020000000,306000000,1020000000,nvhost_podgov,1,3,-1,64218,67218,63906,62875,64000,67218,21677,10011,5274,1.36375,19.025,25.47,1,11114620521249,21560,9973,5244
11115504556559,1728000,729600,1728000,schedutil,1020000000,306000000,1020000000,nvhost_podgov,1,3,-1,64093,67218,63937,62812,64062,67218,21677,9995,5274,1.41125,19.0425,26.88,1,11114620521249,21560,9973,5244
11115604560623,1728000,729600,1728000,schedutil,1020000000,306000000,1020000000,nvhost_podgov,1,3,-1,64406,67281,63875,62781,64031,67281,21677,10033,5274,1.36375,19.045,25.97,1,11115613469759,21677,9995,5274
11115704561871,1728000,729600,1728000,schedutil,1020000000,306000000,1020000000,nvhost_podgov,1,3,-1,64156,67218,63718,62812,64000,67218,21716,10033,5274,1.36625,19.0312,25.1,1,11115613469759,21677,9995,5274
11115804558831,1728000,729600,1728000,schedutil,1020000000,306000000,1020000000,nvhost_podgov,1,3,-1,64187,67468,63875,62781,64000,67468,21716,10033,5274,1.3875,19.0525,26.43,1,11115613469759,21677,9995,5274
11115904564303,1728000,729600,1728000,schedutil,1020000000,306000000,1020000000,nvhost_podgov,1,3,-1,64031,67406,63812,62750,64125,67406,21677,10033,5235,1.35625,19.0525,25.84,1,11115613469759,21677,9995,5274
11116004562448,1728000,729600,1728000,schedutil,1020000000,306000000,1020000000,nvhost_podgov,1,3,-1,64218,67281,63781,62781,64031,67281,21677,9995,5235,1.42125,19.0512,25.36,1,11115613469759,21677,9995,5274
11116104569360,1728000,729600,1728000,schedutil,1020000000,306000000,1020000000,nvhost_podgov,1,3,-1,64312,67218,63812,62781,64031,67218,21716,10033,5274,1.345,19.0263,25.59,1,11115613469759,21677,9995,5274
11116204564432,1728000,729600,1728000,schedutil,1020000000,306000000,1020000000,nvhost_podgov,1,3,-1,64187,67468,63906,62843,64031,67468,21716,10033,5235,1.34375,19.0325,25.57,1,11115613469759,21677,9995,5274
11116304568848,1728000,729600,1728000,schedutil,1020000000,306000000,1020000000,nvhost_podgov,1,3,-1,64187,67312,64000,62812,64000,67312,21677,9995,5235,1.4675,19.0362,26.15,1,11115613469759,21677,9995,5274
11116404565232,1728000,729600,1728000,schedutil,1020000000,306000000,1020000000,nvhost_podgov,1,3,-1,64093,67093,63937,62812,63968,67093,21677,9995,5235,1.3725,19.0312,25.74,1,11115613469759,21677,9995,5274
11116504560624,1728000,729600,1728000,schedutil,1020000000,306000000,1020000000,nvhost_podgov,1,3,-1,64093,67500,63843,62812,64000,67500,21638,9973,5235,1.42125,19.0375,27.06,1,11115613469759,21677,9995,5274
11116604567505,1728000,729600,1728000,schedutil,1020000000,306000000,1020000000,nvhost_podgov,1,3,-1,64406,67250,63937,62781,64062,67250,21638,9995,5235,1.42125,19.005,25.98,1,11116616829391,21638,9973,5235
11116704556400,1728000,729600,1728000,schedutil,1020000000,306000000,1020000000,nvhost_podgov,1,3,-1,64156,67156,63843,62812,63968,67156,21638,9956,5235,1.32375,19.0325,25.2,1,11116616829391,21638,9973,5235
11116804567441,1728000,729600,1728000,schedutil,1020000000,306000000,1020000000,nvhost_podgov,1,3,-1,64468,67125,63781,62750,64187,67125,21638,9956,5235,1.36625,19.0325,26,1,11116616829391,21638,9973,5235
11116904555793,1728000,729600,1728000,schedutil,1020000000,306000000,1020000000,nvhost_podgov,1,3,-1,64125,67468,64000,62687,64093,67468,21638,9995,5235,1.4125,19.0375,26.89,1,11116616829391,21638,9973,5235
11117004574673,1728000,729600,1728000,schedutil,1020000000,306000000,1020000000,nvhost_podgov,1,3,-1,64218,67218,63968,62968,64062,67218,21638,9956,5235,1.3775,19.04,25.18,1,11116616829391,21638,9973,5235
11117104573265,1728000,729600,1728000,schedutil,1020000000,306000000,1020000000,nvhost_podgov,1,3,-1,64250,67125,63968,62843,64031,67125,21677,9995,5235,1.4425,19.0338,27.46,1,11116616829391,21638,9973,5235
11117204572817,1728000,729600,1728000,schedutil,1020000000,306000000,1020000000,nvhost_podgov,1,3,-1,64093,67218,63875,62906,64031,67218,21638,9956,5235,1.43,19.03,27.21,1,11116616829391,21638,9973,5235
11117304570545,1728000,729600,1728000,schedutil,1020000000,306000000,1020000000,nvhost_podgov,1,3,-1,64250,67250,63843,62843,64000,67250,21599,9956,5235,1.4075,19.0338,27.12,1,11116616829391,21638,9973,5235
11117404562129,1728000,729600,1728000,schedutil,1020000000,306000000,1020000000,nvhost_podgov,1,3,-1,64218,67187,63937,62812,64000,67187,21599,9995,5235,1.40625,19.0463,26.77,1,11116616829391,21638,9973,5235
11117504557521,1728000,729600,1728000,schedutil,1020000000,306000000,1020000000,nvhost_podgov,1,3,-1,64125,67218,63906,62781,64000,67218,21599,9995,5235,1.37375,19.0388,26.15,1,11116616829391,21638,9973,5235
11117604564914,1728000,729600,1728000,schedutil,1020000000,306000000,1020000000,nvhost_podgov,1,3,-1,64625,67156,63843,62812,64062,67156,21677,9995,5235,1.44125,18.995,27.38,1,11116616829391,21638,9973,5235
11117704569330,1728000,729600,1728000,schedutil,1020000000,306000000,1020000000,nvhost_podgov,1,3,-1,64218,67343,63812,62781,64093,67343,21716,10033,5274,1.3475,19.0375,26.51,1,11117617528160,21638,9995,5235
11117804561810,1728000,729600,1728000,schedutil,1020000000,306000000,1020000000,nvhost_podgov,1,3,-1,64250,67281,64062,62750,64062,67281,21716,10033,5274,1.34875,19.025,25.66,1,11117617528160,21638,9995,5235
11117904564818,1728000,729600,1728000,schedutil,1020000000,306000000,1020000000,nvhost_podgov,1,3,-1,64343,67281,63937,62875,64000,67281,21716,10072,5274,1.41875,19.0113,26.97,1,11117617528160,21638,9995,5235
11118004561810,1728000,729600,1728000,schedutil,1020000000,306000000,1020000000,nvhost_podgov,1,3,-1,64187,67250,63968,62812,64000,67406,21716,10072,5274,1.37125,19.0225,25.73,1,11117617528160,21638,9995,5235
11118104560882,1728000,729600,1728000,schedutil,1020000000,306000000,1020000000,nvhost_podgov,1,3,-1,64281,67343,63906,62812,64062,67343,21754,10072,5274,1.355,19.015,25.77,1,11117617528160,21638,9995,5235
11118204561938,1728000,729600,1728000,schedutil,1020000000,306000000,1020000000,nvhost_podgov,1,3,-1,64156,67312,63937,62812,64062,67312,21793,10072,5274,1.37875,19.0225,26.23,1,11117617528160,21638,9995,5235
11118304559922,1728000,729600,1728000,schedutil,1020000000,306000000,1020000000,nvhost_podgov,1,3,-1,64125,67406,63875,62781,64000,67406,21754,10033,5274,1.3975,19.035,26.15,1,11117617528160,21638,9995,5235
11118404558130,1728000,729600,1728000,schedutil,1020000000,306000000,1020000000,nvhost_podgov,1,3,-1,64187,67375,63906,62812,64093,67375,21677,9995,5274,1.38,19.0325,26.24,1,11117617528160,21638,9995,5235
11118504555794,1728000,729600,1728000,schedutil,1020000000,306000000,1020000000,nvhost_podgov,1,3,-1,64093,67218,63812,62781,64062,67218,21638,9956,5235,1.355,19.0225,25.78,1,11117617528160,21638,9995,5235
11118604574482,1728000,729600,1728000,schedutil,1020000000,306000000,1020000000,nvhost_podgov,1,3,-1,64531,67437,63843,62750,64093,67437,21638,9995,5235,1.49625,19.0263,26.5,1,11117617528160,21638,9995,5235
11118704561138,1728000,729600,1728000,schedutil,1020000000,306000000,1020000000,nvhost_podgov,1,3,-1,64531,67218,64093,62812,64125,67218,21716,10033,5235,1.4,19,27.41,1,11118618059981,21638,9956,5235
11118804572402,1728000,729600,1728000,schedutil,1020000000,306000000,1020000000,nvhost_podgov,1,3,-1,64156,67343,64031,62906,64093,67218,21716,10033,5235,1.33875,19.0138,25.46,1,11118618059981,21638,9956,5235
11118904569650,1728000,729600,1728000,schedutil,1020000000,306000000,1020000000,nvhost_podgov,1,3,-1,64125,67187,63968,62843,64062,67187,21716,10072,5274,1.40375,19.0287,26.71,1,11118618059981,21638,9956,5235
11119004563986,1728000,729600,1728000,schedutil,1020000000,306000000,1020000000,nvhost_podgov,1,3,-1,64218,67531,63875,62812,64093,67531,21677,10033,5235,1.38625,19.02,25.65,1,11118618059981,21638,9956,5235
11119104563218,1728000,729600,1728000,schedutil,1020000000,306000000,1020000000,nvhost_podgov,1,3,-1,64187,67218,63875,62812,64031,67218,21638,9995,5235,1.335,19.0237,25.4,1,11118618059981,21638,9956,5235
11119204560690,1728000,729600,1728000,schedutil,1020000000,306000000,1020000000,nvhost_podgov,1,3,-1,64250,67187,63875,62812,64031,67187,21638,9995,5235,1.45375,19.025,27.66,1,11118618059981,21638,9956,5235
11119304565938,1728000,729600,1728000,schedutil,1020000000,306000000,1020000000,nvhost_podgov,1,3,-1,64156,67562,63843,62812,64125,67562,21599,9995,5235,1.505,19.0162,26.38,1,11118618059981,21638,9956,5235
11119404562065,1728000,729600,1728000,schedutil,1020000000,306000000,1020000000,nvhost_podgov,1,3,-1,64375,67218,63906,62812,64125,67218,21677,9995,5274,1.4625,19.0237,27.83,1,11118618059981,21638,9956,5235
11119504562513,1728000,729600,1728000,schedutil,1020000000,306000000,1020000000,nvhost_podgov,1,3,-1,64468,67218,64031,62968,64156,67218,21677,9995,5274,1.3775,19.0237,26.2,1,11118618059981,21638,9956,5235
11119604561201,1728000,729600,1728000,schedutil,1020000000,306000000,1020000000,nvhost_podgov,1,3,-1,64531,67218,64000,62937,64093,67218,21716,10033,5274,1.42125,19.0237,27.03,1,11118618059981,21638,9956,5235
11119704574417,1728000,729600,1728000,schedutil,1020000000,306000000,1020000000,nvhost_podgov,1,3,-1,64250,67250,64031,62968,64093,67250,21716,10033,5274,1.3225,19.05,25.29,1,11119619200807,21677,10033,5274
11119804573297,1728000,729600,1728000,schedutil,1020000000,306000000,1020000000,nvhost_podgov,1,3,-1,64187,67250,63906,62906,64031,67250,21716,10033,5274,1.3775,19.06,26.25,1,11119619200807,21677,10033,5274
11119904575409,1728000,729600,1728000,schedutil,1020000000,306000000,1020000000,nvhost_podgov,1,3,-1,64156,67343,63937,62843,64187,67343,21716,10072,5274,1.3275,19.0375,25.27,1,11119619200807,21677,10033,5274
11120004552049,1728000,729600,1728000,schedutil,1020000000,306000000,1020000000,nvhost_podgov,1,3,-1,64218,67281,63937,62875,64062,67281,21716,10033,5235,1.35625,19.0375,25.96,1,11119619200807,21677,10033,5274
11120104564241,1728000,729600,1728000,schedutil,1020000000,306000000,1020000000,nvhost_podgov,1,3,-1,64281,67312,63843,62812,64125,67312,21677,10033,5235,1.35375,19.0463,25.78,1,11119619200807,21677,10033,5274
11120204564657,1728000,729600,1728000,schedutil,1020000000,306000000,1020000000,nvhost_podgov,1,3,-1,64312,67343,63968,62875,64125,67343,21638,9995,5235,1.39625,19.0275,26.57,1,11119619200807,21677,10033,5274
11120304557777,1728000,729600,1728000,schedutil,1020000000,306000000,1020000000,nvhost_podgov,1,3,-1,64281,67312,64062,63031,64093,67312,21599,9995,5235,1.42375,19.0575,24.73,1,11119619200807,21677,10033,5274
11120404560913,1728000,729600,1728000,schedutil,1020000000,306000000,1020000000,nvhost_podgov,1,3,-1,64281,67343,64062,62875,64218,67343,21638,10033,5235,1.41,19.03,26.83,1,11119619200807,21677,10033,5274
11120504554672,1728000,729600,1728000,schedutil,1020000000,306000000,1020000000,nvhost_podgov,1,3,-1,64343,67437,64031,62875,64062,67437,21638,9995,5274,1.3575,19.035,25.84,1,11119619200807,21677,10033,5274
11120604559568,1728000,729600,1728000,schedutil,1020000000,306000000,1020000000,nvhost_podgov,1,3,-1,64531,67406,64062,62875,64156,67406,21754,10111,5274,1.2975,19.005,24.69,1,11119619200807,21677,10033,5274
11120704575472,1728000,729600,1728000,schedutil,1020000000,306000000,1020000000,nvhost_podgov,1,3,-1,64281,67593,63968,62875,64125,67593,21754,10111,5274,1.32,19.0525,25.15,1,11120622485971,21754,10072,5274
11120804562064,1728000,729600,1728000,schedutil,1020000000,306000000,1020000000,nvhost_podgov,1,3,-1,64218,67500,63906,62843,64093,67500,21754,10072,5274,1.415,19.0325,26.93,1,11120622485971,21754,10072,5274
11120904563184,1728000,729600,1728000,schedutil,1020000000,306000000,1020000000,nvhost_podgov,1,3,-1,64312,67531,63968,62812,64062,67531,21754,10111,5274,1.33125,19.0113,26.52,1,11120622485971,21754,10072,5274
11121004568080,1728000,729600,1728000,schedutil,1020000000,306000000,1020000000,nvhost_podgov,1,3,-1,64437,67625,63937,62812,64093,67625,21793,10149,5274,1.4075,19.0312,25.1,1,11120622485971,21754,10072,5274
11121104570384,1728000,729600,1728000,schedutil,1020000000,306000000,1020000000,nvhost_podgov,1,3,-1,64312,67625,64062,62812,64156,67625,21793,10111,5274,1.4925,19.0463,28.43,1,11120622485971,21754,10072,5274
11121204560559,1728000,729600,1728000,schedutil,1020000000,306000000,1020000000,nvhost_podgov,1,3,-1,64375,67500,64000,62968,64125,67500,21793,10111,5274,1.3875,19.0475,26.43,1,11120622485971,21754,10072,5274
11121304551535,1728000,729600,1728000,schedutil,1020000000,306000000,1020000000,nvhost_podgov,1,3,-1,64437,67281,64031,63000,64062,67281,21754,10111,5274,1.38125,19.0275,26.55,1,11120622485971,21754,10072,5274
11121404558223,1728000,729600,1728000,schedutil,1020000000,306000000,1020000000,nvhost_podgov,1,3,-1,64281,67562,64093,63000,64125,67562,21754,10072,5274,1.32,19.0413,25.14,1,11120622485971,21754,10072,5274
11121504554959,1728000,729600,1728000,schedutil,1020000000,306000000,1020000000,nvhost_podgov,1,3,-1,64281,67500,63937,62875,64062,67281,21716,10072,5274,1.4225,19.055,27.11,1,11120622485971,21754,10072,5274
11121604561903,1728000,729600,1728000,schedutil,1020000000,306000000,1020000000,nvhost_podgov,1,3,-1,64437,67250,63968,62906,64093,67250,21754,10072,5274,1.4425,19.0087,27.42,1,11120622485971,21754,10072,5274
11121704570766,1728000,729600,1728000,schedutil,1020000000,306000000,1020000000,nvhost_podgov,1,3,-1,64375,67625,63906,62875,64187,67625,21754,10072,5274,1.4275,19.0463,27.19,1,11121621268085,21716,10072,5274
11121804568622,1728000,729600,1728000,schedutil,1020000000,306000000,1020000000,nvhost_podgov,1,3,-1,64500,67218,64031,62875,64218,67218,21677,10072,5274,1.3425,19.0263,25.55,1,11121621268085,21716,10072,5274
11121904570382,1728000,729600,1728000,schedutil,1020000000,306000000,1020000000,nvhost_podgov,1,3,-1,64250,67312,64031,62937,64156,67312,21677,10033,5235,1.39875,19.025,26.42,1,11121621268085,21716,10072,5274
11122004568366,1728000,729600,1728000,schedutil,1020000000,306000000,1020000000,nvhost_podgov,1,3,-1,64562,67312,64062,62937,64281,67312,21677,10033,5235,1.46125,19.02,27.79,1,11121621268085,21716,10072,5274
11122104577166,1728000,729600,1728000,schedutil,1020000000,306000000,1020000000,nvhost_podgov,1,3,-1,64468,67406,64031,62968,64093,67406,21754,10072,5274,1.42,19.05,27.05,1,11121621268085,21716,10072,5274
11122204566605,1728000,729600,1728000,schedutil,1020000000,306000000,1020000000,nvhost_podgov,1,3,-1,64343,67281,64062,63000,64156,67281,21716,10072,5274,1.4675,18.9962,25.08,1,11121621268085,21716,10072,5274
11122304561677,1728000,729600,1728000,schedutil,1020000000,306000000,1020000000,nvhost_podgov,1,3,-1,64343,67437,63968,62875,64187,67437,21716,10072,5274,1.42625,19.035,27.15,1,11121621268085,21716,10072,5274
11122404563693,1728000,729600,1728000,schedutil,1020000000,306000000,1020000000,nvhost_podgov,1,3,-1,64187,67375,63937,62937,64187,67375,21754,10111,5274,1.3725,19.0237,26.11,1,11121621268085,21716,10072,5274
11122504551596,1728000,729600,1728000,schedutil,1020000000,306000000,1020000000,nvhost_podgov,1,3,-1,64281,67593,64031,62906,64125,67593,21793,10111,5274,1.3225,19.045,25.19,1,11121621268085,21716,10072,5274
11122604563468,1728000,729600,1728000,schedutil,1020000000,306000000,1020000000,nvhost_podgov,1,3,-1,64531,67468,64000,62875,64187,67468,21793,10111,5274,1.3825,19.0063,26.28,1,11121621268085,21716,10072,5274
11122704567916,1728000,729600,1728000,schedutil,1020000000,306000000,1020000000,nvhost_podgov,1,3,-1,64312,67437,64031,62843,64312,67437,21910,10188,5274,1.43125,19.0425,27.25,1,11122621955266,21871,10149,5274
11122804570636,1728000,729600,1728000,schedutil,1020000000,306000000,1020000000,nvhost_podgov,1,3,-1,64468,67531,63937,62843,64187,67531,21949,10226,5313,1.52125,19.0188,28.93,1,11122621955266,21871,10149,5274
11122904566379,1728000,729600,1728000,schedutil,1020000000,306000000,1020000000,nvhost_podgov,1,3,-1,64500,67687,64093,63000,64250,67687,22026,10265,5313,1.35875,19.02,28.76,1,11122621955266,21871,10149,5274
11123004566859,1728000,729600,1728000,schedutil,1020000000,306000000,1020000000,nvhost_podgov,1,3,-1,64375,67468,64062,62968,64187,67468,22104,10304,5313,1.465,19.0113,27.85,1,11122621955266,21871,10149,5274
11123104564939,1728000,729600,1728000,schedutil,1020000000,306000000,1020000000,nvhost_podgov,1,3,-1,64250,67531,64031,63000,64218,67531,22104,10342,5313,1.5,19.005,28.51,1,11122621955266,21871,10149,5274
11123204562026,1728000,729600,1728000,schedutil,1020000000,306000000,1020000000,nvhost_podgov,1,3,-1,64250,67656,64062,62906,64250,67656,22143,10381,5313,1.3975,19.0212,27.53,1,11122621955266,21871,10149,5274
11123304561098,1728000,729600,1728000,schedutil,1020000000,306000000,1020000000,nvhost_podgov,1,3,-1,64625,67562,63968,62937,64250,67562,22143,10342,5313,1.48875,19.0162,26.15,1,11122621955266,21871,10149,5274
11123404557738,1728000,729600,1728000,schedutil,1020000000,306000000,1020000000,nvhost_podgov,1,3,-1,64437,67343,64062,62937,64187,67343,22104,10304,5313,1.49125,19.0287,28.38,1,11122621955266,21871,10149,5274
11123504556105,1728000,729600,1728000,schedutil,1020000000,306000000,1020000000,nvhost_podgov,1,3,-1,64281,67687,64031,62937,64250,67687,22026,10265,5313,1.415,19.0525,26.91,1,11122621955266,21871,10149,5274
11123604564745,1728000,729600,1728000,schedutil,1020000000,306000000,1020000000,nvhost_podgov,1,3,-1,64750,67531,64062,62937,64312,67531,22026,10265,5313,1.4175,19.0038,26.94,1,11122621955266,21871,10149,5274
11123704563977,1728000,729600,1728000,schedutil,1020000000,306000000,1020000000,nvhost_podgov,1,3,-1,64625,67375,64125,63093,64312,67375,21987,10226,5274,1.47125,19.015,27.98,1,11123622729713,21949,10226,5274
11123804567016,1728000,729600,1728000,schedutil,1020000000,306000000,1020000000,nvhost_podgov,1,3,-1,64500,67625,64187,63031,64218,67625,21949,10226,5274,1.3925,19.04,26.51,1,11123622729713,21949,10226,5274
11123904563464,1728000,729600,1728000,schedutil,1020000000,306000000,1020000000,nvhost_podgov,1,3,-1,64468,67593,64062,62968,64250,67593,21832,10188,5274,1.31125,19.05,26.6,1,11123622729713,21949,10226,5274
11124004565352,1728000,729600,1728000,schedutil,1020000000,306000000,1020000000,nvhost_podgov,1,3,-1,64343,67406,64093,62906,64218,67406,21793,10111,5274,1.38875,19.0375,26.43,1,11123622729713,21949,10226,5274
11124104564007,1728000,729600,1728000,schedutil,1020000000,306000000,1020000000,nvhost_podgov,1,3,-1,64281,67375,64062,62906,64187,67375,21754,10111,5274,1.3725,19.0113,26.1,1,11123622729713,21949,10226,5274
11124204564039,1728000,729600,1728000,schedutil,1020000000,306000000,1020000000,nvhost_podgov,1,3,-1,64312,67375,64062,62906,64218,67375,21754,10111,5274,1.4375,19.0388,25.75,1,11123622729713,21949,10226,5274
11124304565575,1728000,729600,1728000,schedutil,1020000000,306000000,1020000000,nvhost_podgov,1,3,-1,64531,67375,64093,62875,64187,67375,21754,10072,5274,1.3875,19.0162,26.38,1,11123622729713,21949,10226,5274
11124404551014,1728000,729600,1728000,schedutil,1020000000,306000000,1020000000,nvhost_podgov,1,3,-1,64500,67343,64031,62968,64281,67343,21754,10072,5274,1.3675,19.0362,26.04,1,11123622729713,21949,10226,5274
11124504562310,1728000,729600,1728000,schedutil,1020000000,306000000,1020000000,nvhost_podgov,1,3,-1,64343,67375,64187,62937,64218,67375,21754,10072,5274,1.365,19.03,25.97,1,11123622729713,21949,10226,5274
11124604567269,1728000,729600,1728000,schedutil,1020000000,306000000,1020000000,nvhost_podgov,1,3,-1,64531,67468,64125,63093,64312,67468,21716,10033,5274,1.41375,19.0125,26.88,1,11123622729713,21949,10226,5274
11124704571013,1728000,729600,1728000,schedutil,1020000000,306000000,1020000000,nvhost_podgov,1,3,-1,64250,67375,64093,63031,64250,67375,21754,10072,5274,1.36875,19.0162,26.02,1,11124624033260,21716,10033,5274
11124804565733,1728000,729600,1728000,schedutil,1020000000,306000000,1020000000,nvhost_podgov,1,3,-1,64437,67500,64093,63000,64187,67500,21716,10033,5274,1.3425,19.0562,25.59,1,11124624033260,21716,10033,5274
11124904568164,1728000,729600,1728000,schedutil,1020000000,306000000,1020000000,nvhost_podgov,1,3,-1,64375,67312,64031,62968,64250,67312,21716,10033,5274,1.35625,19.045,26.93,1,11124624033260,21716,10033,5274
11125004558403,1728000,729600,1728000,schedutil,1020000000,306000000,1020000000,nvhost_podgov,1,3,-1,64312,67593,64093,62937,64281,67593,21677,10033,5235,1.34375,19.0562,25.61,1,11124624033260,21716,10033,5274
11125104564643,1728000,729600,1728000,schedutil,1020000000,306000000,1020000000,nvhost_podgov,1,3,-1,64500,67437,64031,62968,64281,67437,21638,9995,5235,1.38875,19.04,26.45,1,11124624033260,21716,10033,5274
11125204562531,1728000,729600,1728000,schedutil,1020000000,306000000,1020000000,nvhost_podgov,1,3,-1,64531,67468,64062,62937,64250,67468,21638,9995,5235,1.3325,19.04,25.75,1,11124624033260,21716,10033,5274
11125304556066,1728000,729600,1728000,schedutil,1020000000,306000000,1020000000,nvhost_podgov,1,3,-1,64468,67531,64062,62968,64218,67531,21599,10011,5235,1.33625,19.05,25.46,1,11124624033260,21716,10033,5274
11125404545665,1728000,729600,1728000,schedutil,1020000000,306000000,1020000000,nvhost_podgov,1,3,-1,64312,67531,64187,62937,64218,67531,21599,9995,5235,1.35625,19.005,25.78,1,11124624033260,21716,10033,5274
11125504562273,1728000,729600,1728000,schedutil,1020000000,306000000,1020000000,nvhost_podgov,1,3,-1,64281,67500,64093,63031,64218,67500,21599,9995,5235,1.355,19.0562,26.3,1,11124624033260,21716,10033,5274
11125604560609,1728000,729600,1728000,schedutil,1020000000,306000000,1020000000,nvhost_podgov,1,3,-1,64562,67625,64187,63093,64250,67625,21599,9995,5235,1.4675,19.0388,27.94,1,11124624033260,21716,10033,5274
11125704566081,1728000,729600,1728000,schedutil,1020000000,306000000,1020000000,nvhost_podgov,1,3,-1,64281,67437,64031,63031,64343,67437,21716,10033,5274,1.4175,19.035,26.98,1,11125625136545,21677,10033,5235
11125804569664,1728000,729600,1728000,schedutil,1020000000,306000000,1020000000,nvhost_podgov,1,3,-1,64406,67343,64093,62968,64187,67343,21677,10033,5274,1.33375,19.0437,25.4,1,11125625136545,21677,10033,5235
11125904558367,1728000,729600,1728000,schedutil,1020000000,306000000,1020000000,nvhost_podgov,1,3,-1,64625,67656,64062,62937,64156,67656,21638,9995,5235,1.3625,19.0375,25.93,1,11125625136545,21677,10033,5235
11126004553855,1728000,729600,1728000,schedutil,1020000000,306000000,1020000000,nvhost_podgov,1,3,-1,64375,67625,64062,63000,64218,67625,21638,9995,5235,1.345,19.0138,25.57,1,11125625136545,21677,10033,5235
11126104559966,1728000,729600,1728000,schedutil,1020000000,306000000,1020000000,nvhost_podgov,1,3,-1,64500,67312,64062,62937,64281,67312,21638,9995,5235,1.355,19.0362,25.79,1,11125625136545,21677,10033,5235
11126204558846,1728000,729600,1728000,schedutil,1020000000,306000000,1020000000,nvhost_podgov,1,3,-1,64437,67718,64062,62937,64218,67718,21599,9995,5235,1.35875,19.0575,25.95,1,11125625136545,21677,10033,5235
11126304564414,1728000,729600,1728000,schedutil,1020000000,306000000,1020000000,nvhost_podgov,1,3,-1,64437,67625,64093,63062,64312,67625,21560,9956,5235,1.32125,19.04,25.15,1,11125625136545,21677,10033,5235
11126404544797,1728000,729600,1728000,schedutil,1020000000,306000000,1020000000,nvhost_podgov,1,3,-1,64343,67406,64093,63125,64218,67406,21560,9973,5235,1.3875,19.0087,25.06,1,11125625136545,21677,10033,5235
11126504558556,1728000,729600,1728000,schedutil,1020000000,306000000,1020000000,nvhost_podgov,1,3,-1,64281,67281,64156,63031,64312,67281,21560,9973,5235,1.36,19.0287,25.88,1,11125625136545,21677,10033,5235
11126604561436,1728000,729600,1728000,schedutil,1020000000,306000000,1020000000,nvhost_podgov,1,3,-1,64656,67656,64093,63031,64281,67656,21560,9956,5235,1.37375,19.035,26.15,1,11125625136545,21677,10033,5235
11126704564155,1728000,729600,1728000,schedutil,1020000000,306000000,1020000000,nvhost_podgov,1,3,-1,64593,67531,64031,63000,64250,67531,21638,10033,5235,1.34,19.0312,25.5,1,11126627698104,21599,9995,5235
11126804566299,1728000,729600,1728000,schedutil,1020000000,306000000,1020000000,nvhost_podgov,1,3,-1,64437,67468,64187,63000,64312,67468,21638,9995,5274,1.3275,19.035,26.54,1,11126627698104,21599,9995,5235
11126904561658,1728000,729600,1728000,schedutil,1020000000,306000000,1020000000,nvhost_podgov,1,3,-1,64500,67531,64062,63031,64281,67531,21677,10033,5274,1.3275,19.0237,25.27,1,11126627698104,21599,9995,5235
11127004566330,1728000,729600,1728000,schedutil,1020000000,306000000,1020000000,nvhost_podgov,1,3,-1,64500,67468,64062,62968,64343,67468,21716,10072,5274,1.49625,19.0287,28.47,1,11126627698104,21599,9995,5235
11127104577209,1728000,729600,1728000,schedutil,1020000000,306000000,1020000000,nvhost_podgov,1,3,-1,64531,67468,64187,63093,64343,67468,21793,10111,5274,1.375,19.0263,26.16,1,11126627698104,21599,9995,5235
11127204562424,1728000,729600,1728000,schedutil,1020000000,306000000,1020000000,nvhost_podgov,1,3,-1,64500,67468,64156,63031,64281,67468,21754,10072,5274,1.2975,19.0388,25.42,1,11126627698104,21599,9995,5235
11127304560760,1728000,729600,1728000,schedutil,1020000000,306000000,1020000000,nvhost_podgov,1,3,-1,64500,67531,64093,63062,64343,67531,21754,10072,5274,1.44,19.0075,27.37,1,11126627698104,21599,9995,5235
11127404584984,1728000,729600,1728000,schedutil,1020000000,306000000,1020000000,nvhost_podgov,1,3,-1,64562,67625,64062,63062,64312,67625,21793,10072,5274,1.41,19.0587,26,1,11126627698104,21599,9995,5235
11127504569783,1728000,729600,1728000,schedutil,1020000000,306000000,1020000000,nvhost_podgov,1,3,-1,64343,67562,64156,62968,64281,67562,21793,10072,5274,1.3625,19.045,25.92,1,11126627698104,21599,9995,5235
11127604561238,1728000,729600,1728000,schedutil,1020000000,306000000,1020000000,nvhost_podgov,1,3,-1,64593,67500,64062,63031,64375,67500,21754,10072,5274,1.4775,19.0162,28.1,1,11126627698104,21599,9995,5235
11127704575862,1728000,729600,1728000,schedutil,1020000000,306000000,1020000000,nvhost_podgov,1,3,-1,64531,67625,64062,63000,64437,67625,21793,10111,5274,1.36875,19.0237,26.04,1,11127627900951,21754,10072,5274
11127804571445,1728000,729600,1728000,schedutil,1020000000,306000000,1020000000,nvhost_podgov,1,3,-1,64531,67625,64062,62968,64343,67625,21754,10072,5274,1.32125,19.0325,26.65,1,11127627900951,21754,10072,5274
11127904572405,1728000,729600,1728000,schedutil,1020000000,306000000,1020000000,nvhost_podgov,1,3,-1,64437,67531,64281,63156,64312,67531,21716,10033,5235,1.39375,19.035,26.54,1,11127627900951,21754,10072,5274
11128004571540,1728000,729600,1728000,schedutil,1020000000,306000000,1020000000,nvhost_podgov,1,3,-1,64562,67687,64218,63156,64312,67687,21677,10033,5235,1.3525,19.0338,25.74,1,11127627900951,21754,10072,5274
11128104560115,1728000,729600,1728000,schedutil,1020000000,306000000,1020000000,nvhost_podgov,1,3,-1,64437,67625,64093,63125,64343,67625,21677,9995,5235,1.36875,19.0413,25.54,1,11127627900951,21754,10072,5274
11128204563698,1728000,729600,1728000,schedutil,1020000000,306000000,1020000000,nvhost_podgov,1,3,-1,64500,67562,64156,63031,64281,67562,21638,9956,5235,1.38625,19.0425,25.89,1,11127627900951,21754,10072,5274
11128304548881,1728000,729600,1728000,schedutil,1020000000,306000000,1020000000,nvhost_podgov,1,3,-1,64343,67781,64125,63031,64312,67781,21638,9956,5235,1.36,19.0338,25.88,1,11127627900951,21754,10072,5274
11128404563025,1728000,729600,1728000,schedutil,1020000000,306000000,1020000000,nvhost_podgov,1,3,-1,64312,67375,64187,63062,64312,67375,21638,9956,5235,1.42375,19.0237,27.09,1,11127627900951,21754,10072,5274
11128504566289,1728000,729600,1728000,schedutil,1020000000,306000000,1020000000,nvhost_podgov,1,3,-1,64500,67500,64125,63062,64312,67500,21599,9956,5235,1.42875,19.0175,27.18,1,11127627900951,21754,10072,5274
11128604563024,1728000,729600,1728000,schedutil,1020000000,306000000,1020000000,nvhost_podgov,1,3,-1,64750,67437,64156,63000,64406,67437,21599,9918,5235,1.44,19.025,27.39,1,11127627900951,21754,10072,5274
11128704571183,1728000,729600,1728000,schedutil,1020000000,306000000,1020000000,nvhost_podgov,1,3,-1,64625,67656,64125,62968,64343,67656,21638,10033,5235,1.37125,19.015,26.62,1,11128627805679,21599,9956,5235
11128804569167,1728000,729600,1728000,schedutil,1020000000,306000000,1020000000,nvhost_podgov,1,3,-1,64562,67437,64187,63156,64343,67437,21677,10033,5235,1.36625,19.045,26.45,1,11128627805679,21599,9956,5235
11128904560366,1728000,729600,1728000,schedutil,1020000000,306000000,1020000000,nvhost_podgov,1,3,-1,64562,67468,64218,63187,64375,67468,21638,10033,5235,1.335,19.0325,25.41,1,11128627805679,21599,9956,5235
11129004568397,1728000,729600,1728000,schedutil,1020000000,306000000,1020000000,nvhost_podgov,1,3,-1,64468,67750,64156,63093,64375,67750,21677,10033,5274,1.355,19.0275,25.78,1,11128627805679,21599,9956,5235
11129104562956,1728000,729600,1728000,schedutil,1020000000,306000000,1020000000,nvhost_podgov,1,3,-1,64562,67531,64156,63093,64375,67531,21638,9995,5235,1.3725,19.0463,27.74,1,11128627805679,21599,9956,5235
11129204568908,1728000,729600,1728000,schedutil,1020000000,306000000,1020000000,nvhost_podgov,1,3,-1,64468,67531,64156,63093,64312,67531,21638,9995,5235,1.4275,19.0413,27.19,1,11128627805679,21599,9956,5235
11129304545739,1728000,729600,1728000,schedutil,1020000000,306000000,1020000000,nvhost_podgov,1,3,-1,64437,67593,64187,63062,64312,67593,21599,9995,5235,1.43625,19.02,26.06,1,11128627805679,21599,9956,5235
11129404556618,1728000,729600,1728000,schedutil,1020000000,306000000,1020000000,nvhost_podgov,1,3,-1,64500,67500,64093,63125,64343,67500,21599,9995,5235,1.37625,19.0275,26.18,1,11128627805679,21599,9956,5235
11129504567146,1728000,729600,1728000,schedutil,1020000000,306000000,1020000000,nvhost_podgov,1,3,-1,64562,67500,64062,63000,64343,67500,21599,9956,5235,1.39625,19.015,26.16,1,11128627805679,21599,9956,5235
11129604689324,1728000,729600,1728000,schedutil,1020000000,306000000,1020000000,nvhost_podgov,1,3,-1,64812,67625,64281,63187,64406,67625,21599,9995,5235,1.4825,19.0113,28.19,1,11128627805679,21599,9956,5235
11129704570472,1728000,729600,1728000,schedutil,1020000000,306000000,1020000000,nvhost_podgov,1,3,-1,64406,67625,64281,63187,64343,67625,21716,10072,5274,1.38375,19.0188,26.32,1,11129629392205,21677,10033,5274
11129804570119,1728000,729600,1728000,schedutil,1020000000,306000000,1020000000,nvhost_podgov,1,3,-1,64593,67593,64218,63156,64312,67593,21793,10111,5274,1.40625,19.0175,26.38,1,11129629392205,21677,10033,5274
11129904565543,1728000,729600,1728000,schedutil,1020000000,306000000,1020000000,nvhost_podgov,1,3,-1,64406,67656,64156,63187,64343,67656,21832,10111,5274,1.4075,19.0188,26.77,1,11129629392205,21677,10033,5274
11130004569222,1728000,729600,1728000,schedutil,1020000000,306000000,1020000000,nvhost_podgov,1,3,-1,64531,67656,64156,63125,64406,67656,21832,10111,5274,1.345,19.0375,25.6,1,11129629392205,21677,10033,5274
11130104562117,1728000,729600,1728000,schedutil,1020000000,306000000,1020000000,nvhost_podgov,1,3,-1,64593,67718,64156,63062,64343,67718,21793,10111,5274,1.305,19.0525,25.72,1,11129629392205,21677,10033,5274
11130204557732,1728000,729600,1728000,schedutil,1020000000,306000000,1020000000,nvhost_podgov,1,3,-1,64531,67687,64187,63093,64281,67687,21793,10072,5274,1.42625,19.0237,27.14,1,11129629392205,21677,10033,5274
11130304563363,1728000,729600,1728000,schedutil,1020000000,306000000,1020000000,nvhost_podgov,1,3,-1,64625,67562,64093,63062,64343,67468,21754,10033,5274,1.38375,19.0388,26.34,1,11129629392205,21677,10033,5274
11130404563587,1728000,729600,1728000,schedutil,1020000000,306000000,1020000000,nvhost_podgov,1,3,-1,64531,67750,64281,63187,64343,67750,21754,10033,5274,1.32,19.01,26.45,1,11129629392205,21677,10033,5274
11130504562690,1728000,729600,1728000,schedutil,1020000000,306000000,1020000000,nvhost_podgov,1,3,-1,64500,67718,64281,63281,64375,67718,21754,10033,5274,1.42125,19.0413,25.09,1,11129629392205,21677,10033,5274
11130604562273,1728000,729600,1728000,schedutil,1020000000,306000000,1020000000,nvhost_podgov,1,3,-1,64687,67625,64281,63125,64437,67625,21716,10033,5274,1.40375,19.0012,26.68,1,11129629392205,21677,10033,5274
11130704574720,1728000,729600,1728000,schedutil,1020000000,306000000,1020000000,nvhost_podgov,1,3,-1,64468,67812,64281,63093,64312,67812,21832,10111,5274,1.32625,19.0538,25.27,1,11130629830959,21793,10072,5274
11130804562079,1728000,729600,1728000,schedutil,1020000000,306000000,1020000000,nvhost_podgov,1,3,-1,64468,67781,64218,63187,64375,67781,21793,10111,5274,1.3125,19.0275,26.22,1,11130629830959,21793,10072,5274
11130904562335,1728000,729600,1728000,schedutil,1020000000,306000000,1020000000,nvhost_podgov,1,3,-1,64468,67687,64218,63093,64406,67468,21754,10072,5274,1.32875,19.05,25.32,1,11130629830959,21793,10072,5274
11131004561182,1728000,729600,1728000,schedutil,1020000000,306000000,1020000000,nvhost_podgov,1,3,-1,64437,67406,64250,63125,64375,67406,21677,10033,5274,1.33125,19.0487,25.36,1,11130629830959,21793,10072,5274
11131104566429,1728000,729600,1728000,schedutil,1020000000,306000000,1020000000,nvhost_podgov,1,3,-1,64593,67812,64125,63093,64468,67812,21638,9995,5274,1.33,19.0312,26.82,1,11130629830959,21793,10072,5274
11131204549692,1728000,729600,1728000,schedutil,1020000000,306000000,1020000000,nvhost_podgov,1,3,-1,64718,67531,64343,63156,64343,67531,21677,9995,5235,1.40125,19.0338,26.66,1,11130629830959,21793,10072,5274
11131304563579,1728000,729600,1728000,schedutil,1020000000,306000000,1020000000,nvhost_podgov,1,3,-1,64500,67625,64312,63250,64343,67625,21677,9995,5235,1.3525,19.0312,26.19,1,11130629830959,21793,10072,5274
11131404555610,1728000,729600,1728000,schedutil,1020000000,306000000,1020000000,nvhost_podgov,1,3,-1,64562,67843,64187,63125,64406,67843,21638,9995,5274,1.355,19.0463,24.72,1,11130629830959,21793,10072,5274
11131504555481,1728000,729600,1728000,schedutil,1020000000,306000000,1020000000,nvhost_podgov,1,3,-1,64437,67531,64218,63156,64343,67531,21677,10033,5274,1.35,19.0225,25.69,1,11130629830959,21793,10072,5274
11131604560249,1728000,729600,1728000,schedutil,1020000000,306000000,1020000000,nvhost_podgov,1,3,-1,64687,67500,64250,63125,64375,67500,21677,9995,5274,1.4325,19.0175,27.24,1,11130629830959,21793,10072,5274
11131704578168,1728000,729600,1728000,schedutil,1020000000,306000000,1020000000,nvhost_podgov,1,3,-1,64531,67593,64250,63125,64406,67625,21754,10072,5274,1.32625,19.05,25.36,1,11131631550127,21716,10033,5274
11131804571895,1728000,729600,1728000,schedutil,1020000000,306000000,1020000000,nvhost_podgov,1,3,-1,64593,67593,64156,63093,64375,67593,21754,10072,5274,1.26875,19.0388,26.18,1,11131631550127,21716,10033,5274
11131904561174,1728000,729600,1728000,schedutil,1020000000,306000000,1020000000,nvhost_podgov,1,3,-1,64593,67531,64250,63093,64437,67531,21716,10033,5274,1.315,19.0388,25.04,1,11131631550127,21716,10033,5274
11132004561173,1728000,729600,1728000,schedutil,1020000000,306000000,1020000000,nvhost_podgov,1,3,-1,64656,67718,64187,63062,64468,67718,21716,10072,5274,1.295,19.0325,24.65,1,11131631550127,21716,10033,5274
11132104560148,1728000,729600,1728000,schedutil,1020000000,306000000,1020000000,nvhost_podgov,1,3,-1,64625,67625,64406,63093,64437,67625,21754,10072,5274,1.39625,19.0287,29.24,1,11131631550127,21716,10033,5274
11132204562387,1728000,729600,1728000,schedutil,1020000000,306000000,1020000000,nvhost_podgov,1,3,-1,64687,67750,64250,63281,64406,67750,21754,10111,5274,1.34,19.0475,24.55,1,11131631550127,21716,10033,5274
11132304568019,1728000,729600,1728000,schedutil,1020000000,306000000,1020000000,nvhost_podgov,1,3,-1,64500,67750,64312,63218,64343,67750,21754,10111,5274,1.4,19.04,25.47,1,11131631550127,21716,10033,5274
11132404559634,1728000,729600,1728000,schedutil,1020000000,306000000,1020000000,nvhost_podgov,1,3,-1,64531,67718,64343,63156,64375,67718,21754,10072,5274,1.40875,19.0162,27.43,1,11131631550127,21716,10033,5274
11132504565809,1728000,729600,1728000,schedutil,1020000000,306000000,1020000000,nvhost_podgov,1,3,-1,64500,67625,64250,63093,64406,67625,21716,10072,5274,1.35625,19.0512,25.84,1,11131631550127,21716,10033,5274
11132604577040,1728000,729600,1728000,schedutil,1020000000,306000000,1020000000,nvhost_podgov,1,3,-1,64750,67750,64281,63125,64406,67750,21793,10072,5274,1.385,19.0188,26.34,1,11131631550127,21716,10033,5274
11132704569295,1728000,729600,1728000,schedutil,1020000000,306000000,1020000000,nvhost_podgov,1,3,-1,64718,67656,64312,63062,64343,67656,21793,10111,5274,1.3475,19.02,25.98,1,11132631268383,21793,10111,5274
11132804560398,1728000,729600,1728000,schedutil,1020000000,306000000,1020000000,nvhost_podgov,1,3,-1,64781,67843,64187,63125,64531,67843,21754,10072,5274,1.33875,19.0263,26.42,1,11132631268383,21793,10111,5274
11132904562157,1728000,729600,1728000,schedutil,1020000000,306000000,1020000000,nvhost_podgov,1,3,-1,64593,67781,64187,63031,64406,67781,21716,10072,5274,1.32875,19.06,25.33,1,11132631268383,21793,10111,5274
11133004560428,1728000,729600,1728000,schedutil,1020000000,306000000,1020000000,nvhost_podgov,1,3,-1,64718,67750,64343,63281,64468,67750,21716,10072,5274,1.36875,19.0375,26.06,1,11132631268383,21793,10111,5274
11133104567083,1728000,729600,1728000,schedutil,1020000000,306000000,1020000000,nvhost_podgov,1,3,-1,64656,67500,64312,63281,64375,67500,21638,10033,5274,1.34625,19.0437,25.78,1,11132631268383,21793,10111,5274
11133204543850,1728000,729600,1728000,schedutil,1020000000,306000000,1020000000,nvhost_podgov,1,3,-1,64593,67812,64343,63250,64406,67812,21638,10033,5274,1.4,19.03,25.97,1,11132631268383,21793,10111,5274
11133304568425,1728000,729600,1728000,schedutil,1020000000,306000000,1020000000,nvhost_podgov,1,3,-1,64531,67781,64281,63187,64437,67562,21638,10033,5274,1.43125,19.0437,26.56,1,11132631268383,21793,10111,5274
11133404557256,1728000,729600,1728000,schedutil,1020000000,306000000,1020000000,nvhost_podgov,1,3,-1,64531,67500,64218,63187,64406,67500,21638,9995,5235,1.3675,19.0487,25.81,1,11132631268383,21793,10111,5274
11133504564135,1728000,729600,1728000,schedutil,1020000000,306000000,1020000000,nvhost_podgov,1,3,-1,64625,67812,64187,63187,64406,67812,21638,9995,5235,1.34375,19.05,25.6,1,11132631268383,21793,10111,5274
11133604561222,1728000,729600,1728000,schedutil,1020000000,306000000,1020000000,nvhost_podgov,1,3,-1,64875,67593,64218,63125,64406,67593,21677,10033,5274,1.395,19.0362,27.75,1,11132631268383,21793,10111,5274
11133704564229,1728000,729600,1728000,schedutil,1020000000,306000000,1020000000,nvhost_podgov,1,3,-1,64812,67625,64281,63187,64468,67625,21754,10149,5274,1.4775,19.025,28.19,1,11133621755544,21754,10111,5274
11133804566532,1728000,729600,1728000,schedutil,1020000000,306000000,1020000000,nvhost_podgov,1,3,-1,65000,67656,64406,63093,64531,67656,21832,10188,5274,1.40625,19.015,26.74,1,11133621755544,21754,10111,5274
11133904564195,1728000,729600,1728000,schedutil,1020000000,306000000,1020000000,nvhost_podgov,1,3,-1,64531,67593,64312,63312,64531,67593,21832,10188,5274,1.325,19.0275,25.22,1,11133621755544,21754,10111,5274
11134004559842,1728000,729600,1728000,schedutil,1020000000,306000000,1020000000,nvhost_podgov,1,3,-1,64625,67625,64375,63250,64468,67625,21754,10149,5274,1.39125,19.04,26.75,1,11133621755544,21754,10111,5274
11134104560417,1728000,729600,1728000,schedutil,1020000000,306000000,1020000000,nvhost_podgov,1,3,-1,64593,67656,64312,63250,64406,67656,21716,10111,5274,1.36125,19.0362,25.91,1,11133621755544,21754,10111,5274
11134204573920,1728000,729600,1728000,schedutil,1020000000,306000000,1020000000,nvhost_podgov,1,3,-1,64562,67656,64250,63156,64406,67656,21716,10111,5274,1.41375,19.0375,26.92,1,11133621755544,21754,10111,5274
11134304565087,1728000,729600,1728000,schedutil,1020000000,306000000,1020000000,nvhost_podgov,1,3,-1,64781,67625,64218,63250,64500,67625,21716,10111,5274,1.3725,19.0425,24.83,1,11133621755544,21754,10111,5274
11134404556766,1728000,729600,1728000,schedutil,1020000000,306000000,1020000000,nvhost_podgov,1,3,-1,64656,67750,64250,63187,64468,67750,21716,10072,5274,1.33375,19.0338,26.88,1,11133621755544,21754,10111,5274
11134504565501,1728000,729600,1728000,schedutil,1020000000,306000000,1020000000,nvhost_podgov,1,3,-1,64593,67718,64250,63156,64531,67718,21677,10033,5274,1.29875,19.045,24.73,1,11133621755544,21754,10111,5274
11134604566908,1728000,729600,1728000,schedutil,1020000000,306000000,1020000000,nvhost_podgov,1,3,-1,64750,67625,64281,63343,64500,67625,21677,10033,5235,1.40375,19.0362,26.73,1,11133621755544,21754,10111,5274
11134704567931,1728000,729600,1728000,schedutil,1020000000,306000000,1020000000,nvhost_podgov,1,3,-1,64562,67781,64375,63343,64531,67781,21716,10072,5274,1.40875,19.03,25.5,1,11134634492055,21677,10033,5235
11134804571098,1728000,729600,1728000,schedutil,1020000000,306000000,1020000000,nvhost_podgov,1,3,-1,64593,67718,64281,63250,64406,67718,21754,10072,5274,1.3125,19.0275,24.97,1,11134634492055,21677,10033,5235
11134904561176,1728000,729600,1728000,schedutil,1020000000,306000000,1020000000,nvhost_podgov,1,3,-1,64531,67718,64375,63281,64437,67718,21716,10072,5235,1.4,19.0362,26.65,1,11134634492055,21677,10033,5235
11135004554967,1728000,729600,1728000,schedutil,1020000000,306000000,1020000000,nvhost_podgov,1,3,-1,64656,67781,64375,63250,64375,67781,21677,10033,5274,1.39375,19.0312,27.1,1,11134634492055,21677,10033,5235
11135104565750,1728000,729600,1728000,schedutil,1020000000,306000000,1020000000,nvhost_podgov,1,3,-1,64562,67718,64406,63281,64437,67718,21754,10072,5274,1.35125,19.04,25.73,1,11134634492055,21677,10033,5235
11135204562933,1728000,729600,1728000,schedutil,1020000000,306000000,1020000000,nvhost_podgov,1,3,-1,64593,67937,64437,63218,64343,67937,21754,10072,5274,1.4425,19.0512,27.48,1,11134634492055,21677,10033,5235
11135304567988,1728000,729600,1728000,schedutil,1020000000,306000000,1020000000,nvhost_podgov,1,3,-1,64687,67843,64187,63187,64562,67843,21716,10033,5274,1.30375,19.0237,24.81,1,11134634492055,21677,10033,5235
11135404559507,1728000,729600,1728000,schedutil,1020000000,306000000,1020000000,nvhost_podgov,1,3,-1,64781,67781,64250,63187,64468,67781,21716,10033,5274,1.38625,19.0362,27.2,1,11134634492055,21677,10033,5235
11135504559154,1728000,729600,1728000,schedutil,1020000000,306000000,1020000000,nvhost_podgov,1,3,-1,64625,67593,64468,63156,64500,67593,21716,10072,5274,1.3175,19.0512,25.1,1,11134634492055,21677,10033,5235
11135604553841,1728000,729600,1728000,schedutil,1020000000,306000000,1020000000,nvhost_podgov,1,3,-1,64781,67843,64406,63281,64406,67843,21716,10033,5274,1.3925,19.0225,27.15,1,11134634492055,21677,10033,5235
11135704568688,1728000,729600,1728000,schedutil,1020000000,306000000,1020000000,nvhost_podgov,1,3,-1,64625,67750,64375,63312,64468,67750,21754,10072,5274,1.40375,19.0362,26.2,1,11135636282965,21716,10072,5274
11135804562959,1728000,729600,1728000,schedutil,1020000000,306000000,1020000000,nvhost_podgov,1,3,-1,64562,67625,64312,63218,64500,67625,21677,10072,5274,1.38,19.0263,26.25,1,11135636282965,21716,10072,5274
11135904559341,1728000,729600,1728000,schedutil,1020000000,306000000,1020000000,nvhost_podgov,1,3,-1,64593,67906,64281,63218,64531,67906,21638,10033,5274,1.355,19.0287,25.78,1,11135636282965,21716,10072,5274
11136004556684,1728000,729600,1728000,schedutil,1020000000,306000000,1020000000,nvhost_podgov,1,3,-1,64687,67843,64375,63156,64500,67625,21638,9995,5274,1.40875,19.035,25.84,1,11135636282965,21716,10072,5274
11136104570731,1728000,729600,1728000,schedutil,1020000000,306000000,1020000000,nvhost_podgov,1,3,-1,64718,67593,64281,63156,64468,67593,21638,9995,5235,1.4525,19.035,25.2,1,11135636282965,21716,10072,5274
11136204568202,1728000,729600,1728000,schedutil,1020000000,306000000,1020000000,nvhost_podgov,1,3,-1,64781,67625,64312,63218,64531,67625,21638,9995,5235,1.3875,19.0275,26.41,1,11135636282965,21716,10072,5274
11136304565897,1728000,729600,1728000,schedutil,1020000000,306000000,1020000000,nvhost_podgov,1,3,-1,64687,67718,64343,63187,64468,67718,21677,10033,5274,1.38125,19.0487,26.32,1,11135636282965,21716,10072,5274
11136404561256,1728000,729600,1728000,schedutil,1020000000,306000000,1020000000,nvhost_podgov,1,3,-1,64656,67687,64406,63218,64468,67687,21677,9995,5235,1.3775,19.0188,25.43,1,11135636282965,21716,10072,5274
11136504558534,1728000,729600,1728000,schedutil,1020000000,306000000,1020000000,nvhost_podgov,1,3,-1,64531,67625,64500,63281,64468,67625,21638,9995,5235,1.34625,19.02,25.6,1,11135636282965,21716,10072,5274
11136604556869,1728000,729600,1728000,schedutil,1020000000,306000000,1020000000,nvhost_podgov,1,3,-1,64718,67781,64406,63281,64468,67781,21638,9995,5235,1.39625,19.0375,26.59,1,11135636282965,21716,10072,5274
11136704571844,1728000,729600,1728000,schedutil,1020000000,306000000,1020000000,nvhost_podgov,1,3,-1,64531,67718,64406,63218,64531,67718,21716,10033,5274,1.485,19.0437,25.14,1,11136633600171,21638,9995,5235
11136804567491,1728000,729600,1728000,schedutil,1020000000,306000000,1020000000,nvhost_podgov,1,3,-1,64656,67687,64312,63187,64406,67687,21716,10033,5274,1.3325,19.0225,25.34,1,11136633600171,21638,9995,5235
11136904561218,1728000,729600,1728000,schedutil,1020000000,306000000,1020000000,nvhost_podgov,1,3,-1,64843,67718,64343,63250,64531,67718,21716,10033,5274,1.38625,19.0375,26.39,1,11136633600171,21638,9995,5235
11137004558592,1728000,729600,1728000,schedutil,1020000000,306000000,1020000000,nvhost_podgov,1,3,-1,64625,67750,64375,63218,64500,67750,21754,10072,5274,1.44625,19.0263,27.52,1,11136633600171,21638,9995,5235
11137104566143,1728000,729600,1728000,schedutil,1020000000,306000000,1020000000,nvhost_podgov,1,3,-1,64656,67843,64312,63125,64531,67843,21754,10072,5274,1.41375,19.0437,26.45,1,11136633600171,21638,9995,5235
11137204578782,1728000,729600,1728000,schedutil,1020000000,306000000,1020000000,nvhost_podgov,1,3,-1,64687,67875,64406,63312,64500,67875,21793,10072,5274,1.5025,19.0162,28.57,1,11136633600171,21638,9995,5235
11137304569789,1728000,729600,1728000,schedutil,1020000000,306000000,1020000000,nvhost_podgov,1,3,-1,64656,67750,64406,63281,64468,67750,21871,10149,5313,1.37125,19.0162,28.76,1,11136633600171,21638,9995,5235
11137404561595,1728000,729600,1728000,schedutil,1020000000,306000000,1020000000,nvhost_podgov,1,3,-1,64718,67875,64343,63281,64500,67875,21871,10149,5313,1.395,19.025,26.56,1,11136633600171,21638,9995,5235
11137504560378,1728000,729600,1728000,schedutil,1020000000,306000000,1020000000,nvhost_podgov,1,3,-1,64625,67843,64375,63281,64500,67843,21910,10111,5274,1.39375,19.0463,26.55,1,11136633600171,21638,9995,5235
11137604563225,1728000,729600,1728000,schedutil,1020000000,306000000,1020000000,nvhost_podgov,1,3,-1,64781,67718,64343,63281,64531,67718,21871,10111,5274,1.47375,19.0637,25.57,1,11136633600171,21638,9995,5235
11137704566168,1728000,729600,1728000,schedutil,1020000000,306000000,1020000000,nvhost_podgov,1,3,-1,64875,67937,64312,63250,64531,67937,21910,10149,5274,1.39875,19.03,25,1,11137636377696,21871,10111,5274
11137804565142,1728000,729600,1728000,schedutil,1020000000,306000000,1020000000,nvhost_podgov,1,3,-1,64781,67875,64312,63281,64531,67875,21871,10111,5274,1.38125,19.0475,26.3,1,11137636377696,21871,10111,5274
11137904761018,1728000,729600,1728000,schedutil,1020000000,306000000,1020000000,nvhost_podgov,1,3,-1,64718,67718,64406,63281,64531,67718,21793,10072,5274,1.37125,19.0338,25.34,1,11137636377696,21871,10111,5274
11138004559092,1728000,729600,1728000,schedutil,1020000000,306000000,1020000000,nvhost_podgov,1,3,-1,64781,67968,64531,63406,64531,67968,21754,10033,5274,1.36625,19.045,26,1,11137636377696,21871,10111,5274
11138104571667,1728000,729600,1728000,schedutil,1020000000,306000000,1020000000,nvhost_podgov,1,3,-1,64656,67906,64406,63375,64531,67906,21754,10033,5274,1.3775,19.0375,25.98,1,11137636377696,21871,10111,5274
11138204564369,1728000,729600,1728000,schedutil,1020000000,306000000,1020000000,nvhost_podgov,1,3,-1,64656,67656,64406,63250,64531,67656,21754,10033,5274,1.38625,19.04,26.39,1,11137636377696,21871,10111,5274
11138304557616,1728000,729600,1728000,schedutil,1020000000,306000000,1020000000,nvhost_podgov,1,3,-1,64625,67593,64375,63281,64500,67593,21716,10033,5235,1.4225,19.0113,25.86,1,11137636377696,21871,10111,5274
11138404559375,1728000,729600,1728000,schedutil,1020000000,306000000,1020000000,nvhost_podgov,1,3,-1,64656,67906,64375,63281,64468,67906,21677,9995,5235,1.385,19.0388,26.36,1,11137636377696,21871,10111,5274
11138504564813,1728000,729600,1728000,schedutil,1020000000,306000000,1020000000,nvhost_podgov,1,3,-1,64718,67718,64312,63218,64468,67718,21638,9995,5235,1.44125,19.0388,27.44,1,11137636377696,21871,10111,5274
11138604556652,1728000,729600,1728000,schedutil,1020000000,306000000,1020000000,nvhost_podgov,1,3,-1,64781,67687,64343,63281,64531,67687,21638,9995,5235,1.36375,19.0312,26.41,1,11137636377696,21871,10111,5274
11138704565259,1728000,729600,1728000,schedutil,1020000000,306000000,1020000000,nvhost_podgov,1,3,-1,64906,67968,64406,63187,64562,67718,21677,10072,5235,1.47,19.0338,27.94,1,11138636936448,21638,10033,5235
11138804572010,1728000,729600,1728000,schedutil,1020000000,306000000,1020000000,nvhost_podgov,1,3,-1,64812,67718,64437,63187,64562,67718,21716,10111,5235,1.38375,19.0263,26.33,1,11138636936448,21638,10033,5235
11138904567080,1728000,729600,1728000,schedutil,1020000000,306000000,1020000000,nvhost_podgov,1,3,-1,64750,67687,64468,63343,64500,67687,21716,10072,5235,1.42,19.0275,27.02,1,11138636936448,21638,10033,5235
11139004558791,1728000,729600,1728000,schedutil,1020000000,306000000,1020000000,nvhost_podgov,1,3,-1,64812,67812,64437,63312,64531,67812,21716,10033,5235,1.42125,19.015,27.07,1,11138636936448,21638,10033,5235
11139104569029,1728000,729600,1728000,schedutil,1020000000,306000000,1020000000,nvhost_podgov,1,3,-1,64593,67750,64375,63281,64531,67750,21716,10033,5235,1.375,19.0138,26.64,1,11138636936448,21638,10033,5235
11139204555812,1728000,729600,1728000,schedutil,1020000000,306000000,1020000000,nvhost_podgov,1,3,-1,64625,67718,64500,63281,64500,67718,21677,10033,5235,1.38625,19.025,26.37,1,11138636936448,21638,10033,5235
11139304563907,1728000,729600,1728000,schedutil,1020000000,306000000,1020000000,nvhost_podgov,1,3,-1,64718,67843,64375,63281,64531,67843,21638,10033,5235,1.39625,19.0263,25.47,1,11138636936448,21638,10033,5235
11139404552641,1728000,729600,1728000,schedutil,1020000000,306000000,1020000000,nvhost_podgov,1,3,-1,64531,67718,64468,63281,64500,67718,21638,10033,5235,1.36875,19.02,26.04,1,11138636936448,21638,10033,5235
11139504562816,1728000,729600,1728000,schedutil,1020000000,306000000,1020000000,nvhost_podgov,1,3,-1,64906,67718,64343,63281,64562,67750,21638,9995,5235,1.4625,19.0325,27.84,1,11138636936448,21638,10033,5235
11139604569087,1728000,729600,1728000,schedutil,1020000000,306000000,1020000000,nvhost_podgov,1,3,-1,65031,67781,64343,63187,64531,67781,21638,9995,5235,1.42,19.0237,28.56,1,11138636936448,21638,10033,5235
11139704572509,1728000,729600,1728000,schedutil,1020000000,306000000,1020000000,nvhost_podgov,1,3,-1,64687,67750,64437,63343,64656,67750,21677,10072,5274,1.36875,19.0287,26.02,1,11139638010443,21638,10033,5235
11139804563036,1728000,729600,1728000,schedutil,1020000000,306000000,1020000000,nvhost_podgov,1,3,-1,64843,67843,64437,63468,64625,67843,21677,10033,5274,1.38375,19.0263,26.33,1,11139638010443,21638,10033,5235
11139904566010,1728000,729600,1728000,schedutil,1020000000,306000000,1020000000,nvhost_podgov,1,3,-1,64812,67781,64406,63281,64531,67781,21638,10033,5235,1.375,19.0362,26.24,1,11139638010443,21638,10033,5235
11140004561785,1728000,729600,1728000,schedutil,1020000000,306000000,1020000000,nvhost_podgov,1,3,-1,64718,67656,64468,63312,64562,67656,21638,9995,5235,1.39,19.0613,26.5,1,11139638010443,21638,10033,5235
11140104566520,1728000,729600,1728000,schedutil,1020000000,306000000,1020000000,nvhost_podgov,1,3,-1,64656,67968,64437,63312,64531,67968,21638,9995,5235,1.37625,19.0338,26.19,1,11139638010443,21638,10033,5235
11140204559382,1728000,729600,1728000,schedutil,1020000000,306000000,1020000000,nvhost_podgov,1,3,-1,64562,67906,64500,63312,64562,67906,21638,9995,5235,1.3375,19.0425,25.47,1,11139638010443,21638,10033,5235
11140304571989,1728000,729600,1728000,schedutil,1020000000,306000000,1020000000,nvhost_podgov,1,3,-1,64843,67906,64406,63281,64562,67718,21638,9956,5235,1.39,19.0463,25.81,1,11139638010443,21638,10033,5235
11140404559091,1728000,729600,1728000,schedutil,1020000000,306000000,1020000000,nvhost_podgov,1,3,-1,64750,67750,64375,63281,64593,67750,21599,9956,5235,1.39,19.0413,26.47,1,11139638010443,21638,10033,5235
11140504564050,1728000,729600,1728000,schedutil,1020000000,306000000,1020000000,nvhost_podgov,1,3,-1,64750,67906,64531,63406,64562,67906,21599,9956,5235,1.36625,19.0388,26.01,1,11139638010443,21638,10033,5235
11140604562160,1728000,729600,1728000,schedutil,1020000000,306000000,1020000000,nvhost_podgov,1,3,-1,64968,67718,64500,63437,64562,67718,21599,9918,5235,1.4575,19.0237,27.73,1,11139638010443,21638,10033,5235
11140704572751,1728000,729600,1728000,schedutil,1020000000,306000000,1020000000,nvhost_podgov,1,3,-1,64781,67718,64500,63375,64562,67718,21638,9995,5235,1.3225,19.02,25.15,1,11140639603458,21599,9956,5235
11140804559917,1728000,729600,1728000,schedutil,1020000000,306000000,1020000000,nvhost_podgov,1,3,-1,64750,68062,64437,63343,64531,68062,21599,9956,5235,1.41375,19.0413,26.92,1,11140639603458,21599,9956,5235
11140904559500,1728000,729600,1728000,schedutil,1020000000,306000000,1020000000,nvhost_podgov,1,3,-1,64656,67750,64468,63343,64593,67750,21599,9956,5235,1.36375,19.035,25.54,1,11140639603458,21599,9956,5235
11141004545130,1728000,729600,1728000,schedutil,1020000000,306000000,1020000000,nvhost_podgov,1,3,-1,64781,67687,64437,63312,64593,67687,21599,9956,5235,1.35625,19.0425,25.82,1,11140639603458,21599,9956,5235
11141104566281,1728000,729600,1728000,schedutil,1020000000,306000000,1020000000,nvhost_podgov,1,3,-1,64875,67718,64406,63281,64625,67812,21599,9956,5235,1.37,19.0338,26.07,1,11140639603458,21599,9956,5235
11141204562663,1728000,729600,1728000,schedutil,1020000000,306000000,1020000000,nvhost_podgov,1,3,-1,64625,67781,64468,63312,64593,67781,21638,9956,5235,1.36125,19.0525,25.93,1,11140639603458,21599,9956,5235
11141304569254,1728000,729600,1728000,schedutil,1020000000,306000000,1020000000,nvhost_podgov,1,3,-1,64781,67718,64531,63375,64593,67718,21599,9956,5235,1.3825,19.0212,25.42,1,11140639603458,21599,9956,5235
11141404560197,1728000,729600,1728000,schedutil,1020000000,306000000,1020000000,nvhost_podgov,1,3,-1,64843,67750,64531,63437,64531,67750,21599,9956,5235,1.3525,19.0375,25.75,1,11140639603458,21599,9956,5235
11141504560867,1728000,729600,1728000,schedutil,1020000000,306000000,1020000000,nvhost_podgov,1,3,-1,64718,67750,64500,63437,64593,67750,21560,9918,5235,1.37375,19.0487,26.16,1,11140639603458,21599,9956,5235
11141604563618,1728000,729600,1728000,schedutil,1020000000,306000000,1020000000,nvhost_podgov,1,3,-1,64968,67875,64468,63312,64500,67875,21560,9956,5235,1.3875,19.015,26.38,1,11140639603458,21599,9956,5235
11141704567712,1728000,729600,1728000,schedutil,1020000000,306000000,1020000000,nvhost_podgov,1,3,-1,64656,67875,64531,63312,64593,67875,21638,9995,5235,1.45125,19.0312,27.62,1,11141638835234,21599,9956,5235
11141804563582,1728000,729600,1728000,schedutil,1020000000,306000000,1020000000,nvhost_podgov,1,3,-1,64812,67843,64500,63343,64562,67843,21638,9995,5274,1.42875,19.02,27.18,1,11141638835234,21599,9956,5235
11141904558301,1728000,729600,1728000,schedutil,1020000000,306000000,1020000000,nvhost_podgov,1,3,-1,64781,67781,64343,63406,64531,67781,21677,10033,5274,1.4475,19.0113,25.36,1,11141638835234,21599,9956,5235
11142004570684,1728000,729600,1728000,schedutil,1020000000,306000000,1020000000,nvhost_podgov,1,3,-1,64687,67875,64375,63281,64625,67875,21677,10033,5274,1.36,19.0063,25.84,1,11141638835234,21599,9956,5235
11142104576602,1728000,729600,1728000,schedutil,1020000000,306000000,1020000000,nvhost_podgov,1,3,-1,64968,67812,64437,63312,64656,67812,21677,10033,5274,1.38875,19.05,26.46,1,11141638835234,21599,9956,5235
11142204566328,1728000,729600,1728000,schedutil,1020000000,306000000,1020000000,nvhost_podgov,1,3,-1,64968,68000,64531,63250,64687,68000,21716,10072,5274,1.3775,19.0312,26.48,1,11141638835234,21599,9956,5235
11142304580887,1728000,729600,1728000,schedutil,1020000000,306000000,1020000000,nvhost_podgov,1,3,-1,64750,67843,64468,63406,64656,67843,21754,10111,5274,1.3625,19.0275,25.92,1,11141638835234,21599,9956,5235
11142404563029,1728000,729600,1728000,schedutil,1020000000,306000000,1020000000,nvhost_podgov,1,3,-1,64718,67843,64500,63406,64593,67843,21677,10072,5274,1.385,19.02,26.34,1,11141638835234,21599,9956,5235
11142504566644,1728000,729600,1728000,schedutil,1020000000,306000000,1020000000,nvhost_podgov,1,3,-1,64718,68062,64562,63375,64625,68062,21677,10033,5274,1.45,19.0338,27.6,1,11141638835234,21599,9956,5235
11142604568754,1728000,729600,1728000,schedutil,1020000000,306000000,1020000000,nvhost_podgov,1,3,-1,64937,67937,64468,63250,64687,67937,21638,9995,5235,1.42,19.025,27,1,11141638835234,21599,9956,5235
11142704566257,1728000,729600,1728000,schedutil,1020000000,306000000,1020000000,nvhost_podgov,1,3,-1,64781,67906,64406,63343,64593,67906,21716,10072,5274,1.33875,19.02,25.46,1,11142639841898,21677,10033,5235
11142804562543,1728000,729600,1728000,schedutil,1020000000,306000000,1020000000,nvhost_podgov,1,3,-1,64812,67781,64343,63343,64656,67781,21677,10033,5235,1.355,19.0237,25.78,1,11142639841898,21677,10033,5235
11142904563309,1728000,729600,1728000,schedutil,1020000000,306000000,1020000000,nvhost_podgov,1,3,-1,64906,67968,64406,63312,64656,67968,21677,9995,5235,1.43375,19.035,26.57,1,11142639841898,21677,10033,5235
11143004563628,1728000,729600,1728000,schedutil,1020000000,306000000,1020000000,nvhost_podgov,1,3,-1,64937,67781,64437,63343,64531,67781,21677,9995,5235,1.32625,19.0413,27.33,1,11142639841898,21677,10033,5235
11143104566922,1728000,729600,1728000,schedutil,1020000000,306000000,1020000000,nvhost_podgov,1,3,-1,64812,67718,64531,63406,64656,67718,21677,9995,5235,1.42375,19.0263,27.09,1,11142639841898,21677,10033,5235
11143204560872,1728000,729600,1728000,schedutil,1020000000,306000000,1020000000,nvhost_podgov,1,3,-1,64843,68093,64500,63437,64562,68093,21638,9995,5235,1.3825,19.035,25.7,1,11142639841898,21677,10033,5235
11143304560807,1728000,729600,1728000,schedutil,1020000000,306000000,1020000000,nvhost_podgov,1,3,-1,64687,67812,64531,63406,64562,67812,21638,9995,5235,1.42625,19.0463,27.14,1,11142639841898,21677,10033,5235
11143404566629,1728000,729600,1728000,schedutil,1020000000,306000000,1020000000,nvhost_podgov,1,3,-1,64843,67781,64531,63343,64687,67781,21638,9956,5235,1.4775,19.0413,28.14,1,11142639841898,21677,10033,5235
11143504567684,1728000,729600,1728000,schedutil,1020000000,306000000,1020000000,nvhost_podgov,1,3,-1,64656,67750,64531,63343,64531,67750,21677,9995,5274,1.415,19.0362,25.6,1,11142639841898,21677,10033,5235
11143604561250,1728000,729600,1728000,schedutil,1020000000,306000000,1020000000,nvhost_podgov,1,3,-1,65000,67875,64531,63375,64593,67875,21716,9995,5274,1.415,19.015,26.91,1,11142639841898,21677,10033,5235
11143704560480,1728000,729600,1728000,schedutil,1020000000,306000000,1020000000,nvhost_podgov,1,3,-1,65000,67718,64468,63281,64687,67718,21754,10072,5274,1.37375,19.0125,26.13,1,11143643264809,21716,10033,5274
11143804568415,1728000,729600,1728000,schedutil,1020000000,306000000,1020000000,nvhost_podgov,1,3,-1,65093,67812,64468,63406,64718,67875,21793,10111,5274,1.4025,19.045,26.71,1,11143643264809,21716,10033,5274
11143904564573,1728000,729600,1728000,schedutil,1020000000,306000000,1020000000,nvhost_podgov,1,3,-1,64812,67843,64531,63562,64750,67843,21754,10072,5274,1.4125,19.0237,25.95,1,11143643264809,21716,10033,5274
11144004559483,1728000,729600,1728000,schedutil,1020000000,306000000,1020000000,nvhost_podgov,1,3,-1,64875,67968,64531,63437,64593,67968,21754,10072,5274,1.33875,18.9988,26.02,1,11143643264809,21716,10033,5274
11144104561114,1728000,729600,1728000,schedutil,1020000000,306000000,1020000000,nvhost_podgov,1,3,-1,64937,67906,64531,63343,64656,67906,21754,10072,5274,1.37375,19.0538,26.18,1,11143643264809,21716,10033,5274
11144204568152,1728000,729600,1728000,schedutil,1020000000,306000000,1020000000,nvhost_podgov,1,3,-1,64812,67906,64531,63406,64593,67906,21793,10111,5274,1.36625,19.0287,27.43,1,11143643264809,21716,10033,5274
11144304565462,1728000,729600,1728000,schedutil,1020000000,306000000,1020000000,nvhost_podgov,1,3,-1,64781,67968,64437,63375,64687,67968,21832,10111,5274,1.37875,19.0038,26.2,1,11143643264809,21716,10033,5274
11144404561013,1728000,729600,1728000,schedutil,1020000000,306000000,1020000000,nvhost_podgov,1,3,-1,64781,67968,64531,63406,64593,67968,21832,10149,5274,1.35875,19.0362,25.87,1,11143643264809,21716,10033,5274
11144504560755,1728000,729600,1728000,schedutil,1020000000,306000000,1020000000,nvhost_podgov,1,3,-1,65000,67968,64468,63406,64656,67968,21832,10111,5313,1.44125,19.0225,26.94,1,11143643264809,21716,10033,5274
11144604558769,1728000,729600,1728000,schedutil,1020000000,306000000,1020000000,nvhost_podgov,1,3,-1,64937,67906,64468,63312,64687,67906,21871,10149,5313,1.3675,19.0275,26.02,1,11143643264809,21716,10033,5274
11144704564272,1728000,729600,1728000,schedutil,1020000000,306000000,1020000000,nvhost_podgov,1,3,-1,64843,68062,64531,63531,64656,68062,21987,10226,5313,1.42375,19.035,27.1,1,11144644054475,21949,10188,5313
11144804561294,1728000,729600,1728000,schedutil,1020000000,306000000,1020000000,nvhost_podgov,1,3,-1,64937,68000,64562,63468,64718,68000,22026,10226,5313,1.37875,19.0375,26.25,1,11144644054475,21949,10188,5313
11144904559820,1728000,729600,1728000,schedutil,1020000000,306000000,1020000000,nvhost_podgov,1,3,-1,64875,67812,64531,63500,64656,67812,21987,10226,5313,1.3025,19.0175,24.77,1,11144644054475,21949,10188,5313
11145004561930,1728000,729600,1728000,schedutil,1020000000,306000000,1020000000,nvhost_podgov,1,3,-1,64875,68000,64531,63406,64656,68000,21987,10226,5313,1.41,19.0188,26.82,1,11144644054475,21949,10188,5313
11145104559464,1728000,729600,1728000,schedutil,1020000000,306000000,1020000000,nvhost_podgov,1,3,-1,64781,68062,64500,63312,64750,68062,21949,10188,5313,1.445,19.02,27.48,1,11144644054475,21949,10188,5313
11145204571687,1728000,729600,1728000,schedutil,1020000000,306000000,1020000000,nvhost_podgov,1,3,-1,64843,67906,64531,63406,64687,67906,21949,10188,5313,1.4675,19,26.57,1,11144644054475,21949,10188,5313
11145304568741,1728000,729600,1728000,schedutil,1020000000,306000000,1020000000,nvhost_podgov,1,3,-1,65000,68125,64531,63406,64843,68125,21987,10226,5313,1.43875,19.035,27.39,1,11144644054475,21949,10188,5313
11145404565763,1728000,729600,1728000,schedutil,1020000000,306000000,1020000000,nvhost_podgov,1,3,-1,64843,68031,64562,63406,64718,68031,21949,10226,5313,1.38375,19.0312,26.33,1,11144644054475,21949,10188,5313
11145504560546,1728000,729600,1728000,schedutil,1020000000,306000000,1020000000,nvhost_podgov,1,3,-1,64843,67812,64687,63406,64687,67812,21910,10188,5313,1.35125,19.0375,26.78,1,11144644054475,21949,10188,5313
11145604557696,1728000,729600,1728000,schedutil,1020000000,306000000,1020000000,nvhost_podgov,1,3,-1,65187,67875,64687,63562,64656,67875,21871,10149,5274,1.40625,19.0388,25.45,1,11144644054475,21949,10188,5313
11145704568478,1728000,729600,1728000,schedutil,1020000000,306000000,1020000000,nvhost_podgov,1,3,-1,64781,67875,64593,63437,64656,67875,21871,10188,5274,1.41875,19.015,26.98,1,11145643398410,21871,10149,5274
11145804558876,1728000,729600,1728000,schedutil,1020000000,306000000,1020000000,nvhost_podgov,1,3,-1,64906,67843,64625,63375,64625,67843,21832,10149,5274,1.33375,19.0362,26.7,1,11145643398410,21871,10149,5274
11145904544442,1728000,729600,1728000,schedutil,1020000000,306000000,1020000000,nvhost_podgov,1,3,-1,64812,67843,64531,63343,64656,67843,21793,10111,5274,1.3575,19.0437,25.86,1,11145643398410,21871,10149,5274
11146004562233,1728000,729600,1728000,schedutil,1020000000,306000000,1020000000,nvhost_podgov,1,3,-1,64781,67906,64593,63406,64656,67906,21793,10111,5274,1.4075,19.045,26.8,1,11145643398410,21871,10149,5274
11146104561783,1728000,729600,1728000,schedutil,1020000000,306000000,1020000000,nvhost_podgov,1,3,-1,64843,67875,64500,63375,64781,67875,21793,10072,5274,1.38625,19.0263,26.25,1,11145643398410,21871,10149,5274
11146204565269,1728000,729600,1728000,schedutil,1020000000,306000000,1020000000,nvhost_podgov,1,3,-1,64843,67812,64531,63406,64812,67812,21754,10072,5274,1.4375,19.0437,25.69,1,11145643398410,21871,10149,5274
11146304565811,1728000,729600,1728000,schedutil,1020000000,306000000,1020000000,nvhost_podgov,1,3,-1,64875,67906,64562,63343,64687,67906,21754,10033,5274,1.40875,19.0413,26.83,1,11145643398410,21871,10149,5274
11146404562929,1728000,729600,1728000,schedutil,1020000000,306000000,1020000000,nvhost_podgov,1,3,-1,65031,67843,64531,63343,64718,67843,21677,10033,5274,1.3,19.0375,24.74,1,11145643398410,21871,10149,5274
11146504562352,1728000,729600,1728000,schedutil,1020000000,306000000,1020000000,nvhost_podgov,1,3,-1,64812,67968,64687,63500,64750,67968,21677,9995,5274,1.3725,19.0375,25.51,1,11145643398410,21871,10149,5274
11146604559342,1728000,729600,1728000,schedutil,1020000000,306000000,1020000000,nvhost_podgov,1,3,-1,65000,68000,64656,63562,64625,68000,21638,9995,5235,1.355,19.0312,25.79,1,11145643398410,21871,10149,5274
11146704574700,1728000,729600,1728000,schedutil,1020000000,306000000,1020000000,nvhost_podgov,1,3,-1,64875,67875,64531,63468,64812,67875,21716,10033,5274,1.34625,19.04,25.64,1,11146647093103,21638,9995,5235
11146804571818,1728000,729600,1728000,schedutil,1020000000,306000000,1020000000,nvhost_podgov,1,3,-1,64968,68062,64593,63406,64687,68062,21716,10033,5235,1.38375,19.0425,24.47,1,11146647093103,21638,9995,5235
11146904553192,1728000,729600,1728000,schedutil,1020000000,306000000,1020000000,nvhost_podgov,1,3,-1,64781,68031,64593,63468,64718,68031,21677,9995,5235,1.38625,19.0312,25.63,1,11146647093103,21638,9995,5235
11147004559302,1728000,729600,1728000,schedutil,1020000000,306000000,1020000000,nvhost_podgov,1,3,-1,64781,67937,64531,63406,64656,67937,21677,9995,5235,1.36125,19.0413,25.92,1,11146647093103,21638,9995,5235
11147104563173,1728000,729600,1728000,schedutil,1020000000,306000000,1020000000,nvhost_podgov,1,3,-1,64906,68125,64562,63437,64750,68125,21638,9995,5235,1.36,19.0375,25.89,1,11146647093103,21638,9995,5235
11147204566659,1728000,729600,1728000,schedutil,1020000000,306000000,1020000000,nvhost_podgov,1,3,-1,65062,67906,64531,63500,64687,67906,21677,9995,5235,1.465,19.0125,26.07,1,11146647093103,21638,9995,5235
11147304573633,1728000,729600,1728000,schedutil,1020000000,306000000,1020000000,nvhost_podgov,1,3,-1,65000,67812,64625,63500,64687,67812,21677,9995,5235,1.45375,19.0425,27.69,1,11146647093103,21638,9995,5235
11147404565311,1728000,729600,1728000,schedutil,1020000000,306000000,1020000000,nvhost_podgov,1,3,-1,64937,68187,64593,63531,64781,68187,21754,10072,5274,1.32,19.0525,25.15,1,11146647093103,21638,9995,5235
11147504563901,1728000,729600,1728000,schedutil,1020000000,306000000,1020000000,nvhost_podgov,1,3,-1,64812,68000,64593,63406,64718,68000,21754,10033,5274,1.42125,19.03,24.55,1,11146647093103,21638,9995,5235
11147604564219,1728000,729600,1728000,schedutil,1020000000,306000000,1020000000,nvhost_podgov,1,3,-1,65093,67843,64593,63468,64750,67843,21716,10033,5274,1.48375,19.035,28.24,1,11146647093103,21638,9995,5235
11147704570393,1728000,729600,1728000,schedutil,1020000000,306000000,1020000000,nvhost_podgov,1,3,-1,64843,68187,64593,63500,64656,68187,21793,10111,5274,1.40375,19.035,26.73,1,11147646153638,21754,10072,5274
11147804562935,1728000,729600,1728000,schedutil,1020000000,306000000,1020000000,nvhost_podgov,1,3,-1,64906,68125,64531,63406,64812,68125,21754,10072,5274,1.395,19.0425,26.45,1,11147646153638,21754,10072,5274
11147904562005,1728000,729600,1728000,schedutil,1020000000,306000000,1020000000,nvhost_podgov,1,3,-1,65031,67875,64562,63531,64843,67875,21677,10033,5274,1.40625,19.0087,27.09,1,11147646153638,21754,10072,5274
11148004566804,1728000,729600,1728000,schedutil,1020000000,306000000,1020000000,nvhost_podgov,1,3,-1,64781,67781,64687,63406,64812,67781,21677,10033,5274,1.39375,19.0287,26.52,1,11147646153638,21754,10072,5274
11148104564434,1728000,729600,1728000,schedutil,1020000000,306000000,1020000000,nvhost_podgov,1,3,-1,64968,68125,64718,63593,64781,67937,21638,9995,5235,1.41875,19.0237,25.81,1,11147646153638,21754,10072,5274
11148204566736,1728000,729600,1728000,schedutil,1020000000,306000000,1020000000,nvhost_podgov,1,3,-1,65000,67843,64625,63437,64843,67843,21638,9995,5235,1.41125,19.0237,26.88,1,11147646153638,21754,10072,5274
11148304565134,1728000,729600,1728000,schedutil,1020000000,306000000,1020000000,nvhost_podgov,1,3,-1,64968,67812,64656,63562,64718,67812,21599,9995,5235,1.44,19.0225,27.39,1,11147646153638,21754,10072,5274
11148404562252,1728000,729600,1728000,schedutil,1020000000,306000000,1020000000,nvhost_podgov,1,3,-1,64843,67906,64625,63500,64718,67906,21560,9956,5235,1.37375,19.04,26.15,1,11147646153638,21754,10072,5274
11148504555722,1728000,729600,1728000,schedutil,1020000000,306000000,1020000000,nvhost_podgov,1,3,-1,64875,67906,64593,63468,64750,67906,21599,9995,5235,1.325,19.015,26.65,1,11147646153638,21754,10072,5274
11148604560616,1728000,729600,1728000,schedutil,1020000000,306000000,1020000000,nvhost_podgov,1,3,-1,65000,67937,64562,63406,64687,67937,21560,9956,5235,1.43125,19.0388,26.13,1,11147646153638,21754,10072,5274
11148704556294,1728000,729600,1728000,schedutil,1020000000,306000000,1020000000,nvhost_podgov,1,3,-1,65437,67937,64593,63468,64812,67937,21638,10033,5274,1.42625,19.0125,27.11,1,11148648067359,21599,9995,5235
11148804570500,1728000,729600,1728000,schedutil,1020000000,306000000,1020000000,nvhost_podgov,1,3,-1,64968,67937,64562,63468,64750,67937,21677,10033,5274,1.41375,19.0375,26.92,1,11148648067359,21599,9995,5235
11148904565186,1728000,729600,1728000,schedutil,1020000000,306000000,1020000000,nvhost_podgov,1,3,-1,64906,67968,64750,63437,64781,67968,21677,10033,5274,1.3975,19.0362,26.6,1,11148648067359,21599,9995,5235
11149004566880,1728000,729600,1728000,schedutil,1020000000,306000000,1020000000,nvhost_podgov,1,3,-1,65031,67937,64593,63625,64718,67937,21638,10033,5235,1.46875,19.0325,27.96,1,11148648067359,21599,9995,5235
11149104564030,1728000,729600,1728000,schedutil,1020000000,306000000,1020000000,nvhost_podgov,1,3,-1,64843,67875,64625,63531,64781,67875,21638,9995,5235,1.3925,19.0287,26.11,1,11148648067359,21599,9995,5235
11149204567324,1728000,729600,1728000,schedutil,1020000000,306000000,1020000000,nvhost_podgov,1,3,-1,65000,68062,64625,63468,64718,68062,21638,9995,5235,1.37375,19.02,26.13,1,11148648067359,21599,9995,5235
11149304565338,1728000,729600,1728000,schedutil,1020000000,306000000,1020000000,nvhost_podgov,1,3,-1,64781,68000,64625,63500,64781,68000,21638,9995,5235,1.38,19.0338,26.27,1,11148648067359,21599,9995,5235
11149404559992,1728000,729600,1728000,schedutil,1020000000,306000000,1020000000,nvhost_podgov,1,3,-1,64843,68000,64562,63375,64687,68000,21638,9995,5235,1.45125,19.0237,26.28,1,11148648067359,21599,9995,5235
11149504560342,1728000,729600,1728000,schedutil,1020000000,306000000,1020000000,nvhost_podgov,1,3,-1,64906,68125,64656,63437,64687,68125,21638,9995,5235,1.3875,19.0237,26.38,1,11148648067359,21599,9995,5235
11149604554260,1728000,729600,1728000,schedutil,1020000000,306000000,1020000000,nvhost_podgov,1,3,-1,64937,68062,64531,63375,64812,68062,21599,9995,5235,1.42625,19.0237,27.14,1,11148648067359,21599,9995,5235
11149704564850,1728000,729600,1728000,schedutil,1020000000,306000000,1020000000,nvhost_podgov,1,3,-1,65000,68000,64625,63500,64750,68000,21677,10033,5235,1.44125,19.0287,27.43,1,11149645726869,21638,9995,5235
11149804570832,1728000,729600,1728000,schedutil,1020000000,306000000,1020000000,nvhost_podgov,1,3,-1,65156,68156,64750,63406,64781,68156,21716,10033,5274,1.4125,19.035,26.89,1,11149645726869,21638,9995,5235
11149904560718,1728000,729600,1728000,schedutil,1020000000,306000000,1020000000,nvhost_podgov,1,3,-1,64968,68125,64781,63531,64750,68125,21716,10033,5274,1.30875,19.0437,24.92,1,11149645726869,21638,9995,5235
11150004561708,1728000,729600,1728000,schedutil,1020000000,306000000,1020000000,nvhost_podgov,1,3,-1,64843,67875,64593,63500,64812,67875,21716,10033,5274,1.4125,19.03,26.88,1,11149645726869,21638,9995,5235
11150104563018,1728000,729600,1728000,schedutil,1020000000,306000000,1020000000,nvhost_podgov,1,3,-1,64843,67968,64593,63500,64718,67968,21716,10033,5274,1.33375,19.0463,25.83,1,11149645726869,21638,9995,5235
11150204565640,1728000,729600,1728000,schedutil,1020000000,306000000,1020000000,nvhost_podgov,1,3,-1,64875,68062,64656,63500,64812,68062,21716,10033,5274,1.3825,19.0512,26.34,1,11149645726869,21638,9995,5235
11150304561990,1728000,729600,1728000,schedutil,1020000000,306000000,1020000000,nvhost_podgov,1,3,-1,64906,67781,64656,63437,64750,67781,21677,10033,5235,1.30625,19.0325,24.86,1,11149645726869,21638,9995,5235
11150404558819,1728000,729600,1728000,schedutil,1020000000,306000000,1020000000,nvhost_podgov,1,3,-1,64812,67937,64531,63406,64812,67937,21638,9995,5235,1.44875,19.0413,26.45,1,11149645726869,21638,9995,5235
11150504556033,1728000,729600,1728000,schedutil,1020000000,306000000,1020000000,nvhost_podgov,1,3,-1,65000,68250,64500,63406,64843,68250,21716,10033,5274,1.37125,19.05,26.91,1,11149645726869,21638,9995,5235
11150604554239,1728000,729600,1728000,schedutil,1020000000,306000000,1020000000,nvhost_podgov,1,3,-1,65281,67843,64781,63468,64781,67843,21716,10033,5274,1.29875,19.0437,26.94,1,11149645726869,21638,9995,5235
11150704566877,1728000,729600,1728000,schedutil,1020000000,306000000,1020000000,nvhost_podgov,1,3,-1,65000,67937,64718,63625,64843,67937,21754,10072,5274,1.30875,19.0287,25.5,1,11150647787280,21754,10072,5274
11150804545371,1728000,729600,1728000,schedutil,1020000000,306000000,1020000000,nvhost_podgov,1,3,-1,65000,67968,64687,63531,64843,67968,21677,10033,5274,1.36875,19.0425,26.05,1,11150647787280,21754,10072,5274
11150904571897,1728000,729600,1728000,schedutil,1020000000,306000000,1020000000,nvhost_podgov,1,3,-1,64750,67906,64687,63531,64750,67906,21677,10033,5274,1.37,19.0263,26.06,1,11150647787280,21754,10072,5274
11151004559959,1728000,729600,1728000,schedutil,1020000000,306000000,1020000000,nvhost_podgov,1,3,-1,64843,67906,64687,63437,64843,67906,21677,9995,5274,1.3675,19.0487,26.05,1,11150647787280,21754,10072,5274
11151104564277,1728000,729600,1728000,schedutil,1020000000,306000000,1020000000,nvhost_podgov,1,3,-1,64875,68062,64656,63500,64781,68062,21638,9995,5235,1.31625,19.02,26.39,1,11150647787280,21754,10072,5274
11151204566227,1728000,729600,1728000,schedutil,1020000000,306000000,1020000000,nvhost_podgov,1,3,-1,64875,67906,64593,63500,64781,67906,21638,9995,5235,1.39125,19.0525,26.51,1,11150647787280,21754,10072,5274
11151304561073,1728000,729600,1728000,schedutil,1020000000,306000000,1020000000,nvhost_podgov,1,3,-1,65093,67937,64562,63437,64781,67937,21677,9995,5274,1.35,19.0375,25.7,1,11150647787280,21754,10072,5274
11151404565263,1728000,729600,1728000,schedutil,1020000000,306000000,1020000000,nvhost_podgov,1,3,-1,64875,68093,64812,63718,64812,68093,21677,9995,5235,1.44875,19.035,28.37,1,11150647787280,21754,10072,5274
11151504562028,1728000,729600,1728000,schedutil,1020000000,306000000,1020000000,nvhost_podgov,1,3,-1,64968,67968,64781,63687,64843,67968,21677,9995,5274,1.3575,19.0413,25.84,1,11150647787280,21754,10072,5274
11151604558442,1728000,729600,1728000,schedutil,1020000000,306000000,1020000000,nvhost_podgov,1,3,-1,65125,68125,64687,63656,64781,68125,21677,9995,5274,1.3525,19.02,25.73,1,11150647787280,21754,10072,5274
11151704550952,1728000,729600,1728000,schedutil,1020000000,306000000,1020000000,nvhost_podgov,1,3,-1,65000,68031,64656,63625,64812,68031,21716,10033,5274,1.37625,19.0475,26.22,1,11151650228276,21677,10033,5274
11151804569382,1728000,729600,1728000,schedutil,1020000000,306000000,1020000000,nvhost_podgov,1,3,-1,64937,67875,64656,63500,64812,67875,21716,10033,5274,1.44375,19.045,25.66,1,11151650228276,21677,10033,5274
11151904739624,1728000,729600,1728000,schedutil,1020000000,306000000,1020000000,nvhost_podgov,1,3,-1,64875,68187,64718,63531,64781,68187,21677,10033,5235,1.365,19.04,25.98,1,11151650228276,21677,10033,5274
11152004557025,1728000,729600,1728000,schedutil,1020000000,306000000,1020000000,nvhost_podgov,1,3,-1,64937,68062,64687,63531,64812,68062,21677,9995,5274,1.41375,19.055,26.94,1,11151650228276,21677,10033,5274
11152104571072,1728000,729600,1728000,schedutil,1020000000,306000000,1020000000,nvhost_podgov,1,3,-1,65000,68062,64625,63500,64843,68062,21638,9995,5274,1.3825,19.0188,26.32,1,11151650228276,21677,10033,5274
11152204561917,1728000,729600,1728000,schedutil,1020000000,306000000,1020000000,nvhost_podgov,1,3,-1,65000,68312,64781,63500,64843,68312,21677,10033,5274,1.38375,19.0263,26.33,1,11151650228276,21677,10033,5274
11152304563963,1728000,729600,1728000,schedutil,1020000000,306000000,1020000000,nvhost_podgov,1,3,-1,65000,68156,64812,63437,64875,68156,21677,10033,5274,1.44375,19.0188,28.6,1,11151650228276,21677,10033,5274
11152404566745,1728000,729600,1728000,schedutil,1020000000,306000000,1020000000,nvhost_podgov,1,3,-1,65062,68031,64718,63500,64875,68031,21716,10072,5274,1.335,19.0325,27.21,1,11151650228276,21677,10033,5274
11152504561527,1728000,729600,1728000,schedutil,1020000000,306000000,1020000000,nvhost_podgov,1,3,-1,64906,68000,64687,63593,64843,68000,21716,10033,5274,1.32875,19.0275,25.28,1,11151650228276,21677,10033,5274
11152604553492,1728000,729600,1728000,schedutil,1020000000,306000000,1020000000,nvhost_podgov,1,3,-1,65062,68187,64656,63562,64843,68187,21716,10033,5274,1.39,19.01,26.42,1,11151650228276,21677,10033,5274
11152704572146,1728000,729600,1728000,schedutil,1020000000,306000000,1020000000,nvhost_podgov,1,3,-1,65000,67906,64593,63500,64875,67906,21754,10072,5274,1.43125,19.0275,27.24,1,11152650144668,21716,10072,5274
11152804566320,1728000,729600,1728000,schedutil,1020000000,306000000,1020000000,nvhost_podgov,1,3,-1,64906,67906,64718,63531,64781,67906,21754,10072,5274,1.3525,19.035,25.73,1,11152650144668,21716,10072,5274
11152904572078,1728000,729600,1728000,schedutil,1020000000,306000000,1020000000,nvhost_podgov,1,3,-1,64937,68312,64687,63562,64937,68312,21754,10072,5274,1.29875,19.0487,24.74,1,11152650144668,21716,10072,5274
11153004572812,1728000,729600,1728000,schedutil,1020000000,306000000,1020000000,nvhost_podgov,1,3,-1,64937,67937,64625,63500,64843,67937,21716,10033,5274,1.335,19.0312,25.41,1,11152650144668,21716,10072,5274
11153104746670,1728000,729600,1728000,schedutil,1020000000,306000000,1020000000,nvhost_podgov,1,3,-1,65000,67906,64593,63562,64875,67906,21677,10033,5274,1.395,19.0325,26.52,1,11152650144668,21716,10072,5274
11153204558471,1728000,729600,1728000,schedutil,1020000000,306000000,1020000000,nvhost_podgov,1,3,-1,65000,67906,64781,63593,64781,67906,21638,10033,5274,1.4425,19.0312,27.46,1,11152650144668,21716,10072,5274
11153304560485,1728000,729600,1728000,schedutil,1020000000,306000000,1020000000,nvhost_podgov,1,3,-1,64906,67937,64687,63656,64843,67937,21677,10033,5274,1.335,19.0237,25.4,1,11152650144668,21716,10072,5274
11153404556098,1728000,729600,1728000,schedutil,1020000000,306000000,1020000000,nvhost_podgov,1,3,-1,65000,67968,64718,63625,64812,67968,21638,9995,5235,1.37625,19.035,26.43,1,11152650144668,21716,10072,5274
11153504559840,1728000,729600,1728000,schedutil,1020000000,306000000,1020000000,nvhost_podgov,1,3,-1,64875,68093,64625,63593,64812,68093,21638,9995,5235,1.38375,19.03,26.33,1,11152650144668,21716,10072,5274
11153604568862,1728000,729600,1728000,schedutil,1020000000,306000000,1020000000,nvhost_podgov,1,3,-1,65156,67968,64687,63562,64843,67968,21677,9995,5235,1.43625,19.035,27.34,1,11152650144668,21716,10072,5274
11153704565244,1728000,729600,1728000,schedutil,1020000000,306000000,1020000000,nvhost_podgov,1,3,-1,65156,68156,64625,63500,64937,68156,21677,9995,5235,1.415,19.02,26.92,1,11153651627144,21677,9995,5235
11153804575994,1728000,729600,1728000,schedutil,1020000000,306000000,1020000000,nvhost_podgov,1,3,-1,65031,68093,64656,63562,64906,68093,21793,10111,5274,1.38,19.0325,26.27,1,11153651627144,21677,9995,5235
11153904569047,1728000,729600,1728000,schedutil,1020000000,306000000,1020000000,nvhost_podgov,1,3,-1,65000,67968,64718,63562,64968,67968,21793,10072,5274,1.38,19.0538,26.29,1,11153651627144,21677,9995,5235
11154004560949,1728000,729600,1728000,schedutil,1020000000,306000000,1020000000,nvhost_podgov,1,3,-1,65000,68062,64781,63750,64968,68062,21754,10033,5274,1.39625,19.015,27.6,1,11153651627144,21677,9995,5235
11154104552690,1728000,729600,1728000,schedutil,1020000000,306000000,1020000000,nvhost_podgov,1,3,-1,64906,68125,64781,63656,64937,68125,21716,10033,5274,1.3725,19.0287,26.55,1,11153651627144,21677,9995,5235
11154204559120,1728000,729600,1728000,schedutil,1020000000,306000000,1020000000,nvhost_podgov,1,3,-1,65000,68125,64750,63500,64906,68125,21677,10033,5274,1.3925,19.0312,26.5,1,11153651627144,21677,9995,5235
11154304567278,1728000,729600,1728000,schedutil,1020000000,306000000,1020000000,nvhost_podgov,1,3,-1,64968,68250,64812,63625,64812,68250,21716,10072,5274,1.46375,19.0362,27.87,1,11153651627144,21677,9995,5235
11154404556683,1728000,729600,1728000,schedutil,1020000000,306000000,1020000000,nvhost_podgov,1,3,-1,65250,68187,64750,63531,64843,68187,21754,10072,5274,1.375,19.04,27.92,1,11153651627144,21677,9995,5235
11154504561321,1728000,729600,1728000,schedutil,1020000000,306000000,1020000000,nvhost_podgov,1,3,-1,65000,68187,64656,63531,64906,68187,21832,10111,5274,1.46125,19.0325,27.82,1,11153651627144,21677,9995,5235
11154604559687,1728000,729600,1728000,schedutil,1020000000,306000000,1020000000,nvhost_podgov,1,3,-1,65093,67937,64718,63593,64906,67937,21949,10188,5313,1.5225,19.025,28.97,1,11153651627144,21677,9995,5235
11154704563589,1728000,729600,1728000,schedutil,1020000000,306000000,1020000000,nvhost_podgov,1,3,-1,65093,68187,64781,63500,64843,68187,21949,10188,5313,1.41375,19.0188,26.87,1,11154652394467,21949,10226,5313
11154804574786,1728000,729600,1728000,schedutil,1020000000,306000000,1020000000,nvhost_podgov,1,3,-1,65000,68156,64843,63750,64906,68156,21987,10226,5313,1.41375,19.0225,26.89,1,11154652394467,21949,10226,5313
11154904567712,1728000,729600,1728000,schedutil,1020000000,306000000,1020000000,nvhost_podgov,1,3,-1,65000,67937,64781,63718,64937,67937,21910,10188,5313,1.4025,19.0512,26.71,1,11154652394467,21949,10226,5313
11155004569566,1728000,729600,1728000,schedutil,1020000000,306000000,1020000000,nvhost_podgov,1,3,-1,65000,68312,64843,63656,64906,68312,21871,10149,5274,1.35125,19.0325,25.83,1,11154652394467,21949,10226,5313
11155104563003,1728000,729600,1728000,schedutil,1020000000,306000000,1020000000,nvhost_podgov,1,3,-1,64968,68062,64750,63625,64750,68062,21793,10072,5274,1.33125,19.0362,25.34,1,11154652394467,21949,10226,5313
11155204553657,1728000,729600,1728000,schedutil,1020000000,306000000,1020000000,nvhost_podgov,1,3,-1,64843,67968,64687,63500,64781,67968,21754,10072,5274,1.37,19.015,26.05,1,11154652394467,21949,10226,5313
11155304566870,1728000,729600,1728000,schedutil,1020000000,306000000,1020000000,nvhost_podgov,1,3,-1,65000,67968,64750,63531,64781,67968,21754,10072,5274,1.39375,19.0425,25.73,1,11154652394467,21949,10226,5313
11155404553684,1728000,729600,1728000,schedutil,1020000000,306000000,1020000000,nvhost_podgov,1,3,-1,65093,68000,64718,63593,64843,68000,21793,10072,5274,1.35375,19.05,26.18,1,11154652394467,21949,10226,5313
11155504561746,1728000,729600,1728000,schedutil,1020000000,306000000,1020000000,nvhost_podgov,1,3,-1,65218,68062,64687,63562,65000,68062,21832,10111,5274,1.4175,19.015,26.96,1,11154652394467,21949,10226,5313
11155604561647,1728000,729600,1728000,schedutil,1020000000,306000000,1020000000,nvhost_podgov,1,3,-1,65093,68093,64812,63562,64968,68093,21910,10149,5313,1.37875,19.0263,26.23,1,11154652394467,21949,10226,5313
11155704569933,1728000,729600,1728000,schedutil,1020000000,306000000,1020000000,nvhost_podgov,1,3,-1,65156,68125,64812,63718,64968,68125,21910,10149,5313,1.405,19.0388,25.09,1,11155652341674,21910,10149,5313
11155804569291,1728000,729600,1728000,schedutil,1020000000,306000000,1020000000,nvhost_podgov,1,3,-1,64937,68031,64718,63625,64968,68031,21949,10188,5313,1.43625,19.025,27.33,1,11155652341674,21910,10149,5313
11155904569128,1728000,729600,1728000,schedutil,1020000000,306000000,1020000000,nvhost_podgov,1,3,-1,65000,68156,64812,63687,64937,68156,21910,10149,5313,1.335,19.0263,25.4,1,11155652341674,21910,10149,5313
11156004568102,1728000,729600,1728000,schedutil,1020000000,306000000,1020000000,nvhost_podgov,1,3,-1,64968,68062,64781,63531,64906,68062,21832,10111,5274,1.36625,19.035,26.22,1,11155652341674,21910,10149,5313
11156104563747,1728000,729600,1728000,schedutil,1020000000,306000000,1020000000,nvhost_podgov,1,3,-1,64843,67968,64812,63625,64843,67968,21754,10072,5274,1.3725,19.0463,26.14,1,11155652341674,21910,10149,5313
11156204558433,1728000,729600,1728000,schedutil,1020000000,306000000,1020000000,nvhost_podgov,1,3,-1,65187,68125,64750,63656,64937,68125,21677,10033,5274,1.31,19.025,24.92,1,11155652341674,21910,10149,5313
11156304568606,1728000,729600,1728000,schedutil,1020000000,306000000,1020000000,nvhost_podgov,1,3,-1,65250,68156,64625,63562,65000,68156,21677,9995,5274,1.3075,19.0388,26.23,1,11155652341674,21910,10149,5313
11156404563516,1728000,729600,1728000,schedutil,1020000000,306000000,1020000000,nvhost_podgov,1,3,-1,65031,68031,64625,63531,64968,68031,21638,9995,5274,1.32125,19.0212,25.13,1,11155652341674,21910,10149,5313
11156504558585,1728000,729600,1728000,schedutil,1020000000,306000000,1020000000,nvhost_podgov,1,3,-1,65218,68187,64812,63718,64968,68187,21638,9995,5274,1.37875,19.0388,26.25,1,11155652341674,21910,10149,5313
11156604561399,1728000,729600,1728000,schedutil,1020000000,306000000,1020000000,nvhost_podgov,1,3,-1,65125,68156,64781,63781,65000,68156,21599,9995,5235,1.475,19.0388,25.75,1,11155652341674,21910,10149,5313
11156704572181,1728000,729600,1728000,schedutil,1020000000,306000000,1020000000,nvhost_podgov,1,3,-1,65062,68343,64718,63687,64875,68343,21599,9995,5235,1.315,19.01,25,1,11156653065315,21638,9995,5235
11156804565266,1728000,729600,1728000,schedutil,1020000000,306000000,1020000000,nvhost_podgov,1,3,-1,65000,68281,64781,63656,64875,68281,21677,10033,5274,1.385,19.0388,26.37,1,11156653065315,21638,9995,5235
11156904562671,1728000,729600,1728000,schedutil,1020000000,306000000,1020000000,nvhost_podgov,1,3,-1,64968,68187,64812,63625,64906,68187,21677,10033,5274,1.32625,19.0362,25.24,1,11156653065315,21638,9995,5235
11157004558381,1728000,729600,1728000,schedutil,1020000000,306000000,1020000000,nvhost_podgov,1,3,-1,65156,67937,64687,63593,64906,67937,21638,9995,5274,1.38375,19.0175,25.77,1,11156653065315,21638,9995,5235
11157104562858,1728000,729600,1728000,schedutil,1020000000,306000000,1020000000,nvhost_podgov,1,3,-1,65031,68250,64781,63593,64968,68250,21638,9995,5235,1.40125,19.0437,26.69,1,11156653065315,21638,9995,5235
11157204558344,1728000,729600,1728000,schedutil,1020000000,306000000,1020000000,nvhost_podgov,1,3,-1,65031,68187,64781,63562,64968,68187,21599,9995,5235,1.3725,19.0325,26.13,1,11156653065315,21638,9995,5235
11157304568710,1728000,729600,1728000,schedutil,1020000000,306000000,1020000000,nvhost_podgov,1,3,-1,65093,67968,64750,63593,65000,67968,21599,9995,5235,1.45125,19.0425,26.14,1,11156653065315,21638,9995,5235
11157404567395,1728000,729600,1728000,schedutil,1020000000,306000000,1020000000,nvhost_podgov,1,3,-1,65187,68343,64750,63687,64875,68343,21638,10033,5235,1.37625,19.0175,26.18,1,11156653065315,21638,9995,5235
11157504571457,1728000,729600,1728000,schedutil,1020000000,306000000,1020000000,nvhost_podgov,1,3,-1,65062,68281,64781,63718,64843,68031,21638,10033,5235,1.37875,19.0275,26.24,1,11156653065315,21638,9995,5235
11157604592319,1728000,729600,1728000,schedutil,1020000000,306000000,1020000000,nvhost_podgov,1,3,-1,65093,68187,64843,63718,64906,68187,21638,10033,5235,1.4375,19.015,27.33,1,11156653065315,21638,9995,5235
11157704565787,1728000,729600,1728000,schedutil,1020000000,306000000,1020000000,nvhost_podgov,1,3,-1,65093,68062,64812,63656,64968,68062,21677,10033,5235,1.42625,19.0237,27.14,1,11157658457512,21677,10033,5274
11157804568057,1728000,729600,1728000,schedutil,1020000000,306000000,1020000000,nvhost_podgov,1,3,-1,65156,68031,64750,63656,64968,68031,21754,10111,5274,1.32875,19.0138,25.27,1,11157658457512,21677,10033,5274
11157904570454,1728000,729600,1728000,schedutil,1020000000,306000000,1020000000,nvhost_podgov,1,3,-1,65093,68031,64750,63687,64968,68031,21754,10072,5274,1.3375,19.0287,25.45,1,11157658457512,21677,10033,5274
11158004564020,1728000,729600,1728000,schedutil,1020000000,306000000,1020000000,nvhost_podgov,1,3,-1,65156,68062,64812,63656,65031,68062,21677,10072,5274,1.34875,19.015,27.69,1,11157658457512,21677,10033,5274
11158104558929,1728000,729600,1728000,schedutil,1020000000,306000000,1020000000,nvhost_podgov,1,3,-1,65125,68031,64875,63781,64937,68031,21716,10033,5274,1.385,19.04,26.37,1,11157658457512,21677,10033,5274
11158204559823,1728000,729600,1728000,schedutil,1020000000,306000000,1020000000,nvhost_podgov,1,3,-1,65093,68093,64937,63781,64968,68093,21677,10033,5274,1.3775,19.0312,26.22,1,11157658457512,21677,10033,5274
11158304563148,1728000,729600,1728000,schedutil,1020000000,306000000,1020000000,nvhost_podgov,1,3,-1,65062,68093,64875,63781,64906,68093,21677,10033,5274,1.3875,19.0275,26.14,1,11157658457512,21677,10033,5274
11158404569994,1728000,729600,1728000,schedutil,1020000000,306000000,1020000000,nvhost_podgov,1,3,-1,65000,68093,64875,63656,64937,68093,21677,10033,5274,1.32625,19.0287,25.24,1,11157658457512,21677,10033,5274
11158504559431,1728000,729600,1728000,schedutil,1020000000,306000000,1020000000,nvhost_podgov,1,3,-1,65000,68125,64781,63718,64906,68125,21638,9995,5274,1.36875,19.04,26.06,1,11157658457512,21677,10033,5274
11158604561540,1728000,729600,1728000,schedutil,1020000000,306000000,1020000000,nvhost_podgov,1,3,-1,65062,68187,64843,63656,64906,68187,21638,9995,5274,1.36875,18.9962,26,1,11157658457512,21677,10033,5274
11158704562018,1728000,729600,1728000,schedutil,1020000000,306000000,1020000000,nvhost_podgov,1,3,-1,65062,68125,64875,63750,64937,68125,21638,10033,5274,1.445,19.0087,27.47,1,11158659018171,21638,10033,5274
11158804571295,1728000,729600,1728000,schedutil,1020000000,306000000,1020000000,nvhost_podgov,1,3,-1,65218,68125,64750,63593,65000,68125,21754,10111,5274,1.4825,19.0325,28.21,1,11158659018171,21638,10033,5274
11158904564573,1728000,729600,1728000,schedutil,1020000000,306000000,1020000000,nvhost_podgov,1,3,-1,65187,68281,65000,63593,65000,68281,21716,10072,5274,1.4225,19.0425,27.28,1,11158659018171,21638,10033,5274
11159004563610,1728000,729600,1728000,schedutil,1020000000,306000000,1020000000,nvhost_podgov,1,3,-1,65062,68281,65000,63656,64937,68281,21716,10072,5274,1.36125,19.05,26.68,1,11158659018171,21638,10033,5274
11159104567863,1728000,729600,1728000,schedutil,1020000000,306000000,1020000000,nvhost_podgov,1,3,-1,65000,68187,64875,63781,64843,68187,21716,10072,5274,1.375,19.0175,26.15,1,11158659018171,21638,10033,5274
11159204559637,1728000,729600,1728000,schedutil,1020000000,306000000,1020000000,nvhost_podgov,1,3,-1,65000,68343,64781,63750,64937,68343,21793,10111,5274,1.35,19.0263,25.69,1,11158659018171,21638,10033,5274
11159304563122,1728000,729600,1728000,schedutil,1020000000,306000000,1020000000,nvhost_podgov,1,3,-1,65031,68218,64781,63718,64937,68218,21832,10111,5274,1.475,19.0437,26.25,1,11158659018171,21638,10033,5274
11159404552207,1728000,729600,1728000,schedutil,1020000000,306000000,1020000000,nvhost_podgov,1,3,-1,65031,68187,64781,63718,64906,68156,21871,10149,5274,1.44875,19.005,27.53,1,11158659018171,21638,10033,5274
11159504552685,1728000,729600,1728000,schedutil,1020000000,306000000,1020000000,nvhost_podgov,1,3,-1,65093,68500,64812,63687,65000,68500,21949,10188,5313,1.39375,19.035,27.15,1,11158659018171,21638,10033,5274
11159604557354,1728000,729600,1728000,schedutil,1020000000,306000000,1020000000,nvhost_podgov,1,3,-1,65250,68281,64687,63656,65093,68281,21949,10188,5313,1.525,19.0175,29.01,1,11158659018171,21638,10033,5274
11159704571912,1728000,729600,1728000,schedutil,1020000000,306000000,1020000000,nvhost_podgov,1,3,-1,65343,68187,64812,63531,65000,68187,21987,10226,5313,1.45375,19.0212,27.65,1,11159659758866,21987,10226,5313
11159804569957,1728000,729600,1728000,schedutil,1020000000,306000000,1020000000,nvhost_podgov,1,3,-1,65156,68125,64781,63625,65093,68125,22065,10265,5313,1.35375,19.0263,25.75,1,11159659758866,21987,10226,5313
11159904566498,1728000,729600,1728000,schedutil,1020000000,306000000,1020000000,nvhost_podgov,1,3,-1,65125,68437,64968,63781,65062,68437,22065,10265,5313,1.37125,19.0138,25.57,1,11159659758866,21987,10226,5313
11160004563360,1728000,729600,1728000,schedutil,1020000000,306000000,1020000000,nvhost_podgov,1,3,-1,65000,68125,64906,63750,65062,68125,22026,10226,5313,1.3275,19.0463,25.28,1,11159659758866,21987,10226,5313
11160104566461,1728000,729600,1728000,schedutil,1020000000,306000000,1020000000,nvhost_podgov,1,3,-1,65031,68093,64875,63687,65000,68093,21949,10188,5313,1.37625,19.0375,26.2,1,11159659758866,21987,10226,5313
11160204563802,1728000,729600,1728000,schedutil,1020000000,306000000,1020000000,nvhost_podgov,1,3,-1,65000,68468,64812,63656,64968,68187,21910,10149,5313,1.4075,19.0237,26.78,1,11159659758866,21987,10226,5313
11160304563448,1728000,729600,1728000,schedutil,1020000000,306000000,1020000000,nvhost_podgov,1,3,-1,65125,68125,64812,63656,65000,68125,21871,10149,5313,1.3075,19.035,24.87,1,11159659758866,21987,10226,5313
11160404567925,1728000,729600,1728000,schedutil,1020000000,306000000,1020000000,nvhost_podgov,1,3,-1,65250,68125,64812,63718,64906,68125,21871,10149,5313,1.43625,19.05,27.37,1,11159659758866,21987,10226,5313
11160504550290,1728000,729600,1728000,schedutil,1020000000,306000000,1020000000,nvhost_podgov,1,3,-1,65093,68250,64812,63687,64906,68250,21910,10188,5313,1.48375,19.02,28.22,1,11159659758866,21987,10226,5313
11160604548143,1728000,729600,1728000,schedutil,1020000000,306000000,1020000000,nvhost_podgov,1,3,-1,65187,68187,64843,63687,65125,68187,21910,10188,5313,1.51,19.02,26.1,1,11159659758866,21987,10226,5313
11160704567565,1728000,729600,1728000,schedutil,1020000000,306000000,1020000000,nvhost_podgov,1,3,-1,65187,68250,64843,63812,65031,68250,21987,10226,5313,1.4625,19.015,27.82,1,11160661362717,21987,10226,5313
11160804570794,1728000,729600,1728000,schedutil,1020000000,306000000,1020000000,nvhost_podgov,1,3,-1,65093,68312,64937,63781,64937,68312,22026,10265,5313,1.355,19.025,25.78,1,11160661362717,21987,10226,5313
11160904571623,1728000,729600,1728000,schedutil,1020000000,306000000,1020000000,nvhost_podgov,1,3,-1,65218,68281,64968,63687,65000,68281,22026,10265,5313,1.4275,19.0463,26.45,1,11160661362717,21987,10226,5313
11161004560228,1728000,729600,1728000,schedutil,1020000000,306000000,1020000000,nvhost_podgov,1,3,-1,65062,68187,64781,63718,65031,68375,22065,10304,5313,1.44125,19.0275,27.42,1,11160661362717,21987,10226,5313
11161104566466,1728000,729600,1728000,schedutil,1020000000,306000000,1020000000,nvhost_podgov,1,3,-1,65125,68312,64843,63718,65000,68312,22026,10265,5313,1.4475,19.0138,27.52,1,11160661362717,21987,10226,5313
11161204557407,1728000,729600,1728000,schedutil,1020000000,306000000,1020000000,nvhost_podgov,1,3,-1,65281,68281,64812,63687,65000,68281,22026,10226,5313,1.41,19.02,24.56,1,11160661362717,21987,10226,5313
11161304560796,1728000,729600,1728000,schedutil,1020000000,306000000,1020000000,nvhost_podgov,1,3,-1,65187,68343,64875,63656,65031,68343,22026,10226,5313,1.4175,19.0312,27.01,1,11160661362717,21987,10226,5313
11161404545625,1728000,729600,1728000,schedutil,1020000000,306000000,1020000000,nvhost_podgov,1,3,-1,65218,68312,64843,63656,65125,68312,21949,10188,5313,1.42375,19.0263,27.09,1,11160661362717,21987,10226,5313
11161504560471,1728000,729600,1728000,schedutil,1020000000,306000000,1020000000,nvhost_podgov,1,3,-1,65218,68375,65000,63812,65000,68375,21949,10188,5313,1.38875,19.05,26.46,1,11160661362717,21987,10226,5313
11161604548308,1728000,729600,1728000,schedutil,1020000000,306000000,1020000000,nvhost_podgov,1,3,-1,65125,68500,65031,63781,65062,68500,21987,10188,5313,1.42,19.0237,26.42,1,11160661362717,21987,10226,5313
11161704563921,1728000,729600,1728000,schedutil,1020000000,306000000,1020000000,nvhost_podgov,1,3,-1,65125,68468,64875,63750,65031,68468,21987,10188,5313,1.29,19.0625,24.59,1,11161664742672,21987,10226,5313
11161804565935,1728000,729600,1728000,schedutil,1020000000,306000000,1020000000,nvhost_podgov,1,3,-1,65062,68343,64906,63750,65000,68187,22026,10226,5313,1.46375,19.0237,27.84,1,11161664742672,21987,10226,5313
11161904560844,1728000,729600,1728000,schedutil,1020000000,306000000,1020000000,nvhost_podgov,1,3,-1,65125,68593,64906,63687,65062,68593,22026,10226,5313,1.295,19.06,27.8,1,11161664742672,21987,10226,5313
11162004560617,1728000,729600,1728000,schedutil,1020000000,306000000,1020000000,nvhost_podgov,1,3,-1,65000,68343,64906,63718,65000,68343,21987,10226,5313,1.3625,19.0175,25.91,1,11161664742672,21987,10226,5313
11162104559814,1728000,729600,1728000,schedutil,1020000000,306000000,1020000000,nvhost_podgov,1,3,-1,65062,68218,64843,63656,65000,68218,22026,10226,5313,1.28625,19.0312,24.47,1,11161664742672,21987,10226,5313
11162204559715,1728000,729600,1728000,schedutil,1020000000,306000000,1020000000,nvhost_podgov,1,3,-1,65218,68187,64843,63687,65093,68187,21987,10188,5313,1.4875,19.0362,27.29,1,11161664742672,21987,10226,5313
11162304557248,1728000,729600,1728000,schedutil,1020000000,306000000,1020000000,nvhost_podgov,1,3,-1,65437,68593,65062,63718,65062,68593,22065,10265,5313,1.42,19.0225,26.73,1,11161664742672,21987,10226,5313
11162404562942,1728000,729600,1728000,schedutil,1020000000,306000000,1020000000,nvhost_podgov,1,3,-1,65187,68187,64968,63843,65093,68187,22065,10265,5313,1.45,19.0188,27.53,1,11161664742672,21987,10226,5313
11162504583259,1728000,729600,1728000,schedutil,1020000000,306000000,1020000000,nvhost_podgov,1,3,-1,65156,68187,65031,63781,65125,68187,22065,10265,5313,1.3875,19.0038,26.37,1,11161664742672,21987,10226,5313
11162604559032,1728000,729600,1728000,schedutil,1020000000,306000000,1020000000,nvhost_podgov,1,3,-1,65187,68125,64906,63718,65031,68281,22065,10304,5313,1.32,19.015,25.1,1,11161664742672,21987,10226,5313
11162704559829,1728000,729600,1728000,schedutil,1020000000,306000000,1020000000,nvhost_podgov,1,3,-1,65250,68187,64875,63781,65125,68187,22104,10304,5313,1.44375,19.0125,27.44,1,11162666337561,22104,10304,5313
11162804564594,1728000,729600,1728000,schedutil,1020000000,306000000,1020000000,nvhost_podgov,1,3,-1,65312,68187,64937,63781,65093,68187,22065,10265,5313,1.355,19.0188,25.77,1,11162666337561,22104,10304,5313
11162904571056,1728000,729600,1728000,schedutil,1020000000,306000000,1020000000,nvhost_podgov,1,3,-1,65062,68250,64906,63718,65031,68250,22026,10265,5313,1.3475,19.0375,25.73,1,11162666337561,22104,10304,5313
11163004562157,1728000,729600,1728000,schedutil,1020000000,306000000,1020000000,nvhost_podgov,1,3,-1,65281,68218,64937,63718,65062,68218,21949,10188,5313,1.43375,19.0275,27.28,1,11162666337561,22104,10304,5313
11163104557962,1728000,729600,1728000,schedutil,1020000000,306000000,1020000000,nvhost_podgov,1,3,-1,65343,68187,64906,63687,65093,68187,21871,10111,5274,1.38375,19.0125,26.3,1,11162666337561,22104,10304,5313
11163204560103,1728000,729600,1728000,schedutil,1020000000,306000000,1020000000,nvhost_podgov,1,3,-1,65250,68218,65093,63625,65062,68218,21793,10111,5274,1.37625,19.0063,25.73,1,11162666337561,22104,10304,5313
11163304554820,1728000,729600,1728000,schedutil,1020000000,306000000,1020000000,nvhost_podgov,1,3,-1,65343,68343,64968,63843,65000,68343,21793,10111,5274,1.34375,19.045,25.55,1,11162666337561,22104,10304,5313
11163404565537,1728000,729600,1728000,schedutil,1020000000,306000000,1020000000,nvhost_podgov,1,3,-1,65156,68375,65000,63875,65156,68375,21793,10111,5274,1.41875,19.0087,26.97,1,11162666337561,22104,10304,5313
11163504569662,1728000,729600,1728000,schedutil,1020000000,306000000,1020000000,nvhost_podgov,1,3,-1,65125,68281,65000,63781,65156,68281,21793,10111,5274,1.39375,19.0025,26.42,1,11162666337561,22104,10304,5313
11163604559515,1728000,729600,1728000,schedutil,1020000000,306000000,1020000000,nvhost_podgov,1,3,-1,65218,68281,64937,63781,65000,68281,21754,10072,5274,1.43,19.015,27.19,1,11162666337561,22104,10304,5313
11163704562040,1728000,729600,1728000,schedutil,1020000000,306000000,1020000000,nvhost_podgov,1,3,-1,65468,68156,64968,63687,65031,68406,21754,10072,5274,1.405,19.0012,26.7,1,11163662158683,21754,10072,5274
11163804572406,1728000,729600,1728000,schedutil,1020000000,306000000,1020000000,nvhost_podgov,1,3,-1,65343,68375,64843,63781,65156,68375,21832,10149,5274,1.3725,19.0225,26.51,1,11163662158683,21754,10072,5274
11163904563955,1728000,729600,1728000,schedutil,1020000000,306000000,1020000000,nvhost_podgov,1,3,-1,65156,68250,64906,63656,65093,68250,21793,10111,5274,1.33375,19.0125,27.07,1,11163662158683,21754,10072,5274
11164004560080,1728000,729600,1728000,schedutil,1020000000,306000000,1020000000,nvhost_podgov,1,3,-1,65250,68531,64875,63781,65125,68531,21832,10111,5274,1.49,19.0312,28.35,1,11163662158683,21754,10072,5274
11164104567789,1728000,729600,1728000,schedutil,1020000000,306000000,1020000000,nvhost_podgov,1,3,-1,65281,68468,65000,63906,65218,68468,21832,10149,5274,1.47,19.035,27.98,1,11163662158683,21754,10072,5274
11164204558954,1728000,729600,1728000,schedutil,1020000000,306000000,1020000000,nvhost_podgov,1,3,-1,65187,68375,64937,63843,65062,68375,21832,10149,5274,1.41125,18.9988,25.74,1,11163662158683,21754,10072,5274
11164304558055,1728000,729600,1728000,schedutil,1020000000,306000000,1020000000,nvhost_podgov,1,3,-1,65218,68093,64906,63812,65031,68093,21832,10111,5274,1.38125,19.0338,26.29,1,11163662158683,21754,10072,5274
11164404565252,1728000,729600,1728000,schedutil,1020000000,306000000,1020000000,nvhost_podgov,1,3,-1,65031,68468,64937,63781,65093,68468,21832,10111,5274,1.3575,19.0312,26.98,1,11163662158683,21754,10072,5274
11164504564481,1728000,729600,1728000,schedutil,1020000000,306000000,1020000000,nvhost_podgov,1,3,-1,65093,68250,64968,63781,65125,68250,21793,10111,5274,1.45625,19.0225,26.28,1,11163662158683,21754,10072,5274
11164604562078,1728000,729600,1728000,schedutil,1020000000,306000000,1020000000,nvhost_podgov,1,3,-1,65343,68281,64875,63781,65000,68281,21871,10149,5274,1.47875,19.0087,28.11,1,11163662158683,21754,10072,5274
11164704571099,1728000,729600,1728000,schedutil,1020000000,306000000,1020000000,nvhost_podgov,1,3,-1,65187,68593,64906,63718,65218,68593,21910,10188,5313,1.40625,19.0075,26.73,1,11164663079859,21910,10188,5313
11164804570904,1728000,729600,1728000,schedutil,1020000000,306000000,1020000000,nvhost_podgov,1,3,-1,65250,68187,64906,63750,65218,68187,21949,10226,5313,1.4025,19.045,26.71,1,11164663079859,21910,10188,5313
11164904563701,1728000,729600,1728000,schedutil,1020000000,306000000,1020000000,nvhost_podgov,1,3,-1,65312,68187,65031,63937,65156,68187,21949,10188,5313,1.43125,19.0362,27.23,1,11164663079859,21910,10188,5313
11165004554770,1728000,729600,1728000,schedutil,1020000000,306000000,1020000000,nvhost_podgov,1,3,-1,65125,68218,65031,63906,65187,68218,21949,10188,5313,1.40625,19.0512,26.79,1,11164663079859,21910,10188,5313
11165104557359,1728000,729600,1728000,schedutil,1020000000,306000000,1020000000,nvhost_podgov,1,3,-1,65250,68187,65000,63812,65031,68187,21871,10149,5274,1.3175,19.0162,25.05,1,11164663079859,21910,10188,5313
11165204557804,1728000,729600,1728000,schedutil,1020000000,306000000,1020000000,nvhost_podgov,1,3,-1,65125,68218,65000,63781,65062,68218,21832,10111,5274,1.34625,19.0362,26.92,1,11164663079859,21910,10188,5313
11165304567209,1728000,729600,1728000,schedutil,1020000000,306000000,1020000000,nvhost_podgov,1,3,-1,65062,68312,64812,63812,65062,68312,21832,10111,5274,1.37875,19.015,26.22,1,11164663079859,21910,10188,5313
11165404563078,1728000,729600,1728000,schedutil,1020000000,306000000,1020000000,nvhost_podgov,1,3,-1,65312,68218,64937,63781,65125,68218,21793,10072,5274,1.315,19.0338,25.02,1,11164663079859,21910,10188,5313
11165504568227,1728000,729600,1728000,schedutil,1020000000,306000000,1020000000,nvhost_podgov,1,3,-1,65156,68218,64968,63750,65125,68218,21754,10033,5274,1.315,19.0413,25.14,1,11164663079859,21910,10188,5313
11165604744868,1728000,729600,1728000,schedutil,1020000000,306000000,1020000000,nvhost_podgov,1,3,-1,65187,68343,64875,63843,65093,68343,21716,10033,5274,1.34625,19.0263,25.6,1,11164663079859,21910,10188,5313
11165704567133,1728000,729600,1728000,schedutil,1020000000,306000000,1020000000,nvhost_podgov,1,3,-1,65406,68250,65031,63781,65125,68250,21716,10072,5274,1.37125,19.0512,26.13,1,11165662156928,21716,10033,5274
11165804554746,729600,729600,1728000,schedutil,1020000000,306000000,1020000000,nvhost_podgov,1,3,-1,65312,68218,65031,63812,65218,68218,21716,10072,5274,1.3925,19.0463,26.52,1,11165662156928,21716,10033,5274
11165904554167,729600,729600,1728000,schedutil,1020000000,306000000,1020000000,nvhost_podgov,1,3,-1,65281,68343,65031,63781,65250,68343,21677,10033,5274,1.33125,19.0487,26.33,1,11165662156928,21716,10033,5274
11166004548980,729600,729600,1728000,schedutil,1020000000,306000000,1020000000,nvhost_podgov,1,3,-1,65250,68250,64906,63781,65218,68250,21677,9995,5235,1.385,19.0413,26.34,1,11165662156928,21716,10033,5274
11166104547697,729600,729600,1728000,schedutil,1020000000,306000000,1020000000,nvhost_podgov,1,3,-1,65250,68281,65000,63781,65218,68281,21599,9956,5235,1.3725,19.0375,26.13,1,11165662156928,21716,10033,5274
11166204548046,729600,729600,1728000,schedutil,1020000000,306000000,1020000000,nvhost_podgov,1,3,-1,65406,68437,64906,63781,65312,68437,21638,9956,5235,1.345,19.0275,25.59,1,11165662156928,21716,10033,5274
11166304546699,729600,729600,1728000,schedutil,1020000000,306000000,1020000000,nvhost_podgov,1,3,-1,65250,68375,65031,63812,65218,68375,21599,9956,5235,1.40625,19.02,26.75,1,11165662156928,21716,10033,5274
11166404556328,729600,729600,1728000,schedutil,1020000000,306000000,1020000000,nvhost_podgov,1,3,-1,65437,68500,64875,63781,65250,68500,21599,9956,5235,1.36875,19.0287,25.31,1,11165662156928,21716,10033,5274
11166504552133,729600,729600,1728000,schedutil,1020000000,306000000,1020000000,nvhost_podgov,1,3,-1,65500,68406,65000,63781,65250,68406,21638,9956,5235,1.4,19.0437,26.66,1,11165662156928,21716,10033,5274
11166604552513,729600,729600,1728000,schedutil,1020000000,306000000,1020000000,nvhost_podgov,1,3,-1,65375,68312,65031,63937,65187,68312,21599,9956,5235,1.3825,19.0287,27.5,1,11165662156928,21716,10033,5274
11166704559231,729600,729600,1728000,schedutil,1020000000,306000000,1020000000,nvhost_podgov,1,3,-1,65437,68218,65031,63812,65281,68218,21677,9995,5235,1.32625,19.0362,25.24,1,11166648496803,21638,9995,5235
11166804553979,729600,729600,1728000,schedutil,1020000000,306000000,1020000000,nvhost_podgov,1,3,-1,65218,68593,64968,63781,65312,68593,21677,9995,5235,1.4,19.0425,26.66,1,11166648496803,21638,9995,5235
11166904552760,729600,729600,1728000,schedutil,1020000000,306000000,1020000000,nvhost_podgov,1,3,-1,65218,68500,64968,63812,65343,68500,21716,9995,5274,1.38125,19.0263,24.36,1,11166648496803,21638,9995,5235
11167004552533,729600,729600,1728000,schedutil,1020000000,306000000,1020000000,nvhost_podgov,1,3,-1,65250,68250,64968,63687,65281,68250,21677,9995,5274,1.37375,19.0237,26.14,1,11166648496803,21638,9995,5235
11167104551154,729600,729600,1728000,schedutil,1020000000,306000000,1020000000,nvhost_podgov,1,3,-1,65312,68218,64937,63781,65218,68218,21716,10033,5274,1.26625,19.0475,24.12,1,11166648496803,21638,9995,5235
11167204545903,729600,729600,1728000,schedutil,1020000000,306000000,1020000000,nvhost_podgov,1,3,-1,65531,68562,64937,63812,65343,68562,21754,10033,5274,1.3675,19.0312,27.85,1,11166648496803,21638,9995,5235
11167304547596,729600,729600,1728000,schedutil,1020000000,306000000,1020000000,nvhost_podgov,1,3,-1,65468,68250,64906,63781,65312,68250,21793,10072,5274,1.32125,19.0338,25.18,1,11166648496803,21638,9995,5235
11167404558473,729600,729600,1728000,schedutil,1020000000,306000000,1020000000,nvhost_podgov,1,3,-1,65343,68250,65093,63968,65343,68250,21793,10072,5274,1.39375,19.0287,26.52,1,11166648496803,21638,9995,5235
11167504563110,729600,729600,1728000,schedutil,1020000000,306000000,1020000000,nvhost_podgov,1,3,-1,65562,68312,65000,63906,65375,68312,21793,10072,5274,1.44125,19.0437,26.83,1,11166648496803,21638,9995,5235
11167604560291,729600,729600,1728000,schedutil,1020000000,306000000,1020000000,nvhost_podgov,1,3,-1,65406,68312,65031,63843,65281,68312,21871,10149,5313,1.405,19.01,26.74,1,11166648496803,21638,9995,5235
11167704559423,729600,729600,1728000,schedutil,1020000000,306000000,1020000000,nvhost_podgov,1,3,-1,65375,68281,65062,63875,65375,68281,21871,10111,5274,1.38125,19.0375,26.29,1,11167653587674,21871,10111,5274
11167804558812,729600,729600,1728000,schedutil,1020000000,306000000,1020000000,nvhost_podgov,1,3,-1,65375,68343,65031,63843,65250,68343,21871,10149,5274,1.495,19.0175,27.37,1,11167653587674,21871,10111,5274
11167904555737,729600,729600,1728000,schedutil,1020000000,306000000,1020000000,nvhost_podgov,1,3,-1,65250,68343,65031,63906,65281,68343,21910,10149,5274,1.29,19.0413,27.37,1,11167653587674,21871,10111,5274
11168004548502,729600,729600,1728000,schedutil,1020000000,306000000,1020000000,nvhost_podgov,1,3,-1,65468,68281,65031,63812,65343,68281,21871,10111,5274,1.3675,19.0413,26.04,1,11167653587674,21871,10111,5274
11168104547890,729600,729600,1728000,schedutil,1020000000,306000000,1020000000,nvhost_podgov,1,3,-1,65500,68406,65000,63875,65312,68406,21871,10149,5313,1.36625,19.0162,25.98,1,11167653587674,21871,10111,5274
11168204547247,729600,729600,1728000,schedutil,1020000000,306000000,1020000000,nvhost_podgov,1,3,-1,65468,68406,65093,64000,65312,68406,21910,10149,5313,1.44875,19.045,26.78,1,11167653587674,21871,10111,5274
11168304546860,729600,729600,1728000,schedutil,1020000000,306000000,1020000000,nvhost_podgov,1,3,-1,65406,68343,65031,63968,65218,68500,21871,10111,5313,1.2925,19.0175,24.6,1,11167653587674,21871,10111,5274
11168404551433,729600,729600,1728000,schedutil,1020000000,306000000,1020000000,nvhost_podgov,1,3,-1,65343,68343,65031,63968,65312,68343,21793,10072,5274,1.3575,19.0375,25.84,1,11167653587674,21871,10111,5274
11168504549958,729600,729600,1728000,schedutil,1020000000,306000000,1020000000,nvhost_podgov,1,3,-1,65343,68375,65031,64000,65375,68375,21754,10033,5274,1.3,19.035,25.88,1,11167653587674,21871,10111,5274
11168604548611,729600,729600,1728000,schedutil,1020000000,306000000,1020000000,nvhost_podgov,1,3,-1,65312,68500,65031,63937,65281,68500,21754,10033,5274,1.405,19.0237,26.73,1,11167653587674,21871,10111,5274
11168704564832,729600,729600,1728000,schedutil,1020000000,306000000,1020000000,nvhost_podgov,1,3,-1,65468,68406,65031,63906,65156,68406,21754,10033,5274,1.39625,19.0312,27.52,1,11168652214939,21793,10033,5274
11168804559580,729600,729600,1728000,schedutil,1020000000,306000000,1020000000,nvhost_podgov,1,3,-1,65656,68437,65031,63843,65187,68437,21871,10111,5274,1.36125,19.0338,25.18,1,11168652214939,21793,10033,5274
11168904554649,729600,729600,1728000,schedutil,1020000000,306000000,1020000000,nvhost_podgov,1,3,-1,65468,68468,64968,63781,65218,68468,21793,10111,5274,1.36375,19.0312,26.02,1,11168652214939,21793,10033,5274
11169004548182,729600,729600,1728000,schedutil,1020000000,306000000,1020000000,nvhost_podgov,1,3,-1,65500,68437,65125,63812,65250,68437,21754,10072,5274,1.3675,19.0338,26.02,1,11168652214939,21793,10033,5274
11169104553331,729600,729600,1728000,schedutil,1020000000,306000000,1020000000,nvhost_podgov,1,3,-1,65656,68437,65062,64000,65187,68218,21716,10033,5274,1.41,19.0413,26.86,1,11168652214939,21793,10033,5274
11169204549551,729600,729600,1728000,schedutil,1020000000,306000000,1020000000,nvhost_podgov,1,3,-1,65500,68625,65062,63906,65125,68625,21716,10033,5274,1.365,19.0338,27.03,1,11168652214939,21793,10033,5274
11169304550252,729600,729600,1728000,schedutil,1020000000,306000000,1020000000,nvhost_podgov,1,3,-1,65437,68500,65062,63937,65218,68500,21677,9995,5274,1.43625,19.0312,27.33,1,11168652214939,21793,10033,5274
11169404548649,729600,729600,1728000,schedutil,1020000000,306000000,1020000000,nvhost_podgov,1,3,-1,65406,68281,65093,63843,65156,68281,21677,9995,5274,1.4175,19.0225,26.97,1,11168652214939,21793,10033,5274
11169504547078,729600,729600,1728000,schedutil,1020000000,306000000,1020000000,nvhost_podgov,1,3,-1,65468,68312,65125,63875,65187,68312,21677,9995,5274,1.3675,19.0425,27.16,1,11168652214939,21793,10033,5274
11169604546658,729600,729600,1728000,schedutil,1020000000,306000000,1020000000,nvhost_podgov,1,3,-1,65531,68531,65031,63843,65125,68531,21677,9995,5274,1.41125,19.0275,26.86,1,11168652214939,21793,10033,5274
11169704561535,729600,729600,1728000,schedutil,1020000000,306000000,1020000000,nvhost_podgov,1,3,-1,65562,68312,65031,63906,65250,68312,21677,9995,5274,1.35,19.0375,25.7,1,11169651126561,21677,10033,5274
11169804560540,729600,729600,1728000,schedutil,1020000000,306000000,1020000000,nvhost_podgov,1,3,-1,65562,68250,64937,63906,65250,68250,21716,10033,5274,1.3875,19.015,26.74,1,11169651126561,21677,10033,5274
11169904554329,729600,729600,1728000,schedutil,1020000000,306000000,1020000000,nvhost_podgov,1,3,-1,65625,68687,64968,63875,65187,68281,21793,10072,5274,1.36625,19.04,26.92,1,11169651126561,21677,10033,5274
11170004554965,729600,729600,1728000,schedutil,1020000000,306000000,1020000000,nvhost_podgov,1,3,-1,65500,68375,65031,63843,65250,68375,21793,10072,5274,1.34,19.04,25.51,1,11169651126561,21677,10033,5274
11170104552338,729600,729600,1728000,schedutil,1020000000,306000000,1020000000,nvhost_podgov,1,3,-1,65531,68281,65093,63906,65187,68281,21793,10072,5274,1.4275,19.0162,27.15,1,11169651126561,21677,10033,5274
11170204546959,729600,729600,1728000,schedutil,1020000000,306000000,1020000000,nvhost_podgov,1,3,-1,65437,68406,65031,63937,65125,68406,21754,10072,5274,1.34375,19.0525,26.39,1,11169651126561,21677,10033,5274
11170304549291,729600,729600,1728000,schedutil,1020000000,306000000,1020000000,nvhost_podgov,1,3,-1,65468,68406,65000,63875,65312,68406,21754,10033,5274,1.35125,19.0263,25.72,1,11169651126561,21677,10033,5274
11170404552776,729600,729600,1728000,schedutil,1020000000,306000000,1020000000,nvhost_podgov,1,3,-1,65468,68281,65031,63781,65218,68281,21754,10033,5274,1.42875,19.0362,27.2,1,11169651126561,21677,10033,5274
11170504547909,729600,729600,1728000,schedutil,1020000000,306000000,1020000000,nvhost_podgov,1,3,-1,65375,68375,65000,63812,65281,68375,21716,10033,5274,1.4725,19.04,25.42,1,11169651126561,21677,10033,5274
11170604543361,729600,729600,1728000,schedutil,1020000000,306000000,1020000000,nvhost_podgov,1,3,-1,65656,68281,65000,63781,65281,68281,21716,10033,5274,1.41875,19.0162,26.98,1,11169651126561,21677,10033,5274
11170704559902,729600,729600,1728000,schedutil,1020000000,306000000,1020000000,nvhost_podgov,1,3,-1,65843,68468,65031,63875,65250,68468,21754,10033,5274,1.395,19.02,26.54,1,11170651905234,21754,10033,5274
11170804557883,729600,729600,1728000,schedutil,1020000000,306000000,1020000000,nvhost_podgov,1,3,-1,65531,68406,65125,63875,65156,68406,21754,10033,5274,1.41875,19.0388,26.13,1,11170651905234,21754,10033,5274
11170904554359,729600,729600,1728000,schedutil,1020000000,306000000,1020000000,nvhost_podgov,1,3,-1,65562,68406,65125,64000,65187,68406,21716,10033,5274,1.31125,19.0275,24.95,1,11170651905234,21754,10033,5274
11171004554836,729600,729600,1728000,schedutil,1020000000,306000000,1020000000,nvhost_podgov,1,3,-1,65500,68500,65093,63906,65218,68500,21677,9995,5274,1.40375,19.0413,26.73,1,11170651905234,21754,10033,5274
11171104547441,729600,729600,1728000,schedutil,1020000000,306000000,1020000000,nvhost_podgov,1,3,-1,65500,68468,65000,63843,65187,68468,21638,9995,5274,1.36375,19.0125,25.93,1,11170651905234,21754,10033,5274
11171204548077,729600,729600,1728000,schedutil,1020000000,306000000,1020000000,nvhost_podgov,1,3,-1,65406,68437,64968,63812,65187,68437,21638,9995,5274,1.35625,19.0463,27.8,1,11170651905234,21754,10033,5274
11171304552906,729600,729600,1728000,schedutil,1020000000,306000000,1020000000,nvhost_podgov,1,3,-1,65375,68656,64937,63875,65218,68656,21638,9995,5274,1.4475,19.0275,27.55,1,11170651905234,21754,10033,5274
11171404555143,729600,729600,1728000,schedutil,1020000000,306000000,1020000000,nvhost_podgov,1,3,-1,65531,68531,65000,63781,65156,68531,21638,9995,5274,1.36125,19.03,25.91,1,11170651905234,21754,10033,5274
11171504549827,729600,729600,1728000,schedutil,1020000000,306000000,1020000000,nvhost_podgov,1,3,-1,65562,68500,65031,63843,65312,68500,21638,9995,5274,1.3475,19.0312,25.77,1,11170651905234,21754,10033,5274
11171604551872,729600,729600,1728000,schedutil,1020000000,306000000,1020000000,nvhost_podgov,1,3,-1,65531,68312,65218,64062,65250,68312,21677,9995,5274,1.39375,19.015,26.5,1,11170651905234,21754,10033,5274
11171704557117,729600,729600,1728000,schedutil,1020000000,306000000,1020000000,nvhost_podgov,1,3,-1,65656,68593,65125,64000,65312,68593,21716,10033,5274,1.46375,19.0413,27.87,1,11171655567750,21716,10033,5274
11171804555801,729600,729600,1728000,schedutil,1020000000,306000000,1020000000,nvhost_podgov,1,3,-1,65500,68375,65031,63875,65218,68375,21716,10033,5274,1.37875,19.0475,26.25,1,11171655567750,21716,10033,5274
11171904552310,729600,729600,1728000,schedutil,1020000000,306000000,1020000000,nvhost_podgov,1,3,-1,65531,68250,65093,63906,65218,68250,21677,9995,5274,1.3675,19.015,26,1,11171655567750,21716,10033,5274
11172004553842,729600,729600,1728000,schedutil,1020000000,306000000,1020000000,nvhost_podgov,1,3,-1,65468,68593,65062,63906,65187,68593,21677,9995,5274,1.4,19.0275,26.64,1,11171655567750,21716,10033,5274
11172104549807,729600,729600,1728000,schedutil,1020000000,306000000,1020000000,nvhost_podgov,1,3,-1,65562,68375,65062,63875,65250,68375,21638,9995,5274,1.365,19.0188,26.06,1,11171655567750,21716,10033,5274
11172204547915,729600,729600,1728000,schedutil,1020000000,306000000,1020000000,nvhost_podgov,1,3,-1,65593,68312,65031,63843,65281,68312,21638,9995,5274,1.46,19.0512,24.79,1,11171655567750,21716,10033,5274
11172304549448,729600,729600,1728000,schedutil,1020000000,306000000,1020000000,nvhost_podgov,1,3,-1,65406,68343,65000,63906,65250,68343,21677,9995,5274,1.47875,19.0212,28.12,1,11171655567750,21716,10033,5274
11172404558085,729600,729600,1728000,schedutil,1020000000,306000000,1020000000,nvhost_podgov,1,3,-1,65500,68343,65093,63843,65187,68343,21677,9995,5274,1.34875,19.02,25.54,1,11171655567750,21716,10033,5274
11172504559393,729600,729600,1728000,schedutil,1020000000,306000000,1020000000,nvhost_podgov,1,3,-1,65781,68343,65156,64031,65218,68343,21677,9995,5274,1.44375,19.0212,27.47,1,11171655567750,21716,10033,5274
11172604558142,729600,729600,1728000,schedutil,1020000000,306000000,1020000000,nvhost_podgov,1,3,-1,65562,68437,65093,64000,65281,68437,21716,10033,5274,1.40625,19.02,26.75,1,11171655567750,21716,10033,5274
11172704556634,729600,729600,1728000,schedutil,1020000000,306000000,1020000000,nvhost_podgov,1,3,-1,65562,68500,65062,63937,65250,68500,21793,10072,5274,1.3775,19.0362,26.23,1,11172652084051,21754,10033,5274
11172804545015,729600,729600,1728000,schedutil,1020000000,306000000,1020000000,nvhost_podgov,1,3,-1,65500,68406,65062,63906,65156,68406,21754,10072,5274,1.4475,19.0425,26.54,1,11172652084051,21754,10033,5274
11172904555763,729600,729600,1728000,schedutil,1020000000,306000000,1020000000,nvhost_podgov,1,3,-1,65562,68500,65031,63875,65187,68500,21754,10072,5274,1.4,19.0388,26.65,1,11172652084051,21754,10033,5274
11173004553808,729600,729600,1728000,schedutil,1020000000,306000000,1020000000,nvhost_podgov,1,3,-1,65437,68468,65031,63875,65187,68468,21754,10072,5274,1.38,19.0237,26.25,1,11172652084051,21754,10033,5274
11173104553645,729600,729600,1728000,schedutil,1020000000,306000000,1020000000,nvhost_podgov,1,3,-1,65437,68500,65031,63906,65312,68500,21793,10072,5274,1.35375,19.055,25.04,1,11172652084051,21754,10033,5274
11173204552009,729600,729600,1728000,schedutil,1020000000,306000000,1020000000,nvhost_podgov,1,3,-1,65687,68593,65031,63843,65250,68593,21832,10111,5274,1.405,18.9962,26.69,1,11172652084051,21754,10033,5274
11173304548581,729600,729600,1728000,schedutil,1020000000,306000000,1020000000,nvhost_podgov,1,3,-1,65718,68500,65156,63843,65218,68500,21910,10149,5313,1.34125,19.0175,25.51,1,11172652084051,21754,10033,5274
11173404554914,729600,729600,1728000,schedutil,1020000000,306000000,1020000000,nvhost_podgov,1,3,-1,65562,68437,65031,64000,65218,68656,21910,10149,5313,1.3725,19.0275,26,1,11172652084051,21754,10033,5274
11173504543166,729600,729600,1728000,schedutil,1020000000,306000000,1020000000,nvhost_podgov,1,3,-1,65593,68531,65156,64031,65125,68531,21871,10149,5313,1.3775,19.0075,26.2,1,11172652084051,21754,10033,5274
11173604550811,729600,729600,1728000,schedutil,1020000000,306000000,1020000000,nvhost_podgov,1,3,-1,65531,68531,65062,63906,65343,68531,21832,10111,5313,1.50625,19.0225,28.65,1,11172652084051,21754,10033,5274
11173704564600,729600,729600,1728000,schedutil,1020000000,306000000,1020000000,nvhost_podgov,1,3,-1,65593,68687,65062,63875,65156,68687,21871,10149,5274,1.4575,19.0325,27.74,1,11173651913804,21871,10111,5274
11173804554164,729600,729600,1728000,schedutil,1020000000,306000000,1020000000,nvhost_podgov,1,3,-1,65500,68593,65125,63875,65218,68593,21871,10149,5274,1.4575,19.0188,26.51,1,11173651913804,21871,10111,5274
11173904547888,729600,729600,1728000,schedutil,1020000000,306000000,1020000000,nvhost_podgov,1,3,-1,65500,68531,65062,63937,65218,68531,21832,10111,5274,1.3625,19.0263,25.92,1,11173651913804,21871,10111,5274
11174004549869,729600,729600,1728000,schedutil,1020000000,306000000,1020000000,nvhost_podgov,1,3,-1,65625,68375,65031,63906,65312,68375,21832,10111,5274,1.3925,19.0212,26.48,1,11173651913804,21871,10111,5274
11174104552745,729600,729600,1728000,schedutil,1020000000,306000000,1020000000,nvhost_podgov,1,3,-1,65781,68687,65156,63906,65312,68687,21832,10111,5274,1.4325,19.0275,27.25,1,11173651913804,21871,10111,5274
11174204551942,729600,729600,1728000,schedutil,1020000000,306000000,1020000000,nvhost_podgov,1,3,-1,65593,68625,65187,64093,65218,68625,21910,10149,5313,1.3275,19.0038,25.29,1,11173651913804,21871,10111,5274
11174304549634,729600,729600,1728000,schedutil,1020000000,306000000,1020000000,nvhost_podgov,1,3,-1,65531,68343,65062,63937,65312,68343,21910,10149,5313,1.45,19.015,27.57,1,11173651913804,21871,10111,5274
11174404553983,729600,729600,1728000,schedutil,1020000000,306000000,1020000000,nvhost_podgov,1,3,-1,65531,68718,65062,63968,65312,68718,21871,10149,5313,1.38375,19.0325,25.52,1,11173651913804,21871,10111,5274
11174504551739,729600,729600,1728000,schedutil,1020000000,306000000,1020000000,nvhost_podgov,1,3,-1,65531,68437,65125,63937,65250,68437,21871,10111,5313,1.38625,19.0463,26.37,1,11173651913804,21871,10111,5274
11174604702299,729600,729600,1728000,schedutil,1020000000,306000000,1020000000,nvhost_podgov,1,3,-1,65468,68375,65125,63937,65218,68375,21832,10111,5274,1.35125,19.0275,29.13,1,11173651913804,21871,10111,5274
11174704554260,729600,729600,1728000,schedutil,1020000000,306000000,1020000000,nvhost_podgov,1,3,-1,65531,68343,65125,63906,65250,68343,21871,10149,5274,1.35125,19.0275,25.72,1,11174655585310,21832,10111,5274
11174804559377,729600,729600,1728000,schedutil,1020000000,306000000,1020000000,nvhost_podgov,1,3,-1,65656,68468,65125,63937,65250,68468,21871,10149,5274,1.325,19.0437,27.5,1,11174655585310,21832,10111,5274
11174904550669,729600,729600,1728000,schedutil,1020000000,306000000,1020000000,nvhost_podgov,1,3,-1,65437,68468,65187,64031,65281,68468,21871,10111,5274,1.40125,19.0375,26.68,1,11174655585310,21832,10111,5274
11175004547625,729600,729600,1728000,schedutil,1020000000,306000000,1020000000,nvhost_podgov,1,3,-1,65656,68406,65218,64031,65312,68406,21832,10111,5274,1.3575,19.0188,25.82,1,11174655585310,21832,10111,5274
11175104550086,729600,729600,1728000,schedutil,1020000000,306000000,1020000000,nvhost_podgov,1,3,-1,65562,68375,65125,64000,65281,68375,21793,10072,5274,1.37875,19.0237,25.09,1,11174655585310,21832,10111,5274
11175204702470,729600,729600,1728000,schedutil,1020000000,306000000,1020000000,nvhost_podgov,1,3,-1,65500,68500,65125,63968,65281,68625,21793,10072,5274,1.3625,19.02,25.92,1,11174655585310,21832,10111,5274
11175304551903,729600,729600,1728000,schedutil,1020000000,306000000,1020000000,nvhost_podgov,1,3,-1,65593,68500,65000,63875,65281,68500,21793,10072,5274,1.36875,19.0287,26.05,1,11174655585310,21832,10111,5274
11175404556475,729600,729600,1728000,schedutil,1020000000,306000000,1020000000,nvhost_podgov,1,3,-1,65625,68437,65031,63906,65343,68437,21754,10072,5274,1.36125,19.0362,25.6,1,11174655585310,21832,10111,5274
11175504550167,729600,729600,1728000,schedutil,1020000000,306000000,1020000000,nvhost_podgov,1,3,-1,65500,68468,65125,63906,65281,68468,21716,10033,5274,1.45125,19.0375,27.65,1,11174655585310,21832,10111,5274
11175604702711,729600,729600,1728000,schedutil,1020000000,306000000,1020000000,nvhost_podgov,1,3,-1,65625,68531,65031,63875,65343,68531,21677,10033,5274,1.36,19.0325,25.88,1,11174655585310,21832,10111,5274
11175704552272,729600,729600,1728000,schedutil,1020000000,306000000,1020000000,nvhost_podgov,1,3,-1,65593,68468,65218,63875,65250,68468,21754,10072,5274,1.3525,19.0475,24.69,1,11175653583723,21716,10033,5274
11175804549932,729600,729600,1728000,schedutil,1020000000,306000000,1020000000,nvhost_podgov,1,3,-1,65531,68437,65187,64093,65406,68437,21677,10033,5274,1.3275,19.03,25.17,1,11175653583723,21716,10033,5274
11175904549289,729600,729600,1728000,schedutil,1020000000,306000000,1020000000,nvhost_podgov,1,3,-1,65656,68593,65125,64031,65281,68593,21677,10033,5274,1.30125,19.015,24.74,1,11175653583723,21716,10033,5274
11176004547173,729600,729600,1728000,schedutil,1020000000,306000000,1020000000,nvhost_podgov,1,3,-1,65500,68500,65125,64093,65250,68500,21677,10033,5274,1.43625,19.0475,27.35,1,11175653583723,21716,10033,5274
11176104547265,729600,729600,1728000,schedutil,1020000000,306000000,1020000000,nvhost_podgov,1,3,-1,65656,68406,65125,64031,65281,68406,21638,10033,5274,1.395,19.045,23.86,1,11175653583723,21716,10033,5274
11176204540958,729600,729600,1728000,schedutil,1020000000,306000000,1020000000,nvhost_podgov,1,3,-1,65468,68687,65125,63875,65343,68687,21599,9995,5274,1.36625,19.0237,26,1,11175653583723,21716,10033,5274
11176304548954,729600,729600,1728000,schedutil,1020000000,306000000,1020000000,nvhost_podgov,1,3,-1,65562,68375,65093,64000,65312,68375,21638,9995,5274,1.39,19.0263,26.45,1,11175653583723,21716,10033,5274
11176404545846,729600,729600,1728000,schedutil,1020000000,306000000,1020000000,nvhost_podgov,1,3,-1,65718,68375,65187,63906,65281,68375,21638,9995,5274,1.40125,19.0388,27.03,1,11175653583723,21716,10033,5274
11176504552307,729600,729600,1728000,schedutil,1020000000,306000000,1020000000,nvhost_podgov,1,3,-1,65562,68718,65125,63968,65343,68718,21638,9995,5235,1.3925,19.0388,26.51,1,11175653583723,21716,10033,5274
11176604550095,729600,729600,1728000,schedutil,1020000000,306000000,1020000000,nvhost_podgov,1,3,-1,65593,68562,65125,63906,65281,68562,21638,9995,5274,1.3225,19.0125,25.14,1,11175653583723,21716,10033,5274
11176704559564,729600,729600,1728000,schedutil,1020000000,306000000,1020000000,nvhost_podgov,1,3,-1,65750,68406,65250,63968,65343,68406,21677,9995,5274,1.39,19.02,25.75,1,11176655197580,21677,9995,5274
11176804551208,729600,729600,1728000,schedutil,1020000000,306000000,1020000000,nvhost_podgov,1,3,-1,65562,68375,65156,64062,65281,68375,21677,10033,5274,1.35,19.0388,25.7,1,11176655197580,21677,9995,5274
11176904550404,729600,729600,1728000,schedutil,1020000000,306000000,1020000000,nvhost_podgov,1,3,-1,65687,68687,65156,64031,65375,68437,21716,10033,5274,1.36625,19.0463,26.02,1,11176655197580,21677,9995,5274
11177004548576,729600,729600,1728000,schedutil,1020000000,306000000,1020000000,nvhost_podgov,1,3,-1,65375,68375,65156,63906,65312,68375,21677,9995,5274,1.39375,19.035,26.54,1,11176655197580,21677,9995,5274
11177104550685,729600,729600,1728000,schedutil,1020000000,306000000,1020000000,nvhost_podgov,1,3,-1,65593,68406,65062,63843,65218,68406,21677,9995,5274,1.2875,19.0362,26.1,1,11176655197580,21677,9995,5274
11177204547577,729600,729600,1728000,schedutil,1020000000,306000000,1020000000,nvhost_podgov,1,3,-1,65468,68500,65156,63968,65312,68500,21677,9995,5274,1.33,19.0325,25.32,1,11176655197580,21677,9995,5274
11177304544885,729600,729600,1728000,schedutil,1020000000,306000000,1020000000,nvhost_podgov,1,3,-1,65531,68406,65156,63937,65312,68406,21677,9956,5274,1.4,19.045,26.66,1,11176655197580,21677,9995,5274
11177404546577,729600,729600,1728000,schedutil,1020000000,306000000,1020000000,nvhost_podgov,1,3,-1,65593,68375,65125,63875,65281,68375,21638,9956,5274,1.41125,19.0162,25.38,1,11176655197580,21677,9995,5274
11177504556078,729600,729600,1728000,schedutil,1020000000,306000000,1020000000,nvhost_podgov,1,3,-1,65718,68562,65156,63968,65281,68562,21638,9956,5274,1.3625,19.0188,25.18,1,11176655197580,21677,9995,5274
11177604563242,729600,729600,1728000,schedutil,1020000000,306000000,1020000000,nvhost_podgov,1,3,-1,65875,68468,65156,64093,65375,68468,21599,9956,5235,1.36375,19.0263,26.06,1,11176655197580,21677,9995,5274
11177704562471,729600,729600,1728000,schedutil,1020000000,306000000,1020000000,nvhost_podgov,1,3,-1,65718,68531,65156,63968,65343,68531,21754,10072,5274,1.41375,19.0375,27.09,1,11177656235968,21754,10072,5274
11177804552835,729600,729600,1728000,schedutil,1020000000,306000000,1020000000,nvhost_podgov,1,3,-1,65593,68468,65187,64000,65312,68468,21754,10111,5274,1.3675,19.0362,26.04,1,11177656235968,21754,10072,5274
11177904551871,729600,729600,1728000,schedutil,1020000000,306000000,1020000000,nvhost_podgov,1,3,-1,65593,68468,65093,63906,65406,68468,21716,10072,5274,1.44125,19.0188,27.41,1,11177656235968,21754,10072,5274
11178004556859,729600,729600,1728000,schedutil,1020000000,306000000,1020000000,nvhost_podgov,1,3,-1,65500,68625,65093,64062,65312,68625,21716,10072,5274,1.41875,19.0325,26.88,1,11177656235968,21754,10072,5274
11178104553911,729600,729600,1728000,schedutil,1020000000,306000000,1020000000,nvhost_podgov,1,3,-1,65468,68531,65093,63875,65281,68531,21677,10033,5274,1.365,19.04,26.2,1,11177656235968,21754,10072,5274
11178204549363,729600,729600,1728000,schedutil,1020000000,306000000,1020000000,nvhost_podgov,1,3,-1,65562,68531,65062,63968,65312,68531,21677,10033,5274,1.33125,19.0225,25.32,1,11177656235968,21754,10072,5274
11178304547120,729600,729600,1728000,schedutil,1020000000,306000000,1020000000,nvhost_podgov,1,3,-1,65781,68625,65187,64062,65375,68625,21677,10033,5274,1.37625,19.03,26.19,1,11177656235968,21754,10072,5274
11178404545452,729600,729600,1728000,schedutil,1020000000,306000000,1020000000,nvhost_podgov,1,3,-1,65593,68625,65156,64031,65343,68625,21638,9995,5274,1.45375,19.0212,26.84,1,11177656235968,21754,10072,5274
11178504572969,729600,729600,1728000,schedutil,1020000000,306000000,1020000000,nvhost_podgov,1,3,-1,65718,68500,65156,63968,65406,68500,21677,10033,5274,1.34,19.0338,25.51,1,11177656235968,21754,10072,5274
11178604551876,729600,729600,1728000,schedutil,1020000000,306000000,1020000000,nvhost_podgov,1,3,-1,65500,68687,65187,64093,65343,68687,21677,10033,5274,1.375,19.0437,26.19,1,11177656235968,21754,10072,5274
11178704560897,729600,729600,1728000,schedutil,1020000000,306000000,1020000000,nvhost_podgov,1,3,-1,65625,68656,65218,64000,65375,68656,21638,9995,5274,1.4475,19.035,27.51,1,11178656613763,21677,10033,5274
11178804559293,729600,729600,1728000,schedutil,1020000000,306000000,1020000000,nvhost_podgov,1,3,-1,65531,68437,65156,63906,65312,68437,21716,10072,5274,1.335,19.0212,25.4,1,11178656613763,21677,10033,5274
11178904556153,729600,729600,1728000,schedutil,1020000000,306000000,1020000000,nvhost_podgov,1,3,-1,65625,68687,65093,64000,65250,68687,21716,10072,5274,1.3675,19.0388,26.04,1,11178656613763,21677,10033,5274
11179004549045,729600,729600,1728000,schedutil,1020000000,306000000,1020000000,nvhost_podgov,1,3,-1,65750,68656,65062,63968,65375,68656,21716,10072,5274,1.33875,19.0275,25.81,1,11178656613763,21677,10033,5274
11179104552593,729600,729600,1728000,schedutil,1020000000,306000000,1020000000,nvhost_podgov,1,3,-1,65531,68468,65281,63968,65375,68468,21716,10033,5274,1.4175,19.0388,27,1,11178656613763,21677,10033,5274
11179204550669,729600,729600,1728000,schedutil,1020000000,306000000,1020000000,nvhost_podgov,1,3,-1,65562,68468,65218,64125,65375,68468,21677,10033,5274,1.37375,19.0338,26.15,1,11178656613763,21677,10033,5274
11179304549994,729600,729600,1728000,schedutil,1020000000,306000000,1020000000,nvhost_podgov,1,3,-1,65593,68656,65187,64031,65375,68656,21638,9995,5274,1.44875,19.035,25.96,1,11178656613763,21677,10033,5274
11179404546182,729600,729600,1728000,schedutil,1020000000,306000000,1020000000,nvhost_podgov,1,3,-1,65625,68437,65250,64093,65281,68437,21638,9995,5274,1.41375,19.015,26.36,1,11178656613763,21677,10033,5274
11179504554050,729600,729600,1728000,schedutil,1020000000,306000000,1020000000,nvhost_podgov,1,3,-1,65562,68375,65187,64000,65312,68375,21638,9995,5274,1.39125,19.05,26.51,1,11178656613763,21677,10033,5274
11179604550590,729600,729600,1728000,schedutil,1020000000,306000000,1020000000,nvhost_podgov,1,3,-1,65500,68500,65093,63968,65281,68500,21599,9995,5274,1.42125,19.0075,27.02,1,11178656613763,21677,10033,5274
11179704557434,729600,729600,1728000,schedutil,1020000000,306000000,1020000000,nvhost_podgov,1,3,-1,65687,68468,65125,64000,65281,68468,21677,10033,5274,1.3375,19.03,25.45,1,11179658119295,21638,9995,5274
11179804562775,729600,729600,1728000,schedutil,1020000000,306000000,1020000000,nvhost_podgov,1,3,-1,65843,68562,65156,63968,65437,68562,21677,10033,5274,1.405,19.045,26.75,1,11179658119295,21638,9995,5274
11179904554706,729600,729600,1728000,schedutil,1020000000,306000000,1020000000,nvhost_podgov,1,3,-1,65625,68531,65093,64000,65343,68531,21716,10033,5274,1.3825,19.025,26.3,1,11179658119295,21638,9995,5274
11180004549678,729600,729600,1728000,schedutil,1020000000,306000000,1020000000,nvhost_podgov,1,3,-1,65718,68531,65250,63906,65343,68531,21677,10033,5274,1.47,19.0237,24.51,1,11179658119295,21638,9995,5274
11180104550283,729600,729600,1728000,schedutil,1020000000,306000000,1020000000,nvhost_podgov,1,3,-1,65625,68500,65218,64062,65375,68500,21716,10033,5274,1.38625,19.0425,26.39,1,11179658119295,21638,9995,5274
11180204552999,729600,729600,1728000,schedutil,1020000000,306000000,1020000000,nvhost_podgov,1,3,-1,65593,68531,65218,64000,65375,68531,21677,9995,5274,1.38125,19.015,26.27,1,11179658119295,21638,9995,5274
11180304555363,729600,729600,1728000,schedutil,1020000000,306000000,1020000000,nvhost_podgov,1,3,-1,65625,68562,65187,64093,65343,68562,21677,9995,5235,1.38625,19.0512,26.84,1,11179658119295,21638,9995,5274
11180404547935,729600,729600,1728000,schedutil,1020000000,306000000,1020000000,nvhost_podgov,1,3,-1,65531,68656,65093,64062,65312,68656,21677,9995,5235,1.32,19.015,26.27,1,11179658119295,21638,9995,5274
11180504554363,729600,729600,1728000,schedutil,1020000000,306000000,1020000000,nvhost_podgov,1,3,-1,65812,68593,65125,64093,65312,68593,21677,9995,5274,1.44,19.0325,27.41,1,11179658119295,21638,9995,5274
11180604548151,729600,729600,1728000,schedutil,1020000000,306000000,1020000000,nvhost_podgov,1,3,-1,65531,68593,65156,64093,65312,68593,21638,9995,5274,1.3875,19.025,27.69,1,11179658119295,21638,9995,5274
11180704563283,729600,729600,1728000,schedutil,1020000000,306000000,1020000000,nvhost_podgov,1,3,-1,65531,68656,65218,63968,65406,68656,21716,10033,5274,1.3975,19.0312,26.6,1,11180658312157,21677,10033,5274
11180804565968,729600,729600,1728000,schedutil,1020000000,306000000,1020000000,nvhost_podgov,1,3,-1,65687,68687,65156,63937,65406,68687,21677,9995,5274,1.35875,19.0287,24.59,1,11180658312157,21677,10033,5274
11180904736880,729600,729600,1728000,schedutil,1020000000,306000000,1020000000,nvhost_podgov,1,3,-1,65750,68375,65218,63937,65343,68375,21677,9995,5274,1.3675,19.0312,26.02,1,11180658312157,21677,10033,5274
11181004563400,729600,729600,1728000,schedutil,1020000000,306000000,1020000000,nvhost_podgov,1,3,-1,65593,68750,65187,64093,65375,68750,21638,9995,5274,1.3475,19.0225,25.64,1,11180658312157,21677,10033,5274
11181104727624,729600,729600,1728000,schedutil,1020000000,306000000,1020000000,nvhost_podgov,1,3,-1,65593,68625,65187,64031,65250,68625,21638,9995,5235,1.35625,19.0437,25.83,1,11180658312157,21677,10033,5274
11181204557920,729600,729600,1728000,schedutil,1020000000,306000000,1020000000,nvhost_podgov,1,3,-1,65625,68406,65156,64093,65312,68406,21599,9956,5235,1.38,19.0575,24.99,1,11180658312157,21677,10033,5274
11181304561468,729600,729600,1728000,schedutil,1020000000,306000000,1020000000,nvhost_podgov,1,3,-1,65593,68406,65250,64031,65343,68406,21638,9956,5235,1.31125,19.0312,24.95,1,11180658312157,21677,10033,5274
11181404556568,729600,729600,1728000,schedutil,1020000000,306000000,1020000000,nvhost_podgov,1,3,-1,65531,68656,65125,64031,65406,68656,21599,9956,5235,1.3725,19.045,26.14,1,11180658312157,21677,10033,5274
11181504556692,729600,729600,1728000,schedutil,1020000000,306000000,1020000000,nvhost_podgov,1,3,-1,65593,68437,65156,63968,65437,68437,21599,9956,5235,1.3425,19.0413,25.56,1,11180658312157,21677,10033,5274
11181604557648,729600,729600,1728000,schedutil,1020000000,306000000,1020000000,nvhost_podgov,1,3,-1,65718,68500,65125,64000,65375,68500,21599,9995,5235,1.35125,19.0212,27.23,1,11180658312157,21677,10033,5274
11181704558988,729600,729600,1728000,schedutil,1020000000,306000000,1020000000,nvhost_podgov,1,3,-1,65875,68687,65250,64125,65468,68531,21677,10033,5274,1.36125,19.0087,25.88,1,11181660115679,21638,9995,5235
11181804556584,729600,729600,1728000,schedutil,1020000000,306000000,1020000000,nvhost_podgov,1,3,-1,65656,68625,65343,64062,65406,68625,21716,10072,5274,1.3825,19.025,26.3,1,11181660115679,21638,9995,5235
11181904557892,729600,729600,1728000,schedutil,1020000000,306000000,1020000000,nvhost_podgov,1,3,-1,65562,68500,65187,64031,65375,68500,21716,10033,5274,1.28875,19.04,24.51,1,11181660115679,21638,9995,5235
11182004568064,729600,729600,1728000,schedutil,1020000000,306000000,1020000000,nvhost_podgov,1,3,-1,65656,68562,65156,64093,65375,68562,21716,10033,5274,1.5,19.0212,28.53,1,11181660115679,21638,9995,5235
11182104567516,729600,729600,1728000,schedutil,1020000000,306000000,1020000000,nvhost_podgov,1,3,-1,65593,68468,65156,64062,65375,68468,21716,10033,5274,1.345,19.0263,25.59,1,11181660115679,21638,9995,5235
11182204558840,729600,729600,1728000,schedutil,1020000000,306000000,1020000000,nvhost_podgov,1,3,-1,65531,68437,65156,63968,65375,68437,21677,10033,5274,1.37875,19.02,25.18,1,11181660115679,21638,9995,5235
11182304728120,729600,729600,1728000,schedutil,1020000000,306000000,1020000000,nvhost_podgov,1,3,-1,65531,68656,65187,64000,65468,68656,21638,9995,5274,1.40375,19.025,26.7,1,11181660115679,21638,9995,5235
11182404563440,729600,729600,1728000,schedutil,1020000000,306000000,1020000000,nvhost_podgov,1,3,-1,65812,68562,65093,64062,65406,68562,21638,9995,5274,1.34,19.0487,25.52,1,11181660115679,21638,9995,5235
11182504567244,729600,729600,1728000,schedutil,1020000000,306000000,1020000000,nvhost_podgov,1,3,-1,65531,68500,65375,64156,65437,68687,21638,9995,5274,1.445,19.0413,25.92,1,11181660115679,21638,9995,5235
11182604558312,729600,729600,1728000,schedutil,1020000000,306000000,1020000000,nvhost_podgov,1,3,-1,65625,68593,65281,64218,65343,68593,21638,9995,5274,1.38625,19.0338,26.34,1,11181660115679,21638,9995,5235
11182704572260,729600,729600,1728000,schedutil,1020000000,306000000,1020000000,nvhost_podgov,1,3,-1,65843,68593,65156,64093,65500,68593,21754,10111,5274,1.4075,19.03,26.79,1,11182667696008,21677,10072,5274
11182804561056,729600,729600,1728000,schedutil,1020000000,306000000,1020000000,nvhost_podgov,1,3,-1,65656,68687,65343,64156,65437,68687,21754,10072,5274,1.34375,19.0237,25.56,1,11182667696008,21677,10072,5274
11182904557531,729600,729600,1728000,schedutil,1020000000,306000000,1020000000,nvhost_podgov,1,3,-1,65562,68656,65093,64062,65437,68656,21716,10072,5274,1.38625,19.0362,25.04,1,11182667696008,21677,10072,5274
11183004559191,729600,729600,1728000,schedutil,1020000000,306000000,1020000000,nvhost_podgov,1,3,-1,65656,68500,65187,63968,65437,68500,21716,10033,5274,1.335,19.0212,25.4,1,11182667696008,21677,10072,5274
11183104557843,729600,729600,1728000,schedutil,1020000000,306000000,1020000000,nvhost_podgov,1,3,-1,65687,68718,65187,64062,65312,68718,21716,10033,5274,1.4025,19.0212,26.68,1,11182667696008,21677,10072,5274
11183204566319,729600,729600,1728000,schedutil,1020000000,306000000,1020000000,nvhost_podgov,1,3,-1,65812,68625,65187,64031,65375,68625,21716,10033,5274,1.405,19.0425,25.92,1,11182667696008,21677,10072,5274
11183304563723,729600,729600,1728000,schedutil,1020000000,306000000,1020000000,nvhost_podgov,1,3,-1,65656,68656,65125,64093,65437,68437,21677,10033,5274,1.39125,19.0188,26.46,1,11182667696008,21677,10072,5274
11183404560647,729600,729600,1728000,schedutil,1020000000,306000000,1020000000,nvhost_podgov,1,3,-1,65718,68687,65343,64000,65468,68687,21677,10033,5274,1.39375,19.02,26.51,1,11182667696008,21677,10072,5274
11183504565891,729600,729600,1728000,schedutil,1020000000,306000000,1020000000,nvhost_podgov,1,3,-1,65656,68687,65250,64156,65406,68687,21638,10033,5274,1.39625,19.0338,25.63,1,11182667696008,21677,10072,5274
11183604557311,729600,729600,1728000,schedutil,1020000000,306000000,1020000000,nvhost_podgov,1,3,-1,65531,68437,65312,64093,65375,68437,21677,10033,5274,1.39,19.0188,26.47,1,11182667696008,21677,10072,5274
11183704573051,729600,729600,1728000,schedutil,1020000000,306000000,1020000000,nvhost_podgov,1,3,-1,65781,68500,65218,64093,65406,68500,21716,10033,5274,1.5,19.0125,28.52,1,11183661814934,21677,10033,5274
11183804569911,729600,729600,1728000,schedutil,1020000000,306000000,1020000000,nvhost_podgov,1,3,-1,65625,68781,65187,64093,65375,68781,21754,10072,5274,1.40125,19.0437,25.95,1,11183661814934,21677,10033,5274
11183904559923,729600,729600,1728000,schedutil,1020000000,306000000,1020000000,nvhost_podgov,1,3,-1,65875,68562,65250,64031,65437,68562,21754,10072,5274,1.33375,19.0325,26.98,1,11183661814934,21677,10033,5274
11184004555854,729600,729600,1728000,schedutil,1020000000,306000000,1020000000,nvhost_podgov,1,3,-1,65656,68468,65125,64062,65500,68468,21716,10033,5274,1.3525,19.0237,25.73,1,11183661814934,21677,10033,5274
11184104557162,729600,729600,1728000,schedutil,1020000000,306000000,1020000000,nvhost_podgov,1,3,-1,65687,68781,65187,64031,65500,68781,21677,10033,5274,1.435,19.0437,27.33,1,11183661814934,21677,10033,5274
11184204568870,729600,729600,1728000,schedutil,1020000000,306000000,1020000000,nvhost_podgov,1,3,-1,65718,68500,65093,64156,65500,68500,21677,9995,5274,1.35,19.0188,25.68,1,11183661814934,21677,10033,5274
11184304564514,729600,729600,1728000,schedutil,1020000000,306000000,1020000000,nvhost_podgov,1,3,-1,65750,68562,65281,64156,65437,68562,21677,9995,5274,1.38,19.0287,25.33,1,11183661814934,21677,10033,5274
11184404553470,729600,729600,1728000,schedutil,1020000000,306000000,1020000000,nvhost_podgov,1,3,-1,65625,68406,65281,64156,65437,68406,21677,10033,5274,1.395,19.0312,26.55,1,11183661814934,21677,10033,5274
11184504555290,729600,729600,1728000,schedutil,1020000000,306000000,1020000000,nvhost_podgov,1,3,-1,65625,68562,65281,64093,65437,68562,21638,9995,5235,1.42625,19.03,27.14,1,11183661814934,21677,10033,5274
11184604555126,729600,729600,1728000,schedutil,1020000000,306000000,1020000000,nvhost_podgov,1,3,-1,65656,68468,65218,64062,65406,68468,21599,9995,5235,1.4625,19.0225,25.04,1,11183661814934,21677,10033,5274
11184704559505,729600,729600,1728000,schedutil,1020000000,306000000,1020000000,nvhost_podgov,1,3,-1,65906,68656,65187,64093,65437,68656,21638,10033,5274,1.28875,19.04,24.54,1,11184664131299,21638,10033,5274
11184804558605,729600,729600,1728000,schedutil,1020000000,306000000,1020000000,nvhost_podgov,1,3,-1,65562,68593,65156,64062,65468,68593,21716,10072,5274,1.37125,19.02,26.09,1,11184664131299,21638,10033,5274
11184904553193,729600,729600,1728000,schedutil,1020000000,306000000,1020000000,nvhost_podgov,1,3,-1,65718,68593,65156,64093,65500,68593,21677,10033,5274,1.39375,19.0575,25.78,1,11184664131299,21638,10033,5274
11185004550949,729600,729600,1728000,schedutil,1020000000,306000000,1020000000,nvhost_podgov,1,3,-1,65812,68656,65250,64218,65375,68656,21638,10033,5274,1.3875,19.015,26.39,1,11184664131299,21638,10033,5274
11185104547488,729600,729600,1728000,schedutil,1020000000,306000000,1020000000,nvhost_podgov,1,3,-1,65593,68593,65281,64187,65375,68593,21638,9995,5274,1.315,19.0225,25.01,1,11184664131299,21638,10033,5274
11185204546332,729600,729600,1728000,schedutil,1020000000,306000000,1020000000,nvhost_podgov,1,3,-1,65750,68562,65218,64156,65468,68562,21638,9995,5274,1.40125,19.04,26.68,1,11184664131299,21638,10033,5274
11185304549592,729600,729600,1728000,schedutil,1020000000,306000000,1020000000,nvhost_podgov,1,3,-1,65750,68656,65250,64125,65375,68656,21638,9995,5274,1.32625,19.0312,25.24,1,11184664131299,21638,10033,5274
11185404549396,729600,729600,1728000,schedutil,1020000000,306000000,1020000000,nvhost_podgov,1,3,-1,65687,68687,65250,64062,65343,68687,21638,9995,5274,1.34,19.0362,25.51,1,11184664131299,21638,10033,5274
11185504552752,729600,729600,1728000,schedutil,1020000000,306000000,1020000000,nvhost_podgov,1,3,-1,65687,68781,65218,64031,65343,68781,21638,9995,5274,1.365,19.0325,25.98,1,11184664131299,21638,10033,5274
11185604550252,729600,729600,1728000,schedutil,1020000000,306000000,1020000000,nvhost_podgov,1,3,-1,65687,68687,65187,64031,65375,68687,21638,9995,5274,1.325,19.0325,25.6,1,11184664131299,21638,10033,5274
11185704559944,729600,729600,1728000,schedutil,1020000000,306000000,1020000000,nvhost_podgov,1,3,-1,65812,68718,65187,64062,65500,68718,21677,10033,5274,1.32125,19.0463,25.17,1,11185665169073,21677,10033,5274
11185804554339,729600,729600,1728000,schedutil,1020000000,306000000,1020000000,nvhost_podgov,1,3,-1,65906,68437,65375,64000,65437,68437,21677,10033,5274,1.3675,19.0338,25.52,1,11185665169073,21677,10033,5274
11185904551135,729600,729600,1728000,schedutil,1020000000,306000000,1020000000,nvhost_podgov,1,3,-1,65625,68718,65437,64250,65375,68718,21677,9995,5274,1.33125,19.0375,25.49,1,11185665169073,21677,10033,5274
11186004552763,729600,729600,1728000,schedutil,1020000000,306000000,1020000000,nvhost_podgov,1,3,-1,65687,68687,65312,64125,65312,68687,21638,9995,5274,1.3375,19.0463,25.47,1,11185665169073,21677,10033,5274
11186104549270,729600,729600,1728000,schedutil,1020000000,306000000,1020000000,nvhost_podgov,1,3,-1,65656,68500,65250,64218,65406,68500,21638,9995,5274,1.36,19.0225,25.87,1,11185665169073,21677,10033,5274
11186204547122,729600,729600,1728000,schedutil,1020000000,306000000,1020000000,nvhost_podgov,1,3,-1,65687,68875,65250,64093,65406,68875,21638,9995,5274,1.3375,19.0325,25.43,1,11185665169073,21677,10033,5274
11186304547918,729600,729600,1728000,schedutil,1020000000,306000000,1020000000,nvhost_podgov,1,3,-1,65625,68687,65250,64062,65406,68531,21638,9995,5274,1.37625,19.04,26.2,1,11185665169073,21677,10033,5274
11186404547786,729600,729600,1728000,schedutil,1020000000,306000000,1020000000,nvhost_podgov,1,3,-1,65593,68468,65250,64093,65437,68468,21599,9956,5274,1.33875,19.0175,25.46,1,11185665169073,21677,10033,5274
11186504551973,729600,729600,1728000,schedutil,1020000000,306000000,1020000000,nvhost_podgov,1,3,-1,65843,68437,65218,64062,65468,68437,21599,9956,5274,1.365,19.0413,26,1,11185665169073,21677,10033,5274
11186604549953,729600,729600,1728000,schedutil,1020000000,306000000,1020000000,nvhost_podgov,1,3,-1,65875,68625,65250,64062,65437,68625,21638,9995,5274,1.38375,19.0375,24.99,1,11185665169073,21677,10033,5274
11186704561341,729600,729600,1728000,schedutil,1020000000,306000000,1020000000,nvhost_podgov,1,3,-1,65750,68500,65375,64093,65468,68500,21638,9995,5274,1.36125,19.0275,25.91,1,11186666079740,21638,9995,5274
11186804555993,729600,729600,1728000,schedutil,1020000000,306000000,1020000000,nvhost_podgov,1,3,-1,65750,68562,65312,64156,65468,68562,21638,10033,5274,1.3725,19.06,26.16,1,11186666079740,21638,9995,5274
11186904550548,729600,729600,1728000,schedutil,1020000000,306000000,1020000000,nvhost_podgov,1,3,-1,65718,68656,65343,64125,65437,68656,21638,9995,5274,1.36375,19.02,27.6,1,11186666079740,21638,9995,5274
11187004546480,729600,729600,1728000,schedutil,1020000000,306000000,1020000000,nvhost_podgov,1,3,-1,65687,68531,65187,64062,65343,68531,21638,9956,5274,1.39375,19.02,26.51,1,11186666079740,21638,9995,5274
11187104549388,729600,729600,1728000,schedutil,1020000000,306000000,1020000000,nvhost_podgov,1,3,-1,65531,68531,65312,64125,65437,68531,21638,9995,5274,1.4125,19.0312,26.88,1,11186666079740,21638,9995,5274
11187204550887,729600,729600,1728000,schedutil,1020000000,306000000,1020000000,nvhost_podgov,1,3,-1,65687,68562,65218,64125,65312,68562,21638,9995,5274,1.35125,19.035,26.56,1,11186666079740,21638,9995,5274
11187304551843,729600,729600,1728000,schedutil,1020000000,306000000,1020000000,nvhost_podgov,1,3,-1,65843,68625,65312,64125,65437,68625,21599,9956,5274,1.3725,19.0162,26.13,1,11186666079740,21638,9995,5274
11187404546783,729600,729600,1728000,schedutil,1020000000,306000000,1020000000,nvhost_podgov,1,3,-1,65562,68656,65218,63937,65500,68656,21599,9956,5274,1.4425,19.0487,27.48,1,11186666079740,21638,9995,5274
11187504554522,729600,729600,1728000,schedutil,1020000000,306000000,1020000000,nvhost_podgov,1,3,-1,65812,68593,65187,64031,65468,68593,21638,9956,5274,1.3425,19.0138,26.91,1,11186666079740,21638,9995,5274
11187604554550,729600,729600,1728000,schedutil,1020000000,306000000,1020000000,nvhost_podgov,1,3,-1,65750,68750,65406,64093,65468,68750,21638,9956,5274,1.3975,19.0212,26.59,1,11186666079740,21638,9995,5274
11187704568946,729600,729600,1728000,schedutil,1020000000,306000000,1020000000,nvhost_podgov,1,3,-1,65937,68750,65312,64187,65500,68750,21638,9995,5274,1.38125,19.0312,26.29,1,11187670009804,21677,9995,5274
11187804558990,729600,729600,1728000,schedutil,1020000000,306000000,1020000000,nvhost_podgov,1,3,-1,65843,68625,65218,64093,65406,68625,21793,10111,5274,1.4225,19.0263,27.06,1,11187670009804,21677,9995,5274
11187904557897,729600,729600,1728000,schedutil,1020000000,306000000,1020000000,nvhost_podgov,1,3,-1,65687,68593,65187,64125,65468,68593,21754,10072,5274,1.35125,19.0175,25.43,1,11187670009804,21677,9995,5274
11188004558181,729600,729600,1728000,schedutil,1020000000,306000000,1020000000,nvhost_podgov,1,3,-1,65656,68750,65281,64062,65500,68750,21716,10033,5274,1.32375,19.0375,25.2,1,11187670009804,21677,9995,5274
11188104554528,729600,729600,1728000,schedutil,1020000000,306000000,1020000000,nvhost_podgov,1,3,-1,65781,68687,65250,64093,65437,68687,21716,10033,5274,1.3625,19.0263,25.92,1,11187670009804,21677,9995,5274
11188204550044,729600,729600,1728000,schedutil,1020000000,306000000,1020000000,nvhost_podgov,1,3,-1,65656,68593,65281,64093,65468,68593,21677,10033,5274,1.4975,19.0437,26.5,1,11187670009804,21677,9995,5274
11188304549368,729600,729600,1728000,schedutil,1020000000,306000000,1020000000,nvhost_podgov,1,3,-1,65812,68750,65218,64093,65468,68750,21638,9995,5235,1.3425,19.0162,25.52,1,11187670009804,21677,9995,5274
11188404549875,729600,729600,1728000,schedutil,1020000000,306000000,1020000000,nvhost_podgov,1,3,-1,65843,68718,65343,64218,65468,68718,21638,9995,5274,1.41875,19.05,27.02,1,11187670009804,21677,9995,5274
11188504548143,729600,729600,1728000,schedutil,1020000000,306000000,1020000000,nvhost_podgov,1,3,-1,65781,68531,65343,64187,65468,68531,21638,9995,5274,1.41875,19.0413,26.37,1,11187670009804,21677,9995,5274
11188604547978,729600,729600,1728000,schedutil,1020000000,306000000,1020000000,nvhost_podgov,1,3,-1,65750,68875,65312,64156,65500,68875,21677,9995,5274,1.37,19.0325,26.07,1,11187670009804,21677,9995,5274
11188704561574,1267200,729600,1728000,schedutil,1020000000,306000000,1020000000,nvhost_podgov,1,3,-1,65718,68562,65343,64156,65468,68562,21793,10111,5274,1.52875,19.0063,28.01,1,11188666815766,21716,10033,5274
11188804561922,729600,729600,1728000,schedutil,1020000000,306000000,1020000000,nvhost_podgov,1,3,-1,65718,68593,65312,64125,65500,68593,21793,10111,5274,1.37375,19.0237,26.25,1,11188666815766,21716,10033,5274
11188904555901,729600,729600,1728000,schedutil,1020000000,306000000,1020000000,nvhost_podgov,1,3,-1,65875,68562,65312,64125,65375,68562,21793,10111,5274,1.3375,19.02,26.06,1,11188666815766,21716,10033,5274
11189004551993,729600,729600,1728000,schedutil,1020000000,306000000,1020000000,nvhost_podgov,1,3,-1,65687,68625,65218,64156,65500,68625,21793,10111,5274,1.40125,19.0375,26.68,1,11188666815766,21716,10033,5274
11189104552212,729600,729600,1728000,schedutil,1020000000,306000000,1020000000,nvhost_podgov,1,3,-1,65812,68593,65250,64062,65500,68593,21754,10072,5274,1.49375,19.0312,28.43,1,11188666815766,21716,10033,5274
11189204550768,729600,729600,1728000,schedutil,1020000000,306000000,1020000000,nvhost_podgov,1,3,-1,65750,68562,65406,64093,65468,68562,21716,10033,5274,1.435,19.0312,24.53,1,11188666815766,21716,10033,5274
11189304549643,729600,729600,1728000,schedutil,1020000000,306000000,1020000000,nvhost_podgov,1,3,-1,65718,68656,65343,64218,65500,68656,21716,10033,5274,1.385,19.0263,26.36,1,11188666815766,21716,10033,5274
11189404548231,729600,729600,1728000,schedutil,1020000000,306000000,1020000000,nvhost_podgov,1,3,-1,65812,68593,65312,64125,65437,68593,21716,10033,5274,1.39625,19.03,26.57,1,11188666815766,21716,10033,5274
11189504548803,729600,729600,1728000,schedutil,1020000000,306000000,1020000000,nvhost_podgov,1,3,-1,65656,68593,65250,64187,65437,68593,21754,10033,5274,1.49875,19.01,26.86,1,11188666815766,21716,10033,5274
11189604551262,729600,729600,1728000,schedutil,1020000000,306000000,1020000000,nvhost_podgov,1,3,-1,65781,68656,65281,64187,65500,68656,21754,10072,5274,1.45125,19.0263,27.58,1,11188666815766,21716,10033,5274
11189704554106,729600,729600,1728000,schedutil,1020000000,306000000,1020000000,nvhost_podgov,1,3,-1,65781,68625,65281,64125,65500,68625,21793,10111,5274,1.38875,19.0512,26.46,1,11189669394502,21754,10072,5274
11189804566518,729600,729600,1728000,schedutil,1020000000,306000000,1020000000,nvhost_podgov,1,3,-1,65750,68781,65312,64125,65468,68781,21871,10149,5274,1.425,19.0388,27.14,1,11189669394502,21754,10072,5274
11189904558449,729600,729600,1728000,schedutil,1020000000,306000000,1020000000,nvhost_podgov,1,3,-1,65906,68687,65343,64125,65562,68687,21871,10149,5274,1.3375,19.03,25.45,1,11189669394502,21754,10072,5274
11190004552204,729600,729600,1728000,schedutil,1020000000,306000000,1020000000,nvhost_podgov,1,3,-1,65937,68656,65187,64125,65500,68656,21871,10149,5274,1.43,19.0188,27.2,1,11189669394502,21754,10072,5274
11190104548520,729600,729600,1728000,schedutil,1020000000,306000000,1020000000,nvhost_podgov,1,3,-1,65750,68781,65468,64156,65406,68781,21871,10149,5313,1.31625,19.0562,25.09,1,11189669394502,21754,10072,5274
11190204552579,729600,729600,1728000,schedutil,1020000000,306000000,1020000000,nvhost_podgov,1,3,-1,65812,68687,65312,64187,65468,68687,21832,10111,5274,1.455,19.0188,27.9,1,11189669394502,21754,10072,5274
11190304550559,729600,729600,1728000,schedutil,1020000000,306000000,1020000000,nvhost_podgov,1,3,-1,65781,68718,65375,64218,65468,68718,21871,10111,5313,1.21,19.0275,23.03,1,11189669394502,21754,10072,5274
11190404548986,729600,729600,1728000,schedutil,1020000000,306000000,1020000000,nvhost_podgov,1,3,-1,65812,68906,65281,64125,65500,68906,21871,10149,5274,1.47125,19.0312,27.99,1,11189669394502,21754,10072,5274
11190504548022,729600,729600,1728000,schedutil,1020000000,306000000,1020000000,nvhost_podgov,1,3,-1,65718,68718,65375,64187,65437,68718,21871,10111,5274,1.27125,19.0375,27.12,1,11189669394502,21754,10072,5274
11190604552977,729600,729600,1728000,schedutil,1020000000,306000000,1020000000,nvhost_podgov,1,3,-1,65625,68656,65343,64218,65562,68562,21871,10111,5274,1.3825,19.0113,26.28,1,11189669394502,21754,10072,5274
11190704553613,729600,729600,1728000,schedutil,1020000000,306000000,1020000000,nvhost_podgov,1,3,-1,65968,68843,65312,64031,65562,68843,21871,10149,5313,1.42875,19.0287,27.19,1,11190669041009,21871,10149,5313
11190804550536,729600,729600,1728000,schedutil,1020000000,306000000,1020000000,nvhost_podgov,1,3,-1,65968,68843,65250,64062,65531,68843,21871,10149,5274,1.28625,19.055,24.37,1,11190669041009,21871,10149,5313
11190904552644,729600,729600,1728000,schedutil,1020000000,306000000,1020000000,nvhost_podgov,1,3,-1,65781,68656,65218,64125,65406,68656,21832,10149,5274,1.4725,19.0138,27.99,1,11190669041009,21871,10149,5313
11191004554271,729600,729600,1728000,schedutil,1020000000,306000000,1020000000,nvhost_podgov,1,3,-1,65843,68625,65343,64250,65531,68625,21832,10149,5274,1.42875,19.0225,27.18,1,11190669041009,21871,10149,5313
11191104551003,729600,729600,1728000,schedutil,1020000000,306000000,1020000000,nvhost_podgov,1,3,-1,65812,68750,65406,64250,65500,68750,21832,10111,5274,1.3775,19.0275,23.62,1,11190669041009,21871,10149,5313
11191204549878,729600,729600,1728000,schedutil,1020000000,306000000,1020000000,nvhost_podgov,1,3,-1,65875,68687,65250,64250,65500,68687,21793,10111,5274,1.3825,19.0212,26.84,1,11190669041009,21871,10149,5313
11191304550834,729600,729600,1728000,schedutil,1020000000,306000000,1020000000,nvhost_podgov,1,3,-1,65687,68625,65281,64156,65500,68625,21871,10149,5274,1.4225,19.01,27.05,1,11190669041009,21871,10149,5313
11191404555341,729600,729600,1728000,schedutil,1020000000,306000000,1020000000,nvhost_podgov,1,3,-1,65750,68875,65312,64156,65500,68656,21832,10111,5274,1.435,19.0338,27.32,1,11190669041009,21871,10149,5313
11191504550153,729600,729600,1728000,schedutil,1020000000,306000000,1020000000,nvhost_podgov,1,3,-1,65906,68687,65343,64156,65500,68687,21832,10111,5274,1.255,19.0263,26.02,1,11190669041009,21871,10149,5313
11191604555204,729600,729600,1728000,schedutil,1020000000,306000000,1020000000,nvhost_podgov,1,3,-1,65718,68687,65343,64187,65593,68687,21832,10111,5274,1.42625,19.0312,27.15,1,11190669041009,21871,10149,5313
11191704559520,729600,729600,1728000,schedutil,1020000000,306000000,1020000000,nvhost_podgov,1,3,-1,65781,68625,65250,64125,65562,68625,21871,10149,5274,1.43,19.0413,27.23,1,11191669291881,21832,10149,5274
11191804548859,729600,729600,1728000,schedutil,1020000000,306000000,1020000000,nvhost_podgov,1,3,-1,65875,68625,65437,64218,65500,68625,21832,10149,5274,1.24875,19.0388,23.77,1,11191669291881,21832,10149,5274
11191904548054,729600,729600,1728000,schedutil,1020000000,306000000,1020000000,nvhost_podgov,1,3,-1,65781,68593,65437,64250,65562,68593,21793,10111,5274,1.4075,19.0287,26.78,1,11191669291881,21832,10149,5274
11192004549394,729600,729600,1728000,schedutil,1020000000,306000000,1020000000,nvhost_podgov,1,3,-1,65750,68718,65375,64156,65468,68718,21754,10072,5274,1.43375,19.0338,27.29,1,11191669291881,21832,10149,5274
11192104550285,729600,729600,1728000,schedutil,1020000000,306000000,1020000000,nvhost_podgov,1,3,-1,65750,68687,65375,64250,65500,68687,21754,10072,5274,1.34875,19.0413,25.68,1,11191669291881,21832,10149,5274
11192204550824,729600,729600,1728000,schedutil,1020000000,306000000,1020000000,nvhost_podgov,1,3,-1,65656,68625,65343,64156,65500,68625,21754,10072,5274,1.36625,19.05,26,1,11191669291881,21832,10149,5274
11192304547396,729600,729600,1728000,schedutil,1020000000,306000000,1020000000,nvhost_podgov,1,3,-1,65937,68718,65281,64156,65437,68718,21716,10033,5274,1.44125,19.0538,27.46,1,11191669291881,21832,10149,5274
11192404551295,729600,729600,1728000,schedutil,1020000000,306000000,1020000000,nvhost_podgov,1,3,-1,65781,68687,65312,64187,65593,68687,21716,9995,5274,1.38,19.0338,26.27,1,11191669291881,21832,10149,5274
11192504550523,729600,729600,1728000,schedutil,1020000000,306000000,1020000000,nvhost_podgov,1,3,-1,65843,68781,65375,64093,65562,68781,21716,9995,5274,1.325,19.0375,25.23,1,11191669291881,21832,10149,5274
11192604558550,729600,729600,1728000,schedutil,1020000000,306000000,1020000000,nvhost_podgov,1,3,-1,65812,68750,65437,64312,65562,68750,21677,9995,5274,1.35,19.03,25.69,1,11191669291881,21832,10149,5274
11192704560626,729600,729600,1728000,schedutil,1020000000,306000000,1020000000,nvhost_podgov,1,3,-1,65875,68687,65437,64281,65593,68687,21716,10033,5274,1.38625,19.0212,27.09,1,11192673522462,21716,10033,5274
11192804560365,729600,729600,1728000,schedutil,1020000000,306000000,1020000000,nvhost_podgov,1,3,-1,65906,68875,65406,64250,65531,68875,21832,10111,5274,1.3725,19.0388,25.15,1,11192673522462,21716,10033,5274
11192904556616,729600,729600,1728000,schedutil,1020000000,306000000,1020000000,nvhost_podgov,1,3,-1,65718,68812,65406,64218,65500,68812,21793,10072,5274,1.40625,19.0338,26.77,1,11192673522462,21716,10033,5274
11193004552035,729600,729600,1728000,schedutil,1020000000,306000000,1020000000,nvhost_podgov,1,3,-1,65781,68718,65343,64218,65468,68718,21754,10072,5274,1.435,19.0538,27.34,1,11192673522462,21716,10033,5274
11193104560351,729600,729600,1728000,schedutil,1020000000,306000000,1020000000,nvhost_podgov,1,3,-1,65718,68625,65312,64218,65468,68625,21716,10072,5274,1.395,19.055,26.59,1,11192673522462,21716,10033,5274
11193204551930,729600,729600,1728000,schedutil,1020000000,306000000,1020000000,nvhost_podgov,1,3,-1,65843,68812,65281,64125,65625,68812,21716,10072,5274,1.3625,19.0237,25.92,1,11192673522462,21716,10033,5274
11193304553270,729600,729600,1728000,schedutil,1020000000,306000000,1020000000,nvhost_podgov,1,3,-1,65812,68593,65281,64156,65593,68593,21716,10033,5274,1.38875,19.0325,26.43,1,11192673522462,21716,10033,5274
11193404553073,729600,729600,1728000,schedutil,1020000000,306000000,1020000000,nvhost_podgov,1,3,-1,65968,68531,65468,64156,65625,68531,21716,10033,5274,1.4125,19.0087,26.19,1,11192673522462,21716,10033,5274
11193504550572,729600,729600,1728000,schedutil,1020000000,306000000,1020000000,nvhost_podgov,1,3,-1,65750,68875,65437,64250,65531,68875,21716,10033,5274,1.40125,19.05,28.05,1,11192673522462,21716,10033,5274
11193604556392,729600,729600,1728000,schedutil,1020000000,306000000,1020000000,nvhost_podgov,1,3,-1,65968,68687,65468,64250,65531,68687,21754,10033,5274,1.4375,19.0325,27.35,1,11192673522462,21716,10033,5274
11193704564003,729600,729600,1728000,schedutil,1020000000,306000000,1020000000,nvhost_podgov,1,3,-1,66125,68687,65375,64250,65562,68687,21793,10072,5274,1.3925,19.0225,26.97,1,11193671525569,21793,10072,5274
11193804558366,729600,729600,1728000,schedutil,1020000000,306000000,1020000000,nvhost_podgov,1,3,-1,65812,68656,65375,64187,65593,68656,21832,10149,5274,1.39375,19.0388,25.61,1,11193671525569,21793,10072,5274
11193904552505,729600,729600,1728000,schedutil,1020000000,306000000,1020000000,nvhost_podgov,1,3,-1,65781,68656,65375,64218,65468,68656,21754,10072,5274,1.345,19.0175,25.57,1,11193671525569,21793,10072,5274
11194004551253,729600,729600,1728000,schedutil,1020000000,306000000,1020000000,nvhost_podgov,1,3,-1,65812,68687,65312,64125,65500,68687,21716,10072,5274,1.38,19.0325,26.27,1,11193671525569,21793,10072,5274
11194104547376,729600,729600,1728000,schedutil,1020000000,306000000,1020000000,nvhost_podgov,1,3,-1,65906,68562,65281,64187,65656,68687,21677,9995,5274,1.2825,19.0237,26.56,1,11193671525569,21793,10072,5274
11194204545451,729600,729600,1728000,schedutil,1020000000,306000000,1020000000,nvhost_podgov,1,3,-1,65968,68687,65312,64187,65531,68687,21638,9995,5274,1.35625,19.0338,25.82,1,11193671525569,21793,10072,5274
11194304549414,729600,729600,1728000,schedutil,1020000000,306000000,1020000000,nvhost_podgov,1,3,-1,65843,68687,65343,64250,65531,68687,21638,9995,5274,1.40375,19.0237,26.7,1,11193671525569,21793,10072,5274
11194404704549,729600,729600,1728000,schedutil,1020000000,306000000,1020000000,nvhost_podgov,1,3,-1,65875,68718,65500,64250,65500,68718,21638,9995,5274,1.33875,19.0263,26.8,1,11193671525569,21793,10072,5274
11194504551805,729600,729600,1728000,schedutil,1020000000,306000000,1020000000,nvhost_podgov,1,3,-1,65781,68656,65406,64218,65500,68656,21599,9995,5274,1.3625,19.0087,25.93,1,11193671525569,21793,10072,5274
11194604556792,729600,729600,1728000,schedutil,1020000000,306000000,1020000000,nvhost_podgov,1,3,-1,65812,68625,65375,64218,65562,68625,21638,9995,5274,1.36375,19.0362,25.96,1,11193671525569,21793,10072,5274
11194704559924,729600,729600,1728000,schedutil,1020000000,306000000,1020000000,nvhost_podgov,1,3,-1,65718,68718,65343,64281,65531,68718,21677,10033,5274,1.3325,19.035,26.24,1,11194677233303,21677,10033,5274
11194804557679,729600,729600,1728000,schedutil,1020000000,306000000,1020000000,nvhost_podgov,1,3,-1,65875,68687,65406,64250,65500,68687,21754,10072,5274,1.37375,19.0388,26.82,1,11194677233303,21677,10033,5274
11194904546314,729600,729600,1728000,schedutil,1020000000,306000000,1020000000,nvhost_podgov,1,3,-1,66000,68750,65281,64156,65593,68750,21754,10072,5274,1.3175,19.03,25.08,1,11194677233303,21677,10033,5274
11195004555493,729600,729600,1728000,schedutil,1020000000,306000000,1020000000,nvhost_podgov,1,3,-1,65843,68812,65375,64187,65625,68812,21716,10033,5274,1.4375,19.02,27.34,1,11194677233303,21677,10033,5274
11195104551616,729600,729600,1728000,schedutil,1020000000,306000000,1020000000,nvhost_podgov,1,3,-1,65875,68687,65500,64343,65531,68687,21716,10033,5274,1.3925,19.0263,25.86,1,11194677233303,21677,10033,5274
11195204547292,729600,729600,1728000,schedutil,1020000000,306000000,1020000000,nvhost_podgov,1,3,-1,65906,68937,65468,64281,65562,68937,21677,10033,5274,1.43,19.0325,27.21,1,11194677233303,21677,10033,5274
11195304550711,729600,729600,1728000,schedutil,1020000000,306000000,1020000000,nvhost_podgov,1,3,-1,65750,68843,65406,64281,65468,68843,21638,9995,5274,1.40625,19.0237,26.75,1,11194677233303,21677,10033,5274
11195404552146,729600,729600,1728000,schedutil,1020000000,306000000,1020000000,nvhost_podgov,1,3,-1,65875,68781,65343,64250,65500,68781,21638,9995,5274,1.44,19.0325,26.41,1,11194677233303,21677,10033,5274
11195504551085,729600,729600,1728000,schedutil,1020000000,306000000,1020000000,nvhost_podgov,1,3,-1,65750,68593,65312,64156,65500,68593,21638,9995,5274,1.36875,19.0325,26.05,1,11194677233303,21677,10033,5274
11195604559817,729600,729600,1728000,schedutil,1020000000,306000000,1020000000,nvhost_podgov,1,3,-1,65812,68937,65375,64218,65562,68937,21638,9995,5274,1.39625,19.0237,26.56,1,11194677233303,21677,10033,5274
11195704555716,729600,729600,1728000,schedutil,1020000000,306000000,1020000000,nvhost_podgov,1,3,-1,65968,68843,65375,64250,65687,68687,21638,9995,5274,1.35875,19.0338,27.05,1,11195675939529,21638,10033,5274
11195804554207,729600,729600,1728000,schedutil,1020000000,306000000,1020000000,nvhost_podgov,1,3,-1,65875,68656,65375,64187,65562,68656,21677,10033,5274,1.31625,19.0362,25.06,1,11195675939529,21638,10033,5274
11195904549210,729600,729600,1728000,schedutil,1020000000,306000000,1020000000,nvhost_podgov,1,3,-1,65906,68968,65468,64125,65562,68968,21716,10033,5274,1.455,19.0138,27.66,1,11195675939529,21638,10033,5274
11196004549013,729600,729600,1728000,schedutil,1020000000,306000000,1020000000,nvhost_podgov,1,3,-1,65968,68687,65531,64375,65593,68687,21716,10033,5274,1.3975,19.0287,26.6,1,11195675939529,21638,10033,5274
11196104548080,729600,729600,1728000,schedutil,1020000000,306000000,1020000000,nvhost_podgov,1,3,-1,65781,68687,65406,64281,65531,68687,21677,10033,5274,1.455,19.0287,26.38,1,11195675939529,21638,10033,5274
11196204543435,729600,729600,1728000,schedutil,1020000000,306000000,1020000000,nvhost_podgov,1,3,-1,65906,68656,65343,64250,65500,68656,21677,10033,5274,1.415,19.0162,26.91,1,11195675939529,21638,10033,5274
11196304545703,729600,729600,1728000,schedutil,1020000000,306000000,1020000000,nvhost_podgov,1,3,-1,65781,68656,65375,64218,65531,68656,21677,9995,5274,1.4175,19.0437,27,1,11195675939529,21638,10033,5274
11196404545698,729600,729600,1728000,schedutil,1020000000,306000000,1020000000,nvhost_podgov,1,3,-1,65812,68687,65375,64250,65468,68687,21599,9995,5274,1.395,19.04,26.7,1,11195675939529,21638,10033,5274
11196504550941,729600,729600,1728000,schedutil,1020000000,306000000,1020000000,nvhost_podgov,1,3,-1,65750,68750,65406,64250,65500,68750,21599,9995,5274,1.3925,19.015,26.48,1,11195675939529,21638,10033,5274
11196604559960,729600,729600,1728000,schedutil,1020000000,306000000,1020000000,nvhost_podgov,1,3,-1,65843,68687,65312,64250,65593,68687,21599,9995,5274,1.3675,19.0263,26.02,1,11195675939529,21638,10033,5274
11196704560596,729600,729600,1728000,schedutil,1020000000,306000000,1020000000,nvhost_podgov,1,3,-1,65875,68625,65281,64187,65593,68625,21638,9995,5274,1.4475,19.0275,26.69,1,11196673664483,21677,10033,5274
11196804553423,729600,729600,1728000,schedutil,1020000000,306000000,1020000000,nvhost_podgov,1,3,-1,65968,68750,65562,64187,65531,68750,21716,10033,5274,1.395,19.0125,26.52,1,11196673664483,21677,10033,5274
11196904549738,729600,729600,1728000,schedutil,1020000000,306000000,1020000000,nvhost_podgov,1,3,-1,65843,68781,65343,64250,65625,68781,21677,10033,5274,1.38875,19.0225,26.42,1,11196673664483,21677,10033,5274
11197004548741,729600,729600,1728000,schedutil,1020000000,306000000,1020000000,nvhost_podgov,1,3,-1,65906,68656,65343,64250,65531,68656,21638,9995,5274,1.41375,19.0075,28.01,1,11196673664483,21677,10033,5274
11197104548416,729600,729600,1728000,schedutil,1020000000,306000000,1020000000,nvhost_podgov,1,3,-1,65812,68781,65375,64250,65562,68781,21677,9995,5274,1.4,19.0212,26.89,1,11196673664483,21677,10033,5274
11197204547611,729600,729600,1728000,schedutil,1020000000,306000000,1020000000,nvhost_podgov,1,3,-1,65843,68875,65375,64187,65500,68875,21677,9995,5274,1.42875,19.0138,27.16,1,11196673664483,21677,10033,5274
11197304547670,729600,729600,1728000,schedutil,1020000000,306000000,1020000000,nvhost_podgov,1,3,-1,65812,68718,65375,64156,65500,68718,21677,9995,5274,1.46125,19.0175,27.79,1,11196673664483,21677,10033,5274
11197404546993,729600,729600,1728000,schedutil,1020000000,306000000,1020000000,nvhost_podgov,1,3,-1,65781,68875,65437,64218,65656,68875,21716,10033,5274,1.355,19.0237,27.99,1,11196673664483,21677,10033,5274
11197504546220,729600,729600,1728000,schedutil,1020000000,306000000,1020000000,nvhost_podgov,1,3,-1,65906,68750,65312,64250,65531,68750,21716,10033,5274,1.5025,19.0038,28.56,1,11196673664483,21677,10033,5274
11197604558184,729600,729600,1728000,schedutil,1020000000,306000000,1020000000,nvhost_podgov,1,3,-1,66125,68593,65281,64218,65562,68593,21754,10033,5274,1.49875,19.0325,28.53,1,11196673664483,21677,10033,5274
11197704557603,729600,729600,1728000,schedutil,1020000000,306000000,1020000000,nvhost_podgov,1,3,-1,66000,68875,65468,64156,65625,68875,21754,10033,5274,1.31375,19.0375,25.01,1,11197675965512,21793,10072,5274
11197804559678,729600,729600,1728000,schedutil,1020000000,306000000,1020000000,nvhost_podgov,1,3,-1,66000,68812,65468,64406,65593,68812,21793,10111,5274,1.38375,19.01,26.3,1,11197675965512,21793,10072,5274
11197904553657,729600,729600,1728000,schedutil,1020000000,306000000,1020000000,nvhost_podgov,1,3,-1,65875,68687,65437,64250,65625,68687,21871,10149,5274,1.4825,19.0237,28.2,1,11197675965512,21793,10072,5274
11198004552628,729600,729600,1728000,schedutil,1020000000,306000000,1020000000,nvhost_podgov,1,3,-1,65875,69031,65375,64218,65531,69031,21832,10111,5274,1.385,19.035,28.22,1,11197675965512,21793,10072,5274
11198104547663,729600,729600,1728000,schedutil,1020000000,306000000,1020000000,nvhost_podgov,1,3,-1,65750,68812,65500,64218,65562,68812,21832,10111,5274,1.39125,19,26.43,1,11197675965512,21793,10072,5274
11198204551530,729600,729600,1728000,schedutil,1020000000,306000000,1020000000,nvhost_podgov,1,3,-1,65812,68687,65406,64312,65656,68687,21832,10111,5274,1.38625,19.0375,26.39,1,11197675965512,21793,10072,5274
11198304553317,729600,729600,1728000,schedutil,1020000000,306000000,1020000000,nvhost_podgov,1,3,-1,65968,68656,65281,64281,65625,68656,21754,10072,5274,1.3575,18.995,26.71,1,11197675965512,21793,10072,5274
11198404547360,729600,729600,1728000,schedutil,1020000000,306000000,1020000000,nvhost_podgov,1,3,-1,65812,68875,65406,64187,65562,68687,21754,10033,5274,1.4,19.0338,26.32,1,11197675965512,21793,10072,5274
11198504547163,729600,729600,1728000,schedutil,1020000000,306000000,1020000000,nvhost_podgov,1,3,-1,65875,68656,65500,64312,65531,68656,21754,10033,5274,1.38875,19.0237,26.42,1,11197675965512,21793,10072,5274
11198604549814,729600,729600,1728000,schedutil,1020000000,306000000,1020000000,nvhost_podgov,1,3,-1,66000,68687,65468,64312,65562,68687,21716,10033,5274,1.42875,19.01,25.69,1,11197675965512,21793,10072,5274
11198704572689,729600,729600,1728000,schedutil,1020000000,306000000,1020000000,nvhost_podgov,1,3,-1,65968,68843,65500,64312,65562,68843,21832,10149,5274,1.47,19.0275,27.97,1,11198676364064,21754,10072,5274
11198804579149,729600,729600,1728000,schedutil,1020000000,306000000,1020000000,nvhost_podgov,1,3,-1,65906,68656,65468,64312,65531,68656,21832,10149,5274,1.315,19.0212,25.01,1,11198676364064,21754,10072,5274
11198904570631,729600,729600,1728000,schedutil,1020000000,306000000,1020000000,nvhost_podgov,1,3,-1,65781,68687,65406,64187,65500,68750,21793,10111,5274,1.4025,19.0375,27.18,1,11198676364064,21754,10072,5274
11199004569954,729600,729600,1728000,schedutil,1020000000,306000000,1020000000,nvhost_podgov,1,3,-1,65875,68781,65375,64250,65500,68781,21754,10072,5274,1.36375,19.03,25.93,1,11198676364064,21754,10072,5274
11199104562813,729600,729600,1728000,schedutil,1020000000,306000000,1020000000,nvhost_podgov,1,3,-1,66000,68750,65343,64250,65562,68750,21754,10072,5274,1.4375,19.015,27.33,1,11198676364064,21754,10072,5274
11199204567544,729600,729600,1728000,schedutil,1020000000,306000000,1020000000,nvhost_podgov,1,3,-1,65875,68843,65437,64250,65687,68843,21793,10111,5274,1.42125,19.0275,27.71,1,11198676364064,21754,10072,5274
11199304560883,729600,729600,1728000,schedutil,1020000000,306000000,1020000000,nvhost_podgov,1,3,-1,65968,68750,65500,64218,65593,68750,21793,10072,5274,1.33,19.0287,25.31,1,11198676364064,21754,10072,5274
11199404559790,729600,729600,1728000,schedutil,1020000000,306000000,1020000000,nvhost_podgov,1,3,-1,65906,68687,65500,64250,65562,68687,21754,10072,5274,1.3125,19.03,24.97,1,11198676364064,21754,10072,5274
11199504567017,729600,729600,1728000,schedutil,1020000000,306000000,1020000000,nvhost_podgov,1,3,-1,65875,68843,65500,64281,65593,68843,21754,10033,5274,1.37375,19.035,26.15,1,11198676364064,21754,10072,5274
11199604563300,729600,729600,1728000,schedutil,1020000000,306000000,1020000000,nvhost_podgov,1,3,-1,65968,68687,65500,64281,65593,68687,21754,10072,5274,1.345,19.0175,26.32,1,11198676364064,21754,10072,5274
11199704575103,729600,729600,1728000,schedutil,1020000000,306000000,1020000000,nvhost_podgov,1,3,-1,65843,68718,65437,64281,65687,68968,21754,10072,5274,1.37375,19.0312,26.15,1,11199680576176,21793,10072,5274
11199804603003,729600,729600,1728000,schedutil,1020000000,306000000,1020000000,nvhost_podgov,1,3,-1,65843,68906,65375,64250,65531,68906,21793,10111,5274,1.44125,19.0237,27.42,1,11199680576176,21793,10072,5274
11199904569429,729600,729600,1728000,schedutil,1020000000,306000000,1020000000,nvhost_podgov,1,3,-1,66125,68750,65406,64250,65562,68750,21754,10072,5274,1.38375,19.03,25.08,1,11199680576176,21793,10072,5274
11200004561648,729600,729600,1728000,schedutil,1020000000,306000000,1020000000,nvhost_podgov,1,3,-1,65781,68625,65406,64218,65625,68625,21754,10033,5274,1.40625,19.0225,26.75,1,11199680576176,21793,10072,5274
11200104564875,729600,729600,1728000,schedutil,1020000000,306000000,1020000000,nvhost_podgov,1,3,-1,65937,68906,65500,64218,65500,68906,21716,10033,5274,1.42375,19.0287,27.1,1,11199680576176,21793,10072,5274
11200204572358,729600,729600,1728000,schedutil,1020000000,306000000,1020000000,nvhost_podgov,1,3,-1,66000,68812,65500,64250,65562,68812,21677,9995,5274,1.345,19.05,24.88,1,11199680576176,21793,10072,5274
11200304560737,729600,729600,1728000,schedutil,1020000000,306000000,1020000000,nvhost_podgov,1,3,-1,65812,68687,65406,64312,65562,68687,21716,9995,5274,1.36,19.0287,25.86,1,11199680576176,21793,10072,5274
11200404567740,729600,729600,1728000,schedutil,1020000000,306000000,1020000000,nvhost_podgov,1,3,-1,65937,68937,65500,64312,65593,68937,21677,9995,5274,1.4075,19.0212,26.78,1,11199680576176,21793,10072,5274
11200504549590,729600,729600,1728000,schedutil,1020000000,306000000,1020000000,nvhost_podgov,1,3,-1,65875,68906,65343,64250,65625,68906,21677,9995,5274,1.41125,19.045,26.88,1,11199680576176,21793,10072,5274
11200604555057,729600,729600,1728000,schedutil,1020000000,306000000,1020000000,nvhost_podgov,1,3,-1,65875,68656,65343,64250,65562,68656,21677,9995,5274,1.3575,19.0463,26.36,1,11199680576176,21793,10072,5274
11200704553484,729600,729600,1728000,schedutil,1020000000,306000000,1020000000,nvhost_podgov,1,3,-1,65968,68750,65406,64218,65500,68750,21754,10072,5274,1.36875,19.0413,26.06,1,11200693595117,21716,10033,5274
11200804555335,729600,729600,1728000,schedutil,1020000000,306000000,1020000000,nvhost_podgov,1,3,-1,65843,68937,65312,64218,65625,68687,21754,10072,5274,1.37875,19.0175,26.24,1,11200693595117,21716,10033,5274
11200904549858,729600,729600,1728000,schedutil,1020000000,306000000,1020000000,nvhost_podgov,1,3,-1,66000,68687,65312,64250,65687,68687,21716,10033,5274,1.35875,19.045,25.88,1,11200693595117,21716,10033,5274
11201004551325,729600,729600,1728000,schedutil,1020000000,306000000,1020000000,nvhost_podgov,1,3,-1,65937,68625,65437,64250,65656,68625,21677,9995,5274,1.30875,19.0475,25.78,1,11200693595117,21716,10033,5274
11201104553368,729600,729600,1728000,schedutil,1020000000,306000000,1020000000,nvhost_podgov,1,3,-1,65812,68750,65468,64281,65562,68750,21677,9995,5274,1.29375,19.035,24.63,1,11200693595117,21716,10033,5274
11201204549619,729600,729600,1728000,schedutil,1020000000,306000000,1020000000,nvhost_podgov,1,3,-1,66000,68687,65468,64312,65562,68687,21677,9995,5274,1.34375,19.0175,25.55,1,11200693595117,21716,10033,5274
11201304550062,729600,729600,1728000,schedutil,1020000000,306000000,1020000000,nvhost_podgov,1,3,-1,65906,68656,65500,64250,65562,68656,21638,9995,5274,1.385,19.0275,26.33,1,11200693595117,21716,10033,5274
11201404548072,729600,729600,1728000,schedutil,1020000000,306000000,1020000000,nvhost_podgov,1,3,-1,65875,68687,65437,64218,65562,68687,21677,9995,5274,1.37875,19.0413,26.25,1,11200693595117,21716,10033,5274
11201504546947,729600,729600,1728000,schedutil,1020000000,306000000,1020000000,nvhost_podgov,1,3,-1,65875,68656,65468,64218,65562,68656,21677,9995,5274,1.3425,19.0287,25.55,1,11200693595117,21716,10033,5274
11201604550142,729600,729600,1728000,schedutil,1020000000,306000000,1020000000,nvhost_podgov,1,3,-1,65875,68625,65343,64218,65562,68625,21677,9956,5274,1.44625,19,26.57,1,11200693595117,21716,10033,5274
11201704553433,729600,729600,1728000,schedutil,1020000000,306000000,1020000000,nvhost_podgov,1,3,-1,66156,68750,65375,64218,65593,68750,21754,10033,5274,1.375,19.0325,26.18,1,11201693794366,21716,10033,5274
11201804552084,729600,729600,1728000,schedutil,1020000000,306000000,1020000000,nvhost_podgov,1,3,-1,66125,68687,65343,64250,65625,68687,21754,10033,5274,1.41,19.04,26.84,1,11201693794366,21716,10033,5274
11201904553423,729600,729600,1728000,schedutil,1020000000,306000000,1020000000,nvhost_podgov,1,3,-1,65875,68875,65500,64343,65656,68875,21754,10033,5274,1.405,19.0375,26.75,1,11201693794366,21716,10033,5274
11202004553962,729600,729600,1728000,schedutil,1020000000,306000000,1020000000,nvhost_podgov,1,3,-1,65812,68781,65437,64312,65593,68781,21716,9995,5274,1.425,19.0312,25.47,1,11201693794366,21716,10033,5274
11202104549796,729600,729600,1728000,schedutil,1020000000,306000000,1020000000,nvhost_podgov,1,3,-1,65875,68750,65343,64312,65500,68750,21677,9995,5274,1.375,19.02,26.15,1,11201693794366,21716,10033,5274
11202204550719,729600,729600,1728000,schedutil,1020000000,306000000,1020000000,nvhost_podgov,1,3,-1,65906,68906,65375,64281,65531,68906,21677,9995,5274,1.33125,19.0263,25.33,1,11201693794366,21716,10033,5274
11202304546362,729600,729600,1728000,schedutil,1020000000,306000000,1020000000,nvhost_podgov,1,3,-1,65781,68781,65406,64250,65500,68781,21677,9956,5274,1.36625,19.04,27.2,1,11201693794366,21716,10033,5274
11202404550709,729600,729600,1728000,schedutil,1020000000,306000000,1020000000,nvhost_podgov,1,3,-1,65781,68781,65312,64250,65562,68781,21638,9995,5274,1.40625,19.02,26.75,1,11201693794366,21716,10033,5274
11202504550512,729600,729600,1728000,schedutil,1020000000,306000000,1020000000,nvhost_podgov,1,3,-1,66000,68906,65343,64187,65656,68906,21677,9995,5274,1.44,19.0325,27.41,1,11201693794366,21716,10033,5274
11202604551338,729600,729600,1728000,schedutil,1020000000,306000000,1020000000,nvhost_podgov,1,3,-1,65875,68875,65375,64218,65625,68875,21677,10033,5274,1.37,19.0338,26.15,1,11201693794366,21716,10033,5274
11202704555717,729600,729600,1728000,schedutil,1020000000,306000000,1020000000,nvhost_podgov,1,3,-1,65937,68687,65562,64312,65625,68687,21754,10072,5274,1.405,19.0437,26.75,1,11202694582109,21754,10033,5274
11202804552256,729600,729600,1728000,schedutil,1020000000,306000000,1020000000,nvhost_podgov,1,3,-1,65968,68656,65500,64375,65625,68656,21716,10033,5274,1.4775,19.03,28.12,1,11202694582109,21754,10033,5274
11202904561947,729600,729600,1728000,schedutil,1020000000,306000000,1020000000,nvhost_podgov,1,3,-1,65937,68968,65500,64250,65593,68968,21793,10072,5274,1.4475,19.0362,25.46,1,11202694582109,21754,10033,5274
11203004565686,729600,729600,1728000,schedutil,1020000000,306000000,1020000000,nvhost_podgov,1,3,-1,65875,68656,65500,64187,65531,68656,21754,10072,5274,1.36875,19.0362,26.06,1,11202694582109,21754,10033,5274
11203104552784,729600,729600,1728000,schedutil,1020000000,306000000,1020000000,nvhost_podgov,1,3,-1,65843,68687,65406,64187,65656,68687,21754,10072,5274,1.315,19.0463,25.05,1,11202694582109,21754,10033,5274
11203204559595,729600,729600,1728000,schedutil,1020000000,306000000,1020000000,nvhost_podgov,1,3,-1,65843,69000,65468,64250,65531,69000,21716,10033,5274,1.34375,19.0362,25.56,1,11202694582109,21754,10033,5274
11203304557830,729600,729600,1728000,schedutil,1020000000,306000000,1020000000,nvhost_podgov,1,3,-1,66000,68718,65375,64250,65656,68718,21716,10072,5274,1.39,19.0413,26.14,1,11202694582109,21754,10033,5274
11203404551233,729600,729600,1728000,schedutil,1020000000,306000000,1020000000,nvhost_podgov,1,3,-1,65843,68687,65406,64187,65562,68687,21677,10033,5274,1.37625,19.0437,26.22,1,11202694582109,21754,10033,5274
11203504546875,729600,729600,1728000,schedutil,1020000000,306000000,1020000000,nvhost_podgov,1,3,-1,66000,68625,65500,64187,65562,68625,21677,10033,5274,1.3675,19.0225,26.01,1,11202694582109,21754,10033,5274
11203604546742,729600,729600,1728000,schedutil,1020000000,306000000,1020000000,nvhost_podgov,1,3,-1,65968,68687,65406,64250,65562,68687,21638,9995,5274,1.33875,19.0425,26.5,1,11202694582109,21754,10033,5274
11203704565489,729600,729600,1728000,schedutil,1020000000,306000000,1020000000,nvhost_podgov,1,3,-1,66062,68656,65468,64312,65531,68656,21677,10033,5274,1.38,19.0188,26.24,1,11203704708949,21677,10033,5274
11203804558572,729600,729600,1728000,schedutil,1020000000,306000000,1020000000,nvhost_podgov,1,3,-1,66000,68781,65468,64218,65500,68781,21754,10111,5274,1.295,19.04,24.65,1,11203704708949,21677,10033,5274
11203904553318,729600,729600,1728000,schedutil,1020000000,306000000,1020000000,nvhost_podgov,1,3,-1,65906,68718,65437,64218,65531,68718,21716,10072,5274,1.385,19.0312,25.6,1,11203704708949,21677,10033,5274
11204004543713,729600,729600,1728000,schedutil,1020000000,306000000,1020000000,nvhost_podgov,1,3,-1,65906,68687,65375,64250,65531,68687,21677,10033,5274,1.39125,19.03,25.41,1,11203704708949,21677,10033,5274
11204104549660,729600,729600,1728000,schedutil,1020000000,306000000,1020000000,nvhost_podgov,1,3,-1,65843,68750,65406,64187,65593,68750,21638,10033,5274,1.35,19.04,25.7,1,11203704708949,21677,10033,5274
11204204552343,729600,729600,1728000,schedutil,1020000000,306000000,1020000000,nvhost_podgov,1,3,-1,65843,68718,65375,64218,65656,68718,21638,10033,5274,1.37375,19.0487,26.36,1,11203704708949,21677,10033,5274
11204304550961,729600,729600,1728000,schedutil,1020000000,306000000,1020000000,nvhost_podgov,1,3,-1,65937,68687,65406,64218,65593,68843,21638,10033,5274,1.30375,19.0237,24.81,1,11203704708949,21677,10033,5274
11204404547404,729600,729600,1728000,schedutil,1020000000,306000000,1020000000,nvhost_podgov,1,3,-1,66000,68843,65500,64312,65625,68843,21677,9995,5274,1.36625,19.0463,26.02,1,11203704708949,21677,10033,5274
11204504554151,729600,729600,1728000,schedutil,1020000000,306000000,1020000000,nvhost_podgov,1,3,-1,65875,68781,65468,64281,65593,68781,21677,9995,5274,1.34625,19.0225,25.61,1,11203704708949,21677,10033,5274
11204604549121,729600,729600,1728000,schedutil,1020000000,306000000,1020000000,nvhost_podgov,1,3,-1,65812,68937,65375,64281,65562,68937,21677,10033,5274,1.48,19.0312,25.69,1,11203704708949,21677,10033,5274
11204704553788,729600,729600,1728000,schedutil,1020000000,306000000,1020000000,nvhost_podgov,1,3,-1,65906,68906,65437,64250,65593,68906,21716,10033,5274,1.40875,19.0237,26.8,1,11204696813544,21716,10033,5274
11204804557591,729600,729600,1728000,schedutil,1020000000,306000000,1020000000,nvhost_podgov,1,3,-1,65906,68750,65343,64281,65593,68750,21754,10072,5274,1.42,19.0038,26.98,1,11204696813544,21716,10033,5274
11204904554321,729600,729600,1728000,schedutil,1020000000,306000000,1020000000,nvhost_podgov,1,3,-1,65812,69031,65343,64250,65562,69031,21754,10033,5274,1.36375,19.0325,27.1,1,11204696813544,21716,10033,5274
11205004551724,729600,729600,1728000,schedutil,1020000000,306000000,1020000000,nvhost_podgov,1,3,-1,65750,68906,65437,64218,65593,68906,21754,10072,5274,1.3275,19.0637,25.31,1,11204696813544,21716,10033,5274
11205104548327,729600,729600,1728000,schedutil,1020000000,306000000,1020000000,nvhost_podgov,1,3,-1,65968,68875,65312,64187,65625,68875,21871,10149,5274,1.40625,19.02,26.75,1,11204696813544,21716,10033,5274
11205204558561,729600,729600,1728000,schedutil,1020000000,306000000,1020000000,nvhost_podgov,1,3,-1,66062,68656,65562,64375,65656,68656,21910,10188,5274,1.38875,19.0362,24.35,1,11204696813544,21716,10033,5274
11205304554556,729600,729600,1728000,schedutil,1020000000,306000000,1020000000,nvhost_podgov,1,3,-1,65937,69000,65437,64312,65656,69000,21910,10188,5274,1.37625,19.0375,26.2,1,11204696813544,21716,10033,5274
11205404553655,729600,729600,1728000,schedutil,1020000000,306000000,1020000000,nvhost_podgov,1,3,-1,65968,68781,65500,64250,65562,68781,21871,10188,5313,1.30125,19.0312,24.77,1,11204696813544,21716,10033,5274
11205504552241,729600,729600,1728000,schedutil,1020000000,306000000,1020000000,nvhost_podgov,1,3,-1,65781,68687,65343,64250,65562,68687,21871,10149,5274,1.3925,19.0138,26.47,1,11204696813544,21716,10033,5274
11205604549292,729600,729600,1728000,schedutil,1020000000,306000000,1020000000,nvhost_podgov,1,3,-1,65906,69000,65375,64218,65593,69000,21832,10111,5274,1.34,19.055,26.13,1,11204696813544,21716,10033,5274
11205704553895,729600,729600,1728000,schedutil,1020000000,306000000,1020000000,nvhost_podgov,1,3,-1,65968,68687,65468,64250,65531,68687,21793,10111,5274,1.39,19.0325,26.46,1,11205700892465,21832,10111,5274
11205804557057,729600,729600,1728000,schedutil,1020000000,306000000,1020000000,nvhost_podgov,1,3,-1,65812,68687,65406,64250,65625,68687,21832,10111,5274,1.4275,19.035,25.93,1,11205700892465,21832,10111,5274
11205904550780,729600,729600,1728000,schedutil,1020000000,306000000,1020000000,nvhost_podgov,1,3,-1,66000,68687,65437,64187,65593,68687,21793,10072,5274,1.43625,19.035,26.84,1,11205700892465,21832,10111,5274
11206004550870,729600,729600,1728000,schedutil,1020000000,306000000,1020000000,nvhost_podgov,1,3,-1,65781,68687,65531,64343,65531,68687,21754,10072,5274,1.31875,19.0375,25.1,1,11205700892465,21832,10111,5274
11206104547825,729600,729600,1728000,schedutil,1020000000,306000000,1020000000,nvhost_podgov,1,3,-1,65875,68718,65437,64312,65593,68718,21754,10072,5274,1.3475,19.0263,25.64,1,11205700892465,21832,10111,5274
11206204549259,729600,729600,1728000,schedutil,1020000000,306000000,1020000000,nvhost_podgov,1,3,-1,65968,68750,65468,64343,65500,68750,21793,10072,5274,1.34625,19.0125,25.17,1,11205700892465,21832,10111,5274
11206304547366,729600,729600,1728000,schedutil,1020000000,306000000,1020000000,nvhost_podgov,1,3,-1,65781,68718,65406,64218,65625,68718,21754,10033,5274,1.36625,19.0312,26,1,11205700892465,21832,10111,5274
11206404545089,729600,729600,1728000,schedutil,1020000000,306000000,1020000000,nvhost_podgov,1,3,-1,65906,68687,65312,64312,65562,68687,21793,10072,5274,1.3325,19.035,25.37,1,11205700892465,21832,10111,5274
11206504546427,729600,729600,1728000,schedutil,1020000000,306000000,1020000000,nvhost_podgov,1,3,-1,65812,68781,65468,64250,65531,68781,21793,10072,5274,1.4525,19.03,27.64,1,11205700892465,21832,10111,5274
11206604549814,729600,729600,1728000,schedutil,1020000000,306000000,1020000000,nvhost_podgov,1,3,-1,65875,68718,65437,64156,65531,68718,21793,10072,5274,1.40125,19.035,26.77,1,11205700892465,21832,10111,5274
11206704552976,729600,729600,1728000,schedutil,1020000000,306000000,1020000000,nvhost_podgov,1,3,-1,66062,68687,65343,64218,65562,68687,21754,10033,5274,1.38,19.0362,26.27,1,11206701671373,21832,10111,5274
11206804555819,729600,729600,1728000,schedutil,1020000000,306000000,1020000000,nvhost_podgov,1,3,-1,65906,68843,65343,64250,65625,68843,21871,10111,5274,1.46875,19.0375,27.96,1,11206701671373,21832,10111,5274
11206904569766,729600,729600,1728000,schedutil,1020000000,306000000,1020000000,nvhost_podgov,1,3,-1,65968,68750,65468,64250,65593,68750,21832,10111,5274,1.3475,19.0362,25.65,1,11206701671373,21832,10111,5274
11207004566592,729600,729600,1728000,schedutil,1020000000,306000000,1020000000,nvhost_podgov,1,3,-1,65937,68875,65468,64343,65562,68875,21754,10072,5274,1.4175,19.04,27,1,11206701671373,21832,10111,5274
11207104561339,729600,729600,1728000,schedutil,1020000000,306000000,1020000000,nvhost_podgov,1,3,-1,65781,68906,65406,64250,65500,68906,21677,10033,5274,1.47125,19.0275,25.24,1,11206701671373,21832,10111,5274
11207204564790,729600,729600,1728000,schedutil,1020000000,306000000,1020000000,nvhost_podgov,1,3,-1,65812,68812,65406,64218,65562,68812,21677,10033,5274,1.3875,19.0375,26.41,1,11206701671373,21832,10111,5274
11207304570192,729600,729600,1728000,schedutil,1020000000,306000000,1020000000,nvhost_podgov,1,3,-1,65750,68687,65437,64250,65562,68687,21677,9995,5274,1.37375,19.025,26.14,1,11206701671373,21832,10111,5274
11207404559435,729600,729600,1728000,schedutil,1020000000,306000000,1020000000,nvhost_podgov,1,3,-1,65781,68843,65312,64218,65468,68843,21677,9995,5274,1.37375,19.03,26.14,1,11206701671373,21832,10111,5274
11207504560165,729600,729600,1728000,schedutil,1020000000,306000000,1020000000,nvhost_podgov,1,3,-1,65750,68718,65343,64250,65500,68718,21677,9995,5274,1.3375,19.0175,25.43,1,11206701671373,21832,10111,5274
11207604558559,729600,729600,1728000,schedutil,1020000000,306000000,1020000000,nvhost_podgov,1,3,-1,65718,68625,65312,64218,65625,68625,21677,9995,5274,1.35625,19.0175,25.79,1,11206701671373,21832,10111,5274
11207704576442,729600,729600,1728000,schedutil,1020000000,306000000,1020000000,nvhost_podgov,1,3,-1,66156,68906,65343,64218,65562,68906,21677,9995,5274,1.35875,19.045,25.88,1,11207698002849,21716,9995,5274
11207804566965,729600,729600,1728000,schedutil,1020000000,306000000,1020000000,nvhost_podgov,1,3,-1,66062,68687,65468,64312,65531,68687,21716,10033,5274,1.44875,19.0413,26.06,1,11207698002849,21716,9995,5274
11207904562927,1267200,729600,1728000,schedutil,1020000000,306000000,1020000000,nvhost_podgov,1,3,-1,66000,68718,65500,64250,65625,68718,21716,10033,5274,1.37625,19.0237,26.18,1,11207698002849,21716,9995,5274
11208004567914,729600,729600,1728000,schedutil,1020000000,306000000,1020000000,nvhost_podgov,1,3,-1,65937,68656,65375,64250,65625,68656,21793,10111,5274,1.42,19.0263,27.02,1,11207698002849,21716,9995,5274
11208104772649,729600,729600,1728000,schedutil,1020000000,306000000,1020000000,nvhost_podgov,1,3,-1,65875,68718,65406,64250,65593,68718,21793,10072,5274,1.3825,19.0388,27.94,1,11207698002849,21716,9995,5274
11208204568511,729600,729600,1728000,schedutil,1020000000,306000000,1020000000,nvhost_podgov,1,3,-1,65875,68687,65343,64250,65562,68687,21754,10072,5274,1.43875,19.0538,27.42,1,11207698002849,21716,9995,5274
11208304567321,729600,729600,1728000,schedutil,1020000000,306000000,1020000000,nvhost_podgov,1,3,-1,65843,68687,65375,64187,65562,68718,21716,10033,5274,1.34625,19.0325,25.63,1,11207698002849,21716,9995,5274
11208404560052,729600,729600,1728000,schedutil,1020000000,306000000,1020000000,nvhost_podgov,1,3,-1,65781,68687,65375,64187,65468,68687,21716,10033,5274,1.39625,19.035,25.82,1,11207698002849,21716,9995,5274
11208504558350,729600,729600,1728000,schedutil,1020000000,306000000,1020000000,nvhost_podgov,1,3,-1,65906,68687,65375,64250,65656,68687,21677,9995,5274,1.41875,19.0237,26.98,1,11207698002849,21716,9995,5274
11208604558568,729600,729600,1728000,schedutil,1020000000,306000000,1020000000,nvhost_podgov,1,3,-1,65968,68812,65500,64250,65531,68812,21677,9995,5274,1.31,19.02,26.25,1,11207698002849,21716,9995,5274
11208704571875,729600,729600,1728000,schedutil,1020000000,306000000,1020000000,nvhost_podgov,1,3,-1,65968,68718,65531,64281,65625,68718,21677,9995,5274,1.45875,19.035,27.76,1,11208692577708,21716,10033,5274
11208804558365,729600,729600,1728000,schedutil,1020000000,306000000,1020000000,nvhost_podgov,1,3,-1,65968,68687,65468,64187,65562,68687,21832,10111,5274,1.36375,19.0237,25.42,1,11208692577708,21716,10033,5274
11208904558232,729600,729600,1728000,schedutil,1020000000,306000000,1020000000,nvhost_podgov,1,3,-1,65781,68750,65406,64250,65625,68750,21793,10111,5274,1.485,19.025,28.24,1,11208692577708,21716,10033,5274
11209004552882,729600,729600,1728000,schedutil,1020000000,306000000,1020000000,nvhost_podgov,1,3,-1,65875,68718,65343,64187,65593,68718,21793,10072,5274,1.36,19.0287,25.88,1,11208692577708,21716,10033,5274
11209104553932,729600,729600,1728000,schedutil,1020000000,306000000,1020000000,nvhost_podgov,1,3,-1,65750,68718,65343,64250,65593,68718,21754,10033,5274,1.39875,19.04,26.64,1,11208692577708,21716,10033,5274
11209204553415,729600,729600,1728000,schedutil,1020000000,306000000,1020000000,nvhost_podgov,1,3,-1,65781,68781,65375,64187,65687,68781,21716,10033,5274,1.45,19.0237,25.89,1,11208692577708,21716,10033,5274
11209304549313,729600,729600,1728000,schedutil,1020000000,306000000,1020000000,nvhost_podgov,1,3,-1,65906,68750,65343,64218,65625,68750,21716,9995,5274,1.35875,19.0287,25.86,1,11208692577708,21716,10033,5274
11209404552444,729600,729600,1728000,schedutil,1020000000,306000000,1020000000,nvhost_podgov,1,3,-1,65781,68656,65500,64375,65593,68656,21754,9995,5274,1.4175,19.0362,26.98,1,11208692577708,21716,10033,5274
11209504547830,729600,729600,1728000,schedutil,1020000000,306000000,1020000000,nvhost_podgov,1,3,-1,65843,68812,65468,64375,65687,68812,21716,9995,5274,1.4075,19.0362,27.25,1,11208692577708,21716,10033,5274
11209604545104,729600,729600,1728000,schedutil,1020000000,306000000,1020000000,nvhost_podgov,1,3,-1,65843,68781,65437,64281,65562,68781,21716,9995,5274,1.3575,19.0212,25.82,1,11208692577708,21716,10033,5274
11209704563723,729600,729600,1728000,schedutil,1020000000,306000000,1020000000,nvhost_podgov,1,3,-1,66093,68687,65375,64312,65593,68687,21754,10072,5274,1.3225,19.035,25.18,1,11209706769983,21716,10033,5274
11209804561029,729600,729600,1728000,schedutil,1020000000,306000000,1020000000,nvhost_podgov,1,3,-1,65906,68937,65437,64218,65562,68937,21754,10072,5274,1.40875,19.0212,27.23,1,11209706769983,21716,10033,5274
11209904557344,729600,729600,1728000,schedutil,1020000000,306000000,1020000000,nvhost_podgov,1,3,-1,65875,68812,65343,64312,65500,68812,21793,10072,5274,1.31125,19.0487,24.97,1,11209706769983,21716,10033,5274
11210004552474,729600,729600,1728000,schedutil,1020000000,306000000,1020000000,nvhost_podgov,1,3,-1,65843,68687,65343,64187,65593,68687,21754,10072,5274,1.41,19.02,26.82,1,11209706769983,21716,10033,5274
11210104548468,729600,729600,1728000,schedutil,1020000000,306000000,1020000000,nvhost_podgov,1,3,-1,66000,69062,65375,64281,65625,69062,21754,10033,5274,1.34125,19.045,25.55,1,11209706769983,21716,10033,5274
11210204553839,729600,729600,1728000,schedutil,1020000000,306000000,1020000000,nvhost_podgov,1,3,-1,65968,68875,65500,64187,65687,68875,21754,10033,5274,1.28875,19.045,26.36,1,11209706769983,21716,10033,5274
11210304547497,729600,729600,1728000,schedutil,1020000000,306000000,1020000000,nvhost_podgov,1,3,-1,65968,68687,65468,64343,65531,68687,21754,10033,5274,1.42625,19.0413,27.16,1,11209706769983,21716,10033,5274
11210404550340,729600,729600,1728000,schedutil,1020000000,306000000,1020000000,nvhost_podgov,1,3,-1,65875,68687,65468,64343,65531,68687,21716,10033,5274,1.36875,19.0225,26.04,1,11209706769983,21716,10033,5274
11210504549182,729600,729600,1728000,schedutil,1020000000,306000000,1020000000,nvhost_podgov,1,3,-1,65843,68687,65500,64250,65437,68687,21716,10033,5274,1.33875,19.0338,26.74,1,11209706769983,21716,10033,5274
11210604546616,729600,729600,1728000,schedutil,1020000000,306000000,1020000000,nvhost_podgov,1,3,-1,65812,68656,65468,64281,65531,68656,21677,9995,5274,1.34,19.0475,25.52,1,11209706769983,21716,10033,5274
11210704554163,1420800,729600,1728000,schedutil,1020000000,306000000,1020000000,nvhost_podgov,1,3,-1,66093,68625,65437,64218,65562,68625,21716,10033,5274,1.345,19.045,25.61,1,11210703088624,21677,9995,5274
11210804553709,729600,729600,1728000,schedutil,1020000000,306000000,1020000000,nvhost_podgov,1,3,-1,66000,68687,65406,64218,65656,68687,21716,10033,5274,1.34125,19.0362,26.51,1,11210703088624,21677,9995,5274
11210904553223,729600,729600,1728000,schedutil,1020000000,306000000,1020000000,nvhost_podgov,1,3,-1,66093,68687,65375,64250,65625,68687,21716,10033,5274,1.33875,19.02,25.46,1,11210703088624,21677,9995,5274
11211004551458,729600,729600,1728000,schedutil,1020000000,306000000,1020000000,nvhost_podgov,1,3,-1,65812,68625,65437,64250,65562,68625,21677,10033,5274,1.39625,19.0338,26.57,1,11210703088624,21677,9995,5274
11211104549212,729600,729600,1728000,schedutil,1020000000,306000000,1020000000,nvhost_podgov,1,3,-1,65906,68687,65437,64156,65593,68687,21638,9995,5274,1.375,19.0362,24.85,1,11210703088624,21677,9995,5274
11211204552758,729600,729600,1728000,schedutil,1020000000,306000000,1020000000,nvhost_podgov,1,3,-1,65812,68718,65468,64250,65562,68718,21638,9995,5274,1.3125,19.0375,24.97,1,11210703088624,21677,9995,5274
11211304550289,729600,729600,1728000,schedutil,1020000000,306000000,1020000000,nvhost_podgov,1,3,-1,65781,68781,65531,64218,65562,68781,21638,9995,5274,1.39125,19.0475,26.5,1,11210703088624,21677,9995,5274
11211404552011,729600,729600,1728000,schedutil,1020000000,306000000,1020000000,nvhost_podgov,1,3,-1,65750,68781,65375,64250,65593,68781,21599,9956,5235,1.3625,19.0375,25.93,1,11210703088624,21677,9995,5274
11211504550437,729600,729600,1728000,schedutil,1020000000,306000000,1020000000,nvhost_podgov,1,3,-1,65875,68781,65406,64312,65593,68781,21638,9995,5235,1.4025,19.03,27.29,1,11210703088624,21677,9995,5274
11211604551039,729600,729600,1728000,schedutil,1020000000,306000000,1020000000,nvhost_podgov,1,3,-1,65937,68781,65406,64250,65562,68781,21638,9995,5235,1.36875,19.05,26.07,1,11210703088624,21677,9995,5274
11211704553754,729600,729600,1728000,schedutil,1020000000,306000000,1020000000,nvhost_podgov,1,3,-1,65968,68718,65406,64218,65656,68718,21677,9995,5235,1.375,19.0375,26.87,1,11211704175569,21677,9995,5235
11211804556500,729600,729600,1728000,schedutil,1020000000,306000000,1020000000,nvhost_podgov,1,3,-1,65937,68718,65406,64156,65656,68718,21677,10033,5235,1.28625,19.0287,24.38,1,11211704175569,21677,9995,5235
11211904558126,729600,729600,1728000,schedutil,1020000000,306000000,1020000000,nvhost_podgov,1,3,-1,65968,68812,65343,64250,65593,68812,21677,10033,5235,1.4375,19.0375,27.37,1,11211704175569,21677,9995,5235
11212004556361,729600,729600,1728000,schedutil,1020000000,306000000,1020000000,nvhost_podgov,1,3,-1,65843,68843,65468,64312,65593,68843,21677,9995,5235,1.38125,19.0212,26.28,1,11211704175569,21677,9995,5235
11212104552643,729600,729600,1728000,schedutil,1020000000,306000000,1020000000,nvhost_podgov,1,3,-1,65843,68812,65500,64375,65562,68656,21677,9995,5235,1.3025,19.035,27.73,1,11211704175569,21677,9995,5235
11212204548957,729600,729600,1728000,schedutil,1020000000,306000000,1020000000,nvhost_podgov,1,3,-1,65843,68937,65468,64250,65500,68937,21677,9956,5235,1.39125,19.0362,26.48,1,11211704175569,21677,9995,5235
11212304547767,729600,729600,1728000,schedutil,1020000000,306000000,1020000000,nvhost_podgov,1,3,-1,65750,68843,65468,64250,65593,68843,21677,9956,5235,1.4025,19.0437,26.71,1,11211704175569,21677,9995,5235
11212404552018,729600,729600,1728000,schedutil,1020000000,306000000,1020000000,nvhost_podgov,1,3,-1,66031,68656,65312,64250,65500,68656,21638,9956,5235,1.4175,19.0338,26.51,1,11211704175569,21677,9995,5235
11212504549868,729600,729600,1728000,schedutil,1020000000,306000000,1020000000,nvhost_podgov,1,3,-1,65812,68625,65437,64250,65500,68625,21638,9956,5235,1.4075,19.0087,27.09,1,11211704175569,21677,9995,5235
11212604549894,729600,729600,1728000,schedutil,1020000000,306000000,1020000000,nvhost_podgov,1,3,-1,65875,68875,65343,64218,65562,68875,21638,9995,5235,1.33875,19.0325,25.49,1,11211704175569,21677,9995,5235
11212704565761,729600,729600,1728000,schedutil,1020000000,306000000,1020000000,nvhost_podgov,1,3,-1,66187,68687,65375,64187,65593,68687,21716,10033,5274,1.41,19.0162,26.82,1,11212704628706,21716,10033,5274
11212804558907,729600,729600,1728000,schedutil,1020000000,306000000,1020000000,nvhost_podgov,1,3,-1,65812,68656,65500,64375,65593,68656,21754,10072,5274,1.365,19.0025,27.06,1,11212704628706,21716,10033,5274
11212904560053,729600,729600,1728000,schedutil,1020000000,306000000,1020000000,nvhost_podgov,1,3,-1,65906,68687,65437,64375,65625,68687,21754,10072,5274,1.45,19.0263,27.58,1,11212704628706,21716,10033,5274
11213004564431,729600,729600,1728000,schedutil,1020000000,306000000,1020000000,nvhost_podgov,1,3,-1,65906,68687,65406,64250,65531,68687,21754,10072,5274,1.3825,19.0312,26.1,1,11212704628706,21716,10033,5274
11213104557097,729600,729600,1728000,schedutil,1020000000,306000000,1020000000,nvhost_podgov,1,3,-1,65812,68656,65468,64281,65562,68656,21754,10111,5274,1.3575,19.0463,27.26,1,11212704628706,21716,10033,5274
11213204555363,729600,729600,1728000,schedutil,1020000000,306000000,1020000000,nvhost_podgov,1,3,-1,65812,68687,65437,64312,65500,68687,21754,10072,5274,1.475,19.0312,28.07,1,11212704628706,21716,10033,5274
11213304564862,729600,729600,1728000,schedutil,1020000000,306000000,1020000000,nvhost_podgov,1,3,-1,65968,68750,65437,64250,65656,68750,21716,10033,5274,1.35125,19.0025,25.68,1,11212704628706,21716,10033,5274
11213404553720,729600,729600,1728000,schedutil,1020000000,306000000,1020000000,nvhost_podgov,1,3,-1,65937,68656,65312,64250,65687,68656,21832,10072,5274,1.4725,19.0362,26.48,1,11212704628706,21716,10033,5274
11213504552210,729600,729600,1728000,schedutil,1020000000,306000000,1020000000,nvhost_podgov,1,3,-1,66031,68781,65343,64187,65687,68781,21793,10072,5274,1.3575,19.0188,25.83,1,11212704628706,21716,10033,5274
11213604554188,729600,729600,1728000,schedutil,1020000000,306000000,1020000000,nvhost_podgov,1,3,-1,65906,68781,65531,64187,65593,68781,21832,10072,5274,1.30625,19.0475,24.88,1,11212704628706,21716,10033,5274
11213704565511,1267200,729600,1728000,schedutil,1020000000,306000000,1020000000,nvhost_podgov,1,3,-1,66031,68718,65468,64281,65625,68875,21910,10149,5313,1.43,19.0075,27.64,1,11213706624311,21871,10111,5313
11213804550912,729600,729600,1728000,schedutil,1020000000,306000000,1020000000,nvhost_podgov,1,3,-1,65906,68812,65500,64281,65562,68812,21949,10188,5313,1.44125,19.0413,27.11,1,11213706624311,21871,10111,5313
11213904551547,729600,729600,1728000,schedutil,1020000000,306000000,1020000000,nvhost_podgov,1,3,-1,65875,68750,65375,64312,65531,68750,21871,10149,5274,1.4,19.0225,26.64,1,11213706624311,21871,10111,5313
11214004555189,729600,729600,1728000,schedutil,1020000000,306000000,1020000000,nvhost_podgov,1,3,-1,65875,68875,65500,64312,65625,68875,21871,10149,5274,1.3575,19.0263,27.02,1,11213706624311,21871,10111,5313
11214104552143,729600,729600,1728000,schedutil,1020000000,306000000,1020000000,nvhost_podgov,1,3,-1,65750,68812,65437,64281,65562,68812,21832,10111,5274,1.47375,19.0312,26.19,1,11213706624311,21871,10111,5313
11214204555177,729600,729600,1728000,schedutil,1020000000,306000000,1020000000,nvhost_podgov,1,3,-1,65968,68750,65468,64187,65500,68750,21793,10072,5274,1.345,19.04,25.61,1,11213706624311,21871,10111,5313
11214304551011,729600,729600,1728000,schedutil,1020000000,306000000,1020000000,nvhost_podgov,1,3,-1,65968,68906,65468,64250,65750,68906,21716,10033,5274,1.305,19.0413,24.85,1,11213706624311,21871,10111,5313
11214404545469,729600,729600,1728000,schedutil,1020000000,306000000,1020000000,nvhost_podgov,1,3,-1,65937,68875,65406,64250,65625,68875,21716,10033,5274,1.36875,19.04,26.56,1,11213706624311,21871,10111,5313
11214504551160,729600,729600,1728000,schedutil,1020000000,306000000,1020000000,nvhost_podgov,1,3,-1,65937,68718,65531,64312,65562,68718,21677,10033,5274,1.3725,19.0287,26.11,1,11213706624311,21871,10111,5313
11214604551282,729600,729600,1728000,schedutil,1020000000,306000000,1020000000,nvhost_podgov,1,3,-1,65812,68968,65468,64343,65625,68968,21638,9995,5274,1.41125,19.0413,26.87,1,11213706624311,21871,10111,5313
11214704555340,729600,729600,1728000,schedutil,1020000000,306000000,1020000000,nvhost_podgov,1,3,-1,66031,68812,65437,64312,65625,68812,21638,9995,5274,1.425,19.0338,25.57,1,11214694113433,21638,9995,5274
11214804556294,729600,729600,1728000,schedutil,1020000000,306000000,1020000000,nvhost_podgov,1,3,-1,65937,68687,65406,64281,65593,68687,21716,10072,5274,1.39625,19.0025,26.56,1,11214694113433,21638,9995,5274
11214904555648,729600,729600,1728000,schedutil,1020000000,306000000,1020000000,nvhost_podgov,1,3,-1,65875,68593,65375,64312,65687,68593,21716,10033,5274,1.28375,19.0338,24.44,1,11214694113433,21638,9995,5274
11215004550714,729600,729600,1728000,schedutil,1020000000,306000000,1020000000,nvhost_podgov,1,3,-1,66093,68906,65343,64250,65531,68906,21716,10033,5274,1.38625,19.0475,24.86,1,11214694113433,21638,9995,5274
11215104552404,729600,729600,1728000,schedutil,1020000000,306000000,1020000000,nvhost_podgov,1,3,-1,65781,68718,65406,64187,65500,68718,21677,10033,5274,1.37875,19.0425,26.25,1,11214694113433,21638,9995,5274
11215204557166,729600,729600,1728000,schedutil,1020000000,306000000,1020000000,nvhost_podgov,1,3,-1,65906,68656,65375,64187,65562,68656,21677,10033,5274,1.38875,19.045,26.45,1,11214694113433,21638,9995,5274
11215304554728,729600,729600,1728000,schedutil,1020000000,306000000,1020000000,nvhost_podgov,1,3,-1,65906,68625,65562,64312,65625,68625,21638,9995,5274,1.375,19.0212,26.15,1,11214694113433,21638,9995,5274
11215404552579,729600,729600,1728000,schedutil,1020000000,306000000,1020000000,nvhost_podgov,1,3,-1,65906,68687,65531,64343,65531,68687,21638,9995,5274,1.33125,19.0225,26.25,1,11214694113433,21638,9995,5274
11215504551485,729600,729600,1728000,schedutil,1020000000,306000000,1020000000,nvhost_podgov,1,3,-1,65906,68687,65500,64343,65562,68687,21638,9995,5274,1.3425,19.0325,25.55,1,11214694113433,21638,9995,5274
11215604551639,729600,729600,1728000,schedutil,1020000000,306000000,1020000000,nvhost_podgov,1,3,-1,65718,68656,65468,64343,65562,68656,21599,9995,5274,1.3225,19.0413,25.18,1,11214694113433,21638,9995,5274
11215704556241,729600,729600,1728000,schedutil,1020000000,306000000,1020000000,nvhost_podgov,1,3,-1,65906,68750,65406,64250,65625,68750,21599,9995,5274,1.37,19.03,25.05,1,11215692953378,21638,10033,5274
11215804554795,729600,729600,1728000,schedutil,1020000000,306000000,1020000000,nvhost_podgov,1,3,-1,66000,68687,65343,64281,65531,68687,21677,10033,5274,1.3975,19.0325,26.6,1,11215692953378,21638,10033,5274
11215904554053,729600,729600,1728000,schedutil,1020000000,306000000,1020000000,nvhost_podgov,1,3,-1,65812,68843,65406,64250,65625,68843,21677,10072,5274,1.36125,19.0375,25.92,1,11215692953378,21638,10033,5274
11216004548767,729600,729600,1728000,schedutil,1020000000,306000000,1020000000,nvhost_podgov,1,3,-1,66062,68687,65406,64250,65656,68687,21677,10033,5274,1.36875,19.06,26.09,1,11215692953378,21638,10033,5274
11216104550585,729600,729600,1728000,schedutil,1020000000,306000000,1020000000,nvhost_podgov,1,3,-1,65968,68718,65500,64343,65656,68718,21716,10072,5274,1.41625,19.0275,27.25,1,11215692953378,21638,10033,5274
11216204549011,729600,729600,1728000,schedutil,1020000000,306000000,1020000000,nvhost_podgov,1,3,-1,65937,68812,65468,64375,65593,68812,21716,10072,5274,1.32125,19.0325,25.15,1,11215692953378,21638,10033,5274
11216304553037,729600,729600,1728000,schedutil,1020000000,306000000,1020000000,nvhost_podgov,1,3,-1,65968,68718,65468,64281,65562,68718,21716,10072,5274,1.29125,19.035,24.58,1,11215692953378,21638,10033,5274
11216404553415,729600,729600,1728000,schedutil,1020000000,306000000,1020000000,nvhost_podgov,1,3,-1,65875,68687,65406,64250,65593,68687,21716,10072,5274,1.43,19.0138,27.19,1,11215692953378,21638,10033,5274
11216504551937,729600,729600,1728000,schedutil,1020000000,306000000,1020000000,nvhost_podgov,1,3,-1,65812,68906,65375,64281,65593,68906,21716,10033,5274,1.3575,19.0413,25.84,1,11215692953378,21638,10033,5274
11216604549563,729600,729600,1728000,schedutil,1020000000,306000000,1020000000,nvhost_podgov,1,3,-1,65781,68750,65406,64250,65562,68750,21716,10033,5274,1.2525,19.0463,23.86,1,11215692953378,21638,10033,5274
11216704554837,729600,729600,1728000,schedutil,1020000000,306000000,1020000000,nvhost_podgov,1,3,-1,65968,69000,65437,64250,65593,69000,21716,10033,5274,1.33,19.03,25.31,1,11216692030769,21716,10033,5274
11216804558127,729600,729600,1728000,schedutil,1020000000,306000000,1020000000,nvhost_podgov,1,3,-1,65968,68906,65468,64187,65750,68906,21754,10072,5274,1.33,19.0413,25.33,1,11216692030769,21716,10033,5274
11216904552169,729600,729600,1728000,schedutil,1020000000,306000000,1020000000,nvhost_podgov,1,3,-1,65937,68906,65531,64218,65562,68906,21793,10111,5274,1.47625,19.015,28.07,1,11216692030769,21716,10033,5274
11217004548867,729600,729600,1728000,schedutil,1020000000,306000000,1020000000,nvhost_podgov,1,3,-1,65875,68687,65500,64437,65656,68687,21832,10111,5274,1.37875,19.0125,27.43,1,11216692030769,21716,10033,5274
11217104544189,729600,729600,1728000,schedutil,1020000000,306000000,1020000000,nvhost_podgov,1,3,-1,65875,68937,65468,64312,65687,68937,21793,10072,5274,1.37375,19.04,25.7,1,11216692030769,21716,10033,5274
11217204547159,729600,729600,1728000,schedutil,1020000000,306000000,1020000000,nvhost_podgov,1,3,-1,65968,68843,65500,64281,65625,68843,21754,10033,5274,1.42875,19.0388,27.2,1,11216692030769,21716,10033,5274
11217304547249,729600,729600,1728000,schedutil,1020000000,306000000,1020000000,nvhost_podgov,1,3,-1,65906,68625,65468,64312,65593,68625,21754,10033,5274,1.4075,19.0338,25.74,1,11216692030769,21716,10033,5274
11217404547883,729600,729600,1728000,schedutil,1020000000,306000000,1020000000,nvhost_podgov,1,3,-1,65750,68968,65406,64343,65656,68968,21754,10033,5274,1.38875,19.0275,26.59,1,11216692030769,21716,10033,5274
11217504548869,729600,729600,1728000,schedutil,1020000000,306000000,1020000000,nvhost_podgov,1,3,-1,65812,68718,65406,64250,65562,68718,21716,10033,5274,1.3325,19.0325,25.36,1,11216692030769,21716,10033,5274
11217604548511,729600,729600,1728000,schedutil,1020000000,306000000,1020000000,nvhost_podgov,1,3,-1,65968,68687,65343,64250,65562,68687,21716,9995,5274,1.35125,19.0225,25.7,1,11216692030769,21716,10033,5274
11217704554297,729600,729600,1728000,schedutil,1020000000,306000000,1020000000,nvhost_podgov,1,3,-1,66156,68687,65375,64218,65625,68687,21716,9995,5274,1.3425,19.0225,27.32,1,11217693270514,21716,10033,5274
11217804557491,729600,729600,1728000,schedutil,1020000000,306000000,1020000000,nvhost_podgov,1,3,-1,65906,68750,65343,64250,65687,68750,21754,10033,5274,1.3125,19.0225,24.97,1,11217693270514,21716,10033,5274
11217904556333,729600,729600,1728000,schedutil,1020000000,306000000,1020000000,nvhost_podgov,1,3,-1,65968,68687,65468,64375,65562,68687,21754,10033,5274,1.39875,19.0325,26.62,1,11217693270514,21716,10033,5274
11218004562215,729600,729600,1728000,schedutil,1020000000,306000000,1020000000,nvhost_podgov,1,3,-1,66093,68656,65500,64312,65656,68656,21716,10033,5274,1.38375,19.0125,25.69,1,11217693270514,21716,10033,5274
11218104555713,729600,729600,1728000,schedutil,1020000000,306000000,1020000000,nvhost_podgov,1,3,-1,65937,68750,65468,64250,65593,68750,21754,10033,5274,1.39625,19.035,26.57,1,11217693270514,21716,10033,5274
11218204549210,729600,729600,1728000,schedutil,1020000000,306000000,1020000000,nvhost_podgov,1,3,-1,65781,68687,65375,64281,65593,68687,21754,10033,5274,1.3275,19.0312,25.27,1,11217693270514,21716,10033,5274
11218304546580,729600,729600,1728000,schedutil,1020000000,306000000,1020000000,nvhost_podgov,1,3,-1,65843,68781,65437,64250,65593,68781,21754,10033,5274,1.4175,19.0175,27.74,1,11217693270514,21716,10033,5274
11218404555310,729600,729600,1728000,schedutil,1020000000,306000000,1020000000,nvhost_podgov,1,3,-1,66000,68750,65406,64250,65593,68750,21754,10033,5274,1.42125,19.0475,27.02,1,11217693270514,21716,10033,5274
11218504554408,729600,729600,1728000,schedutil,1020000000,306000000,1020000000,nvhost_podgov,1,3,-1,65781,68750,65468,64250,65718,68750,21754,10033,5274,1.3625,19.0125,25.47,1,11217693270514,21716,10033,5274
11218604551810,729600,729600,1728000,schedutil,1020000000,306000000,1020000000,nvhost_podgov,1,3,-1,65906,68812,65406,64281,65687,68812,21716,9995,5274,1.37125,19.0338,26.1,1,11217693270514,21716,10033,5274
11218704556092,1344000,729600,1728000,schedutil,1020000000,306000000,1020000000,nvhost_podgov,1,3,-1,66218,68781,65593,64281,65656,68781,21716,9995,5274,1.45375,19.02,27.65,1,11218698284778,21716,10033,5274
11218804563254,729600,729600,1728000,schedutil,1020000000,306000000,1020000000,nvhost_podgov,1,3,-1,65937,68750,65500,64375,65687,68750,21793,10111,5274,1.40375,19.0287,26.71,1,11218698284778,21716,10033,5274
11218904556368,729600,729600,1728000,schedutil,1020000000,306000000,1020000000,nvhost_podgov,1,3,-1,65875,68937,65468,64312,65531,68937,21793,10111,5274,1.37875,19.0113,26.22,1,11218698284778,21716,10033,5274
11219004552106,729600,729600,1728000,schedutil,1020000000,306000000,1020000000,nvhost_podgov,1,3,-1,65875,68781,65468,64250,65531,68781,21754,10072,5274,1.40375,19.04,26.61,1,11218698284778,21716,10033,5274
11219104555556,729600,729600,1728000,schedutil,1020000000,306000000,1020000000,nvhost_podgov,1,3,-1,65968,68687,65406,64281,65562,68687,21716,10033,5274,1.345,19.0263,25.59,1,11218698284778,21716,10033,5274
11219204550813,729600,729600,1728000,schedutil,1020000000,306000000,1020000000,nvhost_podgov,1,3,-1,65968,68906,65500,64250,65562,68906,21677,9995,5274,1.36,19.03,25.88,1,11218698284778,21716,10033,5274
11219304550263,729600,729600,1728000,schedutil,1020000000,306000000,1020000000,nvhost_podgov,1,3,-1,65781,68875,65468,64250,65656,68875,21677,9995,5274,1.44625,19.0237,27.51,1,11218698284778,21716,10033,5274
11219404547441,729600,729600,1728000,schedutil,1020000000,306000000,1020000000,nvhost_podgov,1,3,-1,65968,68656,65375,64187,65625,68656,21677,9995,5274,1.38125,19.0263,26.29,1,11218698284778,21716,10033,5274
11219504546923,729600,729600,1728000,schedutil,1020000000,306000000,1020000000,nvhost_podgov,1,3,-1,65812,68968,65500,64375,65625,68968,21677,9995,5274,1.3475,19.0437,25.66,1,11218698284778,21716,10033,5274
11219604550181,729600,729600,1728000,schedutil,1020000000,306000000,1020000000,nvhost_podgov,1,3,-1,65843,68906,65500,64375,65656,68906,21677,9995,5274,1.4475,19.0225,25.73,1,11218698284778,21716,10033,5274
11219704555871,729600,729600,1728000,schedutil,1020000000,306000000,1020000000,nvhost_podgov,1,3,-1,66000,68718,65531,64250,65656,68718,21638,9995,5274,1.41375,19.0425,26.2,1,11219696575045,21677,10033,5274
11219804559353,729600,729600,1728000,schedutil,1020000000,306000000,1020000000,nvhost_podgov,1,3,-1,65906,68656,65375,64343,65625,68656,21716,10033,5274,1.49375,19.02,28.42,1,11219696575045,21677,10033,5274
11219904555315,729600,729600,1728000,schedutil,1020000000,306000000,1020000000,nvhost_podgov,1,3,-1,65843,68781,65406,64250,65625,68781,21754,10072,5274,1.3975,19.0287,26.6,1,11219696575045,21677,10033,5274
11220004553964,729600,729600,1728000,schedutil,1020000000,306000000,1020000000,nvhost_podgov,1,3,-1,65812,68687,65468,64250,65562,68687,21716,10033,5274,1.40125,19.0263,26.36,1,11219696575045,21677,10033,5274
11220104550022,729600,729600,1728000,schedutil,1020000000,306000000,1020000000,nvhost_podgov,1,3,-1,65843,68656,65343,64312,65562,68656,21677,10033,5274,1.35875,19.0437,25.88,1,11219696575045,21677,10033,5274
11220204551616,729600,729600,1728000,schedutil,1020000000,306000000,1020000000,nvhost_podgov,1,3,-1,65968,68718,65437,64250,65687,68718,21638,9995,5274,1.37625,19.035,26.2,1,11219696575045,21677,10033,5274
11220304548090,729600,729600,1728000,schedutil,1020000000,306000000,1020000000,nvhost_podgov,1,3,-1,66000,68718,65656,64250,65656,68718,21638,9995,5274,1.38125,19.0138,24.67,1,11219696575045,21677,10033,5274
11220404554036,729600,729600,1728000,schedutil,1020000000,306000000,1020000000,nvhost_podgov,1,3,-1,65843,68687,65531,64406,65625,68687,21599,9956,5274,1.33875,19.04,25.49,1,11219696575045,21677,10033,5274
11220504545325,729600,729600,1728000,schedutil,1020000000,306000000,1020000000,nvhost_podgov,1,3,-1,65875,68750,65500,64281,65593,68750,21599,9995,5274,1.3275,19.045,25.28,1,11219696575045,21677,10033,5274
11220604548327,729600,729600,1728000,schedutil,1020000000,306000000,1020000000,nvhost_podgov,1,3,-1,65843,68687,65437,64312,65625,68687,21638,9956,5274,1.32625,19.0263,25.23,1,11219696575045,21677,10033,5274
11220704555233,729600,729600,1728000,schedutil,1020000000,306000000,1020000000,nvhost_podgov,1,3,-1,65968,68812,65468,64281,65625,68812,21677,10033,5274,1.435,19.0338,27.32,1,11220696679818,21638,9995,5274
11220804557083,729600,729600,1728000,schedutil,1020000000,306000000,1020000000,nvhost_podgov,1,3,-1,65968,68781,65375,64250,65656,68781,21677,10033,5274,1.28125,19.04,24.4,1,11220696679818,21638,9995,5274
11220904553877,729600,729600,1728000,schedutil,1020000000,306000000,1020000000,nvhost_podgov,1,3,-1,65875,68781,65406,64218,65562,68781,21716,10033,5274,1.40875,19.0475,26.83,1,11220696679818,21638,9995,5274
11221004555438,729600,729600,1728000,schedutil,1020000000,306000000,1020000000,nvhost_podgov,1,3,-1,66031,68875,65500,64250,65625,68875,21716,10033,5274,1.26625,19.0362,25.32,1,11220696679818,21638,9995,5274
11221104552168,729600,729600,1728000,schedutil,1020000000,306000000,1020000000,nvhost_podgov,1,3,-1,65968,68718,65437,64218,65687,68718,21677,10033,5274,1.42875,19.0375,27.2,1,11220696679818,21638,9995,5274
11221204550786,729600,729600,1728000,schedutil,1020000000,306000000,1020000000,nvhost_podgov,1,3,-1,65937,68812,65562,64218,65593,68812,21677,9995,5274,1.27375,19.0325,24.24,1,11220696679818,21638,9995,5274
11221304548155,729600,729600,1728000,schedutil,1020000000,306000000,1020000000,nvhost_podgov,1,3,-1,65843,68968,65468,64312,65687,68968,21638,9995,5274,1.4725,19.0362,25.68,1,11220696679818,21638,9995,5274
11221404553525,729600,729600,1728000,schedutil,1020000000,306000000,1020000000,nvhost_podgov,1,3,-1,65781,68781,65468,64312,65625,68781,21638,9995,5235,1.3925,19.0287,26.5,1,11220696679818,21638,9995,5274
11221504553487,729600,729600,1728000,schedutil,1020000000,306000000,1020000000,nvhost_podgov,1,3,-1,65937,68750,65468,64281,65500,68750,21677,9995,5274,1.45875,19.0312,27.76,1,11220696679818,21638,9995,5274
11221604547273,729600,729600,1728000,schedutil,1020000000,306000000,1020000000,nvhost_podgov,1,3,-1,65812,68968,65468,64250,65625,68968,21677,9995,5274,1.35875,19.03,25.79,1,11220696679818,21638,9995,5274
11221704553027,729600,729600,1728000,schedutil,1020000000,306000000,1020000000,nvhost_podgov,1,3,-1,66031,68843,65437,64281,65625,68843,21716,10033,5274,1.38625,19.0263,26.38,1,11221699270535,21716,9995,5274
11221804559708,729600,729600,1728000,schedutil,1020000000,306000000,1020000000,nvhost_podgov,1,3,-1,66093,68687,65406,64250,65625,68687,21716,10033,5274,1.38875,19.0312,26.43,1,11221699270535,21716,9995,5274
11221904551190,729600,729600,1728000,schedutil,1020000000,306000000,1020000000,nvhost_podgov,1,3,-1,66125,69000,65500,64187,65687,69000,21716,10033,5274,1.36875,19.0562,26.09,1,11221699270535,21716,9995,5274
11222004553104,729600,729600,1728000,schedutil,1020000000,306000000,1020000000,nvhost_podgov,1,3,-1,65875,68875,65343,64250,65656,68875,21716,10033,5274,1.3425,19.0512,26.18,1,11221699270535,21716,9995,5274
11222104549865,729600,729600,1728000,schedutil,1020000000,306000000,1020000000,nvhost_podgov,1,3,-1,65937,68687,65500,64343,65593,68687,21677,9995,5274,1.41,19.0275,26.83,1,11221699270535,21716,9995,5274
11222204549059,729600,729600,1728000,schedutil,1020000000,306000000,1020000000,nvhost_podgov,1,3,-1,65906,68687,65500,64312,65562,68687,21677,9995,5274,1.4075,19.0188,26.77,1,11221699270535,21716,9995,5274
11222304549021,729600,729600,1728000,schedutil,1020000000,306000000,1020000000,nvhost_podgov,1,3,-1,65875,68937,65500,64250,65562,68937,21638,9995,5274,1.425,19.0275,26.8,1,11221699270535,21716,9995,5274
11222404547894,729600,729600,1728000,schedutil,1020000000,306000000,1020000000,nvhost_podgov,1,3,-1,65750,68718,65375,64343,65656,68718,21638,9995,5274,1.375,19.0212,26.15,1,11221699270535,21716,9995,5274
11222504549136,729600,729600,1728000,schedutil,1020000000,306000000,1020000000,nvhost_podgov,1,3,-1,65843,68687,65500,64281,65593,68687,21638,9995,5274,1.33,19.0375,25.32,1,11221699270535,21716,9995,5274
11222604548874,729600,729600,1728000,schedutil,1020000000,306000000,1020000000,nvhost_podgov,1,3,-1,66062,68718,65500,64250,65562,68718,21638,9995,5274,1.44125,19.0587,25.97,1,11221699270535,21716,9995,5274
11222704557444,729600,729600,1728000,schedutil,1020000000,306000000,1020000000,nvhost_podgov,1,3,-1,65937,68781,65437,64187,65687,68781,21716,10033,5274,1.44875,19.0312,27.57,1,11222699447693,21677,10033,5274
11222804555549,729600,729600,1728000,schedutil,1020000000,306000000,1020000000,nvhost_podgov,1,3,-1,65968,68625,65500,64250,65625,68625,21716,10033,5274,1.425,19.0125,27.1,1,11222699447693,21677,10033,5274
11222904552759,729600,729600,1728000,schedutil,1020000000,306000000,1020000000,nvhost_podgov,1,3,-1,66000,68750,65500,64406,65531,68750,21716,10033,5274,1.3025,19.0437,25.73,1,11222699447693,21677,10033,5274
11223004552113,729600,729600,1728000,schedutil,1020000000,306000000,1020000000,nvhost_podgov,1,3,-1,65906,68750,65500,64406,65531,68750,21716,10033,5274,1.4825,19.0087,28.19,1,11222699447693,21677,10033,5274
11223104564298,729600,729600,1728000,schedutil,1020000000,306000000,1020000000,nvhost_podgov,1,3,-1,65968,68750,65531,64343,65656,68750,21716,10033,5274,1.4375,19.0275,27.35,1,11222699447693,21677,10033,5274
11223204558084,729600,729600,1728000,schedutil,1020000000,306000000,1020000000,nvhost_podgov,1,3,-1,65843,68750,65468,64281,65656,68750,21754,10072,5274,1.415,19.0087,26.89,1,11222699447693,21677,10033,5274
11223304553598,729600,729600,1728000,schedutil,1020000000,306000000,1020000000,nvhost_podgov,1,3,-1,65843,68781,65468,64250,65625,68781,21754,10072,5274,1.4825,19.0425,25.92,1,11222699447693,21677,10033,5274
11223404558231,729600,729600,1728000,schedutil,1020000000,306000000,1020000000,nvhost_podgov,1,3,-1,66187,68906,65437,64218,65593,68906,21754,10072,5274,1.415,19.0113,26.91,1,11222699447693,21677,10033,5274
11223504551409,729600,729600,1728000,schedutil,1020000000,306000000,1020000000,nvhost_podgov,1,3,-1,65843,68812,65437,64250,65625,68812,21793,10111,5274,1.3975,19.0362,26.6,1,11222699447693,21677,10033,5274
11223604550570,729600,729600,1728000,schedutil,1020000000,306000000,1020000000,nvhost_podgov,1,3,-1,65906,68781,65437,64281,65656,68781,21754,10072,5274,1.3125,19.0312,27.19,1,11222699447693,21677,10033,5274
11223704551844,1267200,729600,1728000,schedutil,1020000000,306000000,1020000000,nvhost_podgov,1,3,-1,66312,68906,65625,64468,65656,68906,21754,10111,5274,1.4275,19.0038,27.12,1,11223702259535,21754,10111,5274
11223804554142,729600,729600,1728000,schedutil,1020000000,306000000,1020000000,nvhost_podgov,1,3,-1,65968,68843,65468,64312,65656,68843,21871,10188,5274,1.455,19.0312,27.69,1,11223702259535,21754,10111,5274
11223904552919,729600,729600,1728000,schedutil,1020000000,306000000,1020000000,nvhost_podgov,1,3,-1,65937,68843,65500,64281,65687,68843,21871,10149,5274,1.325,19.0025,27.56,1,11223702259535,21754,10111,5274
11224004554961,729600,729600,1728000,schedutil,1020000000,306000000,1020000000,nvhost_podgov,1,3,-1,65875,69031,65437,64250,65718,69031,21832,10111,5274,1.4,19.0362,26.62,1,11223702259535,21754,10111,5274
11224104548426,729600,729600,1728000,schedutil,1020000000,306000000,1020000000,nvhost_podgov,1,3,-1,66000,68937,65468,64250,65656,68937,21793,10072,5274,1.4225,19.0225,27.06,1,11223702259535,21754,10111,5274
11224204548740,729600,729600,1728000,schedutil,1020000000,306000000,1020000000,nvhost_podgov,1,3,-1,65875,68750,65468,64312,65656,68750,21793,10072,5274,1.3825,19.035,26.32,1,11223702259535,21754,10111,5274
11224304554142,729600,729600,1728000,schedutil,1020000000,306000000,1020000000,nvhost_podgov,1,3,-1,65875,68718,65406,64281,65656,68718,21754,10072,5274,1.33375,19.035,25.4,1,11223702259535,21754,10111,5274
11224404553943,729600,729600,1728000,schedutil,1020000000,306000000,1020000000,nvhost_podgov,1,3,-1,66031,68843,65343,64281,65656,68843,21754,10033,5274,1.40375,19.0188,26.7,1,11223702259535,21754,10111,5274
11224504550321,729600,729600,1728000,schedutil,1020000000,306000000,1020000000,nvhost_podgov,1,3,-1,66031,68687,65343,64250,65593,68687,21716,10033,5274,1.4175,19.0413,27,1,11223702259535,21754,10111,5274
11224604552394,729600,729600,1728000,schedutil,1020000000,306000000,1020000000,nvhost_podgov,1,3,-1,65875,68718,65500,64343,65687,68718,21677,10033,5274,1.375,19.015,27.33,1,11223702259535,21754,10111,5274
11224704555364,729600,729600,1728000,schedutil,1020000000,306000000,1020000000,nvhost_podgov,1,3,-1,66125,69062,65500,64406,65593,69062,21677,9995,5274,1.41625,19.0287,26.94,1,11224699735796,21677,10033,5274
11224804554110,729600,729600,1728000,schedutil,1020000000,306000000,1020000000,nvhost_podgov,1,3,-1,65968,68750,65500,64312,65625,68750,21716,10072,5274,1.36,19.0162,25.86,1,11224699735796,21677,10033,5274
11224904553815,729600,729600,1728000,schedutil,1020000000,306000000,1020000000,nvhost_podgov,1,3,-1,65968,68718,65500,64281,65656,68718,21754,10072,5274,1.43375,19.045,27.71,1,11224699735796,21677,10033,5274
11225004547889,729600,729600,1728000,schedutil,1020000000,306000000,1020000000,nvhost_podgov,1,3,-1,65812,68687,65375,64281,65562,68843,21716,10033,5274,1.37875,19.0312,26.24,1,11224699735796,21677,10033,5274
11225104549386,729600,729600,1728000,schedutil,1020000000,306000000,1020000000,nvhost_podgov,1,3,-1,65937,68718,65375,64281,65593,68718,21716,10033,5274,1.38,19.0225,26.25,1,11224699735796,21677,10033,5274
11225204548932,729600,729600,1728000,schedutil,1020000000,306000000,1020000000,nvhost_podgov,1,3,-1,65937,68687,65437,64250,65656,68687,21716,9995,5274,1.33,19.0287,25.81,1,11224699735796,21677,10033,5274
11225304550973,729600,729600,1728000,schedutil,1020000000,306000000,1020000000,nvhost_podgov,1,3,-1,66000,68812,65468,64312,65718,68812,21716,9995,5274,1.3875,19.0275,26.41,1,11224699735796,21677,10033,5274
11225404548119,729600,729600,1728000,schedutil,1020000000,306000000,1020000000,nvhost_podgov,1,3,-1,65968,68781,65500,64312,65656,68781,21677,10033,5274,1.43875,19.045,27.41,1,11224699735796,21677,10033,5274
11225504552112,729600,729600,1728000,schedutil,1020000000,306000000,1020000000,nvhost_podgov,1,3,-1,65968,68750,65531,64375,65687,68750,21677,9995,5274,1.35625,19.0437,25.83,1,11224699735796,21677,10033,5274
11225604549578,729600,729600,1728000,schedutil,1020000000,306000000,1020000000,nvhost_podgov,1,3,-1,65843,68781,65500,64343,65656,68781,21638,9995,5274,1.335,19.0525,25.13,1,11224699735796,21677,10033,5274
11225704552899,729600,729600,1728000,schedutil,1020000000,306000000,1020000000,nvhost_podgov,1,3,-1,66062,68718,65500,64281,65687,68718,21638,9995,5274,1.31,19.0225,24.92,1,11225701083827,21638,10033,5274
11225804546269,729600,729600,1728000,schedutil,1020000000,306000000,1020000000,nvhost_podgov,1,3,-1,65812,68781,65500,64281,65593,68875,21677,10033,5274,1.40375,19.0325,25.79,1,11225701083827,21638,10033,5274
11225904555126,729600,729600,1728000,schedutil,1020000000,306000000,1020000000,nvhost_podgov,1,3,-1,65812,68875,65468,64250,65625,68875,21638,10033,5274,1.35,19.0263,27.19,1,11225701083827,21638,10033,5274
11226004548112,729600,729600,1728000,schedutil,1020000000,306000000,1020000000,nvhost_podgov,1,3,-1,65906,68750,65375,64156,65625,68750,21638,9995,5274,1.38,19.035,26.27,1,11225701083827,21638,10033,5274
11226104546601,729600,729600,1728000,schedutil,1020000000,306000000,1020000000,nvhost_podgov,1,3,-1,65875,69000,65468,64250,65718,69000,21638,9995,5274,1.32875,19.03,25.28,1,11225701083827,21638,10033,5274
11226204545955,729600,729600,1728000,schedutil,1020000000,306000000,1020000000,nvhost_podgov,1,3,-1,65906,68875,65531,64406,65625,68875,21638,9995,5274,1.37875,19.0287,25.5,1,11225701083827,21638,10033,5274
11226304547708,729600,729600,1728000,schedutil,1020000000,306000000,1020000000,nvhost_podgov,1,3,-1,65968,68812,65531,64375,65656,68687,21638,9995,5274,1.4525,19.0425,27.66,1,11225701083827,21638,10033,5274
11226404550262,729600,729600,1728000,schedutil,1020000000,306000000,1020000000,nvhost_podgov,1,3,-1,65906,69000,65531,64375,65656,69000,21638,9995,5274,1.38125,19.0463,26.3,1,11225701083827,21638,10033,5274
11226504548687,729600,729600,1728000,schedutil,1020000000,306000000,1020000000,nvhost_podgov,1,3,-1,65937,68906,65468,64281,65531,68906,21677,9995,5274,1.36375,19.0375,26.32,1,11225701083827,21638,10033,5274
11226604550473,729600,729600,1728000,schedutil,1020000000,306000000,1020000000,nvhost_podgov,1,3,-1,65812,68843,65468,64343,65656,68843,21677,9995,5274,1.40625,19.0188,26.78,1,11225701083827,21638,10033,5274
11226704554178,729600,729600,1728000,schedutil,1020000000,306000000,1020000000,nvhost_podgov,1,3,-1,66093,68687,65500,64343,65687,68687,21716,10033,5274,1.41125,19.0312,26.86,1,11226702127594,21716,10033,5274
11226804553340,729600,729600,1728000,schedutil,1020000000,306000000,1020000000,nvhost_podgov,1,3,-1,66093,69062,65406,64250,65625,69062,21754,10072,5274,1.355,19.0375,25.79,1,11226702127594,21716,10033,5274
11226904552021,729600,729600,1728000,schedutil,1020000000,306000000,1020000000,nvhost_podgov,1,3,-1,65906,68750,65437,64312,65656,68750,21754,10072,5274,1.40625,19.0287,26.47,1,11226702127594,21716,10033,5274
11227004555919,729600,729600,1728000,schedutil,1020000000,306000000,1020000000,nvhost_podgov,1,3,-1,65937,68687,65531,64250,65687,68687,21754,10072,5274,1.3575,19.025,25.83,1,11226702127594,21716,10033,5274
11227104543816,729600,729600,1728000,schedutil,1020000000,306000000,1020000000,nvhost_podgov,1,3,-1,65875,69062,65593,64437,65625,69062,21677,10033,5274,1.3925,19.035,26.51,1,11226702127594,21716,10033,5274
11227204549889,729600,729600,1728000,schedutil,1020000000,306000000,1020000000,nvhost_podgov,1,3,-1,65781,68718,65437,64312,65656,68718,21677,10033,5274,1.375,19.0225,24.56,1,11226702127594,21716,10033,5274
11227304549147,729600,729600,1728000,schedutil,1020000000,306000000,1020000000,nvhost_podgov,1,3,-1,65875,68718,65468,64343,65625,68718,21638,10033,5274,1.405,19.02,26.73,1,11226702127594,21716,10033,5274
11227404552244,729600,729600,1728000,schedutil,1020000000,306000000,1020000000,nvhost_podgov,1,3,-1,65843,68718,65468,64281,65625,68718,21638,9995,5274,1.385,19.0375,26.37,1,11226702127594,21716,10033,5274
11227504552686,729600,729600,1728000,schedutil,1020000000,306000000,1020000000,nvhost_podgov,1,3,-1,65812,68781,65437,64312,65593,68781,21638,9995,5274,1.4175,19.0275,26.97,1,11226702127594,21716,10033,5274
11227604554375,729600,729600,1728000,schedutil,1020000000,306000000,1020000000,nvhost_podgov,1,3,-1,65781,68750,65468,64281,65625,68750,21599,9995,5274,1.485,19.0125,28.26,1,11226702127594,21716,10033,5274
11227704554433,729600,729600,1728000,schedutil,1020000000,306000000,1020000000,nvhost_podgov,1,3,-1,65968,68812,65468,64250,65750,68812,21599,9956,5274,1.4125,19.0237,26.87,1,11227704266906,21638,9995,5274
11227804556026,729600,729600,1728000,schedutil,1020000000,306000000,1020000000,nvhost_podgov,1,3,-1,65937,68781,65500,64250,65656,68781,21677,10033,5274,1.3575,19.035,25.6,1,11227704266906,21638,9995,5274
11227904554675,729600,729600,1728000,schedutil,1020000000,306000000,1020000000,nvhost_podgov,1,3,-1,65968,68718,65531,64218,65562,68718,21677,10033,5274,1.3825,19.0375,25.82,1,11227704266906,21638,9995,5274
11228004547245,729600,729600,1728000,schedutil,1020000000,306000000,1020000000,nvhost_podgov,1,3,-1,65843,68843,65500,64437,65656,68843,21677,9995,5274,1.37125,19.04,26.11,1,11227704266906,21638,9995,5274
11228104565990,729600,729600,1728000,schedutil,1020000000,306000000,1020000000,nvhost_podgov,1,3,-1,66000,68812,65500,64468,65687,68812,21677,10033,5274,1.34875,19.0362,25.68,1,11227704266906,21638,9995,5274
11228204554016,729600,729600,1728000,schedutil,1020000000,306000000,1020000000,nvhost_podgov,1,3,-1,65812,68750,65406,64312,65625,68750,21716,10072,5274,1.405,19.0338,27.2,1,11227704266906,21638,9995,5274
11228304556185,729600,729600,1728000,schedutil,1020000000,306000000,1020000000,nvhost_podgov,1,3,-1,65906,68875,65406,64250,65625,68875,21677,10033,5274,1.40375,19.0525,26.74,1,11227704266906,21638,9995,5274
11228404549362,729600,729600,1728000,schedutil,1020000000,306000000,1020000000,nvhost_podgov,1,3,-1,65875,68843,65500,64281,65687,68843,21677,10033,5274,1.38875,19.0325,26.43,1,11227704266906,21638,9995,5274
11228504550988,729600,729600,1728000,schedutil,1020000000,306000000,1020000000,nvhost_podgov,1,3,-1,65781,69062,65468,64250,65625,69062,21716,10033,5274,1.3,19.0275,25.72,1,11227704266906,21638,9995,5274
11228604556677,729600,729600,1728000,schedutil,1020000000,306000000,1020000000,nvhost_podgov,1,3,-1,65875,68906,65375,64218,65625,68906,21716,10033,5274,1.46,19.0225,27.78,1,11227704266906,21638,9995,5274
11228704565439,1728000,729600,1728000,schedutil,1020000000,306000000,1020000000,nvhost_podgov,1,3,-1,66312,68875,65406,64250,65750,68875,21716,10033,5274,1.40625,19.01,28.21,1,11228707011224,21716,10033,5274
11228804558328,729600,729600,1728000,schedutil,1020000000,306000000,1020000000,nvhost_podgov,1,3,-1,65968,68718,65531,64406,65718,68718,21793,10111,5274,1.345,19.0562,26.39,1,11228707011224,21716,10033,5274
11228904554161,729600,729600,1728000,schedutil,1020000000,306000000,1020000000,nvhost_podgov,1,3,-1,65968,68968,65531,64375,65656,68968,21832,10111,5274,1.50625,19.0087,28.63,1,11228707011224,21716,10033,5274
11229004553066,729600,729600,1728000,schedutil,1020000000,306000000,1020000000,nvhost_podgov,1,3,-1,65875,69000,65468,64375,65687,69000,21871,10188,5274,1.38,19.0287,26.27,1,11228707011224,21716,10033,5274
11229104549252,729600,729600,1728000,schedutil,1020000000,306000000,1020000000,nvhost_podgov,1,3,-1,65875,68750,65500,64375,65593,68750,21949,10188,5274,1.37375,19.0487,26.16,1,11228707011224,21716,10033,5274
11229204550045,729600,729600,1728000,schedutil,1020000000,306000000,1020000000,nvhost_podgov,1,3,-1,65812,69000,65406,64250,65656,69000,21949,10188,5274,1.4375,19.025,27.25,1,11228707011224,21716,10033,5274
11229304553110,729600,729600,1728000,schedutil,1020000000,306000000,1020000000,nvhost_podgov,1,3,-1,65906,68937,65437,64250,65687,68781,21832,10149,5274,1.41625,19.025,26.94,1,11228707011224,21716,10033,5274
11229404547632,729600,729600,1728000,schedutil,1020000000,306000000,1020000000,nvhost_podgov,1,3,-1,66156,68750,65406,64250,65718,68750,21832,10111,5274,1.36,19.0538,25.91,1,11228707011224,21716,10033,5274
11229504549385,729600,729600,1728000,schedutil,1020000000,306000000,1020000000,nvhost_podgov,1,3,-1,65968,68687,65500,64250,65625,68687,21793,10072,5274,1.44125,19.02,26.75,1,11228707011224,21716,10033,5274
11229604549346,729600,729600,1728000,schedutil,1020000000,306000000,1020000000,nvhost_podgov,1,3,-1,65968,68781,65500,64406,65656,68781,21793,10072,5274,1.425,19.0512,27.15,1,11228707011224,21716,10033,5274
11229704560796,729600,729600,1728000,schedutil,1020000000,306000000,1020000000,nvhost_podgov,1,3,-1,66375,68718,65468,64406,65718,68718,21871,10149,5313,1.295,19.03,24.64,1,11229705655605,21832,10111,5274
11229804564085,729600,729600,1728000,schedutil,1020000000,306000000,1020000000,nvhost_podgov,1,3,-1,65875,68718,65500,64375,65593,68718,21871,10149,5313,1.43375,19.015,27.26,1,11229705655605,21832,10111,5274
11229904557166,729600,729600,1728000,schedutil,1020000000,306000000,1020000000,nvhost_podgov,1,3,-1,66000,68781,65531,64343,65687,68781,21910,10149,5313,1.35125,19.0362,25.73,1,11229705655605,21832,10111,5274
11230004548615,729600,729600,1728000,schedutil,1020000000,306000000,1020000000,nvhost_podgov,1,3,-1,65937,68718,65437,64281,65656,68718,21871,10149,5274,1.33,19.0237,25.31,1,11229705655605,21832,10111,5274
11230104547681,729600,729600,1728000,schedutil,1020000000,306000000,1020000000,nvhost_podgov,1,3,-1,65875,68687,65468,64343,65625,68843,21871,10111,5274,1.37125,19.0263,27.02,1,11229705655605,21832,10111,5274
11230204548730,729600,729600,1728000,schedutil,1020000000,306000000,1020000000,nvhost_podgov,1,3,-1,66062,68843,65437,64281,65750,68843,21832,10111,5274,1.30875,19.05,24.92,1,11229705655605,21832,10111,5274
11230304549139,729600,729600,1728000,schedutil,1020000000,306000000,1020000000,nvhost_podgov,1,3,-1,65875,68781,65406,64281,65781,68781,21832,10111,5274,1.39375,19.0212,26.51,1,11229705655605,21832,10111,5274
11230404551053,729600,729600,1728000,schedutil,1020000000,306000000,1020000000,nvhost_podgov,1,3,-1,65968,68937,65593,64250,65625,68937,21793,10072,5274,1.40125,19.0312,26.66,1,11229705655605,21832,10111,5274
11230504698569,729600,729600,1728000,schedutil,1020000000,306000000,1020000000,nvhost_podgov,1,3,-1,65968,68906,65531,64437,65781,68906,21832,10072,5274,1.44,19.0538,24.77,1,11229705655605,21832,10111,5274
11230604545631,729600,729600,1728000,schedutil,1020000000,306000000,1020000000,nvhost_podgov,1,3,-1,65812,68750,65468,64375,65562,68750,21832,10111,5274,1.39625,19.0263,26.56,1,11229705655605,21832,10111,5274
11230704558520,729600,729600,1728000,schedutil,1020000000,306000000,1020000000,nvhost_podgov,1,3,-1,66250,69031,65531,64312,65718,69031,21910,10188,5313,1.26875,19.0475,24.17,1,11230707408539,21871,10149,5313
11230804559666,729600,729600,1728000,schedutil,1020000000,306000000,1020000000,nvhost_podgov,1,3,-1,65906,68875,65500,64343,65593,68875,21949,10188,5313,1.44375,19.0362,27.48,1,11230707408539,21871,10149,5313
11230904557803,729600,729600,1728000,schedutil,1020000000,306000000,1020000000,nvhost_podgov,1,3,-1,65937,68875,65562,64281,65656,68875,21949,10188,5313,1.3375,19.0063,25.42,1,11230707408539,21871,10149,5313
11231004559044,729600,729600,1728000,schedutil,1020000000,306000000,1020000000,nvhost_podgov,1,3,-1,65906,69031,65437,64250,65718,69031,21949,10188,5313,1.42125,19.0287,27.05,1,11230707408539,21871,10149,5313
11231104717313,729600,729600,1728000,schedutil,1020000000,306000000,1020000000,nvhost_podgov,1,3,-1,65937,68968,65500,64312,65656,68968,21949,10188,5313,1.32125,19.0312,26.46,1,11230707408539,21871,10149,5313
11231204688826,729600,729600,1728000,schedutil,1020000000,306000000,1020000000,nvhost_podgov,1,3,-1,65843,68781,65468,64312,65750,68781,21949,10188,5313,1.40625,19.0312,26.77,1,11230707408539,21871,10149,5313
11231304720820,729600,729600,1728000,schedutil,1020000000,306000000,1020000000,nvhost_podgov,1,3,-1,65968,69062,65531,64281,65718,69062,21871,10149,5313,1.40375,19.0475,26.74,1,11230707408539,21871,10149,5313
11231404554505,729600,729600,1728000,schedutil,1020000000,306000000,1020000000,nvhost_podgov,1,3,-1,65937,68968,65593,64312,65687,68968,21832,10111,5274,1.3825,19.045,26.33,1,11230707408539,21871,10149,5313
11231504714982,729600,729600,1728000,schedutil,1020000000,306000000,1020000000,nvhost_podgov,1,3,-1,65906,68687,65500,64343,65687,68687,21793,10072,5274,1.395,19.0463,26.54,1,11230707408539,21871,10149,5313
11231604553275,729600,729600,1728000,schedutil,1020000000,306000000,1020000000,nvhost_podgov,1,3,-1,65843,69031,65437,64343,65687,69031,21754,10033,5274,1.37375,19.0225,26.14,1,11230707408539,21871,10149,5313
11231704562869,729600,729600,1728000,schedutil,1020000000,306000000,1020000000,nvhost_podgov,1,3,-1,66343,68937,65500,64312,65687,68937,21754,10072,5274,1.375,19.0413,26.18,1,11231707590075,21754,10072,5274
11231804552110,729600,729600,1728000,schedutil,1020000000,306000000,1020000000,nvhost_podgov,1,3,-1,65906,68687,65468,64281,65562,68687,21754,10072,5274,1.33125,19.0425,25.34,1,11231707590075,21754,10072,5274
11231904558023,729600,729600,1728000,schedutil,1020000000,306000000,1020000000,nvhost_podgov,1,3,-1,65968,68718,65437,64281,65718,68718,21754,10072,5274,1.4175,19.045,25.88,1,11231707590075,21754,10072,5274
11232004545824,729600,729600,1728000,schedutil,1020000000,306000000,1020000000,nvhost_podgov,1,3,-1,66062,68750,65406,64281,65656,68750,21716,10072,5274,1.3525,19.0325,25.74,1,11231707590075,21754,10072,5274
11232104704765,729600,729600,1728000,schedutil,1020000000,306000000,1020000000,nvhost_podgov,1,3,-1,66156,68750,65375,64250,65656,68750,21677,10033,5274,1.38375,19.0325,27.67,1,11231707590075,21754,10072,5274
11232204686869,729600,729600,1728000,schedutil,1020000000,306000000,1020000000,nvhost_podgov,1,3,-1,65968,68687,65562,64375,65625,68687,21677,10033,5274,1.34875,19.03,25.66,1,11231707590075,21754,10072,5274
11232304552332,729600,729600,1728000,schedutil,1020000000,306000000,1020000000,nvhost_podgov,1,3,-1,65906,68781,65531,64406,65687,68781,21638,9995,5274,1.3875,19.035,26.41,1,11231707590075,21754,10072,5274
11232404553445,729600,729600,1728000,schedutil,1020000000,306000000,1020000000,nvhost_podgov,1,3,-1,65906,68718,65500,64281,65625,68718,21638,9995,5274,1.375,19.0525,27.58,1,11231707590075,21754,10072,5274
11232504552094,729600,729600,1728000,schedutil,1020000000,306000000,1020000000,nvhost_podgov,1,3,-1,65906,68718,65500,64343,65656,68718,21638,9995,5274,1.37375,19.0388,26.13,1,11231707590075,21754,10072,5274
11232604698522,729600,729600,1728000,schedutil,1020000000,306000000,1020000000,nvhost_podgov,1,3,-1,65843,68812,65500,64343,65593,68812,21638,9995,5274,1.4075,19.0325,26.79,1,11231707590075,21754,10072,5274
11232704565200,729600,729600,1728000,schedutil,1020000000,306000000,1020000000,nvhost_podgov,1,3,-1,66218,68781,65468,64312,65687,68781,21638,9995,5274,1.41375,19.03,26.55,1,11232708786675,21638,9995,5274
11232804555337,729600,729600,1728000,schedutil,1020000000,306000000,1020000000,nvhost_podgov,1,3,-1,66062,68906,65437,64281,65687,68906,21677,10033,5274,1.41125,19.0475,26.57,1,11232708786675,21638,9995,5274
11232904563939,729600,729600,1728000,schedutil,1020000000,306000000,1020000000,nvhost_podgov,1,3,-1,66312,68750,65375,64250,65750,68750,21677,10033,5274,1.39125,19.0325,27.26,1,11232708786675,21638,9995,5274
11233004550811,729600,729600,1728000,schedutil,1020000000,306000000,1020000000,nvhost_podgov,1,3,-1,65812,68750,65562,64406,65687,68750,21677,10033,5274,1.3475,19.0175,25.63,1,11232708786675,21638,9995,5274
11233104554933,729600,729600,1728000,schedutil,1020000000,306000000,1020000000,nvhost_podgov,1,3,-1,65968,68906,65562,64406,65625,68906,21677,9995,5274,1.3675,19.0287,28.85,1,11232708786675,21638,9995,5274
11233204564654,729600,729600,1728000,schedutil,1020000000,306000000,1020000000,nvhost_podgov,1,3,-1,66000,68843,65500,64312,65687,68843,21716,10033,5274,1.39125,19.02,26.46,1,11232708786675,21638,9995,5274
11233304554087,729600,729600,1728000,schedutil,1020000000,306000000,1020000000,nvhost_podgov,1,3,-1,65937,68812,65500,64343,65625,68812,21754,10072,5274,1.355,19.0188,25.77,1,11232708786675,21638,9995,5274
11233404556512,729600,729600,1728000,schedutil,1020000000,306000000,1020000000,nvhost_podgov,1,3,-1,65875,68968,65437,64312,65656,68968,21754,10072,5274,1.40125,19.0338,26.69,1,11232708786675,21638,9995,5274
11233504559225,729600,729600,1728000,schedutil,1020000000,306000000,1020000000,nvhost_podgov,1,3,-1,65906,68937,65468,64343,65656,68937,21716,10033,5274,1.345,19.0475,25.61,1,11232708786675,21638,9995,5274
11233604561938,1728000,729600,1728000,schedutil,1020000000,306000000,1020000000,nvhost_podgov,1,3,-1,65937,68687,65437,64343,65562,68687,21716,10033,5274,1.305,19.03,25.45,1,11232708786675,21638,9995,5274
11233704570668,1728000,729600,1728000,schedutil,1020000000,306000000,1020000000,nvhost_podgov,1,3,-1,65937,68937,65406,64250,65687,68937,21754,10072,5274,1.455,19.0162,27.66,1,11232708786675,21638,9995,5274
11233804560164,1728000,729600,1728000,schedutil,1020000000,306000000,1020000000,nvhost_podgov,1,3,-1,65875,68968,65593,64437,65656,68968,21832,10111,5274,1.47,19.0237,27.97,1,11233725960542,21793,10072,5274
11233904571358,1728000,729600,1728000,schedutil,1020000000,306000000,1020000000,nvhost_podgov,1,3,-1,65718,68843,65562,64500,65625,68843,21832,10111,5274,1.42625,19.0237,27.14,1,11233725960542,21793,10072,5274
11234004576375,1728000,729600,1728000,schedutil,1020000000,306000000,1020000000,nvhost_podgov,1,3,-1,65718,68750,65531,64375,65593,68750,21832,10111,5274,1.40375,19.0275,25.81,1,11233725960542,21793,10072,5274
11234104730100,1728000,729600,1728000,schedutil,1020000000,306000000,1020000000,nvhost_podgov,1,3,-1,65718,68968,65562,64343,65656,68750,21793,10111,5274,1.355,19.0312,25.79,1,11233725960542,21793,10072,5274
11234204562665,1728000,729600,1728000,schedutil,1020000000,306000000,1020000000,nvhost_podgov,1,3,-1,65687,68750,65437,64343,65656,68750,21754,10072,5274,1.34375,19.0425,25.59,1,11233725960542,21793,10072,5274
11234304569442,1728000,729600,1728000,schedutil,1020000000,306000000,1020000000,nvhost_podgov,1,3,-1,65656,68718,65531,64343,65625,68718,21716,10033,5274,1.33375,19.0425,25.4,1,11233725960542,21793,10072,5274
11234404561851,1728000,729600,1728000,schedutil,1020000000,306000000,1020000000,nvhost_podgov,1,3,-1,65875,68781,65500,64281,65718,68781,21716,10033,5274,1.31625,19.025,25.04,1,11233725960542,21793,10072,5274
11234504562260,1728000,729600,1728000,schedutil,1020000000,306000000,1020000000,nvhost_podgov,1,3,-1,65593,68781,65437,64343,65687,68781,21716,10033,5274,1.3375,19.0212,25.45,1,11233725960542,21793,10072,5274
11234604554637,1728000,729600,1728000,schedutil,1020000000,306000000,1020000000,nvhost_podgov,1,3,-1,65843,68656,65593,64250,65718,68656,21716,9995,5274,1.43,19.0287,27.21,1,11233725960542,21793,10072,5274
11234704565446,1728000,729600,1728000,schedutil,1020000000,306000000,1020000000,nvhost_podgov,1,3,-1,66000,68812,65593,64281,65656,68812,21716,9995,5274,1.38,19.0237,26.25,1,11233725960542,21793,10072,5274
11234804573471,1728000,729600,1728000,schedutil,1020000000,306000000,1020000000,nvhost_podgov,1,3,-1,65781,68812,65531,64281,65718,68812,21832,10111,5274,1.33875,19.0388,25.49,1,11234732056294,21716,10033,5274
11234904577720,1728000,729600,1728000,schedutil,1020000000,306000000,1020000000,nvhost_podgov,1,3,-1,65781,68843,65625,64312,65656,68843,21832,10111,5274,1.38625,19.02,26.46,1,11234732056294,21716,10033,5274
11235004572817,1728000,729600,1728000,schedutil,1020000000,306000000,1020000000,nvhost_podgov,1,3,-1,65750,68781,65562,64343,65625,68781,21832,10072,5274,1.34,19.0375,25.52,1,11234732056294,21716,10033,5274
11235104563178,1728000,729600,1728000,schedutil,1020000000,306000000,1020000000,nvhost_podgov,1,3,-1,65625,68812,65500,64281,65687,68812,21793,10072,5274,1.3825,19.0175,26.29,1,11234732056294,21716,10033,5274
11235204558371,1728000,729600,1728000,schedutil,1020000000,306000000,1020000000,nvhost_podgov,1,3,-1,65718,68937,65437,64375,65656,68937,21754,10072,5274,1.35375,19.035,25.77,1,11234732056294,21716,10033,5274
11235304566620,1728000,729600,1728000,schedutil,1020000000,306000000,1020000000,nvhost_podgov,1,3,-1,65656,68781,65468,64250,65656,68781,21716,10033,5274,1.3675,19.0237,24.9,1,11234732056294,21716,10033,5274
11235404566549,1728000,729600,1728000,schedutil,1020000000,306000000,1020000000,nvhost_podgov,1,3,-1,65781,68812,65468,64250,65625,68812,21677,10033,5274,1.42125,19.0188,27.03,1,11234732056294,21716,10033,5274
11235504569998,1728000,729600,1728000,schedutil,1020000000,306000000,1020000000,nvhost_podgov,1,3,-1,65875,68968,65500,64250,65593,68968,21677,10033,5274,1.41875,19.0463,27.02,1,11234732056294,21716,10033,5274
11235604559751,1728000,729600,1728000,schedutil,1020000000,306000000,1020000000,nvhost_podgov,1,3,-1,65625,68781,65531,64406,65593,68781,21677,9995,5274,1.38125,19.0325,25.69,1,11234732056294,21716,10033,5274
11235704674627,1728000,729600,1728000,schedutil,1020000000,306000000,1020000000,nvhost_podgov,1,3,-1,65968,68750,65500,64437,65625,68750,21677,10033,5274,1.42375,19.0175,27.07,1,11234732056294,21716,10033,5274
11235804570201,1728000,729600,1728000,schedutil,1020000000,306000000,1020000000,nvhost_podgov,1,3,-1,65718,68937,65531,64343,65718,68937,21716,10033,5274,1.4525,19.0338,27.65,1,11235731970046,21677,10033,5274
11235904575090,1728000,729600,1728000,schedutil,1020000000,306000000,1020000000,nvhost_podgov,1,3,-1,65625,68843,65531,64375,65593,68843,21716,10033,5274,1.4075,19.0263,26.79,1,11235731970046,21677,10033,5274
11236004566571,1728000,729600,1728000,schedutil,1020000000,306000000,1020000000,nvhost_podgov,1,3,-1,65781,68687,65500,64343,65656,68687,21677,10033,5274,1.35875,19.0287,25.86,1,11235731970046,21677,10033,5274
11236104572228,1728000,729600,1728000,schedutil,1020000000,306000000,1020000000,nvhost_podgov,1,3,-1,65656,69093,65468,64281,65625,69093,21677,10033,5274,1.445,19.0487,27.52,1,11235731970046,21677,10033,5274
11236204570333,1728000,729600,1728000,schedutil,1020000000,306000000,1020000000,nvhost_podgov,1,3,-1,65656,68937,65437,64250,65687,68937,21677,9995,5274,1.36375,19.0475,25.97,1,11235731970046,21677,10033,5274
11236304571894,1728000,729600,1728000,schedutil,1020000000,306000000,1020000000,nvhost_podgov,1,3,-1,65906,68718,65500,64250,65687,68718,21677,9995,5274,1.3725,19.02,26.75,1,11235731970046,21677,10033,5274
11236404569807,1728000,729600,1728000,schedutil,1020000000,306000000,1020000000,nvhost_podgov,1,3,-1,65656,68718,65531,64468,65625,68718,21638,9995,5274,1.45375,19.0575,27.7,1,11235731970046,21677,10033,5274
11236504569032,1728000,729600,1728000,schedutil,1020000000,306000000,1020000000,nvhost_podgov,1,3,-1,65781,68937,65625,64437,65656,68937,21638,9995,5274,1.3175,19.03,25.08,1,11235731970046,21677,10033,5274
11236604562817,1728000,729600,1728000,schedutil,1020000000,306000000,1020000000,nvhost_podgov,1,3,-1,65593,68687,65562,64343,65593,68687,21638,9995,5274,1.33375,19.0338,27.05,1,11235731970046,21677,10033,5274
11236704577882,1728000,729600,1728000,schedutil,1020000000,306000000,1020000000,nvhost_podgov,1,3,-1,65812,68718,65468,64468,65718,68718,21677,9995,5274,1.375,19.0237,26.16,1,11235731970046,21677,10033,5274
11236804563122,1728000,729600,1728000,schedutil,1020000000,306000000,1020000000,nvhost_podgov,1,3,-1,65750,69093,65437,64281,65625,68750,21716,10033,5274,1.4025,19.0312,26.69,1,11236731611759,21677,10033,5274
11236904563179,1728000,729600,1728000,schedutil,1020000000,306000000,1020000000,nvhost_podgov,1,3,-1,65750,68781,65531,64250,65625,68781,21716,10033,5274,1.4025,19.0312,26.82,1,11236731611759,21677,10033,5274
11237004568388,1728000,729600,1728000,schedutil,1020000000,306000000,1020000000,nvhost_podgov,1,3,-1,65875,68687,65468,64312,65625,68687,21677,10033,5274,1.3875,19.02,26.39,1,11236731611759,21677,10033,5274
11237104563581,1728000,729600,1728000,schedutil,1020000000,306000000,1020000000,nvhost_podgov,1,3,-1,65687,68843,65531,64312,65718,68843,21677,10033,5274,1.4575,19.0287,27.74,1,11236731611759,21677,10033,5274
11237204564246,1728000,729600,1728000,schedutil,1020000000,306000000,1020000000,nvhost_podgov,1,3,-1,65656,68781,65500,64468,65562,68781,21638,9995,5274,1.3625,19.025,25.92,1,11236731611759,21677,10033,5274
11237304565519,1728000,729600,1728000,schedutil,1020000000,306000000,1020000000,nvhost_podgov,1,3,-1,65781,68718,65500,64468,65656,68718,21638,9995,5274,1.41,19.0388,27.09,1,11236731611759,21677,10033,5274
11237404559848,1728000,729600,1728000,schedutil,1020000000,306000000,1020000000,nvhost_podgov,1,3,-1,65625,68875,65562,64343,65625,68875,21638,9995,5274,1.315,19.0362,25.04,1,11236731611759,21677,10033,5274
11237504555681,1728000,729600,1728000,schedutil,1020000000,306000000,1020000000,nvhost_podgov,1,3,-1,65812,68750,65500,64437,65656,68750,21599,9995,5274,1.3775,19.0512,26.55,1,11236731611759,21677,10033,5274
11237604560602,1728000,729600,1728000,schedutil,1020000000,306000000,1020000000,nvhost_podgov,1,3,-1,65562,68750,65437,64343,65593,68750,21599,9995,5274,1.44625,19.0437,24.67,1,11236731611759,21677,10033,5274
11237704554514,1728000,729600,1728000,schedutil,1020000000,306000000,1020000000,nvhost_podgov,1,3,-1,65812,68906,65437,64343,65531,68906,21638,9995,5274,1.4175,19.0188,26.96,1,11236731611759,21677,10033,5274
11237804570795,1728000,729600,1728000,schedutil,1020000000,306000000,1020000000,nvhost_podgov,1,3,-1,65968,68812,65437,64312,65562,68812,21677,10033,5274,1.4425,19.0287,27.44,1,11237733691961,21638,9995,5274
11237904568612,1728000,729600,1728000,schedutil,1020000000,306000000,1020000000,nvhost_podgov,1,3,-1,65750,68906,65375,64187,65750,68906,21677,10033,5274,1.37875,19.0413,26.25,1,11237733691961,21638,9995,5274
11238004565821,1728000,729600,1728000,schedutil,1020000000,306000000,1020000000,nvhost_podgov,1,3,-1,65781,68843,65500,64250,65750,68843,21677,9995,5274,1.37125,19.0475,26.13,1,11237733691961,21638,9995,5274
11238104572598,1728000,729600,1728000,schedutil,1020000000,306000000,1020000000,nvhost_podgov,1,3,-1,65781,68906,65593,64343,65593,68906,21677,9995,5274,1.325,19.0138,25.19,1,11237733691961,21638,9995,5274
11238204573423,1728000,729600,1728000,schedutil,1020000000,306000000,1020000000,nvhost_podgov,1,3,-1,65968,69031,65500,64406,65718,69031,21638,9995,5274,1.3225,19.0287,25.18,1,11237733691961,21638,9995,5274
11238304568328,1728000,729600,1728000,schedutil,1020000000,306000000,1020000000,nvhost_podgov,1,3,-1,65750,68968,65500,64375,65625,68968,21716,10033,5274,1.29375,19.0512,24.65,1,11237733691961,21638,9995,5274
11238404562016,1728000,729600,1728000,schedutil,1020000000,306000000,1020000000,nvhost_podgov,1,3,-1,65687,68781,65500,64250,65625,68781,21716,10033,5274,1.365,19.0312,25.98,1,11237733691961,21638,9995,5274
11238504564281,1728000,729600,1728000,schedutil,1020000000,306000000,1020000000,nvhost_podgov,1,3,-1,65625,68687,65500,64312,65562,68687,21716,9995,5274,1.4425,19.02,27.43,1,11237733691961,21638,9995,5274
11238604568466,1728000,729600,1728000,schedutil,1020000000,306000000,1020000000,nvhost_podgov,1,3,-1,65750,68968,65468,64281,65625,68968,21754,10033,5274,1.3025,19.0437,26.97,1,11237733691961,21638,9995,5274
11238704565291,1728000,729600,1728000,schedutil,1020000000,306000000,1020000000,nvhost_podgov,1,3,-1,66093,68781,65437,64250,65687,68781,21832,10111,5274,1.51875,18.9887,28.84,1,11237733691961,21638,9995,5274
11238804575364,1728000,729600,1728000,schedutil,1020000000,306000000,1020000000,nvhost_podgov,1,3,-1,65843,68718,65500,64218,65687,68718,21832,10111,5274,1.4025,19.0287,26.69,1,11238732768828,21832,10111,5274
11238904576125,1728000,729600,1728000,schedutil,1020000000,306000000,1020000000,nvhost_podgov,1,3,-1,65812,69000,65500,64343,65687,69000,21871,10149,5274,1.26625,19.0463,25.74,1,11238732768828,21832,10111,5274
11239004568309,1728000,729600,1728000,schedutil,1020000000,306000000,1020000000,nvhost_podgov,1,3,-1,65781,68875,65500,64312,65656,68875,21871,10149,5274,1.44625,19.0175,27.51,1,11238732768828,21832,10111,5274
11239104561550,1728000,729600,1728000,schedutil,1020000000,306000000,1020000000,nvhost_podgov,1,3,-1,65718,68718,65500,64375,65687,68718,21871,10149,5313,1.3125,19.0525,25.01,1,11238732768828,21832,10111,5274
11239204562151,1728000,729600,1728000,schedutil,1020000000,306000000,1020000000,nvhost_podgov,1,3,-1,65593,68750,65562,64343,65625,68750,21835,10149,5313,1.50875,19.0138,25.49,1,11238732768828,21832,10111,5274
11239304564480,1728000,729600,1728000,schedutil,1020000000,306000000,1020000000,nvhost_podgov,1,3,-1,65718,68812,65500,64281,65625,68812,21871,10149,5313,1.405,19.02,26.73,1,11238732768828,21832,10111,5274
11239404561080,1728000,729600,1728000,schedutil,1020000000,306000000,1020000000,nvhost_podgov,1,3,-1,65750,68812,65500,64343,65656,68812,21949,10188,5313,1.44,19.005,27.37,1,11238732768828,21832,10111,5274
11239504559665,1728000,729600,1728000,schedutil,1020000000,306000000,1020000000,nvhost_podgov,1,3,-1,65687,68843,65531,64343,65781,68843,21910,10149,5313,1.45875,19.0263,27.75,1,11238732768828,21832,10111,5274
11239604560586,1728000,729600,1728000,schedutil,1020000000,306000000,1020000000,nvhost_podgov,1,3,-1,65937,68875,65468,64281,65750,68875,21910,10132,5313,1.475,19.0175,24.91,1,11238732768828,21832,10111,5274
11239704562563,1728000,729600,1728000,schedutil,1020000000,306000000,1020000000,nvhost_podgov,1,3,-1,65968,68812,65468,64281,65718,68812,21910,10149,5313,1.5275,19.0275,29.07,1,11238732768828,21832,10111,5274
11239804574812,1728000,729600,1728000,schedutil,1020000000,306000000,1020000000,nvhost_podgov,1,3,-1,65843,68843,65531,64406,65750,68843,21910,10149,5313,1.44125,19.015,27.41,1,11239740641771,21910,10149,5313
11239904561620,1728000,729600,1728000,schedutil,1020000000,306000000,1020000000,nvhost_podgov,1,3,-1,65781,68875,65500,64343,65656,68875,21987,10171,5313,1.49875,18.9988,26.07,1,11239740641771,21910,10149,5313
11240004565581,1728000,729600,1728000,schedutil,1020000000,306000000,1020000000,nvhost_podgov,1,3,-1,65812,68937,65562,64375,65750,68937,21949,10171,5313,1.32375,19.045,25.22,1,11239740641771,21910,10149,5313
11240104562822,1728000,729600,1728000,schedutil,1020000000,306000000,1020000000,nvhost_podgov,1,3,-1,65718,68937,65500,64343,65687,68937,21910,10171,5313,1.2875,19.0525,24.53,1,11239740641771,21910,10149,5313
11240204560158,1728000,729600,1728000,schedutil,1020000000,306000000,1020000000,nvhost_podgov,1,3,-1,65718,68906,65500,64312,65656,68906,21910,10132,5313,1.42625,19.0325,27.29,1,11239740641771,21910,10149,5313
11240304562711,1728000,729600,1728000,schedutil,1020000000,306000000,1020000000,nvhost_podgov,1,3,-1,65812,69125,65468,64250,65625,69125,21871,10149,5313,1.27125,19.0312,24.22,1,11239740641771,21910,10149,5313
11240404560784,1728000,729600,1728000,schedutil,1020000000,306000000,1020000000,nvhost_podgov,1,3,-1,65875,68937,65562,64375,65687,68937,21871,10149,5313,1.4575,19.035,27.74,1,11239740641771,21910,10149,5313
11240504556937,1728000,729600,1728000,schedutil,1020000000,306000000,1020000000,nvhost_podgov,1,3,-1,65718,68875,65656,64468,65812,68875,21871,10149,5313,1.4525,19.0562,27.67,1,11239740641771,21910,10149,5313
11240604546241,1728000,729600,1728000,schedutil,1020000000,306000000,1020000000,nvhost_podgov,1,3,-1,65812,69062,65562,64500,65718,69062,21871,10149,5313,1.395,19.045,26.52,1,11239740641771,21910,10149,5313
11240704561946,1728000,729600,1728000,schedutil,1020000000,306000000,1020000000,nvhost_podgov,1,3,-1,65968,68812,65531,64343,65687,68812,21871,10149,5313,1.465,19.0138,27.02,1,11239740641771,21910,10149,5313
11240804575219,1728000,729600,1728000,schedutil,1020000000,306000000,1020000000,nvhost_podgov,1,3,-1,65687,68968,65593,64406,65750,68968,21910,10171,5313,1.34625,19.04,25.64,1,11240736909867,21910,10171,5313
11240904768880,1728000,729600,1728000,schedutil,1020000000,306000000,1020000000,nvhost_podgov,1,3,-1,65750,68750,65531,64375,65625,68750,21910,10171,5313,1.42875,19.0287,27.26,1,11240736909867,21910,10171,5313
11241004555108,1728000,729600,1728000,schedutil,1020000000,306000000,1020000000,nvhost_podgov,1,3,-1,65781,69093,65437,64312,65687,69093,21832,10149,5313,1.32375,19.02,25.18,1,11240736909867,21910,10171,5313
11241104562205,1728000,729600,1728000,schedutil,1020000000,306000000,1020000000,nvhost_podgov,1,3,-1,65687,68843,65500,64343,65718,68843,21793,10111,5313,1.36625,19.0463,26.02,1,11240736909867,21910,10171,5313
11241204559958,1728000,729600,1728000,schedutil,1020000000,306000000,1020000000,nvhost_podgov,1,3,-1,65750,68812,65593,64375,65750,68812,21754,10072,5274,1.36375,19.0437,25.11,1,11240736909867,21910,10171,5313
11241304559854,1728000,729600,1728000,schedutil,1020000000,306000000,1020000000,nvhost_podgov,1,3,-1,65843,68687,65625,64312,65687,68687,21716,10033,5274,1.3825,19.035,26.32,1,11240736909867,21910,10171,5313
11241404559591,1728000,729600,1728000,schedutil,1020000000,306000000,1020000000,nvhost_podgov,1,3,-1,65781,68750,65625,64250,65656,68750,21677,10033,5274,1.3775,19.0362,26.23,1,11240736909867,21910,10171,5313
11241504558752,1728000,729600,1728000,schedutil,1020000000,306000000,1020000000,nvhost_podgov,1,3,-1,65781,68781,65593,64312,65718,68781,21677,9995,5274,1.3975,19.0512,25.36,1,11240736909867,21910,10171,5313
11241604548248,1728000,729600,1728000,schedutil,1020000000,306000000,1020000000,nvhost_podgov,1,3,-1,65843,68875,65531,64375,65718,68875,21677,9995,5274,1.4025,19.0463,26.71,1,11240736909867,21910,10171,5313
11241704565617,1728000,729600,1728000,schedutil,1020000000,306000000,1020000000,nvhost_podgov,1,3,-1,65968,68812,65500,64343,65625,68812,21677,9995,5274,1.4725,18.9975,27.97,1,11240736909867,21910,10171,5313
11241804571786,1728000,729600,1728000,schedutil,1020000000,306000000,1020000000,nvhost_podgov,1,3,-1,65656,68750,65625,64375,65656,68750,21754,10072,5274,1.40625,19.035,25.65,1,11241737361613,21754,10072,5274
11241904563778,1728000,729600,1728000,schedutil,1020000000,306000000,1020000000,nvhost_podgov,1,3,-1,65718,68781,65468,64312,65718,68937,21793,10111,5274,1.43875,19.0425,27.05,1,11241737361613,21754,10072,5274
11242004561755,729600,729600,1728000,schedutil,1020000000,306000000,1020000000,nvhost_podgov,1,3,-1,65968,67843,65500,64312,65687,67843,21832,10111,5313,0.535,19.2425,10.29,1,11241737361613,21754,10072,5274
11242104562484,729600,729600,1728000,schedutil,1020000000,306000000,1020000000,nvhost_podgov,1,3,-1,65843,67250,65562,64312,65531,67250,19215,8610,4747,0.53125,19.2462,10.23,1,11241737361613,21754,10072,5274
11242204571660,729600,729600,1728000,schedutil,1020000000,306000000,1020000000,nvhost_podgov,1,3,-1,65187,67093,65312,64343,65343,67093,16646,7093,4262,0.49375,19.2488,9.7,1,11241737361613,21754,10072,5274
11242304562501,729600,729600,1728000,schedutil,816000000,306000000,1020000000,nvhost_podgov,1,3,-1,65187,66750,65500,64406,65187,66750,14382,5787,3844,0.4825,19.2575,9.29,1,11241737361613,21754,10072,5274
11242404557917,729600,729600,1728000,schedutil,714000000,306000000,1020000000,nvhost_podgov,1,3,-1,64812,66468,65500,64406,65000,66468,12555,4707,3542,0.46875,19.2613,9.02,1,11241737361613,21754,10072,5274
11242504560246,729600,729600,1728000,schedutil,612000000,306000000,1020000000,nvhost_podgov,1,3,-1,64812,66375,65250,64312,64843,66375,11175,3857,3272,0.4625,19.2662,8.86,1,11241737361613,21754,10072,5274
11242604561167,729600,729600,1728000,schedutil,510000000,306000000,1020000000,nvhost_podgov,1,3,-1,64718,66250,65156,64406,64593,66250,10046,3114,3080,0.47125,19.2638,9.08,1,11241737361613,21754,10072,5274
11242704553095,729600,729600,1728000,schedutil,408000000,306000000,1020000000,nvhost_podgov,1,3,-1,64718,65968,65156,64250,64593,65968,10046,3114,3080,0.49,19.255,9.43,1,11241737361613,21754,10072,5274
11242804579392,729600,729600,1728000,schedutil,408000000,306000000,1020000000,nvhost_podgov,1,3,-1,64437,66000,65125,64250,64437,66000,9190,2606,2966,0.45375,19.2625,8.58,1,11242735077230,9309,2685,2966
11242904561432,729600,729600,1728000,schedutil,306000000,306000000,1020000000,nvhost_podgov,1,3,-1,64343,65750,65093,64156,64468,65750,8517,2175,2852,0.44625,19.265,8.67,1,11242735077230,9309,2685,2966
11243004560017,729600,729600,1728000,schedutil,306000000,306000000,1020000000,nvhost_podgov,1,3,-1,64500,65500,65031,64125,64375,65500,7975,1822,2777,0.475,19.2462,11.02,1,11242735077230,9309,2685,2966
11243104565706,729600,729600,1728000,schedutil,306000000,306000000,1020000000,nvhost_podgov,1,3,-1,64343,65750,65093,64187,64312,65750,7618,1624,2698,0.4425,19.2613,8.52,1,11242735077230,9309,2685,2966
11243204561986,729600,729600,1728000,schedutil,306000000,306000000,1020000000,nvhost_podgov,1,3,-1,64031,65531,65031,64218,64156,65531,7312,1388,2658,0.47875,19.2575,9.24,1,11242735077230,9309,2685,2966
11243304573531,729600,729600,1728000,schedutil,306000000,306000000,1020000000,nvhost_podgov,1,3,-1,64031,65312,64937,64125,64093,65312,7114,1269,2618,0.44625,19.265,8.6,1,11242735077230,9309,2685,2966
11243404565139,729600,729600,1728000,schedutil,306000000,306000000,1020000000,nvhost_podgov,1,3,-1,63906,65531,64875,64000,64000,65531,6756,1111,2464,0.38375,19.2787,7.4,1,11242735077230,9309,2685,2966
11243504566540,729600,729600,1728000,schedutil,306000000,306000000,1020000000,nvhost_podgov,1,3,-1,63843,65250,64812,63906,63937,65250,6359,992,2225,0.3825,19.28,7.37,1,11242735077230,9309,2685,2966
11243604557988,729600,729600,1728000,schedutil,306000000,306000000,1020000000,nvhost_podgov,1,3,-1,63781,65125,64656,63875,63875,65125,6359,992,2225,0.43,19.2787,8.29,1,11242735077230,9309,2685,2966
11243704721825,729600,729600,1728000,schedutil,306000000,306000000,1020000000,nvhost_podgov,1,3,-1,64031,65031,64625,63781,63906,65031,6080,912,2066,0.45375,19.2638,8.74,1,11242735077230,9309,2685,2966
11243804578070,729600,729600,1728000,schedutil,306000000,306000000,1020000000,nvhost_podgov,1,3,-1,63781,64968,64531,63750,63781,64968,6001,992,1947,0.39375,19.2812,7.62,1,11243735481933,5961,912,1947
11243904569390,729600,729600,1728000,schedutil,306000000,306000000,1020000000,nvhost_podgov,1,3,-1,63656,64875,64656,63843,63718,64875,5802,912,1828,0.3875,19.2763,7.48,1,11243735481933,5961,912,1947
11244004560487,729600,729600,1728000,schedutil,306000000,306000000,1020000000,nvhost_podgov,1,3,-1,63562,64781,64593,63843,63625,64781,5603,872,1748,0.39125,19.2712,7.54,1,11243735481933,5961,912,1947
11244104577215,729600,729600,1728000,schedutil,306000000,306000000,1020000000,nvhost_podgov,1,3,-1,63531,64781,64468,63781,63562,64781,5524,833,1708,0.38,19.2787,7.37,1,11243735481933,5961,912,1947
11244204558744,729600,729600,1728000,schedutil,306000000,306000000,1020000000,nvhost_podgov,1,3,-1,63406,64781,64500,63750,63531,64781,5405,794,1629,0.38875,19.2787,7.5,1,11243735481933,5961,912,1947
11244304559376,729600,729600,1728000,schedutil,306000000,306000000,1020000000,nvhost_podgov,1,3,-1,63281,64718,64437,63593,63468,64718,5285,755,1589,0.38375,19.2787,7.4,1,11243735481933,5961,912,1947
11244404560585,729600,729600,1728000,schedutil,306000000,306000000,1020000000,nvhost_podgov,1,3,-1,63156,64906,64375,63625,63343,64906,5246,715,1589,0.3875,19.2787,7.48,1,11243735481933,5961,912,1947
11244504566049,729600,729600,1728000,schedutil,306000000,306000000,1020000000,nvhost_podgov,1,3,-1,63281,64625,64218,63562,63343,64625,5246,715,1589,0.38375,19.2838,7.54,1,11243735481933,5961,912,1947
11244604558522,729600,729600,1728000,schedutil,306000000,306000000,1020000000,nvhost_podgov,1,3,-1,63343,64718,64187,63437,63281,64718,5166,715,1550,0.39,19.2825,7.53,1,11243735481933,5961,912,1947
11244704576915,729600,729600,1728000,schedutil,306000000,306000000,1020000000,nvhost_podgov,1,3,-1,63281,64593,64281,63437,63375,64593,5166,715,1550,0.4275,19.2675,7.87,1,11243735481933,5961,912,1947
11244804578283,729600,729600,1728000,schedutil,306000000,306000000,1020000000,nvhost_podgov,1,3,-1,63156,64500,64281,63593,63343,64500,5206,755,1550,0.41,19.2763,8.1,1,11244741194183,5166,715,1550
11244904563683,729600,729600,1728000,schedutil,306000000,306000000,1020000000,nvhost_podgov,1,3,-1,63093,64531,64156,63531,63156,64531,5206,755,1550,0.3675,19.2763,7.08,1,11244741194183,5166,715,1550
11245004560668,729600,729600,1728000,schedutil,306000000,306000000,1020000000,nvhost_podgov,1,3,-1,63062,64375,64062,63468,63093,64375,5166,715,1510,0.36,19.2812,6.94,1,11244741194183,5166,715,1550
11245104559796,729600,729600,1728000,schedutil,306000000,306000000,1020000000,nvhost_podgov,1,3,-1,63000,64406,64093,63312,63062,64406,5166,715,1510,0.35625,19.285,6.96,1,11244741194183,5166,715,1550
11245204557325,729600,729600,1728000,schedutil,306000000,306000000,1020000000,nvhost_podgov,1,3,-1,62843,64437,64000,63343,63000,64437,5126,715,1510,0.37125,19.285,7.16,1,11244741194183,5166,715,1550
11245304556389,729600,729600,1728000,schedutil,306000000,306000000,1020000000,nvhost_podgov,1,3,-1,62906,64343,63968,63250,62937,64343,5087,675,1510,0.37375,19.2787,7.21,1,11244741194183,5166,715,1550
11245404576382,729600,729600,1728000,schedutil,306000000,306000000,1020000000,nvhost_podgov,1,3,-1,63031,64156,64000,63281,63000,64156,5087,675,1510,0.3625,19.285,6.99,1,11244741194183,5166,715,1550
11245504570326,729600,729600,1728000,schedutil,306000000,306000000,1020000000,nvhost_podgov,1,3,-1,62781,64343,63843,63218,62906,64343,5087,675,1510,0.36625,19.285,7.07,1,11244741194183,5166,715,1550
11245604562671,729600,729600,1728000,schedutil,306000000,306000000,1020000000,nvhost_podgov,1,3,-1,62875,64281,64062,63156,62937,64281,5087,675,1510,0.37,19.2825,7.13,1,11244741194183,5166,715,1550
11245704578023,729600,729600,1728000,schedutil,306000000,306000000,1020000000,nvhost_podgov,1,3,-1,63031,64062,63937,63218,62937,64062,5047,675,1510,0.40625,19.2763,7.83,1,11244741194183,5166,715,1550
11245804579456,729600,729600,1728000,schedutil,306000000,306000000,1020000000,nvhost_podgov,1,3,-1,62781,63937,63843,63250,62718,63937,5166,715,1510,0.37125,19.2862,7.16,1,11245741034808,5087,675,1510
11245904573816,729600,729600,1728000,schedutil,306000000,306000000,1020000000,nvhost_podgov,1,3,-1,62687,64218,63718,63125,62718,64218,5126,715,1510,0.36375,19.285,7.01,1,11245741034808,5087,675,1510
11246004579697,729600,729600,1728000,schedutil,306000000,306000000,1020000000,nvhost_podgov,1,3,-1,62593,64000,63687,63156,62656,64000,5087,675,1510,0.3725,19.2913,7.18,1,11245741034808,5087,675,1510
11246104569033,729600,729600,1728000,schedutil,306000000,306000000,1020000000,nvhost_podgov,1,3,-1,62843,63968,63656,63093,62656,63968,5126,715,1510,0.3525,19.2862,6.92,1,11245741034808,5087,675,1510
11246204570241,729600,729600,1728000,schedutil,306000000,306000000,1020000000,nvhost_podgov,1,3,-1,62781,64031,63593,63031,62718,64031,5087,674,1510,0.37125,19.285,7.16,1,11245741034808,5087,675,1510
11246304578554,729600,729600,1728000,schedutil,306000000,306000000,1020000000,nvhost_podgov,1,3,-1,62562,63906,63593,63000,62593,63906,5087,674,1510,0.365,19.285,7.04,1,11245741034808,5087,675,1510
11246404571282,729600,729600,1728000,schedutil,306000000,306000000,1020000000,nvhost_podgov,1,3,-1,62593,63812,63562,63000,62625,63812,5087,675,1470,0.3575,19.29,6.99,1,11245741034808,5087,675,1510
11246504576587,729600,729600,1728000,schedutil,306000000,306000000,1020000000,nvhost_podgov,1,3,-1,62562,63906,63562,63062,62625,63906,5047,675,1470,0.35625,19.2838,6.87,1,11245741034808,5087,675,1510
11246604577251,729600,729600,1728000,schedutil,306000000,306000000,1020000000,nvhost_podgov,1,3,-1,62468,63812,63656,63093,62562,63812,5047,675,1470,0.36125,19.2937,6.98,1,11245741034808,5087,675,1510
11246704565915,729600,729600,1728000,schedutil,306000000,306000000,1020000000,nvhost_podgov,1,3,-1,62531,63937,63468,62937,62593,63937,5047,674,1470,0.4,19.2775,7.71,1,11245741034808,5087,675,1510
11246804575956,729600,729600,1728000,schedutil,306000000,306000000,1020000000,nvhost_podgov,1,3,-1,62437,63750,63531,62937,62437,63750,5126,714,1510,0.36375,19.2862,7.01,1,11246741205168,5087,674,1470
11246904577612,729600,729600,1728000,schedutil,306000000,306000000,1020000000,nvhost_podgov,1,3,-1,62593,63781,63468,62843,62437,63781,5126,715,1510,0.38125,19.2812,7.35,1,11246741205168,5087,674,1470
11247004564868,729600,729600,1728000,schedutil,306000000,306000000,1020000000,nvhost_podgov,1,3,-1,62531,63687,63437,62875,62406,63687,5087,675,1470,0.39125,19.28,7.54,1,11246741205168,5087,674,1470
11247104574205,729600,729600,1728000,schedutil,306000000,306000000,1020000000,nvhost_podgov,1,3,-1,62312,63718,63500,62812,62468,63718,5087,675,1470,0.385,19.285,7.42,1,11246741205168,5087,674,1470
11247204570389,729600,729600,1728000,schedutil,306000000,306000000,1020000000,nvhost_podgov,1,3,-1,62375,63593,63343,62750,62406,63593,5087,675,1470,0.395,19.2787,7.62,1,11246741205168,5087,674,1470
11247304568846,729600,729600,1728000,schedutil,306000000,306000000,1020000000,nvhost_podgov,1,3,-1,62343,63750,63437,62875,62312,63750,5087,675,1470,0.37625,19.2812,7.26,1,11246741205168,5087,674,1470
11247404576198,729600,729600,1728000,schedutil,306000000,306000000,1020000000,nvhost_podgov,1,3,-1,62187,63593,63343,62843,62281,63593,5047,675,1470,0.3775,19.2787,7.18,1,11246741205168,5087,674,1470
11247504574174,729600,729600,1728000,schedutil,306000000,306000000,1020000000,nvhost_podgov,1,3,-1,62125,63625,63343,62718,62281,63625,5047,675,1470,0.3825,19.2787,7.37,1,11246741205168,5087,674,1470
11247604570775,729600,729600,1728000,schedutil,306000000,306000000,1020000000,nvhost_podgov,1,3,-1,62125,63718,63281,62750,62125,63718,5047,675,1470,0.38875,19.28,7.5,1,11246741205168,5087,674,1470
11247704564175,729600,729600,1728000,schedutil,306000000,306000000,1020000000,nvhost_podgov,1,3,-1,62218,63593,63250,62656,62250,63593,5047,675,1470,0.45375,19.2575,8.12,1,11246741205168,5087,674,1470
11247804569479,729600,729600,1728000,schedutil,306000000,306000000,1020000000,nvhost_podgov,1,3,-1,62062,63562,63187,62718,62093,63562,5126,715,1510,0.38625,19.2775,7.45,1,11247742034583,5087,675,1470
11247904560255,729600,729600,1728000,schedutil,306000000,306000000,1020000000,nvhost_podgov,1,3,-1,62218,63593,63156,62593,62156,63593,5087,675,1470,0.385,19.2825,7.42,1,11247742034583,5087,675,1470
11248004567064,729600,729600,1728000,schedutil,306000000,306000000,1020000000,nvhost_podgov,1,3,-1,62437,63343,63093,62593,62125,63343,5126,715,1510,0.4075,19.2812,7.86,1,11247742034583,5087,675,1470
11248104575152,729600,729600,1728000,schedutil,306000000,306000000,1020000000,nvhost_podgov,1,3,-1,62218,63312,63187,62531,62093,63312,5126,715,1510,0.38375,19.2775,7.21,1,11247742034583,5087,675,1470
11248204575337,729600,729600,1728000,schedutil,306000000,306000000,1020000000,nvhost_podgov,1,3,-1,62000,63312,63125,62625,62125,63312,5166,715,1510,0.38,19.2862,7.33,1,11247742034583,5087,675,1470
11248304583393,729600,729600,1728000,schedutil,306000000,306000000,1020000000,nvhost_podgov,1,3,-1,62062,63531,63093,62593,62093,63531,5126,715,1470,0.41125,19.2737,7.67,1,11247742034583,5087,675,1470
11248404582938,729600,729600,1728000,schedutil,306000000,306000000,1020000000,nvhost_podgov,1,3,-1,61937,63125,63062,62531,62062,63125,5206,755,1510,0.38625,19.2775,7.45,1,11247742034583,5087,675,1470
11248504570738,729600,729600,1728000,schedutil,306000000,306000000,1020000000,nvhost_podgov,1,3,-1,61937,63218,63062,62531,61906,63218,5166,715,1510,0.37625,19.2763,7.26,1,11247742034583,5087,675,1470
11248604568618,729600,729600,1728000,schedutil,306000000,306000000,1020000000,nvhost_podgov,1,3,-1,61875,63531,63000,62468,61937,63531,5126,715,1470,0.38625,19.2787,7.45,1,11247742034583,5087,675,1470
11248704578434,729600,729600,1728000,schedutil,306000000,306000000,1020000000,nvhost_podgov,1,3,-1,62187,63187,63000,62375,61968,63187,5166,715,1510,0.46375,19.2575,8.93,1,11247742034583,5087,675,1470
11248804583003,729600,729600,1728000,schedutil,306000000,306000000,1020000000,nvhost_podgov,1,3,-1,62218,63156,62906,62375,61906,63156,5285,834,1510,0.37875,19.2812,7.31,1,11248738263955,5206,755,1510
11248904577939,729600,729600,1728000,schedutil,306000000,306000000,1020000000,nvhost_podgov,1,3,-1,62000,63343,62937,62312,61937,63343,5246,794,1510,0.4225,19.2787,8.14,1,11248738263955,5206,755,1510
11249004577163,729600,729600,1728000,schedutil,306000000,306000000,1020000000,nvhost_podgov,1,3,-1,61750,63187,62968,62406,61875,63187,5246,794,1510,0.4175,19.2737,7.46,1,11248738263955,5206,755,1510
11249104569827,729600,729600,1728000,schedutil,306000000,306000000,1020000000,nvhost_podgov,1,3,-1,61812,63125,62937,62375,61843,63125,5206,755,1510,0.37625,19.2825,7.26,1,11248738263955,5206,755,1510
11249204572796,729600,729600,1728000,schedutil,306000000,306000000,1020000000,nvhost_podgov,1,3,-1,61750,63125,62843,62281,61781,63125,5166,755,1470,0.385,19.2812,7.42,1,11248738263955,5206,755,1510
11249304567860,729600,729600,1728000,schedutil,306000000,306000000,1020000000,nvhost_podgov,1,3,-1,61625,63000,62812,62312,61750,63000,5126,715,1470,0.37375,19.28,7.48,1,11248738263955,5206,755,1510
11249404567084,729600,729600,1728000,schedutil,306000000,306000000,1020000000,nvhost_podgov,1,3,-1,61625,62906,62781,62281,61687,62906,5087,715,1470,0.38125,19.28,7.28,1,11248738263955,5206,755,1510
11249504573700,729600,729600,1728000,schedutil,306000000,306000000,1020000000,nvhost_podgov,1,3,-1,61843,63031,62718,62187,61625,63031,5087,675,1470,0.3775,19.2812,7.28,1,11248738263955,5206,755,1510
11249604564924,729600,729600,1728000,schedutil,306000000,306000000,1020000000,nvhost_podgov,1,3,-1,61781,62906,62656,62187,61718,62906,5047,675,1470,0.375,19.285,7.23,1,11248738263955,5206,755,1510
11249704562005,729600,729600,1728000,schedutil,306000000,306000000,1020000000,nvhost_podgov,1,3,-1,61687,63218,62625,62125,61687,63218,5087,675,1470,0.42125,19.2787,7.56,1,11248738263955,5206,755,1510
11249804578029,729600,729600,1728000,schedutil,306000000,306000000,1020000000,nvhost_podgov,1,3,-1,61656,62968,62656,62093,61687,62968,5087,675,1470,0.4475,19.2675,8.63,1,11249745555311,5087,715,1470
11249904572997,729600,729600,1728000,schedutil,306000000,306000000,1020000000,nvhost_podgov,1,3,-1,61625,62875,62750,62250,61562,62875,5166,755,1510,0.41,19.2763,7.9,1,11249745555311,5087,715,1470
11250004572830,729600,729600,1728000,schedutil,306000000,306000000,1020000000,nvhost_podgov,1,3,-1,61531,63031,62656,62156,61625,63031,5126,715,1470,0.3575,19.29,6.9,1,11249745555311,5087,715,1470
11250104565910,729600,729600,1728000,schedutil,306000000,306000000,1020000000,nvhost_podgov,1,3,-1,61562,63000,62687,62125,61593,63000,5087,715,1470,0.355,19.2888,6.85,1,11249745555311,5087,715,1470
11250204572046,729600,729600,1728000,schedutil,306000000,306000000,1020000000,nvhost_podgov,1,3,-1,61406,62843,62593,62093,61562,62843,5087,675,1470,0.35125,19.2888,6.77,1,11249745555311,5087,715,1470
11250304568166,729600,729600,1728000,schedutil,306000000,306000000,1020000000,nvhost_podgov,1,3,-1,61625,62750,62531,62062,61468,62750,5087,675,1470,0.365,19.285,7.04,1,11249745555311,5087,715,1470
11250404573086,729600,729600,1728000,schedutil,306000000,306000000,1020000000,nvhost_podgov,1,3,-1,61500,62906,62437,61968,61562,62906,5047,675,1470,0.36875,19.2913,7.01,1,11249745555311,5087,715,1470
11250504567255,729600,729600,1728000,schedutil,306000000,306000000,1020000000,nvhost_podgov,1,3,-1,61437,62843,62500,61937,61531,62687,5047,675,1470,0.3475,19.2875,6.71,1,11249745555311,5087,715,1470
11250604570575,729600,729600,1728000,schedutil,306000000,306000000,1020000000,nvhost_podgov,1,3,-1,61437,62625,62593,62000,61406,62625,5007,675,1470,0.36375,19.285,6.94,1,11249745555311,5087,715,1470
11250704572839,729600,729600,1728000,schedutil,306000000,306000000,1020000000,nvhost_podgov,1,3,-1,61593,62750,62437,61937,61375,62750,5007,675,1470,0.405,19.285,7.81,1,11249745555311,5087,715,1470
11250804573663,729600,729600,1728000,schedutil,306000000,306000000,1020000000,nvhost_podgov,1,3,-1,61375,62593,62468,62031,61406,62593,5047,675,1470,0.365,19.2875,7.04,1,11250753132690,5047,675,1470
11250904579960,729600,729600,1728000,schedutil,306000000,306000000,1020000000,nvhost_podgov,1,3,-1,61250,62593,62500,61968,61375,62593,5095,715,1470,0.35375,19.2875,6.82,1,11250753132690,5047,675,1470
11251004580592,729600,729600,1728000,schedutil,306000000,306000000,1020000000,nvhost_podgov,1,3,-1,61218,62500,62343,61937,61343,62500,5087,675,1470,0.3575,19.2825,6.94,1,11250753132690,5047,675,1470
11251104571976,729600,729600,1728000,schedutil,306000000,306000000,1020000000,nvhost_podgov,1,3,-1,61500,62562,62343,61843,61218,62562,5047,675,1470,0.36375,19.2875,7.01,1,11250753132690,5047,675,1470
11251204574944,729600,729600,1728000,schedutil,306000000,306000000,1020000000,nvhost_podgov,1,3,-1,61187,62437,62250,61843,61250,62437,5047,675,1470,0.35625,19.2875,6.87,1,11250753132690,5047,675,1470
11251304571832,729600,729600,1728000,schedutil,306000000,306000000,1020000000,nvhost_podgov,1,3,-1,61281,62437,62250,61843,61218,62437,5047,675,1470,0.3625,19.2838,6.85,1,11250753132690,5047,675,1470
11251404564368,729600,729600,1728000,schedutil,306000000,306000000,1020000000,nvhost_podgov,1,3,-1,61343,62500,62343,61781,61218,62500,5047,675,1470,0.3675,19.2913,7.14,1,11250753132690,5047,675,1470
11251504573320,729600,729600,1728000,schedutil,306000000,306000000,1020000000,nvhost_podgov,1,3,-1,61250,62593,62312,61937,61187,62593,5007,675,1470,0.35625,19.29,6.95,1,11250753132690,5047,675,1470
11251604579297,729600,729600,1728000,schedutil,306000000,306000000,1020000000,nvhost_podgov,1,3,-1,61125,62500,62312,61937,61125,62500,5007,675,1470,0.38375,19.2838,7.4,1,11250753132690,5047,675,1470
11251704570841,729600,729600,1728000,schedutil,306000000,306000000,1020000000,nvhost_podgov,1,3,-1,61156,62437,62187,61843,61125,62437,5007,635,1470,0.36,19.2787,7.71,1,11250753132690,5047,675,1470
11251804567793,729600,729600,1728000,schedutil,306000000,306000000,1020000000,nvhost_podgov,1,3,-1,61062,62437,62187,61781,61062,62437,5087,675,1470,0.36125,19.2862,6.96,1,11251746606635,5047,675,1470
11251904571977,729600,729600,1728000,schedutil,306000000,306000000,1020000000,nvhost_podgov,1,3,-1,61000,62500,62125,61781,61062,62500,5087,715,1470,0.35,19.29,6.75,1,11251746606635,5047,675,1470
11252004560321,729600,729600,1728000,schedutil,306000000,306000000,1020000000,nvhost_podgov,1,3,-1,60937,62375,62125,61656,61062,62375,5047,675,1470,0.375,19.2812,7.26,1,11251746606635,5047,675,1470
11252104570233,729600,729600,1728000,schedutil,306000000,306000000,1020000000,nvhost_podgov,1,3,-1,61093,62375,62125,61656,61125,62500,5047,675,1470,0.4,19.2737,7.83,1,11251746606635,5047,675,1470
11252204566193,729600,729600,1728000,schedutil,306000000,306000000,1020000000,nvhost_podgov,1,3,-1,61125,62437,62093,61593,61031,62437,5047,675,1470,0.38875,19.2825,7.5,1,11251746606635,5047,675,1470
11252304562409,729600,729600,1728000,schedutil,306000000,306000000,1020000000,nvhost_podgov,1,3,-1,61093,62343,62000,61531,61031,62343,5047,675,1470,0.3725,19.2825,7.32,1,11251746606635,5047,675,1470
11252404561985,729600,729600,1728000,schedutil,306000000,306000000,1020000000,nvhost_podgov,1,3,-1,61000,62500,62156,61562,60968,62500,5007,675,1470,0.38875,19.2825,7.5,1,11251746606635,5047,675,1470
11252504568953,729600,729600,1728000,schedutil,306000000,306000000,1020000000,nvhost_podgov,1,3,-1,60906,62406,62093,61593,61000,62406,5007,675,1470,0.41125,19.2712,7.92,1,11251746606635,5047,675,1470
11252604570098,729600,729600,1728000,schedutil,306000000,306000000,1020000000,nvhost_podgov,1,3,-1,60843,62312,61937,61531,60875,62312,5007,675,1470,0.37875,19.28,7.32,1,11251746606635,5047,675,1470
11252704559657,729600,729600,1728000,schedutil,306000000,306000000,1020000000,nvhost_podgov,1,3,-1,60906,62125,61906,61437,60843,62125,5007,635,1470,0.38375,19.2862,7.4,1,11251746606635,5047,675,1470
11252804569314,729600,729600,1728000,schedutil,306000000,306000000,1020000000,nvhost_podgov,1,3,-1,60812,62375,61906,61406,60781,62375,5087,715,1470,0.3875,19.28,7.48,1,11252749751686,5047,675,1470
11252904570106,729600,729600,1728000,schedutil,306000000,306000000,1020000000,nvhost_podgov,1,3,-1,60906,62250,61812,61375,60906,62250,5087,675,1470,0.385,19.2838,7.42,1,11252749751686,5047,675,1470
11253004562930,729600,729600,1728000,schedutil,306000000,306000000,1020000000,nvhost_podgov,1,3,-1,60937,62062,61875,61406,60812,62062,5047,675,1470,0.37875,19.2838,7.4,1,11252749751686,5047,675,1470
11253104559594,729600,729600,1728000,schedutil,306000000,306000000,1020000000,nvhost_podgov,1,3,-1,60812,62375,61718,61375,60875,62375,5047,675,1470,0.3775,19.2825,7.28,1,11252749751686,5047,675,1470
11253204568642,729600,729600,1728000,schedutil,306000000,306000000,1020000000,nvhost_podgov,1,3,-1,60875,62000,61843,61593,60812,62000,5047,675,1470,0.37875,19.2812,7.31,1,11252749751686,5047,675,1470
11253304555642,729600,729600,1728000,schedutil,306000000,306000000,1020000000,nvhost_podgov,1,3,-1,60718,62031,61906,61468,60718,62031,5047,675,1470,0.39125,19.285,7.54,1,11252749751686,5047,675,1470
11253404582482,729600,729600,1728000,schedutil,306000000,306000000,1020000000,nvhost_podgov,1,3,-1,60656,61906,61718,61437,60718,62093,5047,675,1470,0.40375,19.2725,7.78,1,11252749751686,5047,675,1470
11253504576010,729600,729600,1728000,schedutil,306000000,306000000,1020000000,nvhost_podgov,1,3,-1,60656,62031,61781,61406,60687,62031,5126,715,1470,0.38125,19.285,7.35,1,11252749751686,5047,675,1470
11253604564066,729600,729600,1728000,schedutil,306000000,306000000,1020000000,nvhost_podgov,1,3,-1,60656,61968,61687,61281,60687,61968,5126,715,1470,0.38875,19.2775,7.07,1,11252749751686,5047,675,1470
11253704578650,1190400,729600,1728000,schedutil,306000000,306000000,1020000000,nvhost_podgov,1,3,-1,61000,61968,61718,61281,60656,61968,5087,674,1470,0.49125,19.255,9.46,1,11252749751686,5047,675,1470
11253804579474,729600,729600,1728000,schedutil,306000000,306000000,1020000000,nvhost_podgov,1,3,-1,60718,61906,61656,61218,60656,61906,5325,833,1510,0.3775,19.285,7.28,1,11253747302045,5206,753,1470
11253904569418,729600,729600,1728000,schedutil,306000000,306000000,1020000000,nvhost_podgov,1,3,-1,60656,61875,61656,61218,60625,61875,5246,794,1470,0.37875,19.28,7.3,1,11253747302045,5206,753,1470
11254004562018,729600,729600,1728000,schedutil,306000000,306000000,1020000000,nvhost_podgov,1,3,-1,60656,61937,61750,61343,60625,61937,5166,755,1470,0.38875,19.2775,7.3,1,11253747302045,5206,753,1470
11254104560346,729600,729600,1728000,schedutil,306000000,306000000,1020000000,nvhost_podgov,1,3,-1,60625,61875,61687,61250,60562,61875,5126,755,1470,0.375,19.2838,7.23,1,11253747302045,5206,753,1470
11254204568978,729600,729600,1728000,schedutil,306000000,306000000,1020000000,nvhost_podgov,1,3,-1,60593,61812,61625,61250,60531,61812,5126,715,1470,0.385,19.2787,7.26,1,11253747302045,5206,753,1470
11254304570698,729600,729600,1728000,schedutil,306000000,306000000,1020000000,nvhost_podgov,1,3,-1,60531,61875,61593,61218,60531,61875,5126,715,1470,0.39375,19.2725,7.59,1,11253747302045,5206,753,1470
11254404565538,729600,729600,1728000,schedutil,306000000,306000000,1020000000,nvhost_podgov,1,3,-1,60406,61843,61562,61218,60468,61843,5087,714,1470,0.3775,19.2763,7.27,1,11253747302045,5206,753,1470
11254504570522,729600,729600,1728000,schedutil,306000000,306000000,1020000000,nvhost_podgov,1,3,-1,60531,61718,61593,61125,60468,61718,5087,674,1470,0.3825,19.2812,7.37,1,11253747302045,5206,753,1470
11254604564018,729600,729600,1728000,schedutil,306000000,306000000,1020000000,nvhost_podgov,1,3,-1,60343,61875,61468,61031,60500,61875,5047,675,1470,0.36875,19.2825,7.4,1,11253747302045,5206,753,1470
11254704555082,729600,729600,1728000,schedutil,306000000,306000000,1020000000,nvhost_podgov,1,3,-1,60468,61843,61406,61031,60468,61656,5047,675,1470,0.39125,19.2787,7.73,1,11253747302045,5206,753,1470
11254804571938,729600,729600,1728000,schedutil,306000000,306000000,1020000000,nvhost_podgov,1,3,-1,60593,61593,61625,61062,60437,61593,5166,755,1470,0.41875,19.2737,8.08,1,11254750747421,5047,675,1470
11254904562490,729600,729600,1728000,schedutil,306000000,306000000,1020000000,nvhost_podgov,1,3,-1,60531,61906,61531,61125,60375,61906,5126,715,1470,0.37875,19.2775,7.62,1,11254750747421,5047,675,1470
11255004561042,729600,729600,1728000,schedutil,306000000,306000000,1020000000,nvhost_podgov,1,3,-1,60312,61812,61500,61093,60343,61812,5087,715,1470,0.3575,19.29,6.9,1,11254750747421,5047,675,1470
11255104559402,729600,729600,1728000,schedutil,306000000,306000000,1020000000,nvhost_podgov,1,3,-1,60250,61531,61437,61093,60375,61531,5087,675,1470,0.36375,19.2812,7.01,1,11254750747421,5047,675,1470
11255204568706,729600,729600,1728000,schedutil,306000000,306000000,1020000000,nvhost_podgov,1,3,-1,60250,61906,61375,61031,60375,61906,5087,675,1470,0.4125,19.2812,7.72,1,11254750747421,5047,675,1470
11255304576954,729600,729600,1728000,schedutil,306000000,306000000,1020000000,nvhost_podgov,1,3,-1,60218,61687,61406,61000,60218,61687,5087,675,1470,0.36625,19.2812,6.82,1,11254750747421,5047,675,1470
11255404573074,729600,729600,1728000,schedutil,306000000,306000000,1020000000,nvhost_podgov,1,3,-1,60187,61500,61343,60968,60281,61500,5047,675,1470,0.35625,19.2862,6.87,1,11254750747421,5047,675,1470
11255504571338,729600,729600,1728000,schedutil,306000000,306000000,1020000000,nvhost_podgov,1,3,-1,60312,61406,61250,60968,60218,61406,5047,675,1470,0.35125,19.2875,6.77,1,11254750747421,5047,675,1470
11255604565538,729600,729600,1728000,schedutil,306000000,306000000,1020000000,nvhost_podgov,1,3,-1,60312,61718,61218,60906,60250,61718,5007,675,1470,0.3575,19.2875,6.71,1,11254750747421,5047,675,1470
11255704555546,729600,729600,1728000,schedutil,306000000,306000000,1020000000,nvhost_podgov,1,3,-1,60343,61468,61406,60843,60156,61468,5007,635,1470,0.38875,19.28,7.5,1,11254750747421,5047,675,1470
11255804574258,729600,729600,1728000,schedutil,306000000,306000000,1020000000,nvhost_podgov,1,3,-1,60250,61437,61312,60968,60187,61437,5087,674,1470,0.3575,19.2862,6.9,1,11255752422836,5047,675,1470
11255904556393,729600,729600,1728000,schedutil,306000000,306000000,1020000000,nvhost_podgov,1,3,-1,60125,61437,61218,60875,60156,61437,5047,675,1470,0.36375,19.285,6.75,1,11255752422836,5047,675,1470
11256004551201,729600,729600,1728000,schedutil,306000000,306000000,1020000000,nvhost_podgov,1,3,-1,60218,61375,61218,60875,60125,61375,5047,675,1470,0.36625,19.285,6.87,1,11255752422836,5047,675,1470
11256104565401,729600,729600,1728000,schedutil,306000000,306000000,1020000000,nvhost_podgov,1,3,-1,60062,61468,61156,60875,60062,61468,5047,675,1470,0.40125,19.2787,7.73,1,11255752422836,5047,675,1470
11256204568049,729600,729600,1728000,schedutil,306000000,306000000,1020000000,nvhost_podgov,1,3,-1,60062,61406,61031,60843,60125,61406,5007,675,1470,0.365,19.2825,6.87,1,11255752422836,5047,675,1470
11256304561513,729600,729600,1728000,schedutil,306000000,306000000,1020000000,nvhost_podgov,1,3,-1,60187,61406,61062,60750,60000,61406,5047,675,1470,0.37125,19.2875,7.16,1,11255752422836,5047,675,1470
11256404568801,729600,729600,1728000,schedutil,306000000,306000000,1020000000,nvhost_podgov,1,3,-1,60187,61281,61125,60718,60093,61281,5007,635,1470,0.3475,19.285,6.71,1,11255752422836,5047,675,1470
11256504561977,729600,729600,1728000,schedutil,306000000,306000000,1020000000,nvhost_podgov,1,3,-1,60031,61375,61093,60687,60000,61375,5007,635,1470,0.35625,19.2862,6.87,1,11255752422836,5047,675,1470
11256604562481,729600,729600,1728000,schedutil,306000000,306000000,1020000000,nvhost_podgov,1,3,-1,60031,61281,61156,60875,60031,61281,4968,635,1470,0.36125,19.2875,6.75,1,11255752422836,5047,675,1470
11256704561513,729600,729600,1728000,schedutil,306000000,306000000,1020000000,nvhost_podgov,1,3,-1,60000,61375,61093,60812,59875,61375,4968,635,1470,0.37875,19.2787,7.5,1,11255752422836,5047,675,1470
11256804584769,729600,729600,1728000,schedutil,306000000,306000000,1020000000,nvhost_podgov,1,3,-1,60000,61312,61093,60750,59968,61312,5047,675,1470,0.3575,19.2838,6.9,1,11256753396153,5007,675,1470
11256904551992,729600,729600,1728000,schedutil,306000000,306000000,1020000000,nvhost_podgov,1,3,-1,59937,61218,61062,60593,59937,61218,5047,675,1470,0.37,19.2787,7.23,1,11256753396153,5007,675,1470
11257004571985,729600,729600,1728000,schedutil,306000000,306000000,1020000000,nvhost_podgov,1,3,-1,59875,61375,60937,60625,59906,61375,5047,675,1470,0.39125,19.275,7.54,1,11256753396153,5007,675,1470
11257104560616,729600,729600,1728000,schedutil,306000000,306000000,1020000000,nvhost_podgov,1,3,-1,60062,61343,61000,60593,59812,61343,5007,675,1470,0.38125,19.28,7.35,1,11256753396153,5007,675,1470
11257204570464,729600,729600,1728000,schedutil,306000000,306000000,1020000000,nvhost_podgov,1,3,-1,60031,61281,60875,60468,60000,61281,5007,675,1470,0.37625,19.2838,7.37,1,11256753396153,5007,675,1470
11257304575960,729600,729600,1728000,schedutil,306000000,306000000,1020000000,nvhost_podgov,1,3,-1,59843,61406,61031,60500,59843,61406,5007,675,1470,0.38625,19.2838,7.45,1,11256753396153,5007,675,1470
11257404568976,729600,729600,1728000,schedutil,306000000,306000000,1020000000,nvhost_podgov,1,3,-1,59906,61218,60968,60656,59843,61218,5007,635,1470,0.3725,19.2812,7.18,1,11256753396153,5007,675,1470
11257504565128,729600,729600,1728000,schedutil,306000000,306000000,1020000000,nvhost_podgov,1,3,-1,59750,61062,60843,60562,59781,61062,5007,635,1470,0.37625,19.285,7.26,1,11256753396153,5007,675,1470
11257604559391,729600,729600,1728000,schedutil,306000000,306000000,1020000000,nvhost_podgov,1,3,-1,59718,61375,60812,60500,59750,61375,4968,635,1470,0.3775,19.2838,7.37,1,11256753396153,5007,675,1470
11257704563703,729600,729600,1728000,schedutil,306000000,306000000,1020000000,nvhost_podgov,1,3,-1,59843,60937,60812,60531,59750,60937,4968,635,1470,0.39625,19.275,7.92,1,11256753396153,5007,675,1470
11257804564751,729600,729600,1728000,schedutil,306000000,306000000,1020000000,nvhost_podgov,1,3,-1,59781,61031,60750,60375,59718,61031,5047,675,1470,0.38375,19.2812,7.4,1,11257751802275,5007,675,1470
11257904565639,729600,729600,1728000,schedutil,306000000,306000000,1020000000,nvhost_podgov,1,3,-1,59843,60968,60781,60437,59687,60968,5047,675,1470,0.38875,19.2812,8.1,1,11257751802275,5007,675,1470
11258004575679,729600,729600,1728000,schedutil,306000000,306000000,1020000000,nvhost_podgov,1,3,-1,59812,61218,60718,60375,59687,61218,5007,675,1470,0.3775,19.275,7.27,1,11257751802275,5007,675,1470
11258104564983,729600,729600,1728000,schedutil,306000000,306000000,1020000000,nvhost_podgov,1,3,-1,59687,60875,60843,60312,59687,60875,5007,675,1470,0.3775,19.2812,7.28,1,11257751802275,5007,675,1470
11258204561998,729600,729600,1728000,schedutil,306000000,306000000,1020000000,nvhost_podgov,1,3,-1,59750,60875,60781,60468,59687,60875,5007,635,1470,0.37625,19.2812,7.21,1,11257751802275,5007,675,1470
11258304563366,729600,729600,1728000,schedutil,306000000,306000000,1020000000,nvhost_podgov,1,3,-1,59593,60843,60687,60343,59687,60843,5007,675,1470,0.3875,19.28,7.48,1,11257751802275,5007,675,1470
11258404565950,729600,729600,1728000,schedutil,306000000,306000000,1020000000,nvhost_podgov,1,3,-1,59687,60875,60687,60312,59656,60875,5015,635,1470,0.45125,19.2737,8.69,1,11257751802275,5007,675,1470
11258504577526,729600,729600,1728000,schedutil,306000000,306000000,1020000000,nvhost_podgov,1,3,-1,59500,60812,60687,60343,59531,60812,5095,675,1470,0.385,19.28,7.32,1,11257751802275,5007,675,1470
11258604561229,729600,729600,1728000,schedutil,306000000,306000000,1020000000,nvhost_podgov,1,3,-1,59562,60937,60625,60343,59468,60937,5055,675,1470,0.38125,19.2787,7.09,1,11257751802275,5007,675,1470
11258704568741,1190400,729600,1728000,schedutil,306000000,306000000,1020000000,nvhost_podgov,1,3,-1,59687,60843,60656,60281,59531,61000,5095,715,1470,0.42125,19.2638,8.12,1,11257751802275,5007,675,1470
11258804576189,729600,729600,1728000,schedutil,306000000,306000000,1020000000,nvhost_podgov,1,3,-1,59687,60906,60468,60218,59531,60906,5095,715,1470,0.3925,19.28,7.32,1,11258750190635,5135,715,1470
11258904566037,729600,729600,1728000,schedutil,306000000,306000000,1020000000,nvhost_podgov,1,3,-1,59562,60875,60531,60187,59625,60875,5214,794,1470,0.3875,19.2787,7.07,1,11258750190635,5135,715,1470
11259004574861,729600,729600,1728000,schedutil,306000000,306000000,1020000000,nvhost_podgov,1,3,-1,59656,60781,60468,60187,59531,60781,5166,755,1470,0.3875,19.2812,7.48,1,11258750190635,5135,715,1470
11259104564740,729600,729600,1728000,schedutil,306000000,306000000,1020000000,nvhost_podgov,1,3,-1,59500,60781,60531,60218,59500,60906,5126,715,1470,0.3725,19.2825,7.18,1,11258750190635,5135,715,1470
11259204558972,729600,729600,1728000,schedutil,306000000,306000000,1020000000,nvhost_podgov,1,3,-1,59593,60843,60500,60218,59437,60843,5087,715,1470,0.39375,19.2838,7.18,1,11258750190635,5135,715,1470
11259304574228,729600,729600,1728000,schedutil,306000000,306000000,1020000000,nvhost_podgov,1,3,-1,59343,60718,60375,60187,59375,60718,5087,715,1470,0.38875,19.2775,7.49,1,11258750190635,5135,715,1470
11259404556811,729600,729600,1728000,schedutil,306000000,306000000,1020000000,nvhost_podgov,1,3,-1,59343,60937,60437,60187,59406,60937,5047,675,1470,0.37875,19.28,7.3,1,11258750190635,5135,715,1470
11259504568355,729600,729600,1728000,schedutil,306000000,306000000,1020000000,nvhost_podgov,1,3,-1,59500,60843,60312,60031,59343,60843,5015,675,1470,0.38625,19.2825,7.16,1,11258750190635,5135,715,1470
11259604570203,729600,729600,1728000,schedutil,306000000,306000000,1020000000,nvhost_podgov,1,3,-1,59312,60531,60375,60156,59312,60531,5007,675,1470,0.38375,19.28,7.4,1,11258750190635,5135,715,1470
11259704553107,729600,729600,1728000,schedutil,306000000,306000000,1020000000,nvhost_podgov,1,3,-1,59500,60843,60281,60031,59312,60843,5007,675,1470,0.39875,19.2775,7.69,1,11258750190635,5135,715,1470
11259804587371,729600,729600,1728000,schedutil,306000000,306000000,1020000000,nvhost_podgov,1,3,-1,59593,60781,60281,60031,59406,60781,5055,675,1470,0.41625,19.2775,8.33,1,11259759541362,5055,675,1470
11259904552770,729600,729600,1728000,schedutil,306000000,306000000,1020000000,nvhost_podgov,1,3,-1,59312,60718,60437,60093,59375,60718,5175,755,1470,0.40375,19.2725,7.67,1,11259759541362,5055,675,1470
11260004552602,729600,729600,1728000,schedutil,306000000,306000000,1020000000,nvhost_podgov,1,3,-1,59281,60593,60343,60093,59218,60593,5135,715,1470,0.355,19.2875,6.85,1,11259759541362,5055,675,1470
11260104566962,729600,729600,1728000,schedutil,306000000,306000000,1020000000,nvhost_podgov,1,3,-1,59187,60687,60281,59968,59218,60687,5095,715,1470,0.35375,19.2862,6.82,1,11259759541362,5055,675,1470
11260204554153,729600,729600,1728000,schedutil,306000000,306000000,1020000000,nvhost_podgov,1,3,-1,59187,60531,60281,60000,59187,60531,5047,675,1470,0.38125,19.285,6.75,1,11259759541362,5055,675,1470
11260304561377,729600,729600,1728000,schedutil,306000000,306000000,1020000000,nvhost_podgov,1,3,-1,59187,60437,60250,59937,59281,60437,5055,675,1470,0.3625,19.285,6.99,1,11259759541362,5055,675,1470
11260404554617,729600,729600,1728000,schedutil,306000000,306000000,1020000000,nvhost_podgov,1,3,-1,59187,60656,60250,59906,59187,60656,5007,675,1470,0.3575,19.2888,6.9,1,11259759541362,5055,675,1470
11260504766709,729600,729600,1728000,schedutil,306000000,306000000,1020000000,nvhost_podgov,1,3,-1,59281,60406,60187,59906,59187,60406,5007,675,1470,0.3975,19.28,7.67,1,11259759541362,5055,675,1470
11260604562632,729600,729600,1728000,schedutil,306000000,306000000,1020000000,nvhost_podgov,1,3,-1,59250,60312,60125,59906,59156,60312,5007,675,1470,0.36375,19.285,7.01,1,11259759541362,5055,675,1470
11260704557952,729600,729600,1728000,schedutil,306000000,306000000,1020000000,nvhost_podgov,1,3,-1,59187,60437,60218,59843,59093,60437,4968,635,1470,0.3925,19.28,7.56,1,11259759541362,5055,675,1470
11260804571864,729600,729600,1728000,schedutil,306000000,306000000,1020000000,nvhost_podgov,1,3,-1,59156,60343,60187,59968,59093,60343,5047,675,1470,0.36375,19.2862,6.92,1,11260760369107,5007,675,1470
11260904567791,729600,729600,1728000,schedutil,306000000,306000000,1020000000,nvhost_podgov,1,3,-1,59031,60343,60125,59843,59156,60343,5047,675,1470,0.35125,19.2838,6.77,1,11260760369107,5007,675,1470
11261004563367,729600,729600,1728000,schedutil,306000000,306000000,1020000000,nvhost_podgov,1,3,-1,59000,60375,60125,59843,59062,60375,5015,675,1470,0.35875,19.2838,6.91,1,11260760369107,5007,675,1470
11261104563550,729600,729600,1728000,schedutil,306000000,306000000,1020000000,nvhost_podgov,1,3,-1,58937,60343,60031,59718,59031,60343,5007,675,1470,0.3475,19.2888,6.71,1,11260760369107,5007,675,1470
11261204781723,729600,729600,1728000,schedutil,306000000,306000000,1020000000,nvhost_podgov,1,3,-1,58937,60312,60093,59718,58968,60312,5007,635,1470,0.40125,19.2787,7.73,1,11260760369107,5007,675,1470
11261304558510,729600,729600,1728000,schedutil,306000000,306000000,1020000000,nvhost_podgov,1,3,-1,59187,60312,59968,59718,58906,60312,5007,675,1470,0.3575,19.2862,6.9,1,11260760369107,5007,675,1470
11261404769258,729600,729600,1728000,schedutil,306000000,306000000,1020000000,nvhost_podgov,1,3,-1,59125,60218,60000,59718,59062,60218,5007,675,1470,0.3575,19.2862,7.37,1,11260760369107,5007,675,1470
11261504771554,729600,729600,1728000,schedutil,306000000,306000000,1020000000,nvhost_podgov,1,3,-1,58968,60281,60125,59656,58968,60281,4976,635,1470,0.36625,19.29,6.77,1,11260760369107,5007,675,1470
11261604773017,729600,729600,1728000,schedutil,306000000,306000000,1020000000,nvhost_podgov,1,3,-1,59000,60281,60125,59781,59000,60281,4968,635,1470,0.35125,19.285,6.77,1,11260760369107,5007,675,1470
11261704767057,729600,729600,1728000,schedutil,306000000,306000000,1020000000,nvhost_podgov,1,3,-1,58843,60218,60031,59718,58843,60218,4968,635,1470,0.36,19.2812,6.94,1,11260760369107,5007,675,1470
11261804572836,729600,729600,1728000,schedutil,306000000,306000000,1020000000,nvhost_podgov,1,3,-1,58906,60375,60000,59687,58843,60375,5047,675,1470,0.35875,19.285,7.21,1,11261760084121,5007,635,1470
11261904558619,729600,729600,1728000,schedutil,306000000,306000000,1020000000,nvhost_podgov,1,3,-1,58781,60250,59937,59687,58812,60250,5047,675,1470,0.37625,19.2838,7.26,1,11261760084121,5007,635,1470
11262004559731,729600,729600,1728000,schedutil,306000000,306000000,1020000000,nvhost_podgov,1,3,-1,58750,60218,59781,59531,58812,60218,5007,675,1470,0.37375,19.2825,7.21,1,11261760084121,5007,635,1470
11262104565579,729600,729600,1728000,schedutil,306000000,306000000,1020000000,nvhost_podgov,1,3,-1,59000,60437,59781,59562,58781,60437,5015,635,1470,0.37375,19.2825,7.21,1,11261760084121,5007,635,1470
11262204559970,729600,729600,1728000,schedutil,306000000,306000000,1020000000,nvhost_podgov,1,3,-1,58718,60281,59750,59500,58906,60281,4968,635,1470,0.39,19.2838,7.16,1,11261760084121,5007,635,1470
11262304574682,729600,729600,1728000,schedutil,306000000,306000000,1020000000,nvhost_podgov,1,3,-1,58812,59968,59750,59406,58781,59968,4968,635,1470,0.41,19.2737,7.9,1,11261760084121,5007,635,1470
11262404553873,729600,729600,1728000,schedutil,306000000,306000000,1020000000,nvhost_podgov,1,3,-1,58812,59937,59968,59437,58718,59937,5007,675,1470,0.37625,19.2812,7.26,1,11261760084121,5007,635,1470
11262504572169,729600,729600,1728000,schedutil,306000000,306000000,1020000000,nvhost_podgov,1,3,-1,58718,60250,59781,59562,58687,60250,4968,635,1470,0.385,19.285,7.01,1,11261760084121,5007,635,1470
11262604780070,729600,729600,1728000,schedutil,306000000,306000000,1020000000,nvhost_podgov,1,3,-1,58687,59937,59781,59531,58812,59937,4968,635,1470,0.3825,19.2812,7.37,1,11261760084121,5007,635,1470
11262704766045,729600,729600,1728000,schedutil,306000000,306000000,1020000000,nvhost_podgov,1,3,-1,58718,59937,59687,59468,58687,59937,4968,635,1470,0.445,19.2638,8.61,1,11261760084121,5007,635,1470
11262804574608,729600,729600,1728000,schedutil,306000000,306000000,1020000000,nvhost_podgov,1,3,-1,58656,60250,59687,59437,58687,60250,5047,675,1470,0.35375,19.2838,6.8,1,11262762421691,5007,635,1470
11262904565543,729600,729600,1728000,schedutil,306000000,306000000,1020000000,nvhost_podgov,1,3,-1,58781,59937,59687,59406,58656,59937,5055,675,1470,0.3475,19.2812,6.69,1,11262762421691,5007,635,1470
11263004564319,729600,729600,1728000,schedutil,306000000,306000000,1020000000,nvhost_podgov,1,3,-1,58593,59875,59625,59375,58625,59875,5015,675,1470,0.34875,19.2825,6.72,1,11262762421691,5007,635,1470
11263104560982,729600,729600,1728000,schedutil,306000000,306000000,1020000000,nvhost_podgov,1,3,-1,58718,59906,59625,59343,58625,59906,5007,635,1470,0.355,19.2838,6.63,1,11262762421691,5007,635,1470
11263204558382,729600,729600,1728000,schedutil,306000000,306000000,1020000000,nvhost_podgov,1,3,-1,58750,59906,59687,59281,58687,59906,4976,635,1470,0.3675,19.2862,7.09,1,11262762421691,5007,635,1470
11263304567654,729600,729600,1728000,schedutil,306000000,306000000,1020000000,nvhost_podgov,1,3,-1,58531,59812,59687,59406,58625,59812,4976,635,1470,0.35625,19.2825,6.87,1,11262762421691,5007,635,1470
11263404796099,729600,729600,1728000,schedutil,306000000,306000000,1020000000,nvhost_podgov,1,3,-1,58625,59875,59687,59406,58625,59875,5007,635,1470,0.35625,19.2875,6.87,1,11262762421691,5007,635,1470
11263504577781,729600,729600,1728000,schedutil,306000000,306000000,1020000000,nvhost_podgov,1,3,-1,58687,59750,59625,59281,58468,59750,4968,635,1470,0.3725,19.2862,7.18,1,11262762421691,5007,635,1470
11263604569708,729600,729600,1728000,schedutil,306000000,306000000,1020000000,nvhost_podgov,1,3,-1,58562,59812,59593,59281,58562,59812,5095,675,1470,0.3675,19.2875,7.09,1,11262762421691,5007,635,1470
11263704565828,729600,729600,1728000,schedutil,306000000,306000000,1020000000,nvhost_podgov,1,3,-1,58500,59843,59531,59156,58500,59843,5055,675,1470,0.44,19.265,8.86,1,11262762421691,5007,635,1470
11263804576283,729600,729600,1728000,schedutil,306000000,306000000,1020000000,nvhost_podgov,1,3,-1,58531,59843,59437,59218,58437,59843,5214,794,1470,0.3675,19.2825,6.87,1,11263758510635,5135,755,1470
11263904563923,729600,729600,1728000,schedutil,306000000,306000000,1020000000,nvhost_podgov,1,3,-1,58593,59718,59406,59187,58531,59718,5214,755,1470,0.36,19.2875,6.94,1,11263758510635,5135,755,1470
11264004559114,729600,729600,1728000,schedutil,306000000,306000000,1020000000,nvhost_podgov,1,3,-1,58593,59875,59437,59125,58500,59875,5135,755,1470,0.365,19.285,7.04,1,11263758510635,5135,755,1470
11264104563394,729600,729600,1728000,schedutil,306000000,306000000,1020000000,nvhost_podgov,1,3,-1,58406,59687,59437,59125,58406,59687,5087,715,1470,0.39,19.29,7.53,1,11263758510635,5135,755,1470
11264204569785,729600,729600,1728000,schedutil,306000000,306000000,1020000000,nvhost_podgov,1,3,-1,58468,59875,59500,59281,58437,59875,5087,715,1470,0.36,19.2862,6.94,1,11263758510635,5135,755,1470
11264304564337,729600,729600,1728000,schedutil,306000000,306000000,1020000000,nvhost_podgov,1,3,-1,58281,59812,59437,59187,58281,59812,5055,715,1470,0.355,19.2838,6.85,1,11263758510635,5135,755,1470
11264404562728,729600,729600,1728000,schedutil,306000000,306000000,1020000000,nvhost_podgov,1,3,-1,58312,59718,59468,59156,58406,59718,5055,675,1470,0.35625,19.29,6.87,1,11263758510635,5135,755,1470
11264504562336,729600,729600,1728000,schedutil,306000000,306000000,1020000000,nvhost_podgov,1,3,-1,58250,59593,59343,59125,58250,59593,5007,675,1470,0.35875,19.29,6.82,1,11263758510635,5135,755,1470
11264604556023,729600,729600,1728000,schedutil,306000000,306000000,1020000000,nvhost_podgov,1,3,-1,58312,59781,59281,59093,58343,59781,5007,675,1470,0.355,19.2862,6.85,1,11263758510635,5135,755,1470
11264704542606,729600,729600,1728000,schedutil,306000000,306000000,1020000000,nvhost_podgov,1,3,-1,58375,59718,59250,59031,58406,59718,5007,675,1470,0.4025,19.2825,7.76,1,11263758510635,5135,755,1470
11264804577702,729600,729600,1728000,schedutil,306000000,306000000,1020000000,nvhost_podgov,1,3,-1,58437,59500,59218,59062,58375,59500,5135,755,1470,0.3625,19.2825,6.87,1,11264761087826,5007,675,1470
11264904564862,729600,729600,1728000,schedutil,306000000,306000000,1020000000,nvhost_podgov,1,3,-1,58375,59781,59406,59125,58343,59781,5095,715,1470,0.35625,19.2875,6.87,1,11264761087826,5007,675,1470
11265004567061,729600,729600,1728000,schedutil,306000000,306000000,1020000000,nvhost_podgov,1,3,-1,58281,59468,59343,59031,58218,59468,5047,675,1470,0.35125,19.29,6.77,1,11264761087826,5007,675,1470
11265104555532,729600,729600,1728000,schedutil,306000000,306000000,1020000000,nvhost_podgov,1,3,-1,58156,59468,59281,59062,58250,59468,5047,675,1470,0.36375,19.2888,6.92,1,11264761087826,5007,675,1470
11265204576676,729600,729600,1728000,schedutil,306000000,306000000,1020000000,nvhost_podgov,1,3,-1,58218,59500,59218,59000,58218,59500,5015,675,1470,0.3575,19.2875,6.9,1,11264761087826,5007,675,1470
11265304569756,729600,729600,1728000,schedutil,306000000,306000000,1020000000,nvhost_podgov,1,3,-1,58093,59468,59218,58937,58250,59468,5015,675,1470,0.3525,19.2913,6.8,1,11264761087826,5007,675,1470
11265404562931,729600,729600,1728000,schedutil,306000000,306000000,1020000000,nvhost_podgov,1,3,-1,58093,59468,59218,58937,58156,59468,5015,675,1470,0.36,19.29,6.75,1,11264761087826,5007,675,1470
11265504564650,729600,729600,1728000,schedutil,306000000,306000000,1020000000,nvhost_podgov,1,3,-1,58250,59406,59156,58937,58125,59406,5015,675,1470,0.355,19.2875,6.8,1,11264761087826,5007,675,1470
11265604568930,729600,729600,1728000,schedutil,306000000,306000000,1020000000,nvhost_podgov,1,3,-1,58062,59406,59156,58906,58125,59406,4976,635,1470,0.35375,19.2838,6.82,1,11264761087826,5007,675,1470
11265704562073,729600,729600,1728000,schedutil,306000000,306000000,1020000000,nvhost_podgov,1,3,-1,58218,59343,59156,58812,58156,59343,4976,635,1470,0.3925,19.275,7.56,1,11264761087826,5007,675,1470
11265804570545,729600,729600,1728000,schedutil,306000000,306000000,1020000000,nvhost_podgov,1,3,-1,58218,59375,59218,58875,58031,59375,5055,675,1470,0.36125,19.285,6.96,1,11265761993042,5015,675,1470
11265904568552,729600,729600,1728000,schedutil,306000000,306000000,1020000000,nvhost_podgov,1,3,-1,58125,59406,59187,58875,58062,59406,5007,675,1470,0.35125,19.2888,6.77,1,11265761993042,5015,675,1470
11266004570399,729600,729600,1728000,schedutil,306000000,306000000,1020000000,nvhost_podgov,1,3,-1,58062,59343,59093,58875,58031,59343,5007,675,1470,0.35875,19.28,6.87,1,11265761993042,5015,675,1470
11266104570551,729600,729600,1728000,schedutil,306000000,306000000,1020000000,nvhost_podgov,1,3,-1,57968,59437,59062,58812,58031,59437,5007,635,1470,0.3525,19.2888,6.8,1,11265761993042,5015,675,1470
11266204561646,729600,729600,1728000,schedutil,306000000,306000000,1020000000,nvhost_podgov,1,3,-1,58062,59437,59062,58812,58031,59437,4968,635,1470,0.35875,19.2862,6.92,1,11265761993042,5015,675,1470
11266304565478,729600,729600,1728000,schedutil,306000000,306000000,1020000000,nvhost_podgov,1,3,-1,58156,59375,59000,58750,58031,59375,4976,635,1470,0.35875,19.2875,6.92,1,11265761993042,5015,675,1470
11266404570493,729600,729600,1728000,schedutil,306000000,306000000,1020000000,nvhost_podgov,1,3,-1,57875,59375,58968,58656,58062,59375,4976,635,1470,0.34625,19.2875,6.82,1,11265761993042,5015,675,1470
11266504568116,729600,729600,1728000,schedutil,306000000,306000000,1020000000,nvhost_podgov,1,3,-1,57968,59218,58937,58718,57968,59218,4976,635,1470,0.3575,19.2875,6.9,1,11265761993042,5015,675,1470
11266604570220,729600,729600,1728000,schedutil,306000000,306000000,1020000000,nvhost_podgov,1,3,-1,58093,59281,59062,58718,57968,59281,4968,635,1470,0.355,19.29,6.85,1,11265761993042,5015,675,1470
11266704564899,729600,729600,1728000,schedutil,306000000,306000000,1020000000,nvhost_podgov,1,3,-1,58031,59406,58968,58750,57875,59406,4968,635,1470,0.39625,19.2712,7.64,1,11265761993042,5015,675,1470
11266804578523,729600,729600,1728000,schedutil,306000000,306000000,1020000000,nvhost_podgov,1,3,-1,58062,59343,59062,58718,57906,59343,5047,675,1470,0.36875,19.2825,7.12,1,11266763030708,5007,635,1470
11266904569650,729600,729600,1728000,schedutil,306000000,306000000,1020000000,nvhost_podgov,1,3,-1,57812,59062,58843,58593,57812,59062,5047,675,1470,0.39625,19.2725,7.56,1,11266763030708,5007,635,1470
11267004569993,729600,729600,1728000,schedutil,306000000,306000000,1020000000,nvhost_podgov,1,3,-1,57781,59312,58843,58656,57812,59312,5015,675,1470,0.375,19.2862,7.23,1,11266763030708,5007,635,1470
11267104570945,729600,729600,1728000,schedutil,306000000,306000000,1020000000,nvhost_podgov,1,3,-1,57750,59312,58937,58593,57750,59312,5015,635,1470,0.3825,19.2787,7.01,1,11266763030708,5007,635,1470
11267204560760,729600,729600,1728000,schedutil,306000000,306000000,1020000000,nvhost_podgov,1,3,-1,57843,59000,58750,58531,57843,59000,4976,635,1470,0.37875,19.2787,7.3,1,11266763030708,5007,635,1470
11267304558287,729600,729600,1728000,schedutil,306000000,306000000,1020000000,nvhost_podgov,1,3,-1,57906,59406,58781,58531,57843,59406,4968,635,1470,0.38,19.28,7.32,1,11266763030708,5007,635,1470
11267404563655,729600,729600,1728000,schedutil,306000000,306000000,1020000000,nvhost_podgov,1,3,-1,57968,59281,58937,58468,57781,59281,4968,635,1470,0.37375,19.2838,7.16,1,11266763030708,5007,635,1470
11267504562366,729600,729600,1728000,schedutil,306000000,306000000,1020000000,nvhost_podgov,1,3,-1,57750,58968,58906,58625,57750,58968,4968,635,1470,0.36875,19.2775,7.1,1,11266763030708,5007,635,1470
11267604559285,729600,729600,1728000,schedutil,306000000,306000000,1020000000,nvhost_podgov,1,3,-1,57812,58968,58812,58531,57750,58968,4968,635,1470,0.3775,19.2825,7.28,1,11266763030708,5007,635,1470
11267704864019,729600,729600,1728000,schedutil,306000000,306000000,1020000000,nvhost_podgov,1,3,-1,57781,59031,58781,58593,57750,59031,4976,635,1470,0.40625,19.2712,7.97,1,11266763030708,5007,635,1470
11267804576388,729600,729600,1728000,schedutil,306000000,306000000,1020000000,nvhost_podgov,1,3,-1,57687,58968,58718,58468,57750,58968,4976,635,1470,0.42625,19.2675,8.22,1,11267761251668,5015,675,1470
11267904565051,729600,729600,1728000,schedutil,306000000,306000000,1020000000,nvhost_podgov,1,3,-1,57625,58906,58625,58468,57687,58906,5055,675,1470,0.37,19.2875,7.14,1,11267761251668,5015,675,1470
11268004570451,729600,729600,1728000,schedutil,306000000,306000000,1020000000,nvhost_podgov,1,3,-1,57750,59031,58718,58437,57687,59031,5015,675,1470,0.3525,19.2838,6.77,1,11267761251668,5015,675,1470
11268104568234,729600,729600,1728000,schedutil,306000000,306000000,1020000000,nvhost_podgov,1,3,-1,57750,58937,58625,58343,57687,58937,5007,635,1470,0.3625,19.2913,6.82,1,11267761251668,5015,675,1470
11268204568769,729600,729600,1728000,schedutil,306000000,306000000,1020000000,nvhost_podgov,1,3,-1,57843,58937,58812,58406,57625,58937,4968,635,1470,0.3525,19.2825,6.8,1,11267761251668,5015,675,1470
11268304563800,729600,729600,1728000,schedutil,306000000,306000000,1020000000,nvhost_podgov,1,3,-1,57750,58937,58781,58562,57718,58937,4968,635,1470,0.355,19.2875,6.85,1,11267761251668,5015,675,1470
11268404564752,729600,729600,1728000,schedutil,306000000,306000000,1020000000,nvhost_podgov,1,3,-1,57656,58875,58687,58437,57656,58875,4968,635,1470,0.355,19.29,6.77,1,11267761251668,5015,675,1470
11268504568711,729600,729600,1728000,schedutil,306000000,306000000,1020000000,nvhost_podgov,1,3,-1,57500,58812,58718,58437,57593,58812,4968,635,1430,0.38,19.2787,7.32,1,11267761251668,5015,675,1470
11268604580095,729600,729600,1728000,schedutil,306000000,306000000,1020000000,nvhost_podgov,1,3,-1,57656,58937,58625,58343,57625,58937,5047,675,1470,0.34875,19.2862,6.72,1,11267761251668,5015,675,1470
11268704578742,729600,729600,1728000,schedutil,306000000,306000000,1020000000,nvhost_podgov,1,3,-1,57656,58906,58562,58375,57562,59218,5047,675,1470,0.40375,19.2575,8.97,1,11267761251668,5015,675,1470
11268804576685,729600,729600,1728000,schedutil,306000000,306000000,1020000000,nvhost_podgov,1,3,-1,57687,59125,58531,58343,57593,59125,5087,715,1470,0.36375,19.2888,7.01,1,11268752861209,5126,715,1470
11268904575940,729600,729600,1728000,schedutil,306000000,306000000,1020000000,nvhost_podgov,1,3,-1,57812,58906,58531,58312,57531,58906,5166,794,1470,0.35,19.2862,6.75,1,11268752861209,5126,715,1470
11269004562747,729600,729600,1728000,schedutil,306000000,306000000,1020000000,nvhost_podgov,1,3,-1,57750,58875,58500,58218,57625,58875,5175,755,1470,0.35,19.2862,6.82,1,11268752861209,5126,715,1470
11269104564339,729600,729600,1728000,schedutil,306000000,306000000,1020000000,nvhost_podgov,1,3,-1,57531,58968,58625,58218,57531,58968,5126,715,1470,0.3625,19.2888,6.99,1,11268752861209,5126,715,1470
11269204569354,729600,729600,1728000,schedutil,306000000,306000000,1020000000,nvhost_podgov,1,3,-1,57562,58843,58625,58250,57562,58843,5087,715,1470,0.3575,19.285,6.9,1,11268752861209,5126,715,1470
11269304553505,729600,729600,1728000,schedutil,306000000,306000000,1020000000,nvhost_podgov,1,3,-1,57500,58656,58468,58281,57468,58656,5047,715,1470,0.36625,19.2775,7.3,1,11268752861209,5126,715,1470
11269404568152,729600,729600,1728000,schedutil,306000000,306000000,1020000000,nvhost_podgov,1,3,-1,57468,59000,58500,58218,57500,59000,5055,675,1470,0.365,19.2888,6.82,1,11268752861209,5126,715,1470
11269504561231,729600,729600,1728000,schedutil,306000000,306000000,1020000000,nvhost_podgov,1,3,-1,57406,58843,58375,58218,57406,58687,5007,675,1470,0.3575,19.2888,6.73,1,11268752861209,5126,715,1470
11269604564199,729600,729600,1728000,schedutil,306000000,306000000,1020000000,nvhost_podgov,1,3,-1,57437,58531,58375,58187,57437,58531,5007,675,1470,0.3525,19.285,6.8,1,11268752861209,5126,715,1470
11269704556702,729600,729600,1728000,schedutil,306000000,306000000,1020000000,nvhost_podgov,1,3,-1,57562,58593,58437,58187,57437,58593,5007,675,1470,0.375,19.2812,7.23,1,11268752861209,5126,715,1470
11269804579573,729600,729600,1728000,schedutil,306000000,306000000,1020000000,nvhost_podgov,1,3,-1,57406,58906,58343,58125,57500,58906,5007,675,1470,0.35625,19.2838,6.87,1,11269767660954,5007,675,1470
11269904566316,729600,729600,1728000,schedutil,306000000,306000000,1020000000,nvhost_podgov,1,3,-1,57500,58625,58312,58062,57437,58625,5087,715,1470,0.40625,19.2737,7.83,1,11269767660954,5007,675,1470
11270004564836,729600,729600,1728000,schedutil,306000000,306000000,1020000000,nvhost_podgov,1,3,-1,57500,58531,58406,58218,57343,58531,5047,675,1470,0.35375,19.2888,6.75,1,11269767660954,5007,675,1470
11270104562331,729600,729600,1728000,schedutil,306000000,306000000,1020000000,nvhost_podgov,1,3,-1,57343,58875,58375,58187,57312,58875,5007,675,1470,0.35375,19.2875,6.82,1,11269767660954,5007,675,1470
11270204568370,729600,729600,1728000,schedutil,306000000,306000000,1020000000,nvhost_podgov,1,3,-1,57312,58500,58343,58000,57343,58500,4976,675,1470,0.35375,19.2875,6.82,1,11269767660954,5007,675,1470
11270304550825,729600,729600,1728000,schedutil,306000000,306000000,1020000000,nvhost_podgov,1,3,-1,57250,58531,58250,58062,57250,58531,4968,635,1470,0.37,19.285,6.68,1,11269767660954,5007,675,1470
11270404572673,729600,729600,1728000,schedutil,306000000,306000000,1020000000,nvhost_podgov,1,3,-1,57218,58562,58281,58062,57343,58562,4968,635,1470,0.35875,19.275,6.91,1,11269767660954,5007,675,1470
11270504561463,729600,729600,1728000,schedutil,306000000,306000000,1020000000,nvhost_podgov,1,3,-1,57406,58562,58218,57968,57250,58562,4968,635,1470,0.35,19.2862,6.75,1,11269767660954,5007,675,1470
11270604565711,729600,729600,1728000,schedutil,306000000,306000000,1020000000,nvhost_podgov,1,3,-1,57187,58468,58218,57968,57312,58468,4968,635,1430,0.35375,19.2862,6.82,1,11269767660954,5007,675,1470
11270704562854,729600,729600,1728000,schedutil,306000000,306000000,1020000000,nvhost_podgov,1,3,-1,57250,58531,58250,58000,57343,58531,4968,635,1430,0.3725,19.2812,7.18,1,11269767660954,5007,675,1470
11270804570813,729600,729600,1728000,schedutil,306000000,306000000,1020000000,nvhost_podgov,1,3,-1,57375,58500,58281,58062,57281,58500,5007,675,1470,0.35375,19.2875,6.82,1,11270768908703,5007,675,1470
11270904577588,729600,729600,1728000,schedutil,306000000,306000000,1020000000,nvhost_podgov,1,3,-1,57125,58468,58250,58031,57218,58468,5007,675,1470,0.3475,19.2875,6.71,1,11270768908703,5007,675,1470
11271004573196,729600,729600,1728000,schedutil,306000000,306000000,1020000000,nvhost_podgov,1,3,-1,57187,58562,58250,58031,57187,58562,5015,675,1470,0.3575,19.285,6.68,1,11270768908703,5007,675,1470
11271104564066,729600,729600,1728000,schedutil,306000000,306000000,1020000000,nvhost_podgov,1,3,-1,57093,58500,58218,57968,57250,58500,4968,635,1430,0.3475,19.2875,6.71,1,11270768908703,5007,675,1470
11271204569530,729600,729600,1728000,schedutil,306000000,306000000,1020000000,nvhost_podgov,1,3,-1,57156,58593,58187,57968,57156,58593,4968,635,1430,0.3575,19.2838,6.68,1,11270768908703,5007,675,1470
11271304563569,729600,729600,1728000,schedutil,306000000,306000000,1020000000,nvhost_podgov,1,3,-1,57031,58500,58125,57843,57062,58500,4968,635,1430,0.36125,19.29,7.01,1,11270768908703,5007,675,1470
11271404570920,729600,729600,1728000,schedutil,306000000,306000000,1020000000,nvhost_podgov,1,3,-1,57031,58437,58125,57812,57250,58437,4976,635,1430,0.3525,19.285,6.8,1,11270768908703,5007,675,1470
11271504575487,729600,729600,1728000,schedutil,306000000,306000000,1020000000,nvhost_podgov,1,3,-1,57218,58531,58125,57843,57218,58531,4968,635,1430,0.35,19.285,6.75,1,11270768908703,5007,675,1470
11271604571926,729600,729600,1728000,schedutil,306000000,306000000,1020000000,nvhost_podgov,1,3,-1,57218,58437,58218,57781,57125,58437,4968,635,1430,0.355,19.2888,6.85,1,11270768908703,5007,675,1470
11271704572077,729600,729600,1728000,schedutil,306000000,306000000,1020000000,nvhost_podgov,1,3,-1,57062,58281,58156,57750,57125,58281,4928,635,1430,0.37375,19.2787,7.3,1,11270768908703,5007,675,1470
11271804567844,729600,729600,1728000,schedutil,306000000,306000000,1020000000,nvhost_podgov,1,3,-1,57125,58187,58218,57843,57000,58187,5047,675,1470,0.36375,19.2862,7.01,1,11271768112692,4976,635,1430
11271904566716,729600,729600,1728000,schedutil,306000000,306000000,1020000000,nvhost_podgov,1,3,-1,56937,58500,58125,57906,57062,58500,5015,675,1430,0.36625,19.28,7.07,1,11271768112692,4976,635,1430
11272004563251,729600,729600,1728000,schedutil,306000000,306000000,1020000000,nvhost_podgov,1,3,-1,57000,58437,58062,57781,56937,58250,4968,635,1430,0.3825,19.2812,7.1,1,11271768112692,4976,635,1430
11272104563594,729600,729600,1728000,schedutil,306000000,306000000,1020000000,nvhost_podgov,1,3,-1,56906,58093,57968,57843,56937,58125,4968,635,1430,0.40375,19.2712,7.4,1,11271768112692,4976,635,1430
11272204566305,729600,729600,1728000,schedutil,306000000,306000000,1020000000,nvhost_podgov,1,3,-1,56937,58500,57937,57718,56906,58500,4976,635,1430,0.3775,19.28,7.28,1,11271768112692,4976,635,1430
11272304571032,729600,729600,1728000,schedutil,306000000,306000000,1020000000,nvhost_podgov,1,3,-1,57031,58156,57937,57718,57031,58156,4968,635,1430,0.37875,19.2838,7.21,1,11271768112692,4976,635,1430
11272404565903,729600,729600,1728000,schedutil,306000000,306000000,1020000000,nvhost_podgov,1,3,-1,57000,58125,57875,57718,57000,58125,4928,635,1430,0.3775,19.2763,7.27,1,11271768112692,4976,635,1430
11272504563654,729600,729600,1728000,schedutil,306000000,306000000,1020000000,nvhost_podgov,1,3,-1,56906,58093,58093,57625,56968,58093,4968,635,1430,0.37875,19.2825,7.31,1,11271768112692,4976,635,1430
11272604562013,729600,729600,1728000,schedutil,306000000,306000000,1020000000,nvhost_podgov,1,3,-1,56937,58093,57968,57781,56937,58093,4928,635,1430,0.3725,19.2787,7.18,1,11271768112692,4976,635,1430
11272704564468,729600,729600,1728000,schedutil,306000000,306000000,1020000000,nvhost_podgov,1,3,-1,56843,58125,57937,57750,56875,58125,4936,635,1430,0.39375,19.28,7.59,1,11271768112692,4976,635,1430
11272804571755,729600,729600,1728000,schedutil,306000000,306000000,1020000000,nvhost_podgov,1,3,-1,56812,58062,57937,57656,56875,58062,5015,675,1470,0.3675,19.28,7.09,1,11272766429396,4976,635,1430
11272904549442,729600,729600,1728000,schedutil,306000000,306000000,1020000000,nvhost_podgov,1,3,-1,56781,58156,57875,57625,56843,58156,5007,635,1430,0.365,19.285,7.04,1,11272766429396,4976,635,1430
11273004566009,729600,729600,1728000,schedutil,306000000,306000000,1020000000,nvhost_podgov,1,3,-1,56843,58093,57781,57562,56812,58093,5007,635,1430,0.3775,19.275,7.27,1,11272766429396,4976,635,1430
11273104562704,729600,729600,1728000,schedutil,306000000,306000000,1020000000,nvhost_podgov,1,3,-1,56968,58125,57781,57562,56843,58125,4968,635,1430,0.3725,19.2838,7.18,1,11272766429396,4976,635,1430
11273204570216,729600,729600,1728000,schedutil,306000000,306000000,1020000000,nvhost_podgov,1,3,-1,56687,58093,57750,57531,56843,58093,4968,635,1430,0.37375,19.2838,7.21,1,11272766429396,4976,635,1430
11273304566303,729600,729600,1728000,schedutil,306000000,306000000,1020000000,nvhost_podgov,1,3,-1,56843,57968,57750,57500,56812,57968,4928,635,1430,0.3775,19.2838,7.18,1,11272766429396,4976,635,1430
11273404563798,729600,729600,1728000,schedutil,306000000,306000000,1020000000,nvhost_podgov,1,3,-1,56812,58125,57875,57687,56781,58125,4928,635,1430,0.3725,19.2763,7.18,1,11272766429396,4976,635,1430
11273504567053,729600,729600,1728000,schedutil,306000000,306000000,1020000000,nvhost_podgov,1,3,-1,56656,58031,57843,57593,56781,58031,4928,635,1430,0.3725,19.2825,7.18,1,11272766429396,4976,635,1430
11273604577348,729600,729600,1728000,schedutil,306000000,306000000,1020000000,nvhost_podgov,1,3,-1,56843,58156,57750,57500,56812,58156,4976,635,1430,0.44375,19.2662,8.55,1,11272766429396,4976,635,1430
11273704573627,729600,729600,1728000,schedutil,306000000,306000000,1020000000,nvhost_podgov,1,3,-1,56781,58187,57718,57468,56718,58187,5055,675,1470,0.4125,19.2625,7.95,1,11272766429396,4976,635,1430
11273804645684,729600,729600,1728000,schedutil,306000000,306000000,1020000000,nvhost_podgov,1,3,-1,56718,58031,57750,57468,56781,57937,5175,755,1470,0.38625,19.2812,7.23,1,11273761279042,5135,755,1470
11273904563945,729600,729600,1728000,schedutil,306000000,306000000,1020000000,nvhost_podgov,1,3,-1,56843,58218,57718,57437,56687,58218,5175,755,1470,0.40875,19.2662,7.87,1,11273761279042,5135,755,1470
11274004583456,729600,729600,1728000,schedutil,306000000,306000000,1020000000,nvhost_podgov,1,3,-1,56625,58125,57656,57437,56781,58125,5095,715,1470,0.37375,19.2825,7.21,1,11273761279042,5135,755,1470
11274104573207,729600,729600,1728000,schedutil,306000000,306000000,1020000000,nvhost_podgov,1,3,-1,56781,58062,57656,57406,56750,58062,5095,715,1470,0.37375,19.2812,7.21,1,11273761279042,5135,755,1470
11274204574894,729600,729600,1728000,schedutil,306000000,306000000,1020000000,nvhost_podgov,1,3,-1,56687,57812,57718,57500,56718,57812,5055,715,1470,0.37,19.2825,7.13,1,11273761279042,5135,755,1470
11274304567653,729600,729600,1728000,schedutil,306000000,306000000,1020000000,nvhost_podgov,1,3,-1,56625,58125,57718,57500,56718,58125,5015,675,1470,0.3775,19.2825,7.32,1,11273761279042,5135,755,1470
11274404575548,729600,729600,1728000,schedutil,306000000,306000000,1020000000,nvhost_podgov,1,3,-1,56562,58000,57656,57468,56718,58000,5015,675,1430,0.37375,19.2787,7.21,1,11273761279042,5135,755,1470
11274504560371,729600,729600,1728000,schedutil,306000000,306000000,1020000000,nvhost_podgov,1,3,-1,56562,57875,57593,57406,56593,57875,5007,675,1430,0.36625,19.2787,7.07,1,11273761279042,5135,755,1470
11274604560298,729600,729600,1728000,schedutil,306000000,306000000,1020000000,nvhost_podgov,1,3,-1,56500,58125,57531,57343,56625,58125,4968,635,1430,0.37,19.2862,7.23,1,11273761279042,5135,755,1470
11274704549984,729600,729600,1728000,schedutil,306000000,306000000,1020000000,nvhost_podgov,1,3,-1,56500,57812,57625,57343,56593,57812,4968,635,1430,0.385,19.2775,7.42,1,11273761279042,5135,755,1470
11274804576120,729600,729600,1728000,schedutil,306000000,306000000,1020000000,nvhost_podgov,1,3,-1,56687,57750,57468,57281,56593,57750,4968,635,1430,0.4275,19.2613,8.23,1,11274766099993,5015,675,1430
11274904568719,729600,729600,1728000,schedutil,306000000,306000000,1020000000,nvhost_podgov,1,3,-1,56625,57781,57531,57281,56656,57781,5095,715,1470,0.35375,19.285,6.94,1,11274766099993,5015,675,1430
11275004565542,729600,729600,1728000,schedutil,306000000,306000000,1020000000,nvhost_podgov,1,3,-1,56687,57781,57625,57468,56562,57781,5055,675,1470,0.35375,19.2875,6.94,1,11274766099993,5015,675,1430
11275104566813,729600,729600,1728000,schedutil,306000000,306000000,1020000000,nvhost_podgov,1,3,-1,56531,57750,57593,57343,56593,57750,5007,675,1430,0.355,19.2875,6.85,1,11274766099993,5015,675,1430
11275204571860,729600,729600,1728000,schedutil,306000000,306000000,1020000000,nvhost_podgov,1,3,-1,56531,57718,57531,57250,56500,57718,4976,635,1430,0.345,19.2862,6.66,1,11274766099993,5015,675,1430
11275304568939,729600,729600,1728000,schedutil,306000000,306000000,1020000000,nvhost_podgov,1,3,-1,56343,57718,57500,57250,56468,57718,4968,635,1430,0.3675,19.29,6.8,1,11274766099993,5015,675,1430
11275404572930,729600,729600,1728000,schedutil,306000000,306000000,1020000000,nvhost_podgov,1,3,-1,56437,57750,57531,57250,56500,57750,4968,635,1430,0.34375,19.2838,6.63,1,11274766099993,5015,675,1430
11275504561656,729600,729600,1728000,schedutil,306000000,306000000,1020000000,nvhost_podgov,1,3,-1,56312,57593,57437,57125,56375,57781,4976,635,1430,0.35125,19.2888,6.77,1,11274766099993,5015,675,1430
11275604549839,729600,729600,1728000,schedutil,306000000,306000000,1020000000,nvhost_podgov,1,3,-1,56500,57781,57343,57187,56531,57781,4968,635,1430,0.35,19.2875,6.73,1,11274766099993,5015,675,1430
11275704571526,729600,729600,1728000,schedutil,306000000,306000000,1020000000,nvhost_podgov,1,3,-1,56562,57718,57312,57187,56500,57718,4968,635,1430,0.3825,19.2812,7.37,1,11274766099993,5015,675,1430
11275804575645,729600,729600,1728000,schedutil,306000000,306000000,1020000000,nvhost_podgov,1,3,-1,56500,57781,57562,57062,56437,57781,4976,635,1430,0.3575,19.285,6.9,1,11275773381159,4976,635,1430
11275904562004,729600,729600,1728000,schedutil,306000000,306000000,1020000000,nvhost_podgov,1,3,-1,56343,57750,57468,57125,56375,57750,5015,675,1470,0.35625,19.2838,6.8,1,11275773381159,4976,635,1430
11276004565835,729600,729600,1728000,schedutil,306000000,306000000,1020000000,nvhost_podgov,1,3,-1,56343,57687,57375,57218,56375,57687,5007,675,1430,0.3625,19.2838,6.99,1,11275773381159,4976,635,1430
11276104565346,729600,729600,1728000,schedutil,306000000,306000000,1020000000,nvhost_podgov,1,3,-1,56312,57718,57406,57156,56375,57718,4976,635,1430,0.34625,19.2875,6.68,1,11275773381159,4976,635,1430
11276204561913,729600,729600,1728000,schedutil,306000000,306000000,1020000000,nvhost_podgov,1,3,-1,56281,57625,57281,57125,56406,57625,4936,635,1430,0.35,19.2888,6.75,1,11275773381159,4976,635,1430
11276304568688,729600,729600,1728000,schedutil,306000000,306000000,1020000000,nvhost_podgov,1,3,-1,56250,57593,57375,57125,56343,57468,4928,635,1430,0.3575,19.2875,6.73,1,11275773381159,4976,635,1430
11276404557030,729600,729600,1728000,schedutil,306000000,306000000,1020000000,nvhost_podgov,1,3,-1,56500,57718,57281,57062,56312,57718,4928,635,1430,0.35125,19.2862,6.77,1,11275773381159,4976,635,1430
11276504565469,729600,729600,1728000,schedutil,306000000,306000000,1020000000,nvhost_podgov,1,3,-1,56375,57531,57281,57093,56375,57531,4928,635,1430,0.3575,19.2875,6.9,1,11275773381159,4976,635,1430
11276604569300,729600,729600,1728000,schedutil,306000000,306000000,1020000000,nvhost_podgov,1,3,-1,56281,57531,57281,57000,56281,57531,4928,635,1430,0.35625,19.2838,6.77,1,11275773381159,4976,635,1430
11276704559595,729600,729600,1728000,schedutil,306000000,306000000,1020000000,nvhost_podgov,1,3,-1,56250,57750,57156,57000,56218,57750,4936,635,1430,0.3775,19.2737,7.27,1,11275773381159,4976,635,1430
11276804573762,729600,729600,1728000,schedutil,306000000,306000000,1020000000,nvhost_podgov,1,3,-1,56343,57625,57281,57093,56281,57625,4976,635,1430,0.34625,19.29,6.68,1,11276774936209,4976,635,1430
11276904574873,729600,729600,1728000,schedutil,306000000,306000000,1020000000,nvhost_podgov,1,3,-1,56187,57437,57281,57062,56250,57437,5015,675,1430,0.3675,19.2812,7.18,1,11276774936209,4976,635,1430
11277004568368,729600,729600,1728000,schedutil,306000000,306000000,1020000000,nvhost_podgov,1,3,-1,56125,57468,57250,57000,56187,57468,4968,635,1430,0.38,19.2775,7.32,1,11276774936209,4976,635,1430
11277104557286,729600,729600,1728000,schedutil,306000000,306000000,1020000000,nvhost_podgov,1,3,-1,56093,57656,57156,57000,56218,57656,4968,635,1430,0.37,19.2812,7.13,1,11276774936209,4976,635,1430
11277204558749,729600,729600,1728000,schedutil,306000000,306000000,1020000000,nvhost_podgov,1,3,-1,56250,57437,57156,56937,56125,57437,4928,635,1430,0.37625,19.2812,7.28,1,11276774936209,4976,635,1430
11277304561460,729600,729600,1728000,schedutil,306000000,306000000,1020000000,nvhost_podgov,1,3,-1,56312,57312,57187,56843,56281,57312,4936,635,1430,0.37875,19.2812,7.13,1,11276774936209,4976,635,1430
11277404554187,729600,729600,1728000,schedutil,306000000,306000000,1020000000,nvhost_podgov,1,3,-1,56218,57437,57062,56843,56250,57437,4976,635,1430,0.39375,19.285,7.59,1,11276774936209,4976,635,1430
11277504567778,729600,729600,1728000,schedutil,306000000,306000000,1020000000,nvhost_podgov,1,3,-1,56218,57375,57218,56843,56187,57375,4976,635,1430,0.36875,19.2812,7.1,1,11276774936209,4976,635,1430
11277604567641,729600,729600,1728000,schedutil,306000000,306000000,1020000000,nvhost_podgov,1,3,-1,56187,57312,57125,56968,56156,57312,4968,635,1430,0.37375,19.285,7.12,1,11276774936209,4976,635,1430
11277704771636,729600,729600,1728000,schedutil,306000000,306000000,1020000000,nvhost_podgov,1,3,-1,56000,57375,57125,57000,56187,57375,4928,635,1430,0.39875,19.28,7.69,1,11276774936209,4976,635,1430
11277804571015,729600,729600,1728000,schedutil,306000000,306000000,1020000000,nvhost_podgov,1,3,-1,56062,57312,57093,56937,56093,57312,4976,635,1430,0.37625,19.2812,7.26,1,11277774314055,4968,635,1430
11277904567613,729600,729600,1728000,schedutil,306000000,306000000,1020000000,nvhost_podgov,1,3,-1,55968,57343,57125,56781,56062,57343,5015,675,1430,0.375,19.2812,7.26,1,11277774314055,4968,635,1430
11278004564244,729600,729600,1728000,schedutil,306000000,306000000,1020000000,nvhost_podgov,1,3,-1,56187,57437,57000,56875,56093,57437,4976,635,1430,0.36375,19.2775,7.01,1,11277774314055,4968,635,1430
11278104559499,729600,729600,1728000,schedutil,306000000,306000000,1020000000,nvhost_podgov,1,3,-1,56031,57343,57000,56781,56156,57343,4976,635,1430,0.3775,19.2775,7.28,1,11277774314055,4968,635,1430
11278204562210,729600,729600,1728000,schedutil,306000000,306000000,1020000000,nvhost_podgov,1,3,-1,55937,57375,57000,56718,56093,57375,4968,635,1430,0.3825,19.2838,7.21,1,11277774314055,4968,635,1430
11278304567193,729600,729600,1728000,schedutil,306000000,306000000,1020000000,nvhost_podgov,1,3,-1,56031,57312,56968,56687,56062,57312,4928,635,1430,0.38375,19.2725,7.4,1,11277774314055,4968,635,1430
11278404561903,729600,729600,1728000,schedutil,306000000,306000000,1020000000,nvhost_podgov,1,3,-1,56031,57187,57125,56937,56062,57187,4928,635,1430,0.41875,19.2725,7.71,1,11277774314055,4968,635,1430
11278504567590,729600,729600,1728000,schedutil,306000000,306000000,1020000000,nvhost_podgov,1,3,-1,55906,57406,56937,56812,56000,57406,4928,635,1430,0.38375,19.2812,7.09,1,11277774314055,4968,635,1430
11278604566557,729600,729600,1728000,schedutil,306000000,306000000,1020000000,nvhost_podgov,1,3,-1,55906,57218,56968,56812,55968,57218,4928,635,1430,0.37625,19.285,7.23,1,11277774314055,4968,635,1430
11278704591412,729600,729600,1728000,schedutil,306000000,306000000,1020000000,nvhost_podgov,1,3,-1,56062,57250,56906,56656,55968,57250,4968,635,1430,0.45,19.2662,8.67,1,11277774314055,4968,635,1430
11278804578219,729600,729600,1728000,schedutil,306000000,306000000,1020000000,nvhost_podgov,1,3,-1,55906,57468,56968,56625,55968,57468,5214,794,1470,0.3775,19.2838,7.28,1,11278763934041,5135,755,1470
11278904572321,729600,729600,1728000,schedutil,306000000,306000000,1020000000,nvhost_podgov,1,3,-1,55843,57312,56812,56656,55906,57312,5135,755,1470,0.3825,19.2812,7.31,1,11278763934041,5135,755,1470
11279004559224,729600,729600,1728000,schedutil,306000000,306000000,1020000000,nvhost_podgov,1,3,-1,56000,57093,56906,56718,55937,57093,5087,715,1470,0.3725,19.285,7.18,1,11278763934041,5135,755,1470
11279104561519,729600,729600,1728000,schedutil,306000000,306000000,1020000000,nvhost_podgov,1,3,-1,56062,57500,56875,56656,55968,57500,5047,715,1470,0.37375,19.28,7.21,1,11278763934041,5135,755,1470
11279204572614,729600,729600,1728000,schedutil,306000000,306000000,1020000000,nvhost_podgov,1,3,-1,56031,57062,57062,56687,55937,57062,5007,675,1430,0.3725,19.2812,7.91,1,11278763934041,5135,755,1470
11279304569276,729600,729600,1728000,schedutil,306000000,306000000,1020000000,nvhost_podgov,1,3,-1,55812,57062,56937,56781,55968,57062,5007,675,1430,0.37375,19.2812,7.21,1,11278763934041,5135,755,1470
11279404562259,729600,729600,1728000,schedutil,306000000,306000000,1020000000,nvhost_podgov,1,3,-1,55875,57000,56875,56656,55937,57000,5007,675,1430,0.37625,19.28,7.26,1,11278763934041,5135,755,1470
11279504570250,729600,729600,1728000,schedutil,306000000,306000000,1020000000,nvhost_podgov,1,3,-1,55812,57343,56781,56656,55843,57343,5007,675,1430,0.3775,19.2875,7.33,1,11278763934041,5135,755,1470
11279604565856,729600,729600,1728000,schedutil,306000000,306000000,1020000000,nvhost_podgov,1,3,-1,55718,57031,56781,56593,55875,57031,4968,675,1430,0.37375,19.2838,7.21,1,11278763934041,5135,755,1470
11279704568087,729600,729600,1728000,schedutil,306000000,306000000,1020000000,nvhost_podgov,1,3,-1,55687,57031,56750,56593,55843,57031,4968,635,1430,0.3975,19.2775,7.67,1,11278763934041,5135,755,1470
11279804575342,729600,729600,1728000,schedutil,306000000,306000000,1020000000,nvhost_podgov,1,3,-1,55968,57093,56781,56468,55812,57093,5095,715,1470,0.425,19.27,8.6,1,11279771392170,5015,675,1430
11279904562469,729600,729600,1728000,schedutil,306000000,306000000,1020000000,nvhost_podgov,1,3,-1,55875,57062,56750,56468,55906,57062,5047,715,1470,0.36125,19.29,7.01,1,11279771392170,5015,675,1430
11280004553659,729600,729600,1728000,schedutil,306000000,306000000,1020000000,nvhost_podgov,1,3,-1,55750,57000,56687,56468,55812,57000,5015,675,1430,0.35,19.2838,6.75,1,11279771392170,5015,675,1430
11280104564018,729600,729600,1728000,schedutil,306000000,306000000,1020000000,nvhost_podgov,1,3,-1,55812,57031,56875,56500,55812,57031,5015,675,1430,0.365,19.2825,7.04,1,11279771392170,5015,675,1430
11280204572585,729600,729600,1728000,schedutil,306000000,306000000,1020000000,nvhost_podgov,1,3,-1,55812,57000,56781,56562,55718,57000,4968,675,1430,0.3575,19.2888,6.77,1,11279771392170,5015,675,1430
11280304572960,729600,729600,1728000,schedutil,306000000,306000000,1020000000,nvhost_podgov,1,3,-1,55656,57000,56687,56531,55718,57000,4968,635,1430,0.35125,19.285,6.77,1,11279771392170,5015,675,1430
11280404565686,729600,729600,1728000,schedutil,306000000,306000000,1020000000,nvhost_podgov,1,3,-1,55687,57000,56687,56500,55687,57000,4968,635,1430,0.35375,19.29,6.82,1,11279771392170,5015,675,1430
11280504575085,729600,729600,1728000,schedutil,306000000,306000000,1020000000,nvhost_podgov,1,3,-1,55593,56937,56625,56500,55750,56937,4968,635,1430,0.375,19.28,7.3,1,11279771392170,5015,675,1430
11280604563971,729600,729600,1728000,schedutil,306000000,306000000,1020000000,nvhost_podgov,1,3,-1,55812,57062,56625,56468,55718,57062,4928,635,1430,0.3475,19.2862,6.71,1,11279771392170,5015,675,1430
11280704564314,729600,729600,1728000,schedutil,306000000,306000000,1020000000,nvhost_podgov,1,3,-1,55781,57031,56593,56468,55781,57031,4928,635,1430,0.36375,19.2838,7.01,1,11279771392170,5015,675,1430
11280804566289,729600,729600,1728000,schedutil,306000000,306000000,1020000000,nvhost_podgov,1,3,-1,55687,56906,56593,56406,55812,56906,5015,675,1430,0.36,19.2862,6.8,1,11280774941728,4968,635,1430
11280904567432,729600,729600,1728000,schedutil,306000000,306000000,1020000000,nvhost_podgov,1,3,-1,55687,57125,56625,56531,55718,57125,4968,675,1430,0.3575,19.2875,6.87,1,11280774941728,4968,635,1430
11281004570494,729600,729600,1728000,schedutil,306000000,306000000,1020000000,nvhost_podgov,1,3,-1,55593,57000,56562,56343,55625,56875,4968,635,1430,0.36375,19.2875,7.01,1,11280774941728,4968,635,1430
11281104561909,729600,729600,1728000,schedutil,306000000,306000000,1020000000,nvhost_podgov,1,3,-1,55562,56937,56625,56406,55562,56937,4968,635,1430,0.3525,19.2888,6.8,1,11280774941728,4968,635,1430
11281204573964,729600,729600,1728000,schedutil,306000000,306000000,1020000000,nvhost_podgov,1,3,-1,55500,57062,56593,56375,55593,57062,4968,635,1430,0.355,19.2875,6.8,1,11280774941728,4968,635,1430
11281304567234,729600,729600,1728000,schedutil,306000000,306000000,1020000000,nvhost_podgov,1,3,-1,55531,56968,56625,56281,55625,56968,4928,635,1430,0.35125,19.2862,6.77,1,11280774941728,4968,635,1430
11281404574393,729600,729600,1728000,schedutil,306000000,306000000,1020000000,nvhost_podgov,1,3,-1,55781,56875,56531,56281,55500,56812,4928,635,1430,0.35,19.29,6.75,1,11280774941728,4968,635,1430
11281504564943,729600,729600,1728000,schedutil,306000000,306000000,1020000000,nvhost_podgov,1,3,-1,55718,56750,56468,56250,55593,56750,4928,635,1430,0.35125,19.2888,6.8,1,11280774941728,4968,635,1430
11281604565446,729600,729600,1728000,schedutil,306000000,306000000,1020000000,nvhost_podgov,1,3,-1,55500,57000,56468,56281,55625,57000,4928,635,1430,0.355,19.285,6.85,1,11280774941728,4968,635,1430
11281704559933,729600,729600,1728000,schedutil,306000000,306000000,1020000000,nvhost_podgov,1,3,-1,55562,56812,56656,56468,55625,56812,4928,635,1430,0.375,19.2838,7.23,1,11280774941728,4968,635,1430
11281804569971,729600,729600,1728000,schedutil,306000000,306000000,1020000000,nvhost_podgov,1,3,-1,55593,56625,56656,56406,55500,56625,5015,675,1430,0.35625,19.2862,7.07,1,11281775666227,4968,635,1430
11281904560394,729600,729600,1728000,schedutil,306000000,306000000,1020000000,nvhost_podgov,1,3,-1,55437,56781,56531,56343,55593,56781,4976,675,1430,0.36625,19.285,7.07,1,11281775666227,4968,635,1430
11282004565153,729600,729600,1728000,schedutil,306000000,306000000,1020000000,nvhost_podgov,1,3,-1,55500,56718,56531,56281,55562,56718,4976,675,1430,0.37125,19.2825,7.16,1,11281775666227,4968,635,1430
11282104563511,729600,729600,1728000,schedutil,306000000,306000000,1020000000,nvhost_podgov,1,3,-1,55312,56656,56437,56312,55468,56656,4968,635,1430,0.3725,19.2812,7.21,1,11281775666227,4968,635,1430
11282204559726,729600,729600,1728000,schedutil,306000000,306000000,1020000000,nvhost_podgov,1,3,-1,55468,56625,56375,56093,55500,56625,4928,635,1430,0.3725,19.2812,7.26,1,11281775666227,4968,635,1430
11282304563556,729600,729600,1728000,schedutil,306000000,306000000,1020000000,nvhost_podgov,1,3,-1,55312,56687,56343,56156,55468,56687,4936,635,1430,0.3725,19.2838,7.18,1,11281775666227,4968,635,1430
11282404563931,729600,729600,1728000,schedutil,306000000,306000000,1020000000,nvhost_podgov,1,3,-1,55406,56718,56375,56093,55500,56718,4928,635,1430,0.375,19.2825,7.23,1,11281775666227,4968,635,1430
11282504563282,729600,729600,1728000,schedutil,306000000,306000000,1020000000,nvhost_podgov,1,3,-1,55500,56781,56500,56093,55406,56781,4936,635,1430,0.375,19.2825,7.18,1,11281775666227,4968,635,1430
11282604559848,729600,729600,1728000,schedutil,306000000,306000000,1020000000,nvhost_podgov,1,3,-1,55562,56656,56531,56093,55437,56656,4936,635,1430,0.37125,19.2825,7.16,1,11281775666227,4968,635,1430
11282704562111,729600,729600,1728000,schedutil,306000000,306000000,1020000000,nvhost_podgov,1,3,-1,55312,56625,56343,56125,55406,56625,4928,635,1430,0.39875,19.2775,7.69,1,11281775666227,4968,635,1430
11282804563925,729600,729600,1728000,schedutil,306000000,306000000,1020000000,nvhost_podgov,1,3,-1,55343,56718,56343,56187,55343,56718,5007,675,1430,0.37875,19.2787,7.3,1,11282776129632,4968,635,1430
11282904562412,729600,729600,1728000,schedutil,306000000,306000000,1020000000,nvhost_podgov,1,3,-1,55281,56656,56343,56156,55343,56656,5007,675,1430,0.3775,19.2737,7.27,1,11282776129632,4968,635,1430
11283004562178,729600,729600,1728000,schedutil,306000000,306000000,1020000000,nvhost_podgov,1,3,-1,55218,56562,56312,56093,55343,56562,4976,635,1430,0.3775,19.2712,7.27,1,11282776129632,4968,635,1430
11283104565465,729600,729600,1728000,schedutil,306000000,306000000,1020000000,nvhost_podgov,1,3,-1,55218,56687,56375,56031,55312,56687,4968,635,1430,0.37625,19.285,7.54,1,11282776129632,4968,635,1430
11283204561616,729600,729600,1728000,schedutil,306000000,306000000,1020000000,nvhost_podgov,1,3,-1,55312,56593,56312,56031,55437,56593,4936,635,1430,0.37375,19.2825,7.23,1,11282776129632,4968,635,1430
11283304564678,729600,729600,1728000,schedutil,306000000,306000000,1020000000,nvhost_podgov,1,3,-1,55468,56750,56250,55968,55375,56750,4928,635,1430,0.3725,19.2825,7.18,1,11282776129632,4968,635,1430
11283404558653,729600,729600,1728000,schedutil,306000000,306000000,1020000000,nvhost_podgov,1,3,-1,55562,56687,56218,55968,55312,56687,4928,635,1430,0.37375,19.285,7.21,1,11282776129632,4968,635,1430
11283504565267,729600,729600,1728000,schedutil,306000000,306000000,1020000000,nvhost_podgov,1,3,-1,55281,56718,56312,56125,55281,56718,4928,635,1430,0.37625,19.285,7.18,1,11282776129632,4968,635,1430
11283604562250,729600,729600,1728000,schedutil,306000000,306000000,1020000000,nvhost_podgov,1,3,-1,55218,56812,56343,56062,55312,56812,4936,635,1430,0.37625,19.28,7.26,1,11282776129632,4968,635,1430
11283704576609,729600,729600,1728000,schedutil,306000000,306000000,1020000000,nvhost_podgov,1,3,-1,55562,56718,56312,56000,55312,56718,4976,675,1430,0.4725,19.2613,9.15,1,11282776129632,4968,635,1430
11283804583287,729600,729600,1728000,schedutil,306000000,306000000,1020000000,nvhost_podgov,1,3,-1,55281,56468,56281,55968,55312,56468,4976,675,1430,0.395,19.2775,7.88,1,11283769518247,5135,755,1470
11283904567149,729600,729600,1728000,schedutil,306000000,306000000,1020000000,nvhost_podgov,1,3,-1,55218,56406,56156,55875,55250,56406,5175,794,1470,0.3725,19.2838,7.18,1,11283769518247,5135,755,1470
11284004567236,729600,729600,1728000,schedutil,306000000,306000000,1020000000,nvhost_podgov,1,3,-1,55281,56687,56187,56000,55312,56687,5135,755,1470,0.365,19.2787,7.04,1,11283769518247,5135,755,1470
11284104573691,729600,729600,1728000,schedutil,306000000,306000000,1020000000,nvhost_podgov,1,3,-1,55343,56406,56125,55906,55312,56406,5055,715,1430,0.38,19.2825,6.85,1,11283769518247,5135,755,1470
11284204562993,729600,729600,1728000,schedutil,306000000,306000000,1020000000,nvhost_podgov,1,3,-1,55156,56312,56093,55937,55312,56312,5055,715,1430,0.37,19.2838,7.13,1,11283769518247,5135,755,1470
11284304566503,729600,729600,1728000,schedutil,306000000,306000000,1020000000,nvhost_podgov,1,3,-1,55218,56718,56281,56031,55250,56718,5015,675,1430,0.3675,19.2787,7.09,1,11283769518247,5135,755,1470
11284404568542,729600,729600,1728000,schedutil,306000000,306000000,1020000000,nvhost_podgov,1,3,-1,55125,56468,56250,55968,55312,56468,4976,675,1430,0.36375,19.285,7.01,1,11283769518247,5135,755,1470
11284504561076,729600,729600,1728000,schedutil,306000000,306000000,1020000000,nvhost_podgov,1,3,-1,55031,56375,56156,55906,55250,56375,4976,675,1430,0.37125,19.2862,7.23,1,11283769518247,5135,755,1470
11284604551531,729600,729600,1728000,schedutil,306000000,306000000,1020000000,nvhost_podgov,1,3,-1,55093,56343,56093,55937,55125,56343,4968,635,1430,0.40125,19.2662,7.73,1,11283769518247,5135,755,1470
11284704571554,729600,729600,1728000,schedutil,306000000,306000000,1020000000,nvhost_podgov,1,3,-1,55000,56312,56093,55843,55218,56312,4968,635,1430,0.40875,19.2763,7.87,1,11283769518247,5135,755,1470
11284804570200,729600,729600,1728000,schedutil,306000000,306000000,1020000000,nvhost_podgov,1,3,-1,55281,56281,56000,55843,55187,56281,4968,635,1430,0.44,19.2675,8.26,1,11284775261070,5015,675,1430
11284904567246,729600,729600,1728000,schedutil,306000000,306000000,1020000000,nvhost_podgov,1,3,-1,55281,56375,56000,55843,55250,56375,5095,715,1470,0.3525,19.2875,6.8,1,11284775261070,5015,675,1430
11285004572453,729600,729600,1728000,schedutil,306000000,306000000,1020000000,nvhost_podgov,1,3,-1,55031,56343,55968,55750,55125,56343,5055,715,1430,0.35,19.2925,6.76,1,11284775261070,5015,675,1430
11285104566171,729600,729600,1728000,schedutil,306000000,306000000,1020000000,nvhost_podgov,1,3,-1,55062,56281,56187,56000,55125,56281,5015,675,1430,0.34875,19.2913,6.77,1,11284775261070,5015,675,1430
11285204560722,729600,729600,1728000,schedutil,306000000,306000000,1020000000,nvhost_podgov,1,3,-1,54968,56343,56093,55906,55125,56343,4976,675,1430,0.34375,19.2888,6.63,1,11284775261070,5015,675,1430
11285304557416,729600,729600,1728000,schedutil,306000000,306000000,1020000000,nvhost_podgov,1,3,-1,54968,56281,56000,55906,55156,56281,4976,635,1430,0.35125,19.29,6.77,1,11284775261070,5015,675,1430
11285404558783,729600,729600,1728000,schedutil,306000000,306000000,1020000000,nvhost_podgov,1,3,-1,55000,56281,56000,55812,54968,56281,4928,635,1430,0.35125,19.2875,6.66,1,11284775261070,5015,675,1430
11285504557109,729600,729600,1728000,schedutil,306000000,306000000,1020000000,nvhost_podgov,1,3,-1,54968,56343,56031,55781,55093,56343,4928,635,1430,0.3475,19.29,6.71,1,11284775261070,5015,675,1430
11285604565996,729600,729600,1728000,schedutil,306000000,306000000,1020000000,nvhost_podgov,1,3,-1,55093,56250,56000,55812,55031,56250,4928,635,1430,0.37625,19.2812,6.91,1,11284775261070,5015,675,1430
11285704562786,729600,729600,1728000,schedutil,306000000,306000000,1020000000,nvhost_podgov,1,3,-1,54843,56250,55906,55718,54968,56250,4936,635,1430,0.36625,19.2825,7.07,1,11284775261070,5015,675,1430
11285804571353,729600,729600,1728000,schedutil,306000000,306000000,1020000000,nvhost_podgov,1,3,-1,55031,56406,55875,55687,55031,56406,4928,635,1430,0.35125,19.2825,6.77,1,11285778430840,4976,635,1430
11285904556719,729600,729600,1728000,schedutil,306000000,306000000,1020000000,nvhost_podgov,1,3,-1,54968,56312,56031,55656,54968,56312,5015,675,1430,0.35,19.2925,6.76,1,11285778430840,4976,635,1430
11286004562661,729600,729600,1728000,schedutil,306000000,306000000,1020000000,nvhost_podgov,1,3,-1,55093,56062,56000,55843,54968,56062,4968,635,1430,0.3475,19.29,6.71,1,11285778430840,4976,635,1430
11286104562172,729600,729600,1728000,schedutil,306000000,306000000,1020000000,nvhost_podgov,1,3,-1,54875,56375,55875,55687,55000,56375,4928,635,1430,0.35125,19.2937,6.8,1,11285778430840,4976,635,1430
11286204563922,729600,729600,1728000,schedutil,306000000,306000000,1020000000,nvhost_podgov,1,3,-1,54781,56281,55937,55656,54906,56281,4928,635,1430,0.35125,19.2862,6.77,1,11285778430840,4976,635,1430
11286304559432,729600,729600,1728000,schedutil,306000000,306000000,1020000000,nvhost_podgov,1,3,-1,54843,56062,55843,55625,54937,56062,4928,635,1430,0.35625,19.2838,6.87,1,11285778430840,4976,635,1430
11286404555999,729600,729600,1728000,schedutil,306000000,306000000,1020000000,nvhost_podgov,1,3,-1,54968,56437,55843,55593,54906,56437,4928,635,1430,0.35375,19.2937,6.85,1,11285778430840,4976,635,1430
11286504555381,729600,729600,1728000,schedutil,306000000,306000000,1020000000,nvhost_podgov,1,3,-1,54843,56093,55812,55593,54843,56093,4928,635,1430,0.38125,19.2875,7.35,1,11285778430840,4976,635,1430
11286604565196,729600,729600,1728000,schedutil,306000000,306000000,1020000000,nvhost_podgov,1,3,-1,54843,56062,55812,55500,55000,56062,4936,635,1430,0.35375,19.2875,6.82,1,11285778430840,4976,635,1430
11286704566786,729600,729600,1728000,schedutil,306000000,306000000,1020000000,nvhost_podgov,1,3,-1,55000,56093,55781,55562,54937,56093,4936,635,1430,0.37375,19.2838,6.82,1,11285778430840,4976,635,1430
11286804571929,729600,729600,1728000,schedutil,306000000,306000000,1020000000,nvhost_podgov,1,3,-1,54875,56062,55937,55500,54937,56062,4936,635,1430,0.3475,19.2862,6.71,1,11286779499153,4976,635,1430
11286904552079,729600,729600,1728000,schedutil,306000000,306000000,1020000000,nvhost_podgov,1,3,-1,54812,56062,55812,55593,54875,56062,5007,675,1430,0.37,19.2838,7.13,1,11286779499153,4976,635,1430
11287004558213,729600,729600,1728000,schedutil,306000000,306000000,1020000000,nvhost_podgov,1,3,-1,54656,56031,55781,55593,54843,56031,4968,635,1430,0.37125,19.2812,7.16,1,11286779499153,4976,635,1430
11287104562780,729600,729600,1728000,schedutil,306000000,306000000,1020000000,nvhost_podgov,1,3,-1,54750,56062,55750,55531,54781,56062,4936,635,1430,0.375,19.28,7.01,1,11286779499153,4976,635,1430
11287204557490,729600,729600,1728000,schedutil,306000000,306000000,1020000000,nvhost_podgov,1,3,-1,54687,56000,55718,55468,54781,56000,4928,635,1430,0.37375,19.2787,7.21,1,11286779499153,4976,635,1430
11287304557800,729600,729600,1728000,schedutil,306000000,306000000,1020000000,nvhost_podgov,1,3,-1,54687,55937,55656,55500,54781,55937,4888,635,1430,0.36625,19.2787,7.07,1,11286779499153,4976,635,1430
11287404548222,729600,729600,1728000,schedutil,306000000,306000000,1020000000,nvhost_podgov,1,3,-1,54750,56062,55687,55500,54937,56062,4888,596,1430,0.385,19.2812,7.42,1,11286779499153,4976,635,1430
11287504562933,729600,729600,1728000,schedutil,306000000,306000000,1020000000,nvhost_podgov,1,3,-1,54781,56000,55718,55531,54875,56000,4888,596,1430,0.40125,19.27,7.73,1,11286779499153,4976,635,1430
11287604570219,729600,729600,1728000,schedutil,306000000,306000000,1020000000,nvhost_podgov,1,3,-1,54687,56062,55781,55406,54812,56062,4896,635,1430,0.365,19.2825,7.04,1,11286779499153,4976,635,1430
11287704641123,729600,729600,1728000,schedutil,306000000,306000000,1020000000,nvhost_podgov,1,3,-1,54718,56062,55812,55593,54750,56062,4936,635,1430,0.38125,19.2838,6.99,1,11286779499153,4976,635,1430
11287804576376,729600,729600,1728000,schedutil,306000000,306000000,1020000000,nvhost_podgov,1,3,-1,54718,55937,55812,55468,54812,55937,4928,635,1430,0.36375,19.2775,7.01,1,11287785174997,4928,635,1430
11287904570062,729600,729600,1728000,schedutil,306000000,306000000,1020000000,nvhost_podgov,1,3,-1,54625,56062,55750,55531,54750,56062,4976,675,1430,0.3625,19.28,6.99,1,11287785174997,4928,635,1430
11288004567077,729600,729600,1728000,schedutil,306000000,306000000,1020000000,nvhost_podgov,1,3,-1,54593,55875,55656,55406,54718,55875,4976,635,1430,0.36875,19.2825,7.12,1,11287785174997,4928,635,1430
